ISO-10303-21;
HEADER;
FILE_DESCRIPTION (( 'STEP AP203' ),
    '1' );
FILE_NAME ('1603A2_Surface-Mount Hinge with Holes.STEP',
    '2024-12-17T15:27:27',
    ( 'Administrator' ),
    ( 'Managed by Terraform' ),
    'SwSTEP 2.0',
    'SolidWorks 2017',
    '' );
FILE_SCHEMA (( 'CONFIG_CONTROL_DESIGN' ));
ENDSEC;

DATA;
#1 = DIRECTION ( 'NONE',  ( 1.000000000000000000, 0.0000000000000000000, -1.471900858655189700E-016 ) ) ;
#2 = DIRECTION ( 'NONE',  ( 0.0000000000000000000, 0.0000000000000000000, 1.000000000000000000 ) ) ;
#3 = VECTOR ( 'NONE', #1250, 39.37007874015748100 ) ;
#4 = EDGE_LOOP ( 'NONE', ( #1169, #976, #1673, #1415 ) ) ;
#5 = ORIENTED_EDGE ( 'NONE', *, *, #121, .F. ) ;
#6 = DIRECTION ( 'NONE',  ( -1.000000000000000000, -0.0000000000000000000, -0.0000000000000000000 ) ) ;
#7 = EDGE_CURVE ( 'NONE', #179, #307, #525, .T. ) ;
#8 = DIRECTION ( 'NONE',  ( -1.000000000000000000, -0.0000000000000000000, -0.0000000000000000000 ) ) ;
#9 = VECTOR ( 'NONE', #506, 39.37007874015748100 ) ;
#10 = ORIENTED_EDGE ( 'NONE', *, *, #1532, .F. ) ;
#11 = CARTESIAN_POINT ( 'NONE',  ( 0.3750000000000000600, -0.05799999999999985000, -0.3130000000000000600 ) ) ;
#12 = DIRECTION ( 'NONE',  ( -2.943801717310470200E-016, 0.0000000000000000000, -1.000000000000000000 ) ) ;
#13 = CARTESIAN_POINT ( 'NONE',  ( 0.3750000000000000600, 3.165802194109359400E-015, -0.05800000000000500600 ) ) ;
#14 = LINE ( 'NONE', #444, #1251 ) ;
#15 = ORIENTED_EDGE ( 'NONE', *, *, #1554, .T. ) ;
#16 = VERTEX_POINT ( 'NONE', #1594 ) ;
#17 = CIRCLE ( 'NONE', #1688, 0.04300000000000001000 ) ;
#18 = VERTEX_POINT ( 'NONE', #1435 ) ;
#19 = ADVANCED_FACE ( 'NONE', ( #156 ), #845, .F. ) ;
#20 = CARTESIAN_POINT ( 'NONE',  ( -0.1249999999999999600, 0.0000000000000000000, 0.03299999999999999500 ) ) ;
#21 = CARTESIAN_POINT ( 'NONE',  ( 0.1245000000000005800, -0.05800000000000003800, -0.05800000000000122400 ) ) ;
#22 = EDGE_LOOP ( 'NONE', ( #455, #1118, #1926, #245 ) ) ;
#23 = CARTESIAN_POINT ( 'NONE',  ( 0.2189999999999999700, -0.03299999999999984200, -0.2510000000000000600 ) ) ;
#24 = MANIFOLD_SOLID_BREP ( 'Chamfer1', #77 ) ;
#25 = ORIENTED_EDGE ( 'NONE', *, *, #1036, .F. ) ;
#26 = ORIENTED_EDGE ( 'NONE', *, *, #688, .F. ) ;
#27 = EDGE_LOOP ( 'NONE', ( #239, #1812, #1962, #780 ) ) ;
#28 = AXIS2_PLACEMENT_3D ( 'NONE', #1510, #606, #1059 ) ;
#29 = CARTESIAN_POINT ( 'NONE',  ( 0.3750000000000000600, -0.03299999999999999500, -8.388830574159370600E-017 ) ) ;
#30 = CIRCLE ( 'NONE', #426, 0.05800000000000311900 ) ;
#31 = ORIENTED_EDGE ( 'NONE', *, *, #1797, .F. ) ;
#32 = AXIS2_PLACEMENT_3D ( 'NONE', #115, #1490, #1777 ) ;
#33 = AXIS2_PLACEMENT_3D ( 'NONE', #1796, #280, #1618 ) ;
#34 = EDGE_CURVE ( 'NONE', #1299, #558, #1097, .T. ) ;
#35 = DIRECTION ( 'NONE',  ( 0.0000000000000000000, 0.0000000000000000000, 1.000000000000000000 ) ) ;
#36 = DIRECTION ( 'NONE',  ( 0.0000000000000000000, -1.000000000000000000, 0.0000000000000000000 ) ) ;
#37 = DATE_AND_TIME ( #1178, #429 ) ;
#38 = EDGE_CURVE ( 'NONE', #573, #1022, #751, .T. ) ;
#39 = CYLINDRICAL_SURFACE ( 'NONE', #810, 0.05800000000000311900 ) ;
#40 = LINE ( 'NONE', #402, #1924 ) ;
#41 = ORIENTED_EDGE ( 'NONE', *, *, #1127, .T. ) ;
#42 = DIRECTION ( 'NONE',  ( 0.0000000000000000000, 6.123233995736768300E-016, -1.000000000000000000 ) ) ;
#43 = CIRCLE ( 'NONE', #1094, 0.05800000000000311900 ) ;
#44 = VECTOR ( 'NONE', #170, 39.37007874015748100 ) ;
#45 = VERTEX_POINT ( 'NONE', #579 ) ;
#46 = DIRECTION ( 'NONE',  ( 1.000000000000000000, 2.086794474300191900E-032, -3.407994004072192000E-017 ) ) ;
#47 = CARTESIAN_POINT ( 'NONE',  ( 0.3750000000000000600, 0.0000000000000000000, 0.0000000000000000000 ) ) ;
#48 = EDGE_CURVE ( 'NONE', #1172, #1311, #1140, .T. ) ;
#49 = LINE ( 'NONE', #1139, #285 ) ;
#50 = ORIENTED_EDGE ( 'NONE', *, *, #34, .T. ) ;
#51 = DIRECTION ( 'NONE',  ( 0.0000000000000000000, 0.0000000000000000000, 1.000000000000000000 ) ) ;
#52 = DIRECTION ( 'NONE',  ( 1.000000000000000000, -0.0000000000000000000, 0.0000000000000000000 ) ) ;
#53 = VECTOR ( 'NONE', #1063, 39.37007874015748100 ) ;
#54 = AXIS2_PLACEMENT_3D ( 'NONE', #1337, #745, #1958 ) ;
#55 = ORIENTED_EDGE ( 'NONE', *, *, #1416, .F. ) ;
#56 = CYLINDRICAL_SURFACE ( 'NONE', #560, 0.04300000000000001000 ) ;
#57 = DIRECTION ( 'NONE',  ( 0.0000000000000000000, 0.0000000000000000000, 1.000000000000000000 ) ) ;
#58 = VERTEX_POINT ( 'NONE', #425 ) ;
#59 = AXIS2_PLACEMENT_3D ( 'NONE', #319, #613, #329 ) ;
#60 = VECTOR ( 'NONE', #119, 39.37007874015748100 ) ;
#61 = EDGE_CURVE ( 'NONE', #1791, #58, #299, .T. ) ;
#62 = ORIENTED_EDGE ( 'NONE', *, *, #196, .T. ) ;
#63 = DIRECTION ( 'NONE',  ( 1.000000000000000000, -0.0000000000000000000, 0.0000000000000000000 ) ) ;
#64 = ORIENTED_EDGE ( 'NONE', *, *, #308, .T. ) ;
#65 = VERTEX_POINT ( 'NONE', #1497 ) ;
#66 = LINE ( 'NONE', #1235, #1282 ) ;
#67 = EDGE_CURVE ( 'NONE', #629, #16, #349, .T. ) ;
#68 = DIRECTION ( 'NONE',  ( -0.0000000000000000000, 1.000000000000000000, -0.0000000000000000000 ) ) ;
#69 = PERSON_AND_ORGANIZATION ( #1669, #1267 ) ;
#70 = PERSON_AND_ORGANIZATION ( #1669, #1267 ) ;
#71 = VECTOR ( 'NONE', #1367, 39.37007874015748100 ) ;
#72 = ORIENTED_EDGE ( 'NONE', *, *, #1862, .T. ) ;
#73 = VECTOR ( 'NONE', #902, 39.37007874015747400 ) ;
#74 = ORIENTED_EDGE ( 'NONE', *, *, #254, .T. ) ;
#75 = AXIS2_PLACEMENT_3D ( 'NONE', #164, #771, #1823 ) ;
#76 = PERSON_AND_ORGANIZATION_ROLE ( 'design_owner' ) ;
#77 = CLOSED_SHELL ( 'NONE', ( #1475, #1647, #165, #1601, #681, #19, #1277, #624 ) ) ;
#78 = AXIS2_PLACEMENT_3D ( 'NONE', #91, #389, #1296 ) ;
#79 = ORIENTED_EDGE ( 'NONE', *, *, #293, .T. ) ;
#80 = CARTESIAN_POINT ( 'NONE',  ( 0.1245000000000006100, 3.158699242674303500E-015, 1.886682520624383900E-015 ) ) ;
#81 = EDGE_CURVE ( 'NONE', #1076, #315, #1702, .T. ) ;
#82 = LINE ( 'NONE', #748, #944 ) ;
#83 = CARTESIAN_POINT ( 'NONE',  ( -0.3750000000000000600, -0.05800000000000003800, 0.3130000000000000000 ) ) ;
#84 = LINE ( 'NONE', #1477, #1596 ) ;
#85 = ORIENTED_EDGE ( 'NONE', *, *, #526, .F. ) ;
#86 = EDGE_CURVE ( 'NONE', #1788, #1619, #82, .T. ) ;
#87 = VECTOR ( 'NONE', #972, 39.37007874015748100 ) ;
#88 = VERTEX_POINT ( 'NONE', #1933 ) ;
#89 = AXIS2_PLACEMENT_3D ( 'NONE', #274, #445, #1327 ) ;
#90 = EDGE_CURVE ( 'NONE', #273, #884, #728, .T. ) ;
#91 = CARTESIAN_POINT ( 'NONE',  ( 0.2189999999999999700, -0.05800000000000021800, -0.1880000000000000600 ) ) ;
#92 = VECTOR ( 'NONE', #465, 39.37007874015747400 ) ;
#93 = PLANE ( 'NONE',  #734 ) ;
#94 = EDGE_LOOP ( 'NONE', ( #818, #718, #1189, #1516 ) ) ;
#95 = CIRCLE ( 'NONE', #75, 0.03299999999999999500 ) ;
#96 = ORIENTED_EDGE ( 'NONE', *, *, #569, .F. ) ;
#97 = DIRECTION ( 'NONE',  ( -0.0000000000000000000, 1.000000000000000000, -0.0000000000000000000 ) ) ;
#98 = CARTESIAN_POINT ( 'NONE',  ( -0.2190000000000000300, -0.05800000000000021800, -0.1880000000000000800 ) ) ;
#99 = VERTEX_POINT ( 'NONE', #410 ) ;
#100 = DIRECTION ( 'NONE',  ( 1.000000000000000000, -0.0000000000000000000, -0.0000000000000000000 ) ) ;
#101 = CARTESIAN_POINT ( 'NONE',  ( -0.2190000000000000300, -0.03299999999999991800, -0.1250000000000001100 ) ) ;
#102 = ORIENTED_EDGE ( 'NONE', *, *, #1375, .T. ) ;
#103 = ADVANCED_FACE ( 'NONE', ( #1851 ), #1224, .F. ) ;
#104 = CYLINDRICAL_SURFACE ( 'NONE', #1918, 0.05800000000000311900 ) ;
#105 = ORIENTED_EDGE ( 'NONE', *, *, #1908, .T. ) ;
#106 = VERTEX_POINT ( 'NONE', #741 ) ;
#107 = CIRCLE ( 'NONE', #1827, 0.04299999999999999000 ) ;
#108 = DIRECTION ( 'NONE',  ( 1.000000000000000000, -0.0000000000000000000, -0.0000000000000000000 ) ) ;
#109 = CARTESIAN_POINT ( 'NONE',  ( 0.2189999999999999700, -0.05800000000000003800, 0.1880000000000000300 ) ) ;
#110 = CARTESIAN_POINT ( 'NONE',  ( -0.1245000000000000300, -0.02868240645679337500, -0.05041150225739441500 ) ) ;
#111 = AXIS2_PLACEMENT_3D ( 'NONE', #1016, #1514, #1646 ) ;
#112 = DIRECTION ( 'NONE',  ( 0.0000000000000000000, 6.123233995736768300E-016, -1.000000000000000000 ) ) ;
#113 = ADVANCED_FACE ( 'NONE', ( #821 ), #567, .F. ) ;
#114 = CALENDAR_DATE ( 2024, 17, 12 ) ;
#115 = CARTESIAN_POINT ( 'NONE',  ( -0.2190000000000000800, -0.05600736814442013000, 0.1880000000000000800 ) ) ;
#116 = DIRECTION ( 'NONE',  ( 0.0000000000000000000, 1.000000000000000000, 6.123233995736765300E-016 ) ) ;
#117 = AXIS2_PLACEMENT_3D ( 'NONE', #672, #693, #1424 ) ;
#118 = CARTESIAN_POINT ( 'NONE',  ( 0.3750000000000000600, -0.03299999999999980700, -0.3130000000000000000 ) ) ;
#119 = DIRECTION ( 'NONE',  ( -1.000000000000000000, -0.0000000000000000000, -0.0000000000000000000 ) ) ;
#120 = CYLINDRICAL_SURFACE ( 'NONE', #782, 0.03300000000000000200 ) ;
#121 = EDGE_CURVE ( 'NONE', #1254, #45, #1824, .T. ) ;
#122 = ORIENTED_EDGE ( 'NONE', *, *, #478, .F. ) ;
#123 = DIRECTION ( 'NONE',  ( 1.000000000000000000, -0.0000000000000000000, 0.0000000000000000000 ) ) ;
#124 = FACE_OUTER_BOUND ( 'NONE', #125, .T. ) ;
#125 = EDGE_LOOP ( 'NONE', ( #527, #1220, #1219, #512 ) ) ;
#126 = EDGE_CURVE ( 'NONE', #1721, #1054, #1339, .T. ) ;
#127 = VERTEX_POINT ( 'NONE', #1179 ) ;
#128 = DIRECTION ( 'NONE',  ( 0.0000000000000000000, -5.956063939674991000E-016, 1.000000000000000000 ) ) ;
#129 = CARTESIAN_POINT ( 'NONE',  ( 0.1249999999999999600, 3.158699242674304300E-015, -1.886682520624381900E-015 ) ) ;
#130 = CARTESIAN_POINT ( 'NONE',  ( 0.1249999999999999900, -0.05800000000000003800, -0.05800000000000495700 ) ) ;
#131 = ORIENTED_EDGE ( 'NONE', *, *, #1315, .F. ) ;
#132 = DIRECTION ( 'NONE',  ( -1.000000000000000000, -0.0000000000000000000, -0.0000000000000000000 ) ) ;
#133 = LINE ( 'NONE', #1963, #587 ) ;
#134 = DIRECTION ( 'NONE',  ( 0.0000000000000000000, 6.123233995736768300E-016, -1.000000000000000000 ) ) ;
#135 = LINE ( 'NONE', #1361, #805 ) ;
#136 = ORIENTED_EDGE ( 'NONE', *, *, #1532, .T. ) ;
#137 = CARTESIAN_POINT ( 'NONE',  ( 0.2189999999999999700, -0.05800000000000003800, 0.1880000000000000300 ) ) ;
#138 = DIRECTION ( 'NONE',  ( -1.000000000000000000, -0.0000000000000000000, -0.0000000000000000000 ) ) ;
#139 = DIRECTION ( 'NONE',  ( 0.0000000000000000000, 0.4945242492550595600, 0.8691638320240434600 ) ) ;
#140 = ADVANCED_FACE ( 'NONE', ( #1484 ), #333, .F. ) ;
#141 = DIRECTION ( 'NONE',  ( 0.0000000000000000000, 0.0000000000000000000, 1.000000000000000000 ) ) ;
#142 = CONICAL_SURFACE ( 'NONE', #1524, 0.06299999999999998700, 0.7155849933176765500 ) ;
#143 = EDGE_LOOP ( 'NONE', ( #1385, #817, #176, #194 ) ) ;
#144 = CARTESIAN_POINT ( 'NONE',  ( -0.2190000000000000800, -0.05800000000000003800, 0.1450000000000001000 ) ) ;
#145 = APPROVAL_DATE_TIME ( #481, #1032 ) ;
#146 = EDGE_LOOP ( 'NONE', ( #1867, #201, #1621, #1662, #1573, #585, #1067, #678, #1881, #1430 ) ) ;
#147 = DIRECTION ( 'NONE',  ( 1.000000000000000000, 0.0000000000000000000, -0.0000000000000000000 ) ) ;
#148 = CARTESIAN_POINT ( 'NONE',  ( -0.3736799999999994000, 4.041334437186265100E-018, 0.03300000000000000200 ) ) ;
#149 = AXIS2_PLACEMENT_3D ( 'NONE', #888, #586, #853 ) ;
#150 = CIRCLE ( 'NONE', #950, 0.05800000000000311900 ) ;
#151 = DIRECTION ( 'NONE',  ( 0.0000000000000000000, -5.956063939674991000E-016, 1.000000000000000000 ) ) ;
#152 = VERTEX_POINT ( 'NONE', #756 ) ;
#153 = CIRCLE ( 'NONE', #28, 0.04299999999999999000 ) ;
#154 = ORIENTED_EDGE ( 'NONE', *, *, #827, .F. ) ;
#155 = PLANE ( 'NONE',  #219 ) ;
#156 = FACE_OUTER_BOUND ( 'NONE', #1152, .T. ) ;
#157 = AXIS2_PLACEMENT_3D ( 'NONE', #460, #764, #910 ) ;
#158 = DIRECTION ( 'NONE',  ( -1.000000000000000000, -0.0000000000000000000, -0.0000000000000000000 ) ) ;
#159 = EDGE_LOOP ( 'NONE', ( #31, #1121, #943, #644 ) ) ;
#160 = FACE_OUTER_BOUND ( 'NONE', #1014, .T. ) ;
#161 = VERTEX_POINT ( 'NONE', #456 ) ;
#162 = CARTESIAN_POINT ( 'NONE',  ( -0.3750000000000000600, -0.03299999999999980700, -0.3130000000000000000 ) ) ;
#163 = VERTEX_POINT ( 'NONE', #11 ) ;
#164 = CARTESIAN_POINT ( 'NONE',  ( 0.1245000000000006100, 0.0000000000000000000, 0.0000000000000000000 ) ) ;
#165 = ADVANCED_FACE ( 'NONE', ( #1389 ), #981, .T. ) ;
#166 = MANIFOLD_SOLID_BREP ( 'Cut-Extrude3', #363 ) ;
#167 = CIRCLE ( 'NONE', #727, 0.04299999999999999000 ) ;
#168 = AXIS2_PLACEMENT_3D ( 'NONE', #826, #68, #1132 ) ;
#169 = EDGE_CURVE ( 'NONE', #1117, #1622, #1450, .T. ) ;
#170 = DIRECTION ( 'NONE',  ( -1.000000000000000000, -0.0000000000000000000, 3.407994004072192000E-017 ) ) ;
#171 = DIRECTION ( 'NONE',  ( 0.0000000000000000000, 0.7547095802227710100, 0.6560590289905083900 ) ) ;
#172 = COORDINATED_UNIVERSAL_TIME_OFFSET ( 6, 0, .BEHIND. ) ;
#173 = EDGE_CURVE ( 'NONE', #1022, #1311, #1086, .T. ) ;
#174 = CARTESIAN_POINT ( 'NONE',  ( 0.1245000000000006100, -0.02868240645679337500, -0.05041150225739441500 ) ) ;
#175 = FACE_OUTER_BOUND ( 'NONE', #1275, .T. ) ;
#176 = ORIENTED_EDGE ( 'NONE', *, *, #1507, .F. ) ;
#177 = ORIENTED_EDGE ( 'NONE', *, *, #518, .T. ) ;
#178 = CIRCLE ( 'NONE', #1161, 0.06299999999999998700 ) ;
#179 = VERTEX_POINT ( 'NONE', #1208 ) ;
#180 = CARTESIAN_POINT ( 'NONE',  ( -0.3750000000000000600, -0.05800000000000000300, 4.837354856632045600E-017 ) ) ;
#181 = CARTESIAN_POINT ( 'NONE',  ( 0.2189999999999999700, -0.05600736814442008900, 0.1880000000000000300 ) ) ;
#182 = VERTEX_POINT ( 'NONE', #1677 ) ;
#183 = ORIENTED_EDGE ( 'NONE', *, *, #169, .T. ) ;
#184 = AXIS2_PLACEMENT_3D ( 'NONE', #232, #108, #1600 ) ;
#185 = DIRECTION ( 'NONE',  ( 0.0000000000000000000, 8.881784197001252300E-016, 1.000000000000000000 ) ) ;
#186 = CYLINDRICAL_SURFACE ( 'NONE', #1432, 0.05800000000000311900 ) ;
#187 = CIRCLE ( 'NONE', #1295, 0.04299999999999999000 ) ;
#188 = ORIENTED_EDGE ( 'NONE', *, *, #1554, .F. ) ;
#189 = AXIS2_PLACEMENT_3D ( 'NONE', #1136, #231, #1459 ) ;
#190 = EDGE_CURVE ( 'NONE', #1117, #508, #1891, .T. ) ;
#191 = CARTESIAN_POINT ( 'NONE',  ( 0.1245000000000006100, 0.0000000000000000000, 0.0000000000000000000 ) ) ;
#192 = CARTESIAN_POINT ( 'NONE',  ( 0.3750000000000000600, 3.165802194109359400E-015, -0.05800000000000500600 ) ) ;
#193 = FACE_OUTER_BOUND ( 'NONE', #1480, .T. ) ;
#194 = ORIENTED_EDGE ( 'NONE', *, *, #362, .F. ) ;
#195 = ORIENTED_EDGE ( 'NONE', *, *, #1519, .F. ) ;
#196 = EDGE_CURVE ( 'NONE', #1022, #573, #1577, .T. ) ;
#197 = DIRECTION ( 'NONE',  ( 1.000000000000000000, 0.0000000000000000000, -0.0000000000000000000 ) ) ;
#198 = DIRECTION ( 'NONE',  ( 1.000000000000000000, -0.0000000000000000000, 0.0000000000000000000 ) ) ;
#199 = CIRCLE ( 'NONE', #1410, 0.03299999999999999500 ) ;
#200 = AXIS2_PLACEMENT_3D ( 'NONE', #647, #799, #51 ) ;
#201 = ORIENTED_EDGE ( 'NONE', *, *, #1550, .F. ) ;
#202 = EDGE_CURVE ( 'NONE', #692, #127, #133, .T. ) ;
#203 = DIRECTION ( 'NONE',  ( -0.0000000000000000000, 1.000000000000000000, 6.123233995736765300E-016 ) ) ;
#204 = CARTESIAN_POINT ( 'NONE',  ( 0.3750000000000000600, -0.03299999999999999500, 0.3130000000000000000 ) ) ;
#205 = LINE ( 'NONE', #1047, #510 ) ;
#206 = ORIENTED_EDGE ( 'NONE', *, *, #1792, .F. ) ;
#207 = ORIENTED_EDGE ( 'NONE', *, *, #457, .T. ) ;
#208 = CONICAL_SURFACE ( 'NONE', #1637, 0.03168000000000058300, 0.7853981633974644900 ) ;
#209 = CARTESIAN_POINT ( 'NONE',  ( 0.0000000000000000000, 0.0000000000000000000, 0.0000000000000000000 ) ) ;
#210 = FACE_OUTER_BOUND ( 'NONE', #1400, .T. ) ;
#211 = FACE_OUTER_BOUND ( 'NONE', #1852, .T. ) ;
#212 = AXIS2_PLACEMENT_3D ( 'NONE', #129, #1, #1466 ) ;
#213 = VERTEX_POINT ( 'NONE', #1056 ) ;
#214 =( LENGTH_UNIT ( ) NAMED_UNIT ( * ) SI_UNIT ( $, .METRE. ) );
#215 = ORIENTED_EDGE ( 'NONE', *, *, #356, .F. ) ;
#216 = VECTOR ( 'NONE', #1460, 39.37007874015748100 ) ;
#217 = DIRECTION ( 'NONE',  ( -0.0000000000000000000, -1.000000000000000000, -0.0000000000000000000 ) ) ;
#218 = ORIENTED_EDGE ( 'NONE', *, *, #469, .T. ) ;
#219 = AXIS2_PLACEMENT_3D ( 'NONE', #1659, #305, #1481 ) ;
#220 = AXIS2_PLACEMENT_3D ( 'NONE', #1069, #1841, #1542 ) ;
#221 = ORIENTED_EDGE ( 'NONE', *, *, #392, .T. ) ;
#222 = EDGE_CURVE ( 'NONE', #890, #494, #1122, .T. ) ;
#223 = DIRECTION ( 'NONE',  ( 0.0000000000000000000, 0.0000000000000000000, -1.000000000000000000 ) ) ;
#224 = ORIENTED_EDGE ( 'NONE', *, *, #1041, .F. ) ;
#225 = CIRCLE ( 'NONE', #328, 0.05800000000000311900 ) ;
#226 = EDGE_CURVE ( 'NONE', #1076, #819, #1746, .T. ) ;
#227 = VECTOR ( 'NONE', #1085, 39.37007874015748100 ) ;
#228 = CARTESIAN_POINT ( 'NONE',  ( -0.2190000000000000300, -0.05299999999999981100, -0.1450000000000000700 ) ) ;
#229 = CIRCLE ( 'NONE', #1787, 0.04300000000000001000 ) ;
#230 = ORIENTED_EDGE ( 'NONE', *, *, #1862, .F. ) ;
#231 = DIRECTION ( 'NONE',  ( -0.0000000000000000000, 1.000000000000000000, 1.090993607693395700E-016 ) ) ;
#232 = CARTESIAN_POINT ( 'NONE',  ( -0.3736799999999992900, 0.0000000000000000000, 0.0000000000000000000 ) ) ;
#233 = ADVANCED_FACE ( 'NONE', ( #677 ), #155, .F. ) ;
#234 = ORIENTED_EDGE ( 'NONE', *, *, #190, .T. ) ;
#235 = DIRECTION ( 'NONE',  ( 0.0000000000000000000, 0.0000000000000000000, -1.000000000000000000 ) ) ;
#236 = CIRCLE ( 'NONE', #33, 0.05800000000000311900 ) ;
#237 = CARTESIAN_POINT ( 'NONE',  ( -0.2190000000000000800, -0.03299999999999999500, 0.1880000000000000800 ) ) ;
#238 = ORIENTED_EDGE ( 'NONE', *, *, #1384, .T. ) ;
#239 = ORIENTED_EDGE ( 'NONE', *, *, #1485, .T. ) ;
#240 = CARTESIAN_POINT ( 'NONE',  ( 0.1250000000000000000, -0.05800000000000003800, 0.05800000000000485300 ) ) ;
#241 = ADVANCED_FACE ( 'NONE', ( #1650 ), #1511, .F. ) ;
#242 = PRODUCT_DEFINITION ( 'UNKNOWN', '', #549, #609 ) ;
#243 = CARTESIAN_POINT ( 'NONE',  ( -0.3750000000000000600, -0.01631930022541694700, -0.02868240645679343400 ) ) ;
#244 = VECTOR ( 'NONE', #406, 39.37007874015748100 ) ;
#245 = ORIENTED_EDGE ( 'NONE', *, *, #1792, .T. ) ;
#246 = ORIENTED_EDGE ( 'NONE', *, *, #1964, .F. ) ;
#247 = CIRCLE ( 'NONE', #933, 0.04299999999999999000 ) ;
#248 = ORIENTED_EDGE ( 'NONE', *, *, #473, .T. ) ;
#249 = AXIS2_PLACEMENT_3D ( 'NONE', #453, #1199, #2 ) ;
#250 = DIRECTION ( 'NONE',  ( 0.0000000000000000000, 0.0000000000000000000, 1.000000000000000000 ) ) ;
#251 = CARTESIAN_POINT ( 'NONE',  ( -0.1245000000000000300, 0.0000000000000000000, 0.0000000000000000000 ) ) ;
#252 = ADVANCED_FACE ( 'NONE', ( #421 ), #186, .T. ) ;
#253 = LINE ( 'NONE', #1239, #1522 ) ;
#254 = EDGE_CURVE ( 'NONE', #974, #601, #1801, .T. ) ;
#255 = AXIS2_PLACEMENT_3D ( 'NONE', #861, #600, #250 ) ;
#256 = EDGE_CURVE ( 'NONE', #213, #1299, #30, .T. ) ;
#257 = CARTESIAN_POINT ( 'NONE',  ( -0.1250000000000000000, -0.05800000000000003800, 0.05800000000000489500 ) ) ;
#258 = CARTESIAN_POINT ( 'NONE',  ( -0.2190000000000000300, -0.03299999999999988400, -0.1880000000000000800 ) ) ;
#259 = DIRECTION ( 'NONE',  ( 0.0000000000000000000, 0.0000000000000000000, -1.000000000000000000 ) ) ;
#260 = LINE ( 'NONE', #458, #572 ) ;
#261 = DIRECTION ( 'NONE',  ( 1.000000000000000000, -0.0000000000000000000, -0.0000000000000000000 ) ) ;
#262 = ORIENTED_EDGE ( 'NONE', *, *, #34, .F. ) ;
#263 = EDGE_CURVE ( 'NONE', #18, #1324, #1704, .T. ) ;
#264 = ADVANCED_FACE ( 'NONE', ( #1099, #391, #1281 ), #1913, .F. ) ;
#265 = VERTEX_POINT ( 'NONE', #684 ) ;
#266 = FACE_OUTER_BOUND ( 'NONE', #1217, .T. ) ;
#267 = DIRECTION ( 'NONE',  ( 0.0000000000000000000, 0.0000000000000000000, 1.000000000000000000 ) ) ;
#268 = ORIENTED_EDGE ( 'NONE', *, *, #1859, .F. ) ;
#269 = CARTESIAN_POINT ( 'NONE',  ( 0.3750000000000000600, -0.03299999999999999500, 0.3130000000000000000 ) ) ;
#270 = CARTESIAN_POINT ( 'NONE',  ( -0.2190000000000000300, -0.03299999999999988400, -0.1880000000000000800 ) ) ;
#271 = EDGE_LOOP ( 'NONE', ( #1419, #1917, #332, #1717 ) ) ;
#272 = CARTESIAN_POINT ( 'NONE',  ( -0.3750000000000000600, 2.020667218593133200E-017, -0.03299999999999999500 ) ) ;
#273 = VERTEX_POINT ( 'NONE', #690 ) ;
#274 = CARTESIAN_POINT ( 'NONE',  ( 0.3736800000000006800, 0.0000000000000000000, 0.0000000000000000000 ) ) ;
#275 = CARTESIAN_POINT ( 'NONE',  ( 0.1249999999999999600, -0.03299999999999999500, -8.388830574159369400E-017 ) ) ;
#276 = VECTOR ( 'NONE', #450, 39.37007874015748900 ) ;
#277 = DIRECTION ( 'NONE',  ( -1.000000000000000000, -0.0000000000000000000, -0.0000000000000000000 ) ) ;
#278 = CARTESIAN_POINT ( 'NONE',  ( 0.1245000000000005800, -0.05800000000000003800, -0.05800000000000122400 ) ) ;
#279 = ORIENTED_EDGE ( 'NONE', *, *, #1578, .F. ) ;
#280 = DIRECTION ( 'NONE',  ( -1.000000000000000000, 0.0000000000000000000, 1.471900858655189700E-016 ) ) ;
#281 = DIRECTION ( 'NONE',  ( 0.0000000000000000000, -1.000000000000000000, -6.123233995736768300E-016 ) ) ;
#282 = AXIS2_PLACEMENT_3D ( 'NONE', #270, #1177, #284 ) ;
#283 = DIRECTION ( 'NONE',  ( -1.000000000000000000, 0.0000000000000000000, 3.407994004072192000E-017 ) ) ;
#284 = DIRECTION ( 'NONE',  ( 0.0000000000000000000, -6.097874985857732100E-016, 1.000000000000000000 ) ) ;
#285 = VECTOR ( 'NONE', #846, 39.37007874015748100 ) ;
#286 = ORIENTED_EDGE ( 'NONE', *, *, #1166, .T. ) ;
#287 = CARTESIAN_POINT ( 'NONE',  ( -0.3750000000000000600, -0.05799999999999985000, -0.3130000000000000600 ) ) ;
#288 = EDGE_CURVE ( 'NONE', #106, #18, #1871, .T. ) ;
#289 = EDGE_LOOP ( 'NONE', ( #1465, #268, #1930, #1648 ) ) ;
#290 = CC_DESIGN_PERSON_AND_ORGANIZATION_ASSIGNMENT ( #1291, #1255, ( #549 ) ) ;
#291 = ADVANCED_FACE ( 'NONE', ( #1171 ), #1448, .F. ) ;
#292 = CARTESIAN_POINT ( 'NONE',  ( -0.2190000000000000300, -0.05299999999999975600, -0.2310000000000000700 ) ) ;
#293 = EDGE_CURVE ( 'NONE', #573, #1172, #375, .T. ) ;
#294 = CARTESIAN_POINT ( 'NONE',  ( 0.1250000000000000000, -0.05800000000000003800, 0.05800000000000485300 ) ) ;
#295 = FACE_OUTER_BOUND ( 'NONE', #1391, .T. ) ;
#296 = ORIENTED_EDGE ( 'NONE', *, *, #431, .F. ) ;
#297 = ORIENTED_EDGE ( 'NONE', *, *, #1286, .F. ) ;
#298 = EDGE_CURVE ( 'NONE', #629, #699, #1940, .T. ) ;
#299 = LINE ( 'NONE', #1461, #694 ) ;
#300 = CARTESIAN_POINT ( 'NONE',  ( 0.3750000000000000600, -0.05799999999999996100, -1.458491041282232100E-016 ) ) ;
#301 = DIRECTION ( 'NONE',  ( 0.0000000000000000000, 0.0000000000000000000, 1.000000000000000000 ) ) ;
#302 = CARTESIAN_POINT ( 'NONE',  ( 0.3750000000000000600, 0.0000000000000000000, 0.0000000000000000000 ) ) ;
#303 = DIMENSIONAL_EXPONENTS ( 1.000000000000000000, 0.0000000000000000000, 0.0000000000000000000, 0.0000000000000000000, 0.0000000000000000000, 0.0000000000000000000, 0.0000000000000000000 ) ;
#304 = AXIS2_PLACEMENT_3D ( 'NONE', #191, #1105, #1256 ) ;
#305 = DIRECTION ( 'NONE',  ( 0.0000000000000000000, -6.123233995736768300E-016, 1.000000000000000000 ) ) ;
#306 = LINE ( 'NONE', #711, #788 ) ;
#307 = VERTEX_POINT ( 'NONE', #707 ) ;
#308 = EDGE_CURVE ( 'NONE', #887, #1875, #757, .T. ) ;
#309 = CARTESIAN_POINT ( 'NONE',  ( -0.1245000000000000300, -0.05800000000000003800, -0.05800000000000123100 ) ) ;
#310 = DIRECTION ( 'NONE',  ( 0.0000000000000000000, 0.0000000000000000000, 1.000000000000000000 ) ) ;
#311 = LINE ( 'NONE', #1834, #1196 ) ;
#312 = ORIENTED_EDGE ( 'NONE', *, *, #202, .T. ) ;
#313 = ORIENTED_EDGE ( 'NONE', *, *, #1079, .F. ) ;
#314 = FACE_OUTER_BOUND ( 'NONE', #630, .T. ) ;
#315 = VERTEX_POINT ( 'NONE', #551 ) ;
#316 = CARTESIAN_POINT ( 'NONE',  ( 0.1245000000000005800, -0.05800000000000003800, -0.05800000000000122400 ) ) ;
#317 = CARTESIAN_POINT ( 'NONE',  ( -0.2190000000000000800, -0.03299999999999999500, 0.1250000000000001100 ) ) ;
#318 = FACE_OUTER_BOUND ( 'NONE', #1426, .T. ) ;
#319 = CARTESIAN_POINT ( 'NONE',  ( -0.1249999999999999600, 0.0000000000000000000, 0.0000000000000000000 ) ) ;
#320 = ORIENTED_EDGE ( 'NONE', *, *, #941, .T. ) ;
#321 = ORIENTED_EDGE ( 'NONE', *, *, #401, .F. ) ;
#322 = FACE_OUTER_BOUND ( 'NONE', #1120, .T. ) ;
#323 = CARTESIAN_POINT ( 'NONE',  ( 0.2189999999999999700, -0.05800000000000003800, 0.2310000000000000100 ) ) ;
#324 = ORIENTED_EDGE ( 'NONE', *, *, #1614, .F. ) ;
#325 = CARTESIAN_POINT ( 'NONE',  ( -0.3750000000000000600, -1.616533774874506700E-017, 0.03299999999999999500 ) ) ;
#326 = ADVANCED_FACE ( 'NONE', ( #840 ), #1968, .F. ) ;
#327 = EDGE_LOOP ( 'NONE', ( #1288, #1283, #177, #1349 ) ) ;
#328 = AXIS2_PLACEMENT_3D ( 'NONE', #1183, #1625, #719 ) ;
#329 = DIRECTION ( 'NONE',  ( 0.0000000000000000000, 0.0000000000000000000, 1.000000000000000000 ) ) ;
#330 = CARTESIAN_POINT ( 'NONE',  ( 0.3750000000000000600, -0.05799999999999996100, -1.458491041282232100E-016 ) ) ;
#331 = EDGE_LOOP ( 'NONE', ( #1383, #1502 ) ) ;
#332 = ORIENTED_EDGE ( 'NONE', *, *, #339, .T. ) ;
#333 = CYLINDRICAL_SURFACE ( 'NONE', #1473, 0.03299999999999999500 ) ;
#334 = AXIS2_PLACEMENT_3D ( 'NONE', #611, #1518, #141 ) ;
#335 = AXIS2_PLACEMENT_3D ( 'NONE', #1429, #1754, #663 ) ;
#336 = ORIENTED_EDGE ( 'NONE', *, *, #915, .F. ) ;
#337 = EDGE_CURVE ( 'NONE', #490, #1388, #447, .T. ) ;
#338 = DIRECTION ( 'NONE',  ( 0.0000000000000000000, 6.123233995736768300E-016, -1.000000000000000000 ) ) ;
#339 = EDGE_CURVE ( 'NONE', #152, #806, #306, .T. ) ;
#340 = VECTOR ( 'NONE', #813, 39.37007874015748100 ) ;
#341 = VERTEX_POINT ( 'NONE', #528 ) ;
#342 = DIRECTION ( 'NONE',  ( -1.000000000000000000, -0.0000000000000000000, -0.0000000000000000000 ) ) ;
#343 = DIRECTION ( 'NONE',  ( 0.0000000000000000000, -1.000000000000000000, 0.0000000000000000000 ) ) ;
#344 = AXIS2_PLACEMENT_3D ( 'NONE', #724, #908, #1948 ) ;
#345 = CIRCLE ( 'NONE', #912, 0.03299999999999999500 ) ;
#346 = DIRECTION ( 'NONE',  ( -0.0000000000000000000, 0.8691638320240432400, 0.4945242492550601100 ) ) ;
#347 = CARTESIAN_POINT ( 'NONE',  ( -0.1245000000000000300, -0.01631930022541694400, -0.02868240645679343400 ) ) ;
#348 = ORIENTED_EDGE ( 'NONE', *, *, #831, .F. ) ;
#349 = LINE ( 'NONE', #433, #1505 ) ;
#350 = CARTESIAN_POINT ( 'NONE',  ( 0.1245000000000006100, -0.01631930022541694700, -0.02868240645679343400 ) ) ;
#351 = CARTESIAN_POINT ( 'NONE',  ( 0.2189999999999999700, -0.05800000000000003800, 0.1450000000000000200 ) ) ;
#352 = CYLINDRICAL_SURFACE ( 'NONE', #907, 0.05800000000000311900 ) ;
#353 = LINE ( 'NONE', #21, #44 ) ;
#354 = VERTEX_POINT ( 'NONE', #424 ) ;
#355 = VERTEX_POINT ( 'NONE', #754 ) ;
#356 = EDGE_CURVE ( 'NONE', #1723, #1092, #43, .T. ) ;
#357 = CARTESIAN_POINT ( 'NONE',  ( 0.3750000000000000600, 0.0000000000000000000, 0.03168000000000058300 ) ) ;
#358 = LINE ( 'NONE', #967, #1413 ) ;
#359 = ORIENTED_EDGE ( 'NONE', *, *, #1753, .F. ) ;
#360 = CARTESIAN_POINT ( 'NONE',  ( -0.3750000000000000600, 0.0000000000000000000, 0.0000000000000000000 ) ) ;
#361 = CYLINDRICAL_SURFACE ( 'NONE', #645, 0.03299999999999999500 ) ;
#362 = EDGE_CURVE ( 'NONE', #848, #99, #1193, .T. ) ;
#363 = CLOSED_SHELL ( 'NONE', ( #326, #103, #1929, #1298, #252, #830, #1026, #1185, #379, #529, #1611, #1660, #140, #1626, #1761, #397, #713, #1042, #264, #1124, #113, #1055, #1898, #1806, #1442, #1321, #241, #1768, #1838, #1133 ) ) ;
#364 =( GEOMETRIC_REPRESENTATION_CONTEXT ( 3 ) GLOBAL_UNCERTAINTY_ASSIGNED_CONTEXT ( ( #1414 ) ) GLOBAL_UNIT_ASSIGNED_CONTEXT ( ( #514, #669, #1423 ) ) REPRESENTATION_CONTEXT ( 'NONE', 'WORKASPACE' ) );
#365 = ORIENTED_EDGE ( 'NONE', *, *, #392, .F. ) ;
#366 = FACE_OUTER_BOUND ( 'NONE', #159, .T. ) ;
#367 = ORIENTED_EDGE ( 'NONE', *, *, #1955, .T. ) ;
#368 = EDGE_CURVE ( 'NONE', #898, #1941, #641, .T. ) ;
#369 = DIRECTION ( 'NONE',  ( -0.0000000000000000000, 1.000000000000000000, 6.123233995736765300E-016 ) ) ;
#370 = CARTESIAN_POINT ( 'NONE',  ( -0.1245000000000000300, -0.05800000000000003800, -0.05800000000000123100 ) ) ;
#371 = ORIENTED_EDGE ( 'NONE', *, *, #807, .T. ) ;
#372 = EDGE_CURVE ( 'NONE', #127, #88, #804, .T. ) ;
#373 = EDGE_LOOP ( 'NONE', ( #1087, #1517, #786, #1604 ) ) ;
#374 = VERTEX_POINT ( 'NONE', #894 ) ;
#375 = LINE ( 'NONE', #1316, #893 ) ;
#376 = PERSON_AND_ORGANIZATION_ROLE ( 'classification_officer' ) ;
#377 = ORIENTED_EDGE ( 'NONE', *, *, #190, .F. ) ;
#378 = DIRECTION ( 'NONE',  ( -1.000000000000000000, -0.0000000000000000000, 1.471900858655189700E-016 ) ) ;
#379 = ADVANCED_FACE ( 'NONE', ( #1544 ), #352, .T. ) ;
#380 = APPROVAL_STATUS ( 'not_yet_approved' ) ;
#381 = FACE_OUTER_BOUND ( 'NONE', #1847, .T. ) ;
#382 = DIRECTION ( 'NONE',  ( 0.0000000000000000000, 1.000000000000000000, 6.123233995736765300E-016 ) ) ;
#383 = EDGE_LOOP ( 'NONE', ( #691, #1897, #940, #1451 ) ) ;
#384 = VECTOR ( 'NONE', #342, 39.37007874015748100 ) ;
#385 = AXIS2_PLACEMENT_3D ( 'NONE', #162, #1675, #920 ) ;
#386 = VECTOR ( 'NONE', #139, 39.37007874015748100 ) ;
#387 = ADVANCED_FACE ( 'NONE', ( #1030 ), #1144, .F. ) ;
#388 = ORIENTED_EDGE ( 'NONE', *, *, #457, .F. ) ;
#389 = DIRECTION ( 'NONE',  ( 0.0000000000000000000, 1.000000000000000000, 6.123233995736765300E-016 ) ) ;
#390 = EDGE_CURVE ( 'NONE', #952, #414, #1593, .T. ) ;
#391 = FACE_BOUND ( 'NONE', #1741, .T. ) ;
#392 = EDGE_CURVE ( 'NONE', #1706, #959, #654, .T. ) ;
#393 = LINE ( 'NONE', #468, #1705 ) ;
#394 = ORIENTED_EDGE ( 'NONE', *, *, #436, .F. ) ;
#395 = ORIENTED_EDGE ( 'NONE', *, *, #1433, .F. ) ;
#396 = CARTESIAN_POINT ( 'NONE',  ( 0.2189999999999999700, -0.05800000000000021800, -0.1880000000000000600 ) ) ;
#397 = ADVANCED_FACE ( 'NONE', ( #1907 ), #1309, .F. ) ;
#398 = CARTESIAN_POINT ( 'NONE',  ( -0.3750000000000000600, 0.0000000000000000000, 0.0000000000000000000 ) ) ;
#399 = AXIS2_PLACEMENT_3D ( 'NONE', #1395, #203, #1090 ) ;
#400 = ORIENTED_EDGE ( 'NONE', *, *, #612, .T. ) ;
#401 = EDGE_CURVE ( 'NONE', #65, #1723, #225, .T. ) ;
#402 = CARTESIAN_POINT ( 'NONE',  ( -0.3750000000000000600, 3.130287436934082900E-015, 0.05800000000000500600 ) ) ;
#403 = COORDINATED_UNIVERSAL_TIME_OFFSET ( 6, 0, .BEHIND. ) ;
#404 = ADVANCED_FACE ( 'NONE', ( #1057 ), #557, .F. ) ;
#405 = VECTOR ( 'NONE', #1632, 39.37007874015748100 ) ;
#406 = DIRECTION ( 'NONE',  ( -0.0000000000000000000, 1.000000000000000000, -0.0000000000000000000 ) ) ;
#407 = DIRECTION ( 'NONE',  ( 0.0000000000000000000, 0.0000000000000000000, -1.000000000000000000 ) ) ;
#408 = ORIENTED_EDGE ( 'NONE', *, *, #126, .F. ) ;
#409 = FACE_OUTER_BOUND ( 'NONE', #919, .T. ) ;
#410 = CARTESIAN_POINT ( 'NONE',  ( 0.3750000000000000600, -0.01631930022541696500, 0.02868240645679342700 ) ) ;
#411 = DIRECTION ( 'NONE',  ( 8.034405899049467400E-017, 0.7547095802227710100, -0.6560590289905083900 ) ) ;
#412 = PRODUCT_DEFINITION_SHAPE ( 'NONE', 'NONE',  #242 ) ;
#413 = ORIENTED_EDGE ( 'NONE', *, *, #1101, .F. ) ;
#414 = VERTEX_POINT ( 'NONE', #1176 ) ;
#415 = DIRECTION ( 'NONE',  ( -1.000000000000000000, -0.0000000000000000000, -0.0000000000000000000 ) ) ;
#416 = DIRECTION ( 'NONE',  ( 0.0000000000000000000, -6.097874985857732100E-016, 1.000000000000000000 ) ) ;
#417 = ADVANCED_FACE ( 'NONE', ( #1002 ), #1769, .T. ) ;
#418 = ORIENTED_EDGE ( 'NONE', *, *, #1127, .F. ) ;
#419 = ORIENTED_EDGE ( 'NONE', *, *, #1642, .T. ) ;
#420 = DIRECTION ( 'NONE',  ( 1.000000000000000000, 0.0000000000000000000, -1.471900858655283400E-016 ) ) ;
#421 = FACE_OUTER_BOUND ( 'NONE', #1332, .T. ) ;
#422 = DIRECTION ( 'NONE',  ( -0.0000000000000000000, -1.000000000000000000, -0.0000000000000000000 ) ) ;
#423 = AXIS2_PLACEMENT_3D ( 'NONE', #1489, #1320, #1341 ) ;
#424 = CARTESIAN_POINT ( 'NONE',  ( -0.2190000000000000300, -0.05800000000000023900, -0.1450000000000000700 ) ) ;
#425 = CARTESIAN_POINT ( 'NONE',  ( -0.3750000000000000600, -0.01631930022541696500, 0.02868240645679342700 ) ) ;
#426 = AXIS2_PLACEMENT_3D ( 'NONE', #80, #535, #1599 ) ;
#427 = AXIS2_PLACEMENT_3D ( 'NONE', #209, #1269, #524 ) ;
#428 = ADVANCED_FACE ( 'NONE', ( #962, #862, #160 ), #1330, .F. ) ;
#429 = LOCAL_TIME ( 9, 27, 27.00000000000000000, #403 ) ;
#430 = CARTESIAN_POINT ( 'NONE',  ( 0.3750000000000000600, -0.05800000000000003800, 0.3130000000000000000 ) ) ;
#431 = EDGE_CURVE ( 'NONE', #836, #355, #1722, .T. ) ;
#432 = DIRECTION ( 'NONE',  ( -2.943801717310470200E-016, 0.0000000000000000000, -1.000000000000000000 ) ) ;
#433 = CARTESIAN_POINT ( 'NONE',  ( 0.2189999999999999700, -0.05800000000000023900, -0.1450000000000000500 ) ) ;
#434 = LINE ( 'NONE', #29, #384 ) ;
#435 = DIRECTION ( 'NONE',  ( 0.0000000000000000000, 0.0000000000000000000, 1.000000000000000000 ) ) ;
#436 = EDGE_CURVE ( 'NONE', #887, #1397, #205, .T. ) ;
#437 = FACE_OUTER_BOUND ( 'NONE', #1258, .T. ) ;
#438 = CARTESIAN_POINT ( 'NONE',  ( 0.1250000000000000000, -0.03299999999999999500, 0.05800000000000485300 ) ) ;
#439 = CARTESIAN_POINT ( 'NONE',  ( -0.3750000000000000600, -0.03299999999999999500, 0.3130000000000000000 ) ) ;
#440 = ADVANCED_FACE ( 'NONE', ( #1363, #615, #925 ), #1191, .F. ) ;
#441 = ORIENTED_EDGE ( 'NONE', *, *, #492, .T. ) ;
#442 = AXIS2_PLACEMENT_3D ( 'NONE', #1392, #931, #916 ) ;
#443 = DIRECTION ( 'NONE',  ( -1.000000000000000000, 0.0000000000000000000, 0.0000000000000000000 ) ) ;
#444 = CARTESIAN_POINT ( 'NONE',  ( -0.2190000000000000300, -0.03299999999999984200, -0.2510000000000000600 ) ) ;
#445 = DIRECTION ( 'NONE',  ( -1.000000000000000000, 0.0000000000000000000, 0.0000000000000000000 ) ) ;
#446 = CARTESIAN_POINT ( 'NONE',  ( -0.3750000000000000600, 0.0000000000000000000, 0.0000000000000000000 ) ) ;
#447 = CIRCLE ( 'NONE', #990, 0.03299999999999999500 ) ;
#448 = CYLINDRICAL_SURFACE ( 'NONE', #824, 0.05800000000000311900 ) ;
#449 = ORIENTED_EDGE ( 'NONE', *, *, #469, .F. ) ;
#450 = DIRECTION ( 'NONE',  ( 0.7071067811865177100, 8.659560562355296500E-017, 0.7071067811865772200 ) ) ;
#451 = CARTESIAN_POINT ( 'NONE',  ( 0.2189999999999999700, -0.05800000000000003800, 0.1450000000000000200 ) ) ;
#452 = DIRECTION ( 'NONE',  ( 0.0000000000000000000, -5.956063939674991000E-016, 1.000000000000000000 ) ) ;
#453 = CARTESIAN_POINT ( 'NONE',  ( -0.3750000000000000600, 0.0000000000000000000, 0.0000000000000000000 ) ) ;
#454 = FACE_OUTER_BOUND ( 'NONE', #327, .T. ) ;
#455 = ORIENTED_EDGE ( 'NONE', *, *, #565, .F. ) ;
#456 = CARTESIAN_POINT ( 'NONE',  ( 0.3750000000000000600, -0.05799999999999997500, -0.05800000000000123100 ) ) ;
#457 = EDGE_CURVE ( 'NONE', #601, #1723, #1910, .T. ) ;
#458 = CARTESIAN_POINT ( 'NONE',  ( 0.3750000000000000600, -0.01631930022541696500, 0.02868240645679342700 ) ) ;
#459 = DIRECTION ( 'NONE',  ( 0.0000000000000000000, 1.000000000000000000, 0.0000000000000000000 ) ) ;
#460 = CARTESIAN_POINT ( 'NONE',  ( 0.3750000000000000600, 0.0000000000000000000, 0.0000000000000000000 ) ) ;
#461 = LINE ( 'NONE', #1615, #994 ) ;
#462 = ORIENTED_EDGE ( 'NONE', *, *, #339, .F. ) ;
#463 = LINE ( 'NONE', #1691, #1639 ) ;
#464 = AXIS2_PLACEMENT_3D ( 'NONE', #1503, #574, #901 ) ;
#465 = DIRECTION ( 'NONE',  ( 1.279322990668224400E-016, -0.4945242492550601700, 0.8691638320240432400 ) ) ;
#466 = ORIENTED_EDGE ( 'NONE', *, *, #969, .F. ) ;
#467 = ORIENTED_EDGE ( 'NONE', *, *, #1005, .T. ) ;
#468 = CARTESIAN_POINT ( 'NONE',  ( -0.2190000000000000300, -0.05800000000000019000, -0.2310000000000000700 ) ) ;
#469 = EDGE_CURVE ( 'NONE', #374, #1358, #532, .T. ) ;
#470 = EDGE_LOOP ( 'NONE', ( #1019, #676, #859, #1420 ) ) ;
#471 = EDGE_LOOP ( 'NONE', ( #1089, #1394, #336, #1616, #1004, #1078, #1960, #702 ) ) ;
#472 = ORIENTED_EDGE ( 'NONE', *, *, #1398, .F. ) ;
#473 = EDGE_CURVE ( 'NONE', #1043, #898, #393, .T. ) ;
#474 = DIRECTION ( 'NONE',  ( -0.0000000000000000000, 1.000000000000000000, -0.0000000000000000000 ) ) ;
#475 = DIRECTION ( 'NONE',  ( 0.0000000000000000000, 0.0000000000000000000, 1.000000000000000000 ) ) ;
#476 = LINE ( 'NONE', #1401, #619 ) ;
#477 = PLANE ( 'NONE',  #1949 ) ;
#478 = EDGE_CURVE ( 'NONE', #16, #1721, #135, .T. ) ;
#479 = LOCAL_TIME ( 9, 27, 27.00000000000000000, #172 ) ;
#480 = CARTESIAN_POINT ( 'NONE',  ( 0.3750000000000000600, 0.0000000000000000000, 0.0000000000000000000 ) ) ;
#481 = DATE_AND_TIME ( #1665, #1731 ) ;
#482 = CARTESIAN_POINT ( 'NONE',  ( -0.3750000000000000600, 0.0000000000000000000, 0.0000000000000000000 ) ) ;
#483 = ORIENTED_EDGE ( 'NONE', *, *, #401, .T. ) ;
#484 = CIRCLE ( 'NONE', #157, 0.03299999999999999500 ) ;
#485 = ORIENTED_EDGE ( 'NONE', *, *, #1079, .T. ) ;
#486 = ORIENTED_EDGE ( 'NONE', *, *, #38, .T. ) ;
#487 = AXIS2_PLACEMENT_3D ( 'NONE', #1782, #1071, #627 ) ;
#488 = DIRECTION ( 'NONE',  ( -1.000000000000000000, 0.0000000000000000000, 3.407994004072192000E-017 ) ) ;
#489 = CARTESIAN_POINT ( 'NONE',  ( 0.1249999999999999900, -0.05800000000000003800, -1.886682520624381900E-015 ) ) ;
#490 = VERTEX_POINT ( 'NONE', #1521 ) ;
#491 = VECTOR ( 'NONE', #1758, 39.37007874015748100 ) ;
#492 = EDGE_CURVE ( 'NONE', #1043, #354, #1390, .T. ) ;
#493 = FACE_OUTER_BOUND ( 'NONE', #1714, .T. ) ;
#494 = VERTEX_POINT ( 'NONE', #763 ) ;
#495 = DIRECTION ( 'NONE',  ( -0.0000000000000000000, 1.000000000000000000, -0.0000000000000000000 ) ) ;
#496 = EDGE_CURVE ( 'NONE', #1324, #1062, #1515, .T. ) ;
#497 = LINE ( 'NONE', #1886, #87 ) ;
#498 = ORIENTED_EDGE ( 'NONE', *, *, #86, .T. ) ;
#499 = AXIS2_PLACEMENT_3D ( 'NONE', #1142, #1441, #697 ) ;
#500 = DIRECTION ( 'NONE',  ( 1.000000000000000000, 0.0000000000000000000, 0.0000000000000000000 ) ) ;
#501 = AXIS2_PLACEMENT_3D ( 'NONE', #1417, #378, #235 ) ;
#502 = LINE ( 'NONE', #1509, #92 ) ;
#503 = EDGE_CURVE ( 'NONE', #1548, #182, #760, .T. ) ;
#504 = VERTEX_POINT ( 'NONE', #1836 ) ;
#505 = LINE ( 'NONE', #1951, #73 ) ;
#506 = DIRECTION ( 'NONE',  ( -0.0000000000000000000, 1.000000000000000000, -0.0000000000000000000 ) ) ;
#507 = ORIENTED_EDGE ( 'NONE', *, *, #1935, .F. ) ;
#508 = VERTEX_POINT ( 'NONE', #622 ) ;
#509 = ORIENTED_EDGE ( 'NONE', *, *, #1305, .F. ) ;
#510 = VECTOR ( 'NONE', #283, 39.37007874015748100 ) ;
#511 = ORIENTED_EDGE ( 'NONE', *, *, #1710, .F. ) ;
#512 = ORIENTED_EDGE ( 'NONE', *, *, #970, .T. ) ;
#513 = VECTOR ( 'NONE', #1513, 39.37007874015748100 ) ;
#514 =( CONVERSION_BASED_UNIT ( 'INCH', #1247 ) LENGTH_UNIT ( ) NAMED_UNIT ( #303 ) );
#515 = APPROVAL_ROLE ( '' ) ;
#516 = CARTESIAN_POINT ( 'NONE',  ( -0.1245000000000000300, -0.03299999999999996000, -0.05800000000000123100 ) ) ;
#517 = FACE_OUTER_BOUND ( 'NONE', #1541, .T. ) ;
#518 = EDGE_CURVE ( 'NONE', #182, #179, #701, .T. ) ;
#519 = EDGE_LOOP ( 'NONE', ( #710, #1655, #50, #762 ) ) ;
#520 = CC_DESIGN_PERSON_AND_ORGANIZATION_ASSIGNMENT ( #69, #76, ( #924 ) ) ;
#521 = FACE_OUTER_BOUND ( 'NONE', #383, .T. ) ;
#522 = ORIENTED_EDGE ( 'NONE', *, *, #1031, .F. ) ;
#523 = EDGE_CURVE ( 'NONE', #1548, #1458, #167, .T. ) ;
#524 = DIRECTION ( 'NONE',  ( 1.000000000000000000, 0.0000000000000000000, 0.0000000000000000000 ) ) ;
#525 = CIRCLE ( 'NONE', #1549, 0.06299999999999998700 ) ;
#526 = EDGE_CURVE ( 'NONE', #45, #1254, #107, .T. ) ;
#527 = ORIENTED_EDGE ( 'NONE', *, *, #1747, .F. ) ;
#528 = CARTESIAN_POINT ( 'NONE',  ( -0.1245000000000000100, -0.05800000000000003800, 1.886682520624381900E-015 ) ) ;
#529 = ADVANCED_FACE ( 'NONE', ( #590 ), #448, .T. ) ;
#530 = VECTOR ( 'NONE', #1832, 39.37007874015748100 ) ;
#531 = DIRECTION ( 'NONE',  ( -0.0000000000000000000, 1.000000000000000000, 6.123233995736765300E-016 ) ) ;
#532 = CIRCLE ( 'NONE', #1606, 0.06299999999999998700 ) ;
#533 = ORIENTED_EDGE ( 'NONE', *, *, #226, .T. ) ;
#534 = AXIS2_PLACEMENT_3D ( 'NONE', #664, #197, #57 ) ;
#535 = DIRECTION ( 'NONE',  ( -1.000000000000000000, 0.0000000000000000000, 0.0000000000000000000 ) ) ;
#536 = DIRECTION ( 'NONE',  ( -0.0000000000000000000, 1.000000000000000000, 6.123233995736765300E-016 ) ) ;
#537 = CIRCLE ( 'NONE', #703, 0.05800000000000311900 ) ;
#538 = DIRECTION ( 'NONE',  ( 1.707404996040164500E-016, 0.0000000000000000000, 1.000000000000000000 ) ) ;
#539 = ORIENTED_EDGE ( 'NONE', *, *, #298, .F. ) ;
#540 = ORIENTED_EDGE ( 'NONE', *, *, #256, .F. ) ;
#541 = DIRECTION ( 'NONE',  ( -1.000000000000000000, -0.0000000000000000000, -0.0000000000000000000 ) ) ;
#542 = DIRECTION ( 'NONE',  ( 0.0000000000000000000, 1.000000000000000000, 0.0000000000000000000 ) ) ;
#543 = CARTESIAN_POINT ( 'NONE',  ( 0.2189999999999999700, -0.03299999999999999500, 0.1880000000000000300 ) ) ;
#544 = FACE_OUTER_BOUND ( 'NONE', #146, .T. ) ;
#545 = CARTESIAN_POINT ( 'NONE',  ( 0.3750000000000000600, -0.05800000000000003800, 0.3130000000000000000 ) ) ;
#546 = EDGE_LOOP ( 'NONE', ( #1770, #1877 ) ) ;
#547 = VECTOR ( 'NONE', #1449, 39.37007874015748100 ) ;
#548 = AXIS2_PLACEMENT_3D ( 'NONE', #237, #97, #1289 ) ;
#549 = PRODUCT_DEFINITION_FORMATION_WITH_SPECIFIED_SOURCE ( 'ANY', '', #924, .NOT_KNOWN. ) ;
#550 = ORIENTED_EDGE ( 'NONE', *, *, #1411, .T. ) ;
#551 = CARTESIAN_POINT ( 'NONE',  ( 0.1245000000000006100, 2.020667218593133200E-017, -0.03299999999999999500 ) ) ;
#552 = DIRECTION ( 'NONE',  ( -0.0000000000000000000, 0.4945242492550601700, -0.8691638320240432400 ) ) ;
#553 = ORIENTED_EDGE ( 'NONE', *, *, #998, .T. ) ;
#554 = DIRECTION ( 'NONE',  ( 0.0000000000000000000, 1.000000000000000000, 0.0000000000000000000 ) ) ;
#555 = DIRECTION ( 'NONE',  ( 0.0000000000000000000, 0.0000000000000000000, -1.000000000000000000 ) ) ;
#556 = EDGE_LOOP ( 'NONE', ( #661, #1003 ) ) ;
#557 = CYLINDRICAL_SURFACE ( 'NONE', #1885, 0.03299999999999999500 ) ;
#558 = VERTEX_POINT ( 'NONE', #1543 ) ;
#559 = VERTEX_POINT ( 'NONE', #1680 ) ;
#560 = AXIS2_PLACEMENT_3D ( 'NONE', #98, #536, #1284 ) ;
#561 = VECTOR ( 'NONE', #1635, 39.37007874015748100 ) ;
#562 = DIRECTION ( 'NONE',  ( 0.0000000000000000000, 0.0000000000000000000, 1.000000000000000000 ) ) ;
#563 = AXIS2_PLACEMENT_3D ( 'NONE', #1273, #369, #1900 ) ;
#564 = PERSON_AND_ORGANIZATION ( #1669, #1267 ) ;
#565 = EDGE_CURVE ( 'NONE', #490, #750, #1829, .T. ) ;
#566 = CARTESIAN_POINT ( 'NONE',  ( -0.3750000000000000600, -0.03299999999999999500, -8.388830574159370600E-017 ) ) ;
#567 = PLANE ( 'NONE',  #867 ) ;
#568 = CARTESIAN_POINT ( 'NONE',  ( 0.2189999999999999700, -0.03299999999999988400, -0.1880000000000000600 ) ) ;
#569 = EDGE_CURVE ( 'NONE', #182, #1130, #187, .T. ) ;
#570 = CARTESIAN_POINT ( 'NONE',  ( 0.3750000000000000600, 0.0000000000000000000, 0.0000000000000000000 ) ) ;
#571 = DIRECTION ( 'NONE',  ( 0.0000000000000000000, 6.123233995736768300E-016, -1.000000000000000000 ) ) ;
#572 = VECTOR ( 'NONE', #891, 39.37007874015748100 ) ;
#573 = VERTEX_POINT ( 'NONE', #795 ) ;
#574 = DIRECTION ( 'NONE',  ( 0.0000000000000000000, -1.000000000000000000, -6.123233995736765300E-016 ) ) ;
#575 = CARTESIAN_POINT ( 'NONE',  ( -0.3750000000000000600, 3.960507748442496100E-018, 0.03167999999999928500 ) ) ;
#576 = ORIENTED_EDGE ( 'NONE', *, *, #695, .T. ) ;
#577 = CONICAL_SURFACE ( 'NONE', #282, 0.06299999999999998700, 0.7853981633974500600 ) ;
#578 = ORIENTED_EDGE ( 'NONE', *, *, #38, .F. ) ;
#579 = CARTESIAN_POINT ( 'NONE',  ( -0.2190000000000000800, -0.05600736814442013000, 0.1450000000000001000 ) ) ;
#580 = VECTOR ( 'NONE', #879, 39.37007874015748100 ) ;
#581 = DIRECTION ( 'NONE',  ( 0.0000000000000000000, 0.0000000000000000000, 1.000000000000000000 ) ) ;
#582 = DIRECTION ( 'NONE',  ( -0.0000000000000000000, 1.000000000000000000, 6.123233995736765300E-016 ) ) ;
#583 = DIRECTION ( 'NONE',  ( 1.000000000000000000, -0.0000000000000000000, 0.0000000000000000000 ) ) ;
#584 = DIRECTION ( 'NONE',  ( 0.0000000000000000000, 0.0000000000000000000, 1.000000000000000000 ) ) ;
#585 = ORIENTED_EDGE ( 'NONE', *, *, #496, .F. ) ;
#586 = DIRECTION ( 'NONE',  ( -1.000000000000000000, -0.0000000000000000000, -0.0000000000000000000 ) ) ;
#587 = VECTOR ( 'NONE', #6, 39.37007874015748100 ) ;
#588 = DIRECTION ( 'NONE',  ( 1.000000000000000000, 0.0000000000000000000, -1.471900858655283400E-016 ) ) ;
#589 = DIRECTION ( 'NONE',  ( 0.0000000000000000000, -6.097874985857732100E-016, 1.000000000000000000 ) ) ;
#590 = FACE_OUTER_BOUND ( 'NONE', #1366, .T. ) ;
#591 = ORIENTED_EDGE ( 'NONE', *, *, #1073, .F. ) ;
#592 = AXIS2_PLACEMENT_3D ( 'NONE', #921, #8, #1060 ) ;
#593 = CARTESIAN_POINT ( 'NONE',  ( -0.3750000000000000600, 3.158699242674304300E-015, -1.886682520624381900E-015 ) ) ;
#594 = CARTESIAN_POINT ( 'NONE',  ( 0.1245000000000006100, -0.01631930022541694700, -0.02868240645679343400 ) ) ;
#595 = CARTESIAN_POINT ( 'NONE',  ( 0.1245000000000006100, 3.158699242674303500E-015, 1.886682520624383900E-015 ) ) ;
#596 = AXIS2_PLACEMENT_3D ( 'NONE', #243, #1307, #1927 ) ;
#597 = CIRCLE ( 'NONE', #1350, 0.05800000000000311900 ) ;
#598 = ORIENTED_EDGE ( 'NONE', *, *, #665, .T. ) ;
#599 = CARTESIAN_POINT ( 'NONE',  ( 0.3750000000000000600, 3.960507748442576200E-018, -0.03168000000000058300 ) ) ;
#600 = DIRECTION ( 'NONE',  ( 1.000000000000000000, 0.0000000000000000000, -0.0000000000000000000 ) ) ;
#601 = VERTEX_POINT ( 'NONE', #791 ) ;
#602 = CARTESIAN_POINT ( 'NONE',  ( -0.3750000000000000600, 0.0000000000000000000, 0.0000000000000000000 ) ) ;
#603 = EDGE_CURVE ( 'NONE', #106, #65, #1726, .T. ) ;
#604 = LINE ( 'NONE', #1165, #1322 ) ;
#605 = DIRECTION ( 'NONE',  ( 0.0000000000000000000, 0.0000000000000000000, 1.000000000000000000 ) ) ;
#606 = DIRECTION ( 'NONE',  ( 0.0000000000000000000, 1.000000000000000000, 0.0000000000000000000 ) ) ;
#607 = ORIENTED_EDGE ( 'NONE', *, *, #636, .F. ) ;
#608 = CARTESIAN_POINT ( 'NONE',  ( 0.3750000000000000600, 0.0000000000000000000, 0.0000000000000000000 ) ) ;
#609 = DESIGN_CONTEXT ( 'detailed design', #832, 'design' ) ;
#610 = AXIS2_PLACEMENT_3D ( 'NONE', #309, #588, #1346 ) ;
#611 = CARTESIAN_POINT ( 'NONE',  ( 0.3750000000000000600, 0.0000000000000000000, 0.0000000000000000000 ) ) ;
#612 = EDGE_CURVE ( 'NONE', #1699, #890, #311, .T. ) ;
#613 = DIRECTION ( 'NONE',  ( 1.000000000000000000, -0.0000000000000000000, -1.471900858655189700E-016 ) ) ;
#614 = DIRECTION ( 'NONE',  ( 0.0000000000000000000, -1.000000000000000000, 0.0000000000000000000 ) ) ;
#615 = FACE_BOUND ( 'NONE', #546, .T. ) ;
#616 = ORIENTED_EDGE ( 'NONE', *, *, #1693, .F. ) ;
#617 = ORIENTED_EDGE ( 'NONE', *, *, #431, .T. ) ;
#618 = CARTESIAN_POINT ( 'NONE',  ( 0.2189999999999999700, -0.05600736814442008900, 0.1450000000000000200 ) ) ;
#619 = VECTOR ( 'NONE', #495, 39.37007874015748100 ) ;
#620 = DIRECTION ( 'NONE',  ( 1.000000000000000000, -0.0000000000000000000, -0.0000000000000000000 ) ) ;
#621 = DIRECTION ( 'NONE',  ( -1.000000000000000000, 0.0000000000000000000, 0.0000000000000000000 ) ) ;
#622 = CARTESIAN_POINT ( 'NONE',  ( -0.3750000000000000600, 4.041334437186263600E-018, -0.03299999999999999500 ) ) ;
#623 = CARTESIAN_POINT ( 'NONE',  ( -0.1249999999999999600, 4.041334437186263600E-018, -0.03299999999999999500 ) ) ;
#624 = ADVANCED_FACE ( 'NONE', ( #493 ), #208, .T. ) ;
#625 = LINE ( 'NONE', #83, #1371 ) ;
#626 = DIRECTION ( 'NONE',  ( -1.000000000000000000, -0.0000000000000000000, -0.0000000000000000000 ) ) ;
#627 = DIRECTION ( 'NONE',  ( -1.000000000000000000, 0.0000000000000000000, -0.0000000000000000000 ) ) ;
#628 = CONICAL_SURFACE ( 'NONE', #747, 0.03300000000000000200, 0.7853981633974903600 ) ;
#629 = VERTEX_POINT ( 'NONE', #1088 ) ;
#630 = EDGE_LOOP ( 'NONE', ( #413, #1572, #815, #790 ) ) ;
#631 = LINE ( 'NONE', #594, #386 ) ;
#632 = VERTEX_POINT ( 'NONE', #1701 ) ;
#633 = AXIS2_PLACEMENT_3D ( 'NONE', #737, #1802, #885 ) ;
#634 = CARTESIAN_POINT ( 'NONE',  ( 0.2189999999999999700, -0.05800000000000003800, 0.1880000000000000300 ) ) ;
#635 = ORIENTED_EDGE ( 'NONE', *, *, #67, .T. ) ;
#636 = EDGE_CURVE ( 'NONE', #1130, #182, #247, .T. ) ;
#637 = ORIENTED_EDGE ( 'NONE', *, *, #1894, .F. ) ;
#638 = EDGE_CURVE ( 'NONE', #161, #836, #353, .T. ) ;
#639 = CARTESIAN_POINT ( 'NONE',  ( 0.1245000000000005800, -0.05800000000000003800, -0.05800000000000122400 ) ) ;
#640 = DIRECTION ( 'NONE',  ( 0.0000000000000000000, 0.0000000000000000000, 1.000000000000000000 ) ) ;
#641 = CIRCLE ( 'NONE', #464, 0.04300000000000001000 ) ;
#642 = VECTOR ( 'NONE', #1221, 39.37007874015748100 ) ;
#643 = EDGE_CURVE ( 'NONE', #656, #65, #1314, .T. ) ;
#644 = ORIENTED_EDGE ( 'NONE', *, *, #67, .F. ) ;
#645 = AXIS2_PLACEMENT_3D ( 'NONE', #1592, #837, #1899 ) ;
#646 = ORIENTED_EDGE ( 'NONE', *, *, #688, .T. ) ;
#647 = CARTESIAN_POINT ( 'NONE',  ( 0.2189999999999999700, -0.03299999999999999500, 0.1880000000000000300 ) ) ;
#648 = CARTESIAN_POINT ( 'NONE',  ( 0.2189999999999999700, -0.05800000000000019000, -0.2310000000000000700 ) ) ;
#649 = VECTOR ( 'NONE', #474, 39.37007874015748100 ) ;
#650 = EDGE_LOOP ( 'NONE', ( #956, #1104, #96, #761 ) ) ;
#651 = ORIENTED_EDGE ( 'NONE', *, *, #812, .F. ) ;
#652 = CARTESIAN_POINT ( 'NONE',  ( 0.3750000000000000600, 3.158699242674304300E-015, -1.886682520624381900E-015 ) ) ;
#653 = CARTESIAN_POINT ( 'NONE',  ( 0.3750000000000000600, -0.03299999999999980700, -0.3130000000000000000 ) ) ;
#654 = LINE ( 'NONE', #269, #1558 ) ;
#655 = AXIS2_PLACEMENT_3D ( 'NONE', #1631, #1010, #259 ) ;
#656 = VERTEX_POINT ( 'NONE', #1849 ) ;
#657 = FACE_OUTER_BOUND ( 'NONE', #1570, .T. ) ;
#658 = ORIENTED_EDGE ( 'NONE', *, *, #975, .F. ) ;
#659 = CARTESIAN_POINT ( 'NONE',  ( -0.3750000000000000600, -0.03299999999999996000, -0.05800000000000123100 ) ) ;
#660 = CIRCLE ( 'NONE', #1720, 0.06299999999999998700 ) ;
#661 = ORIENTED_EDGE ( 'NONE', *, *, #7, .F. ) ;
#662 = AXIS2_PLACEMENT_3D ( 'NONE', #729, #583, #1340 ) ;
#663 = DIRECTION ( 'NONE',  ( 0.0000000000000000000, 0.0000000000000000000, 1.000000000000000000 ) ) ;
#664 = CARTESIAN_POINT ( 'NONE',  ( 0.3750000000000000600, 3.158699242674304300E-015, -1.886682520624381900E-015 ) ) ;
#665 = EDGE_CURVE ( 'NONE', #265, #508, #1452, .T. ) ;
#666 = CIRCLE ( 'NONE', #1049, 0.05800000000000311900 ) ;
#667 = EDGE_CURVE ( 'NONE', #1458, #1548, #1687, .T. ) ;
#668 = ORIENTED_EDGE ( 'NONE', *, *, #1439, .F. ) ;
#669 =( NAMED_UNIT ( * ) PLANE_ANGLE_UNIT ( ) SI_UNIT ( $, .RADIAN. ) );
#670 = EDGE_LOOP ( 'NONE', ( #1884, #1437, #1591, #1749 ) ) ;
#671 = FACE_OUTER_BOUND ( 'NONE', #1236, .T. ) ;
#672 = CARTESIAN_POINT ( 'NONE',  ( -0.3750000000000000600, 0.0000000000000000000, 0.0000000000000000000 ) ) ;
#673 = ORIENTED_EDGE ( 'NONE', *, *, #1416, .T. ) ;
#674 = EDGE_CURVE ( 'NONE', #1887, #1054, #1873, .T. ) ;
#675 = ORIENTED_EDGE ( 'NONE', *, *, #1693, .T. ) ;
#676 = ORIENTED_EDGE ( 'NONE', *, *, #789, .F. ) ;
#677 = FACE_OUTER_BOUND ( 'NONE', #27, .T. ) ;
#678 = ORIENTED_EDGE ( 'NONE', *, *, #288, .F. ) ;
#679 = APPLICATION_PROTOCOL_DEFINITION ( 'international standard', 'config_control_design', 1994, #1743 ) ;
#680 = DIRECTION ( 'NONE',  ( 0.0000000000000000000, -5.032240388043372200E-016, 1.000000000000000000 ) ) ;
#681 = ADVANCED_FACE ( 'NONE', ( #1263 ), #785, .T. ) ;
#682 = FACE_OUTER_BOUND ( 'NONE', #1157, .T. ) ;
#683 = ORIENTED_EDGE ( 'NONE', *, *, #496, .T. ) ;
#684 = CARTESIAN_POINT ( 'NONE',  ( -0.3750000000000000600, 0.0000000000000000000, 0.03299999999999999500 ) ) ;
#685 = AXIS2_PLACEMENT_3D ( 'NONE', #1638, #277, #1015 ) ;
#686 = MECHANICAL_CONTEXT ( 'NONE', #1743, 'mechanical' ) ;
#687 = DIRECTION ( 'NONE',  ( 0.0000000000000000000, 0.0000000000000000000, 1.000000000000000000 ) ) ;
#688 = EDGE_CURVE ( 'NONE', #1941, #898, #866, .T. ) ;
#689 = LINE ( 'NONE', #1905, #1463 ) ;
#690 = CARTESIAN_POINT ( 'NONE',  ( 0.1249999999999999600, 4.041334437186263600E-018, -0.03299999999999999500 ) ) ;
#691 = ORIENTED_EDGE ( 'NONE', *, *, #674, .F. ) ;
#692 = VERTEX_POINT ( 'NONE', #192 ) ;
#693 = DIRECTION ( 'NONE',  ( -1.000000000000000000, -0.0000000000000000000, 0.0000000000000000000 ) ) ;
#694 = VECTOR ( 'NONE', #1640, 39.37007874015748100 ) ;
#695 = EDGE_CURVE ( 'NONE', #1622, #265, #1146, .T. ) ;
#696 = AXIS2_PLACEMENT_3D ( 'NONE', #1045, #1967, #589 ) ;
#697 = DIRECTION ( 'NONE',  ( 0.0000000000000000000, 0.0000000000000000000, -1.000000000000000000 ) ) ;
#698 = CIRCLE ( 'NONE', #534, 0.05800000000000311900 ) ;
#699 = VERTEX_POINT ( 'NONE', #648 ) ;
#700 = DIRECTION ( 'NONE',  ( 1.000000000000000000, 2.086794474300191900E-032, -3.407994004072192000E-017 ) ) ;
#701 = LINE ( 'NONE', #779, #1409 ) ;
#702 = ORIENTED_EDGE ( 'NONE', *, *, #288, .T. ) ;
#703 = AXIS2_PLACEMENT_3D ( 'NONE', #1285, #988, #223 ) ;
#704 = ORIENTED_EDGE ( 'NONE', *, *, #90, .T. ) ;
#705 = ADVANCED_FACE ( 'NONE', ( #1061 ), #935, .T. ) ;
#706 = EDGE_CURVE ( 'NONE', #890, #1512, #66, .T. ) ;
#707 = CARTESIAN_POINT ( 'NONE',  ( 0.2189999999999999700, -0.03299999999999999500, 0.1250000000000000300 ) ) ;
#708 = LINE ( 'NONE', #1906, #968 ) ;
#709 = DIRECTION ( 'NONE',  ( 0.0000000000000000000, 0.0000000000000000000, -1.000000000000000000 ) ) ;
#710 = ORIENTED_EDGE ( 'NONE', *, *, #390, .T. ) ;
#711 = CARTESIAN_POINT ( 'NONE',  ( 0.3750000000000000600, -0.02868240645679340900, 0.05041150225739440100 ) ) ;
#712 = CARTESIAN_POINT ( 'NONE',  ( -0.1249999999999999600, 0.0000000000000000000, 0.0000000000000000000 ) ) ;
#713 = ADVANCED_FACE ( 'NONE', ( #1342, #1006, #1035 ), #1098, .F. ) ;
#714 = LINE ( 'NONE', #1181, #1444 ) ;
#715 = ORIENTED_EDGE ( 'NONE', *, *, #1478, .T. ) ;
#716 = ORIENTED_EDGE ( 'NONE', *, *, #789, .T. ) ;
#717 = LINE ( 'NONE', #1454, #914 ) ;
#718 = ORIENTED_EDGE ( 'NONE', *, *, #1403, .F. ) ;
#719 = DIRECTION ( 'NONE',  ( 0.0000000000000000000, 0.0000000000000000000, 1.000000000000000000 ) ) ;
#720 = ORIENTED_EDGE ( 'NONE', *, *, #831, .T. ) ;
#721 = DIRECTION ( 'NONE',  ( 0.0000000000000000000, 0.0000000000000000000, 1.000000000000000000 ) ) ;
#722 = DIRECTION ( 'NONE',  ( 0.0000000000000000000, 1.000000000000000000, 6.123233995736765300E-016 ) ) ;
#723 = EDGE_LOOP ( 'NONE', ( #1302, #15, #400, #783 ) ) ;
#724 = CARTESIAN_POINT ( 'NONE',  ( 0.3750000000000000600, 0.0000000000000000000, 0.0000000000000000000 ) ) ;
#725 = CARTESIAN_POINT ( 'NONE',  ( 0.1245000000000005800, -0.05800000000000003800, -0.05800000000000122400 ) ) ;
#726 = ORIENTED_EDGE ( 'NONE', *, *, #372, .T. ) ;
#727 = AXIS2_PLACEMENT_3D ( 'NONE', #137, #542, #1212 ) ;
#728 = CIRCLE ( 'NONE', #655, 0.03299999999999999500 ) ;
#729 = CARTESIAN_POINT ( 'NONE',  ( -0.3750000000000000600, 3.158699242674303500E-015, 1.886682520624383900E-015 ) ) ;
#730 = CARTESIAN_POINT ( 'NONE',  ( -0.1245000000000000300, -0.05800000000000003800, -0.05800000000000123100 ) ) ;
#731 = VERTEX_POINT ( 'NONE', #489 ) ;
#732 = DIRECTION ( 'NONE',  ( 0.0000000000000000000, 0.0000000000000000000, -1.000000000000000000 ) ) ;
#733 = EDGE_CURVE ( 'NONE', #1458, #1130, #1559, .T. ) ;
#734 = AXIS2_PLACEMENT_3D ( 'NONE', #1313, #1301, #1934 ) ;
#735 = DIRECTION ( 'NONE',  ( -1.000000000000000000, -0.0000000000000000000, -0.0000000000000000000 ) ) ;
#736 = EDGE_CURVE ( 'NONE', #161, #1470, #476, .T. ) ;
#737 = CARTESIAN_POINT ( 'NONE',  ( -0.3750000000000000600, -0.05800000000000000300, 4.837354856632045600E-017 ) ) ;
#738 = DIRECTION ( 'NONE',  ( 1.000000000000000000, 0.0000000000000000000, -1.471900858655189700E-016 ) ) ;
#739 = VECTOR ( 'NONE', #680, 39.37007874015748100 ) ;
#740 = ORIENTED_EDGE ( 'NONE', *, *, #835, .F. ) ;
#741 = CARTESIAN_POINT ( 'NONE',  ( -0.1250000000000000300, -0.05800000000000003800, -1.886682520624381900E-015 ) ) ;
#742 = DIRECTION ( 'NONE',  ( 0.0000000000000000000, 0.0000000000000000000, 1.000000000000000000 ) ) ;
#743 = EDGE_CURVE ( 'NONE', #1252, #1643, #1654, .T. ) ;
#744 = DIRECTION ( 'NONE',  ( -1.471900858655189700E-016, 0.0000000000000000000, -1.000000000000000000 ) ) ;
#745 = DIRECTION ( 'NONE',  ( 0.0000000000000000000, 1.000000000000000000, 0.0000000000000000000 ) ) ;
#746 = VECTOR ( 'NONE', #700, 39.37007874015748100 ) ;
#747 = AXIS2_PLACEMENT_3D ( 'NONE', #1180, #261, #709 ) ;
#748 = CARTESIAN_POINT ( 'NONE',  ( 0.3750000000000000600, 0.0000000000000000000, 0.03168000000000058300 ) ) ;
#749 = DIRECTION ( 'NONE',  ( 1.000000000000000000, -0.0000000000000000000, -1.707404996040164500E-016 ) ) ;
#750 = VERTEX_POINT ( 'NONE', #1870 ) ;
#751 = CIRCLE ( 'NONE', #149, 0.03167999999999928500 ) ;
#752 = CARTESIAN_POINT ( 'NONE',  ( -0.3750000000000000600, 0.0000000000000000000, 0.0000000000000000000 ) ) ;
#753 = DIRECTION ( 'NONE',  ( 0.0000000000000000000, 1.000000000000000000, 6.123233995736765300E-016 ) ) ;
#754 = CARTESIAN_POINT ( 'NONE',  ( 0.1245000000000005800, -0.03299999999999996000, -0.05800000000000122400 ) ) ;
#755 = DIRECTION ( 'NONE',  ( 0.0000000000000000000, -1.000000000000000000, -6.123233995736765300E-016 ) ) ;
#756 = CARTESIAN_POINT ( 'NONE',  ( -0.1249999999999998300, -0.02868240645679340900, 0.05041150225739440100 ) ) ;
#757 = LINE ( 'NONE', #1007, #491 ) ;
#758 = CARTESIAN_POINT ( 'NONE',  ( 0.1249999999999999900, -0.05800000000000003800, -0.05800000000000495700 ) ) ;
#759 = CARTESIAN_POINT ( 'NONE',  ( -0.3750000000000000600, -0.02868240645679340900, 0.05041150225739440100 ) ) ;
#760 = LINE ( 'NONE', #323, #513 ) ;
#761 = ORIENTED_EDGE ( 'NONE', *, *, #503, .F. ) ;
#762 = ORIENTED_EDGE ( 'NONE', *, *, #1925, .F. ) ;
#763 = CARTESIAN_POINT ( 'NONE',  ( -0.3750000000000000600, -0.05799999999999985000, -0.3130000000000000600 ) ) ;
#764 = DIRECTION ( 'NONE',  ( -1.000000000000000000, -0.0000000000000000000, 0.0000000000000000000 ) ) ;
#765 = DIRECTION ( 'NONE',  ( 1.000000000000000000, -0.0000000000000000000, -1.471900858655189700E-016 ) ) ;
#766 = CIRCLE ( 'NONE', #304, 0.03299999999999999500 ) ;
#767 = ORIENTED_EDGE ( 'NONE', *, *, #1578, .T. ) ;
#768 = DIRECTION ( 'NONE',  ( 0.0000000000000000000, 0.0000000000000000000, 1.000000000000000000 ) ) ;
#769 = LOCAL_TIME ( 9, 27, 27.00000000000000000, #1584 ) ;
#770 = CARTESIAN_POINT ( 'NONE',  ( -0.1249999999999999000, -0.03299999999999999500, 0.3130000000000000600 ) ) ;
#771 = DIRECTION ( 'NONE',  ( 1.000000000000000000, -0.0000000000000000000, -0.0000000000000000000 ) ) ;
#772 = DIRECTION ( 'NONE',  ( 0.0000000000000000000, 0.0000000000000000000, 1.000000000000000000 ) ) ;
#773 = VECTOR ( 'NONE', #281, 39.37007874015748100 ) ;
#774 = AXIS2_PLACEMENT_3D ( 'NONE', #1065, #1684, #452 ) ;
#775 = CARTESIAN_POINT ( 'NONE',  ( -0.3750000000000000600, -0.03299999999999999500, 6.368163355566237400E-017 ) ) ;
#776 = EDGE_LOOP ( 'NONE', ( #800, #767, #419, #1874, #1825, #864, #979, #1676 ) ) ;
#777 = ORIENTED_EDGE ( 'NONE', *, *, #1216, .F. ) ;
#778 = VECTOR ( 'NONE', #1048, 39.37007874015748100 ) ;
#779 = CARTESIAN_POINT ( 'NONE',  ( 0.2189999999999999700, -0.03299999999999999500, 0.2510000000000000000 ) ) ;
#780 = ORIENTED_EDGE ( 'NONE', *, *, #706, .T. ) ;
#781 = AXIS2_PLACEMENT_3D ( 'NONE', #923, #1362, #904 ) ;
#782 = AXIS2_PLACEMENT_3D ( 'NONE', #1671, #626, #768 ) ;
#783 = ORIENTED_EDGE ( 'NONE', *, *, #222, .T. ) ;
#784 = EDGE_CURVE ( 'NONE', #1470, #1512, #946, .T. ) ;
#785 = PLANE ( 'NONE',  #999 ) ;
#786 = ORIENTED_EDGE ( 'NONE', *, *, #61, .T. ) ;
#787 = ORIENTED_EDGE ( 'NONE', *, *, #1890, .T. ) ;
#788 = VECTOR ( 'NONE', #415, 39.37007874015748100 ) ;
#789 = EDGE_CURVE ( 'NONE', #354, #1043, #1748, .T. ) ;
#790 = ORIENTED_EDGE ( 'NONE', *, *, #1581, .T. ) ;
#791 = CARTESIAN_POINT ( 'NONE',  ( -0.1249999999999999600, 3.165802194109359400E-015, -0.05800000000000500600 ) ) ;
#792 = LINE ( 'NONE', #834, #1150 ) ;
#793 = EDGE_LOOP ( 'NONE', ( #1093, #533, #320, #918 ) ) ;
#794 = DIRECTION ( 'NONE',  ( 1.000000000000000000, 0.0000000000000000000, -1.471900858655283400E-016 ) ) ;
#795 = CARTESIAN_POINT ( 'NONE',  ( -0.3750000000000000600, 0.0000000000000000000, -0.03167999999999928500 ) ) ;
#796 = CIRCLE ( 'NONE', #59, 0.03299999999999999500 ) ;
#797 = FACE_OUTER_BOUND ( 'NONE', #1197, .T. ) ;
#798 = AXIS2_PLACEMENT_3D ( 'NONE', #278, #870, #584 ) ;
#799 = DIRECTION ( 'NONE',  ( -0.0000000000000000000, 1.000000000000000000, -0.0000000000000000000 ) ) ;
#800 = ORIENTED_EDGE ( 'NONE', *, *, #1697, .T. ) ;
#801 = AXIS2_PLACEMENT_3D ( 'NONE', #398, #1795, #732 ) ;
#802 = CC_DESIGN_DATE_AND_TIME_ASSIGNMENT ( #1920, #822, ( #242 ) ) ;
#803 = DIRECTION ( 'NONE',  ( 0.0000000000000000000, 0.0000000000000000000, -1.000000000000000000 ) ) ;
#804 = CIRCLE ( 'NONE', #212, 0.05800000000000311900 ) ;
#805 = VECTOR ( 'NONE', #1666, 39.37007874015748100 ) ;
#806 = VERTEX_POINT ( 'NONE', #759 ) ;
#807 = EDGE_CURVE ( 'NONE', #494, #163, #1368, .T. ) ;
#808 = AXIS2_PLACEMENT_3D ( 'NONE', #1664, #1629, #1328 ) ;
#809 = ORIENTED_EDGE ( 'NONE', *, *, #970, .F. ) ;
#810 = AXIS2_PLACEMENT_3D ( 'NONE', #1225, #1080, #1084 ) ;
#811 = PERSON_AND_ORGANIZATION ( #1669, #1267 ) ;
#812 = EDGE_CURVE ( 'NONE', #1887, #16, #930, .T. ) ;
#813 = DIRECTION ( 'NONE',  ( -1.279322990668306200E-016, -0.4945242492550595600, -0.8691638320240434600 ) ) ;
#814 = VECTOR ( 'NONE', #1455, 39.37007874015748100 ) ;
#815 = ORIENTED_EDGE ( 'NONE', *, *, #81, .T. ) ;
#816 = VECTOR ( 'NONE', #1928, 39.37007874015748100 ) ;
#817 = ORIENTED_EDGE ( 'NONE', *, *, #1036, .T. ) ;
#818 = ORIENTED_EDGE ( 'NONE', *, *, #1785, .F. ) ;
#819 = VERTEX_POINT ( 'NONE', #347 ) ;
#820 = ORIENTED_EDGE ( 'NONE', *, *, #1642, .F. ) ;
#821 = FACE_OUTER_BOUND ( 'NONE', #271, .T. ) ;
#822 = DATE_TIME_ROLE ( 'creation_date' ) ;
#823 = SHAPE_DEFINITION_REPRESENTATION ( #412, #1623 ) ;
#824 = AXIS2_PLACEMENT_3D ( 'NONE', #1081, #1672, #942 ) ;
#825 = APPROVAL_PERSON_ORGANIZATION ( #811, #960, #515 ) ;
#826 = CARTESIAN_POINT ( 'NONE',  ( 0.2189999999999999700, -0.05800000000000003800, 0.1880000000000000300 ) ) ;
#827 = EDGE_CURVE ( 'NONE', #1257, #355, #84, .T. ) ;
#828 = AXIS2_PLACEMENT_3D ( 'NONE', #570, #1634, #1353 ) ;
#829 = FACE_OUTER_BOUND ( 'NONE', #670, .T. ) ;
#830 = ADVANCED_FACE ( 'NONE', ( #657 ), #104, .T. ) ;
#831 = EDGE_CURVE ( 'NONE', #959, #1260, #841, .T. ) ;
#832 = APPLICATION_CONTEXT ( 'configuration controlled 3d designs of mechanical parts and assemblies' ) ;
#833 = CYLINDRICAL_SURFACE ( 'NONE', #592, 0.05800000000000311900 ) ;
#834 = CARTESIAN_POINT ( 'NONE',  ( -0.3750000000000000600, 3.194213999849578800E-015, -0.05800000000000123100 ) ) ;
#835 = EDGE_CURVE ( 'NONE', #1568, #1619, #1682, .T. ) ;
#836 = VERTEX_POINT ( 'NONE', #725 ) ;
#837 = DIRECTION ( 'NONE',  ( -1.000000000000000000, -0.0000000000000000000, -0.0000000000000000000 ) ) ;
#838 = ORIENTED_EDGE ( 'NONE', *, *, #1797, .T. ) ;
#839 = AXIS2_PLACEMENT_3D ( 'NONE', #1151, #1323, #555 ) ;
#840 = FACE_OUTER_BOUND ( 'NONE', #1325, .T. ) ;
#841 = LINE ( 'NONE', #430, #1431 ) ;
#842 = VERTEX_POINT ( 'NONE', #1821 ) ;
#843 = CARTESIAN_POINT ( 'NONE',  ( -0.2190000000000000800, -0.05800000000000003800, 0.1880000000000000800 ) ) ;
#844 = CARTESIAN_POINT ( 'NONE',  ( 0.3750000000000000600, 3.158699242674304300E-015, 0.05800000000000123100 ) ) ;
#845 = PLANE ( 'NONE',  #801 ) ;
#846 = DIRECTION ( 'NONE',  ( -0.0000000000000000000, 1.000000000000000000, -0.0000000000000000000 ) ) ;
#847 = CYLINDRICAL_SURFACE ( 'NONE', #1610, 0.03299999999999999500 ) ;
#848 = VERTEX_POINT ( 'NONE', #909 ) ;
#849 = APPROVAL_PERSON_ORGANIZATION ( #1207, #1032, #1569 ) ;
#850 = LINE ( 'NONE', #1051, #1840 ) ;
#851 = ORIENTED_EDGE ( 'NONE', *, *, #372, .F. ) ;
#852 = FACE_OUTER_BOUND ( 'NONE', #1402, .T. ) ;
#853 = DIRECTION ( 'NONE',  ( 0.0000000000000000000, 0.0000000000000000000, -1.000000000000000000 ) ) ;
#854 = CARTESIAN_POINT ( 'NONE',  ( 0.3749999999999999400, -0.03299999999999999500, 0.05800000000000481900 ) ) ;
#855 = ORIENTED_EDGE ( 'NONE', *, *, #48, .F. ) ;
#856 = ADVANCED_FACE ( 'NONE', ( #1903 ), #1808, .F. ) ;
#857 = ORIENTED_EDGE ( 'NONE', *, *, #1005, .F. ) ;
#858 = AXIS2_PLACEMENT_3D ( 'NONE', #1495, #753, #151 ) ;
#859 = ORIENTED_EDGE ( 'NONE', *, *, #1894, .T. ) ;
#860 = DIRECTION ( 'NONE',  ( 0.0000000000000000000, 0.0000000000000000000, 1.000000000000000000 ) ) ;
#861 = CARTESIAN_POINT ( 'NONE',  ( 0.3750000000000000600, 3.158699242674304300E-015, -1.886682520624381900E-015 ) ) ;
#862 = FACE_BOUND ( 'NONE', #1027, .T. ) ;
#863 = ORIENTED_EDGE ( 'NONE', *, *, #743, .F. ) ;
#864 = ORIENTED_EDGE ( 'NONE', *, *, #784, .T. ) ;
#865 = DIRECTION ( 'NONE',  ( -2.943801717310470200E-016, 0.0000000000000000000, -1.000000000000000000 ) ) ;
#866 = CIRCLE ( 'NONE', #966, 0.04300000000000001000 ) ;
#867 = AXIS2_PLACEMENT_3D ( 'NONE', #1921, #1482, #1617 ) ;
#868 = EDGE_CURVE ( 'NONE', #1260, #656, #897, .T. ) ;
#869 = DIRECTION ( 'NONE',  ( -1.000000000000000000, -0.0000000000000000000, -0.0000000000000000000 ) ) ;
#870 = DIRECTION ( 'NONE',  ( -1.000000000000000000, 0.0000000000000000000, 0.0000000000000000000 ) ) ;
#871 = ADVANCED_FACE ( 'NONE', ( #1469 ), #1931, .F. ) ;
#872 = CALENDAR_DATE ( 2024, 17, 12 ) ;
#873 = DIRECTION ( 'NONE',  ( 0.0000000000000000000, 0.0000000000000000000, -1.000000000000000000 ) ) ;
#874 = CARTESIAN_POINT ( 'NONE',  ( -0.2190000000000000800, -0.03299999999999999500, 0.1250000000000001100 ) ) ;
#875 = EDGE_CURVE ( 'NONE', #1533, #842, #1571, .T. ) ;
#876 = CARTESIAN_POINT ( 'NONE',  ( -0.1245000000000000300, 0.0000000000000000000, 0.0000000000000000000 ) ) ;
#877 = DIRECTION ( 'NONE',  ( 0.0000000000000000000, 0.0000000000000000000, -1.000000000000000000 ) ) ;
#878 = CARTESIAN_POINT ( 'NONE',  ( 0.3750000000000000600, -0.01631930022541696500, 0.02868240645679342700 ) ) ;
#879 = DIRECTION ( 'NONE',  ( 1.000000000000000000, -0.0000000000000000000, 0.0000000000000000000 ) ) ;
#880 = CIRCLE ( 'NONE', #1303, 0.05800000000000311900 ) ;
#881 = VERTEX_POINT ( 'NONE', #1347 ) ;
#882 = VECTOR ( 'NONE', #1815, 39.37007874015748100 ) ;
#883 = DIRECTION ( 'NONE',  ( -1.000000000000000000, 0.0000000000000000000, 3.407994004072192000E-017 ) ) ;
#884 = VERTEX_POINT ( 'NONE', #275 ) ;
#885 = DIRECTION ( 'NONE',  ( 0.0000000000000000000, 5.032240388043372200E-016, -1.000000000000000000 ) ) ;
#886 = CARTESIAN_POINT ( 'NONE',  ( 0.1249999999999999600, 3.158699242674304300E-015, -1.886682520624381900E-015 ) ) ;
#887 = VERTEX_POINT ( 'NONE', #1052 ) ;
#888 = CARTESIAN_POINT ( 'NONE',  ( -0.3750000000000000600, 0.0000000000000000000, 0.0000000000000000000 ) ) ;
#889 = CARTESIAN_POINT ( 'NONE',  ( -0.1249999999999999600, 3.158699242674304300E-015, -1.886682520624381900E-015 ) ) ;
#890 = VERTEX_POINT ( 'NONE', #1644 ) ;
#891 = DIRECTION ( 'NONE',  ( -1.000000000000000000, -0.0000000000000000000, -0.0000000000000000000 ) ) ;
#892 = AXIS2_PLACEMENT_3D ( 'NONE', #886, #738, #1479 ) ;
#893 = VECTOR ( 'NONE', #1154, 39.37007874015748900 ) ;
#894 = CARTESIAN_POINT ( 'NONE',  ( -0.2190000000000000800, -0.03299999999999999500, 0.2510000000000000600 ) ) ;
#895 = CARTESIAN_POINT ( 'NONE',  ( 0.3750000000000000600, 3.158699242674304300E-015, 0.05800000000000123100 ) ) ;
#896 = ADVANCED_FACE ( 'NONE', ( #852 ), #1135, .F. ) ;
#897 = LINE ( 'NONE', #1023, #60 ) ;
#898 = VERTEX_POINT ( 'NONE', #292 ) ;
#899 = CARTESIAN_POINT ( 'NONE',  ( -0.1245000000000000300, 0.0000000000000000000, 0.0000000000000000000 ) ) ;
#900 = AXIS2_PLACEMENT_3D ( 'NONE', #1440, #992, #1589 ) ;
#901 = DIRECTION ( 'NONE',  ( 0.0000000000000000000, -5.956063939674991000E-016, 1.000000000000000000 ) ) ;
#902 = DIRECTION ( 'NONE',  ( -1.279322990668224400E-016, 0.4945242492550601700, -0.8691638320240432400 ) ) ;
#903 = ORIENTED_EDGE ( 'NONE', *, *, #1378, .F. ) ;
#904 = DIRECTION ( 'NONE',  ( 0.0000000000000000000, 0.0000000000000000000, -1.000000000000000000 ) ) ;
#905 = DATE_AND_TIME ( #1835, #769 ) ;
#906 = EDGE_CURVE ( 'NONE', #842, #1533, #153, .T. ) ;
#907 = AXIS2_PLACEMENT_3D ( 'NONE', #1198, #869, #1630 ) ;
#908 = DIRECTION ( 'NONE',  ( -1.000000000000000000, -0.0000000000000000000, 0.0000000000000000000 ) ) ;
#909 = CARTESIAN_POINT ( 'NONE',  ( 0.3750000000000000600, -0.02868240645679340900, 0.05041150225739440100 ) ) ;
#910 = DIRECTION ( 'NONE',  ( 0.0000000000000000000, 0.0000000000000000000, 1.000000000000000000 ) ) ;
#911 = LINE ( 'NONE', #1700, #649 ) ;
#912 = AXIS2_PLACEMENT_3D ( 'NONE', #876, #1663, #1033 ) ;
#913 = ORIENTED_EDGE ( 'NONE', *, *, #1338, .T. ) ;
#914 = VECTOR ( 'NONE', #123, 39.37007874015748100 ) ;
#915 = EDGE_CURVE ( 'NONE', #936, #731, #1845, .T. ) ;
#916 = DIRECTION ( 'NONE',  ( 0.0000000000000000000, 0.0000000000000000000, -1.000000000000000000 ) ) ;
#917 = DIRECTION ( 'NONE',  ( 0.0000000000000000000, -1.000000000000000000, 0.0000000000000000000 ) ) ;
#918 = ORIENTED_EDGE ( 'NONE', *, *, #1710, .T. ) ;
#919 = EDGE_LOOP ( 'NONE', ( #377, #183, #576, #598 ) ) ;
#920 = DIRECTION ( 'NONE',  ( -0.0000000000000000000, -6.123233995736768300E-016, 1.000000000000000000 ) ) ;
#921 = CARTESIAN_POINT ( 'NONE',  ( 0.3750000000000000600, 3.158699242674304300E-015, -1.886682520624381900E-015 ) ) ;
#922 = ORIENTED_EDGE ( 'NONE', *, *, #1755, .F. ) ;
#923 = CARTESIAN_POINT ( 'NONE',  ( -0.3750000000000000600, 0.0000000000000000000, 0.0000000000000000000 ) ) ;
#924 = PRODUCT ( '1603A2_Surface-Mount Hinge with Holes', '1603A2_Surface-Mount Hinge with Holes', '', ( #686 ) ) ;
#925 = FACE_OUTER_BOUND ( 'NONE', #776, .T. ) ;
#926 = ORIENTED_EDGE ( 'NONE', *, *, #638, .T. ) ;
#927 = ORIENTED_EDGE ( 'NONE', *, *, #256, .T. ) ;
#928 = CARTESIAN_POINT ( 'NONE',  ( 0.3750000000000000600, -0.05800000000000000300, -8.388830574159370600E-017 ) ) ;
#929 = DIRECTION ( 'NONE',  ( 0.0000000000000000000, 0.0000000000000000000, 1.000000000000000000 ) ) ;
#930 = CIRCLE ( 'NONE', #808, 0.04300000000000001000 ) ;
#931 = DIRECTION ( 'NONE',  ( 1.000000000000000000, -0.0000000000000000000, -0.0000000000000000000 ) ) ;
#932 = VECTOR ( 'NONE', #749, 39.37007874015748100 ) ;
#933 = AXIS2_PLACEMENT_3D ( 'NONE', #181, #917, #929 ) ;
#934 = DIRECTION ( 'NONE',  ( 0.0000000000000000000, 0.0000000000000000000, 1.000000000000000000 ) ) ;
#935 = PLANE ( 'NONE',  #1262 ) ;
#936 = VERTEX_POINT ( 'NONE', #1653 ) ;
#937 = FACE_OUTER_BOUND ( 'NONE', #938, .T. ) ;
#938 = EDGE_LOOP ( 'NONE', ( #1555, #248, #26, #637 ) ) ;
#939 = AXIS2_PLACEMENT_3D ( 'NONE', #1649, #443, #1173 ) ;
#940 = ORIENTED_EDGE ( 'NONE', *, *, #478, .T. ) ;
#941 = EDGE_CURVE ( 'NONE', #819, #1745, #717, .T. ) ;
#942 = DIRECTION ( 'NONE',  ( 0.0000000000000000000, 0.0000000000000000000, 1.000000000000000000 ) ) ;
#943 = ORIENTED_EDGE ( 'NONE', *, *, #945, .F. ) ;
#944 = VECTOR ( 'NONE', #1471, 39.37007874015748900 ) ;
#945 = EDGE_CURVE ( 'NONE', #16, #1887, #17, .T. ) ;
#946 = LINE ( 'NONE', #653, #1772 ) ;
#947 = EDGE_LOOP ( 'NONE', ( #408, #1123 ) ) ;
#948 = DIRECTION ( 'NONE',  ( 1.000000000000000000, 0.0000000000000000000, -0.0000000000000000000 ) ) ;
#949 = CARTESIAN_POINT ( 'NONE',  ( 0.3750000000000000600, 0.0000000000000000000, 0.03299999999999999500 ) ) ;
#950 = AXIS2_PLACEMENT_3D ( 'NONE', #1344, #1811, #435 ) ;
#951 = CIRCLE ( 'NONE', #335, 0.06299999999999998700 ) ;
#952 = VERTEX_POINT ( 'NONE', #1793 ) ;
#953 = DIRECTION ( 'NONE',  ( 0.0000000000000000000, -1.000000000000000000, -6.123233995736765300E-016 ) ) ;
#954 = ORIENTED_EDGE ( 'NONE', *, *, #868, .F. ) ;
#955 = LINE ( 'NONE', #101, #1608 ) ;
#956 = ORIENTED_EDGE ( 'NONE', *, *, #667, .F. ) ;
#957 = LINE ( 'NONE', #1162, #216 ) ;
#958 = ORIENTED_EDGE ( 'NONE', *, *, #1131, .T. ) ;
#959 = VERTEX_POINT ( 'NONE', #1944 ) ;
#960 = APPROVAL ( #1879, 'UNSPECIFIED' ) ;
#961 = PLANE ( 'NONE',  #1658 ) ;
#962 = FACE_BOUND ( 'NONE', #1724, .T. ) ;
#963 = ORIENTED_EDGE ( 'NONE', *, *, #906, .F. ) ;
#964 = ORIENTED_EDGE ( 'NONE', *, *, #1338, .F. ) ;
#965 = VECTOR ( 'NONE', #1218, 39.37007874015748100 ) ;
#966 = AXIS2_PLACEMENT_3D ( 'NONE', #1396, #953, #1866 ) ;
#967 = CARTESIAN_POINT ( 'NONE',  ( 0.3750000000000000600, 4.041334437186263600E-018, -0.03299999999999999500 ) ) ;
#968 = VECTOR ( 'NONE', #531, 39.37007874015748100 ) ;
#969 = EDGE_CURVE ( 'NONE', #58, #265, #1186, .T. ) ;
#970 = EDGE_CURVE ( 'NONE', #750, #273, #1789, .T. ) ;
#971 = DATE_TIME_ROLE ( 'classification_date' ) ;
#972 = DIRECTION ( 'NONE',  ( -1.000000000000000000, -0.0000000000000000000, -0.0000000000000000000 ) ) ;
#973 = CIRCLE ( 'NONE', #1923, 0.05800000000000311900 ) ;
#974 = VERTEX_POINT ( 'NONE', #1809 ) ;
#975 = EDGE_CURVE ( 'NONE', #1203, #88, #1715, .T. ) ;
#976 = ORIENTED_EDGE ( 'NONE', *, *, #1753, .T. ) ;
#977 = CYLINDRICAL_SURFACE ( 'NONE', #1464, 0.04299999999999999000 ) ;
#978 = VERTEX_POINT ( 'NONE', #439 ) ;
#979 = ORIENTED_EDGE ( 'NONE', *, *, #706, .F. ) ;
#980 = VERTEX_POINT ( 'NONE', #294 ) ;
#981 = CYLINDRICAL_SURFACE ( 'NONE', #334, 0.03300000000000000200 ) ;
#982 = PERSON_AND_ORGANIZATION_ROLE ( 'creator' ) ;
#983 = VECTOR ( 'NONE', #1379, 39.37007874015748100 ) ;
#984 = EDGE_LOOP ( 'NONE', ( #1537, #913, #238, #683, #1158, #136, #1850, #365 ) ) ;
#985 = DIRECTION ( 'NONE',  ( 0.0000000000000000000, -5.956063939674991000E-016, 1.000000000000000000 ) ) ;
#986 = ADVANCED_FACE ( 'NONE', ( #437 ), #1803, .F. ) ;
#987 = LINE ( 'NONE', #1727, #340 ) ;
#988 = DIRECTION ( 'NONE',  ( 1.000000000000000000, 0.0000000000000000000, -1.471900858655189700E-016 ) ) ;
#989 = ORIENTED_EDGE ( 'NONE', *, *, #1286, .T. ) ;
#990 = AXIS2_PLACEMENT_3D ( 'NONE', #1774, #1012, #860 ) ;
#991 = ORIENTED_EDGE ( 'NONE', *, *, #1620, .F. ) ;
#992 = DIRECTION ( 'NONE',  ( -1.000000000000000000, 0.0000000000000000000, 1.471900858655189700E-016 ) ) ;
#993 = DIRECTION ( 'NONE',  ( 0.0000000000000000000, 0.0000000000000000000, 1.000000000000000000 ) ) ;
#994 = VECTOR ( 'NONE', #1607, 39.37007874015748100 ) ;
#995 = DIRECTION ( 'NONE',  ( -1.000000000000000000, -0.0000000000000000000, -0.0000000000000000000 ) ) ;
#996 = ADVANCED_FACE ( 'NONE', ( #797 ), #577, .F. ) ;
#997 = ORIENTED_EDGE ( 'NONE', *, *, #1620, .T. ) ;
#998 = EDGE_CURVE ( 'NONE', #341, #887, #1115, .T. ) ;
#999 = AXIS2_PLACEMENT_3D ( 'NONE', #1359, #500, #803 ) ;
#1000 = DIRECTION ( 'NONE',  ( 1.471900858655189700E-016, -0.0000000000000000000, 1.000000000000000000 ) ) ;
#1001 = AXIS2_PLACEMENT_3D ( 'NONE', #251, #1308, #407 ) ;
#1002 = FACE_OUTER_BOUND ( 'NONE', #1810, .T. ) ;
#1003 = ORIENTED_EDGE ( 'NONE', *, *, #1959, .F. ) ;
#1004 = ORIENTED_EDGE ( 'NONE', *, *, #868, .T. ) ;
#1005 = EDGE_CURVE ( 'NONE', #88, #559, #1382, .T. ) ;
#1006 = FACE_BOUND ( 'NONE', #1438, .T. ) ;
#1007 = CARTESIAN_POINT ( 'NONE',  ( -0.1245000000000000300, -0.05800000000000003800, -0.05800000000000123100 ) ) ;
#1008 = CARTESIAN_POINT ( 'NONE',  ( 0.2189999999999999700, -0.03299999999999988400, -0.1880000000000000600 ) ) ;
#1009 = ADVANCED_FACE ( 'NONE', ( #671 ), #1300, .T. ) ;
#1010 = DIRECTION ( 'NONE',  ( -1.000000000000000000, -0.0000000000000000000, 1.471900858655189700E-016 ) ) ;
#1011 = CIRCLE ( 'NONE', #501, 0.03299999999999999500 ) ;
#1012 = DIRECTION ( 'NONE',  ( -1.000000000000000000, -0.0000000000000000000, 0.0000000000000000000 ) ) ;
#1013 = CONICAL_SURFACE ( 'NONE', #1075, 0.06299999999999998700, 0.7155849933176765500 ) ;
#1014 = EDGE_LOOP ( 'NONE', ( #246, #553, #1739, #1947, #371, #1564, #926, #997 ) ) ;
#1015 = DIRECTION ( 'NONE',  ( 0.0000000000000000000, 0.0000000000000000000, 1.000000000000000000 ) ) ;
#1016 = CARTESIAN_POINT ( 'NONE',  ( 0.1249999999999999600, 0.0000000000000000000, 0.0000000000000000000 ) ) ;
#1017 = ORIENTED_EDGE ( 'NONE', *, *, #1856, .T. ) ;
#1018 = FACE_OUTER_BOUND ( 'NONE', #1678, .T. ) ;
#1019 = ORIENTED_EDGE ( 'NONE', *, *, #473, .F. ) ;
#1020 = DIRECTION ( 'NONE',  ( -0.0000000000000000000, 1.000000000000000000, 6.123233995736765300E-016 ) ) ;
#1021 = CARTESIAN_POINT ( 'NONE',  ( -0.2190000000000000300, -0.03299999999999984200, -0.2510000000000000600 ) ) ;
#1022 = VERTEX_POINT ( 'NONE', #575 ) ;
#1023 = CARTESIAN_POINT ( 'NONE',  ( 0.3750000000000000600, -0.05800000000000003800, 0.3130000000000000000 ) ) ;
#1024 = AXIS2_PLACEMENT_3D ( 'NONE', #634, #459, #1694 ) ;
#1025 = DIRECTION ( 'NONE',  ( 0.0000000000000000000, -5.956063939674991000E-016, 1.000000000000000000 ) ) ;
#1026 = ADVANCED_FACE ( 'NONE', ( #322 ), #1421, .F. ) ;
#1027 = EDGE_LOOP ( 'NONE', ( #1336, #838 ) ) ;
#1028 = CARTESIAN_POINT ( 'NONE',  ( 0.3750000000000000600, 0.0000000000000000000, 0.0000000000000000000 ) ) ;
#1029 = DIRECTION ( 'NONE',  ( 0.0000000000000000000, -6.097874985857732100E-016, 1.000000000000000000 ) ) ;
#1030 = FACE_OUTER_BOUND ( 'NONE', #793, .T. ) ;
#1031 = EDGE_CURVE ( 'NONE', #980, #731, #1613, .T. ) ;
#1032 = APPROVAL ( #1735, 'UNSPECIFIED' ) ;
#1033 = DIRECTION ( 'NONE',  ( 0.0000000000000000000, 0.0000000000000000000, -1.000000000000000000 ) ) ;
#1034 = CARTESIAN_POINT ( 'NONE',  ( 0.3736800000000006800, 0.0000000000000000000, 0.0000000000000000000 ) ) ;
#1035 = FACE_OUTER_BOUND ( 'NONE', #984, .T. ) ;
#1036 = EDGE_CURVE ( 'NONE', #559, #1703, #505, .T. ) ;
#1037 = CARTESIAN_POINT ( 'NONE',  ( -0.3750000000000000600, 0.0000000000000000000, 0.0000000000000000000 ) ) ;
#1038 = DIRECTION ( 'NONE',  ( -1.000000000000000000, -0.0000000000000000000, -0.0000000000000000000 ) ) ;
#1039 = DIRECTION ( 'NONE',  ( 0.0000000000000000000, -6.097874985857732100E-016, 1.000000000000000000 ) ) ;
#1040 = CARTESIAN_POINT ( 'NONE',  ( 0.1250000000000000000, -0.05800000000000003800, 0.05800000000000485300 ) ) ;
#1041 = EDGE_CURVE ( 'NONE', #1643, #1745, #631, .T. ) ;
#1042 = ADVANCED_FACE ( 'NONE', ( #1956 ), #1504, .F. ) ;
#1043 = VERTEX_POINT ( 'NONE', #1657 ) ;
#1044 = PLANE ( 'NONE',  #610 ) ;
#1045 = CARTESIAN_POINT ( 'NONE',  ( 0.2189999999999999700, -0.03299999999999988400, -0.1880000000000000600 ) ) ;
#1046 = ORIENTED_EDGE ( 'NONE', *, *, #1747, .T. ) ;
#1047 = CARTESIAN_POINT ( 'NONE',  ( -0.1245000000000000300, -0.05800000000000003800, -0.05800000000000123100 ) ) ;
#1048 = DIRECTION ( 'NONE',  ( -1.000000000000000000, -0.0000000000000000000, -0.0000000000000000000 ) ) ;
#1049 = AXIS2_PLACEMENT_3D ( 'NONE', #889, #1205, #605 ) ;
#1050 = CONICAL_SURFACE ( 'NONE', #442, 0.03300000000000000200, 0.7853981633974903600 ) ;
#1051 = CARTESIAN_POINT ( 'NONE',  ( -0.1245000000000000700, -0.03299999999999980700, -0.3130000000000000600 ) ) ;
#1052 = CARTESIAN_POINT ( 'NONE',  ( -0.1245000000000000300, -0.05800000000000003800, -0.05800000000000123100 ) ) ;
#1053 = ORIENTED_EDGE ( 'NONE', *, *, #674, .T. ) ;
#1054 = VERTEX_POINT ( 'NONE', #23 ) ;
#1055 = ADVANCED_FACE ( 'NONE', ( #266 ), #477, .F. ) ;
#1056 = CARTESIAN_POINT ( 'NONE',  ( 0.1245000000000005800, -0.05800000000000003800, 1.886682520624381900E-015 ) ) ;
#1057 = FACE_OUTER_BOUND ( 'NONE', #1523, .T. ) ;
#1058 = ORIENTED_EDGE ( 'NONE', *, *, #906, .T. ) ;
#1059 = DIRECTION ( 'NONE',  ( 0.0000000000000000000, 0.0000000000000000000, 1.000000000000000000 ) ) ;
#1060 = DIRECTION ( 'NONE',  ( 0.0000000000000000000, 0.0000000000000000000, 1.000000000000000000 ) ) ;
#1061 = FACE_OUTER_BOUND ( 'NONE', #289, .T. ) ;
#1062 = VERTEX_POINT ( 'NONE', #1837 ) ;
#1063 = DIRECTION ( 'NONE',  ( -0.0000000000000000000, 1.090993607693395700E-016, -1.000000000000000000 ) ) ;
#1064 = CARTESIAN_POINT ( 'NONE',  ( 0.3750000000000000600, 0.0000000000000000000, 0.0000000000000000000 ) ) ;
#1065 = CARTESIAN_POINT ( 'NONE',  ( -0.2190000000000000300, -0.05800000000000021800, -0.1880000000000000800 ) ) ;
#1066 = VECTOR ( 'NONE', #1445, 39.37007874015748100 ) ;
#1067 = ORIENTED_EDGE ( 'NONE', *, *, #263, .F. ) ;
#1068 = AXIS2_PLACEMENT_3D ( 'NONE', #302, #1038, #1496 ) ;
#1069 = CARTESIAN_POINT ( 'NONE',  ( 0.3750000000000000600, 3.158699242674304300E-015, -1.886682520624381900E-015 ) ) ;
#1070 = DIRECTION ( 'NONE',  ( 0.0000000000000000000, 1.000000000000000000, 0.0000000000000000000 ) ) ;
#1071 = DIRECTION ( 'NONE',  ( 0.0000000000000000000, 0.0000000000000000000, -1.000000000000000000 ) ) ;
#1072 = LINE ( 'NONE', #928, #53 ) ;
#1073 = EDGE_CURVE ( 'NONE', #1476, #1568, #1232, .T. ) ;
#1074 = ORIENTED_EDGE ( 'NONE', *, *, #1856, .F. ) ;
#1075 = AXIS2_PLACEMENT_3D ( 'NONE', #1922, #1603, #1483 ) ;
#1076 = VERTEX_POINT ( 'NONE', #1374 ) ;
#1077 = VECTOR ( 'NONE', #1331, 39.37007874015748100 ) ;
#1078 = ORIENTED_EDGE ( 'NONE', *, *, #643, .T. ) ;
#1079 = EDGE_CURVE ( 'NONE', #881, #1257, #95, .T. ) ;
#1080 = DIRECTION ( 'NONE',  ( 1.000000000000000000, -0.0000000000000000000, 0.0000000000000000000 ) ) ;
#1081 = CARTESIAN_POINT ( 'NONE',  ( 0.3750000000000000600, 3.158699242674304300E-015, -1.886682520624381900E-015 ) ) ;
#1082 = ORIENTED_EDGE ( 'NONE', *, *, #733, .F. ) ;
#1083 = ORIENTED_EDGE ( 'NONE', *, *, #736, .T. ) ;
#1084 = DIRECTION ( 'NONE',  ( 0.0000000000000000000, 6.123233995736780100E-016, -1.000000000000000000 ) ) ;
#1085 = DIRECTION ( 'NONE',  ( -1.000000000000000000, -0.0000000000000000000, -0.0000000000000000000 ) ) ;
#1086 = LINE ( 'NONE', #148, #276 ) ;
#1087 = ORIENTED_EDGE ( 'NONE', *, *, #695, .F. ) ;
#1088 = CARTESIAN_POINT ( 'NONE',  ( 0.2189999999999999700, -0.05800000000000023900, -0.1450000000000000500 ) ) ;
#1089 = ORIENTED_EDGE ( 'NONE', *, *, #1403, .T. ) ;
#1090 = DIRECTION ( 'NONE',  ( 0.0000000000000000000, -6.097874985857732100E-016, 1.000000000000000000 ) ) ;
#1091 = VECTOR ( 'NONE', #1813, 39.37007874015748100 ) ;
#1092 = VERTEX_POINT ( 'NONE', #1215 ) ;
#1093 = ORIENTED_EDGE ( 'NONE', *, *, #81, .F. ) ;
#1094 = AXIS2_PLACEMENT_3D ( 'NONE', #593, #147, #301 ) ;
#1095 = CC_DESIGN_APPROVAL ( #960, ( #1128 ) ) ;
#1096 = ORIENTED_EDGE ( 'NONE', *, *, #638, .F. ) ;
#1097 = CIRCLE ( 'NONE', #939, 0.05800000000000311900 ) ;
#1098 = PLANE ( 'NONE',  #1204 ) ;
#1099 = FACE_BOUND ( 'NONE', #1683, .T. ) ;
#1100 = ORIENTED_EDGE ( 'NONE', *, *, #1237, .T. ) ;
#1101 = EDGE_CURVE ( 'NONE', #1408, #881, #1552, .T. ) ;
#1102 = VECTOR ( 'NONE', #1528, 39.37007874015748100 ) ;
#1103 = ORIENTED_EDGE ( 'NONE', *, *, #743, .T. ) ;
#1104 = ORIENTED_EDGE ( 'NONE', *, *, #733, .T. ) ;
#1105 = DIRECTION ( 'NONE',  ( 1.000000000000000000, -0.0000000000000000000, -0.0000000000000000000 ) ) ;
#1106 = AXIS2_PLACEMENT_3D ( 'NONE', #240, #538, #1732 ) ;
#1107 = LINE ( 'NONE', #1270, #1066 ) ;
#1108 = ORIENTED_EDGE ( 'NONE', *, *, #86, .F. ) ;
#1109 = EDGE_CURVE ( 'NONE', #1388, #1706, #484, .T. ) ;
#1110 = DIRECTION ( 'NONE',  ( -3.407994004072192000E-017, 0.0000000000000000000, -1.000000000000000000 ) ) ;
#1111 = EDGE_CURVE ( 'NONE', #959, #978, #463, .T. ) ;
#1112 = CIRCLE ( 'NONE', #89, 0.03300000000000000200 ) ;
#1113 = ORIENTED_EDGE ( 'NONE', *, *, #875, .F. ) ;
#1114 = EDGE_LOOP ( 'NONE', ( #72, #954, #348, #1248 ) ) ;
#1115 = LINE ( 'NONE', #730, #1077 ) ;
#1116 = PLANE ( 'NONE',  #1474 ) ;
#1117 = VERTEX_POINT ( 'NONE', #623 ) ;
#1118 = ORIENTED_EDGE ( 'NONE', *, *, #1478, .F. ) ;
#1119 = CC_DESIGN_PERSON_AND_ORGANIZATION_ASSIGNMENT ( #70, #376, ( #1128 ) ) ;
#1120 = EDGE_LOOP ( 'NONE', ( #1422, #234, #1560, #1575 ) ) ;
#1121 = ORIENTED_EDGE ( 'NONE', *, *, #1134, .T. ) ;
#1122 = LINE ( 'NONE', #287, #1624 ) ;
#1123 = ORIENTED_EDGE ( 'NONE', *, *, #1345, .F. ) ;
#1124 = ADVANCED_FACE ( 'NONE', ( #1018 ), #833, .T. ) ;
#1125 = APPLICATION_PROTOCOL_DEFINITION ( 'international standard', 'config_control_design', 1994, #832 ) ;
#1126 = CARTESIAN_POINT ( 'NONE',  ( 0.2189999999999999700, -0.05299999999999975600, -0.2310000000000000700 ) ) ;
#1127 = EDGE_CURVE ( 'NONE', #45, #1358, #1214, .T. ) ;
#1128 = SECURITY_CLASSIFICATION ( '', '', #1278 ) ;
#1129 = VECTOR ( 'NONE', #46, 39.37007874015748100 ) ;
#1130 = VERTEX_POINT ( 'NONE', #618 ) ;
#1131 = EDGE_CURVE ( 'NONE', #1276, #632, #178, .T. ) ;
#1132 = DIRECTION ( 'NONE',  ( 0.0000000000000000000, 0.0000000000000000000, 1.000000000000000000 ) ) ;
#1133 = ADVANCED_FACE ( 'NONE', ( #1883 ), #977, .F. ) ;
#1134 = EDGE_CURVE ( 'NONE', #699, #1887, #957, .T. ) ;
#1135 = CONICAL_SURFACE ( 'NONE', #696, 0.06299999999999998700, 0.7853981633974500600 ) ;
#1136 = CARTESIAN_POINT ( 'NONE',  ( 0.3750000000000000600, -0.05800000000000000300, -8.388830574159370600E-017 ) ) ;
#1137 = CARTESIAN_POINT ( 'NONE',  ( -0.3736799999999992900, 4.041334437186265100E-018, -0.03300000000000000200 ) ) ;
#1138 = ORIENTED_EDGE ( 'NONE', *, *, #1175, .F. ) ;
#1139 = CARTESIAN_POINT ( 'NONE',  ( -0.2190000000000000800, -0.05800000000000003800, 0.2310000000000000700 ) ) ;
#1140 = CIRCLE ( 'NONE', #1598, 0.03300000000000000200 ) ;
#1141 = AXIS2_PLACEMENT_3D ( 'NONE', #752, #1500, #581 ) ;
#1142 = CARTESIAN_POINT ( 'NONE',  ( 0.3750000000000000600, 0.0000000000000000000, 0.0000000000000000000 ) ) ;
#1143 = ADVANCED_FACE ( 'NONE', ( #521 ), #1674, .F. ) ;
#1144 = CYLINDRICAL_SURFACE ( 'NONE', #1427, 0.03299999999999999500 ) ;
#1145 = CARTESIAN_POINT ( 'NONE',  ( 0.3750000000000000600, -0.05800000000000000300, 4.837354856632045600E-017 ) ) ;
#1146 = LINE ( 'NONE', #949, #3 ) ;
#1147 = ORIENTED_EDGE ( 'NONE', *, *, #308, .F. ) ;
#1148 = ORIENTED_EDGE ( 'NONE', *, *, #1101, .T. ) ;
#1149 = CARTESIAN_POINT ( 'NONE',  ( -0.2190000000000000800, -0.05800000000000003800, 0.1880000000000000800 ) ) ;
#1150 = VECTOR ( 'NONE', #1292, 39.37007874015748100 ) ;
#1151 = CARTESIAN_POINT ( 'NONE',  ( 0.3750000000000000600, 0.0000000000000000000, 0.0000000000000000000 ) ) ;
#1152 = EDGE_LOOP ( 'NONE', ( #486, #62 ) ) ;
#1153 = ADVANCED_FACE ( 'NONE', ( #366 ), #1326, .F. ) ;
#1154 = DIRECTION ( 'NONE',  ( 0.7071067811865177100, 0.0000000000000000000, -0.7071067811865772200 ) ) ;
#1155 = LINE ( 'NONE', #1628, #773 ) ;
#1156 = CARTESIAN_POINT ( 'NONE',  ( -0.3736799999999992900, 0.0000000000000000000, 0.03300000000000000200 ) ) ;
#1157 = EDGE_LOOP ( 'NONE', ( #1736, #539, #635, #651 ) ) ;
#1158 = ORIENTED_EDGE ( 'NONE', *, *, #1651, .T. ) ;
#1159 = VECTOR ( 'NONE', #1538, 39.37007874015748100 ) ;
#1160 = ORIENTED_EDGE ( 'NONE', *, *, #1268, .F. ) ;
#1161 = AXIS2_PLACEMENT_3D ( 'NONE', #258, #1317, #416 ) ;
#1162 = CARTESIAN_POINT ( 'NONE',  ( 0.2189999999999999700, -0.05800000000000019000, -0.2310000000000000700 ) ) ;
#1163 = ADVANCED_FACE ( 'NONE', ( #937 ), #56, .F. ) ;
#1164 = ORIENTED_EDGE ( 'NONE', *, *, #1378, .T. ) ;
#1165 = CARTESIAN_POINT ( 'NONE',  ( 0.2189999999999999700, -0.03299999999999999500, 0.1250000000000000300 ) ) ;
#1166 = EDGE_CURVE ( 'NONE', #1619, #1311, #1253, .T. ) ;
#1167 = AXIS2_PLACEMENT_3D ( 'NONE', #712, #1775, #1961 ) ;
#1168 = VERTEX_POINT ( 'NONE', #566 ) ;
#1169 = ORIENTED_EDGE ( 'NONE', *, *, #1526, .T. ) ;
#1170 = EDGE_CURVE ( 'NONE', #1311, #1172, #1737, .T. ) ;
#1171 = FACE_OUTER_BOUND ( 'NONE', #1912, .T. ) ;
#1172 = VERTEX_POINT ( 'NONE', #1137 ) ;
#1173 = DIRECTION ( 'NONE',  ( 0.0000000000000000000, 0.0000000000000000000, 1.000000000000000000 ) ) ;
#1174 = DIRECTION ( 'NONE',  ( 0.0000000000000000000, 0.7071067811865459100, 0.7071067811865492400 ) ) ;
#1175 = EDGE_CURVE ( 'NONE', #1788, #1476, #1698, .T. ) ;
#1176 = CARTESIAN_POINT ( 'NONE',  ( -0.1245000000000000100, 3.130287436934082900E-015, 0.05800000000000500600 ) ) ;
#1177 = DIRECTION ( 'NONE',  ( -0.0000000000000000000, 1.000000000000000000, 6.123233995736765300E-016 ) ) ;
#1178 = CALENDAR_DATE ( 2024, 17, 12 ) ;
#1179 = CARTESIAN_POINT ( 'NONE',  ( 0.1249999999999999600, 3.165802194109359400E-015, -0.05800000000000500600 ) ) ;
#1180 = CARTESIAN_POINT ( 'NONE',  ( -0.3736799999999994000, 0.0000000000000000000, 0.0000000000000000000 ) ) ;
#1181 = CARTESIAN_POINT ( 'NONE',  ( -0.2190000000000000800, -0.05800000000000003800, 0.1450000000000001000 ) ) ;
#1182 = VECTOR ( 'NONE', #1546, 39.37007874015748100 ) ;
#1183 = CARTESIAN_POINT ( 'NONE',  ( -0.3750000000000000600, 3.158699242674304300E-015, -1.886682520624381900E-015 ) ) ;
#1184 = CARTESIAN_POINT ( 'NONE',  ( 0.2189999999999999700, -0.05299999999999978300, -0.1880000000000000600 ) ) ;
#1185 = ADVANCED_FACE ( 'NONE', ( #409 ), #361, .F. ) ;
#1186 = CIRCLE ( 'NONE', #249, 0.03299999999999999500 ) ;
#1187 = DIRECTION ( 'NONE',  ( 0.0000000000000000000, 0.0000000000000000000, 1.000000000000000000 ) ) ;
#1188 = CARTESIAN_POINT ( 'NONE',  ( -0.1245000000000000300, -1.616533774874506700E-017, 0.03299999999999999500 ) ) ;
#1189 = ORIENTED_EDGE ( 'NONE', *, *, #263, .T. ) ;
#1190 = DIRECTION ( 'NONE',  ( -0.0000000000000000000, 1.000000000000000000, -0.0000000000000000000 ) ) ;
#1191 = PLANE ( 'NONE',  #385 ) ;
#1192 = DIRECTION ( 'NONE',  ( -1.000000000000000000, -0.0000000000000000000, 1.471900858655283400E-016 ) ) ;
#1193 = LINE ( 'NONE', #878, #1428 ) ;
#1194 = AXIS2_PLACEMENT_3D ( 'NONE', #843, #1766, #562 ) ;
#1195 = DIRECTION ( 'NONE',  ( 1.471900858655283400E-016, -6.123233995736768300E-016, 1.000000000000000000 ) ) ;
#1196 = VECTOR ( 'NONE', #338, 39.37007874015748100 ) ;
#1197 = EDGE_LOOP ( 'NONE', ( #55, #1360, #1407, #102 ) ) ;
#1198 = CARTESIAN_POINT ( 'NONE',  ( 0.3750000000000000600, 3.158699242674304300E-015, -1.886682520624381900E-015 ) ) ;
#1199 = DIRECTION ( 'NONE',  ( -1.000000000000000000, -0.0000000000000000000, 0.0000000000000000000 ) ) ;
#1200 = DIRECTION ( 'NONE',  ( 0.0000000000000000000, -1.000000000000000000, -6.123233995736768300E-016 ) ) ;
#1201 = EDGE_CURVE ( 'NONE', #414, #1299, #40, .T. ) ;
#1202 = LINE ( 'NONE', #1585, #1857 ) ;
#1203 = VERTEX_POINT ( 'NONE', #844 ) ;
#1204 = AXIS2_PLACEMENT_3D ( 'NONE', #204, #343, #1246 ) ;
#1205 = DIRECTION ( 'NONE',  ( -1.000000000000000000, 0.0000000000000000000, 1.471900858655189700E-016 ) ) ;
#1206 = CARTESIAN_POINT ( 'NONE',  ( 0.3750000000000000600, 0.0000000000000000000, 0.03299999999999999500 ) ) ;
#1207 = PERSON_AND_ORGANIZATION ( #1669, #1267 ) ;
#1208 = CARTESIAN_POINT ( 'NONE',  ( 0.2189999999999999700, -0.03299999999999999500, 0.2510000000000000000 ) ) ;
#1209 = CIRCLE ( 'NONE', #1868, 0.05800000000000311900 ) ;
#1210 = EDGE_CURVE ( 'NONE', #806, #58, #689, .T. ) ;
#1211 = CARTESIAN_POINT ( 'NONE',  ( -0.3750000000000000600, -0.03299999999999996000, -0.05800000000000123100 ) ) ;
#1212 = DIRECTION ( 'NONE',  ( 0.0000000000000000000, 0.0000000000000000000, 1.000000000000000000 ) ) ;
#1213 = ORIENTED_EDGE ( 'NONE', *, *, #1109, .F. ) ;
#1214 = LINE ( 'NONE', #317, #816 ) ;
#1215 = CARTESIAN_POINT ( 'NONE',  ( -0.3750000000000000600, 3.158699242674304300E-015, 0.05800000000000123100 ) ) ;
#1216 = EDGE_CURVE ( 'NONE', #1408, #1076, #1530, .T. ) ;
#1217 = EDGE_LOOP ( 'NONE', ( #715, #1681, #1280, #221, #720, #1261, #367, #675, #1304, #1531 ) ) ;
#1218 = DIRECTION ( 'NONE',  ( 8.659560562354948900E-017, 0.7071067811865468000, -0.7071067811865483500 ) ) ;
#1219 = ORIENTED_EDGE ( 'NONE', *, *, #565, .T. ) ;
#1220 = ORIENTED_EDGE ( 'NONE', *, *, #337, .F. ) ;
#1221 = DIRECTION ( 'NONE',  ( -1.000000000000000000, -0.0000000000000000000, -0.0000000000000000000 ) ) ;
#1222 = EDGE_LOOP ( 'NONE', ( #418, #1486, #787, #218 ) ) ;
#1223 = CARTESIAN_POINT ( 'NONE',  ( 0.3750000000000000600, 3.879681059698886600E-018, -0.03168000000000058300 ) ) ;
#1224 = CYLINDRICAL_SURFACE ( 'NONE', #1265, 0.04299999999999999000 ) ;
#1225 = CARTESIAN_POINT ( 'NONE',  ( -0.3750000000000000600, 3.158699242674303500E-015, 1.886682520624383900E-015 ) ) ;
#1226 = DIRECTION ( 'NONE',  ( -1.000000000000000000, -0.0000000000000000000, 0.0000000000000000000 ) ) ;
#1227 = APPROVAL_PERSON_ORGANIZATION ( #564, #1508, #1730 ) ;
#1228 = DIRECTION ( 'NONE',  ( 0.0000000000000000000, 0.0000000000000000000, 1.000000000000000000 ) ) ;
#1229 = CYLINDRICAL_SURFACE ( 'NONE', #220, 0.05800000000000311900 ) ;
#1230 = EDGE_CURVE ( 'NONE', #1062, #1117, #1377, .T. ) ;
#1231 = CC_DESIGN_PERSON_AND_ORGANIZATION_ASSIGNMENT ( #1878, #982, ( #242 ) ) ;
#1232 = LINE ( 'NONE', #1223, #1534 ) ;
#1233 = EDGE_CURVE ( 'NONE', #1706, #884, #461, .T. ) ;
#1234 = CARTESIAN_POINT ( 'NONE',  ( 0.3736800000000006800, 0.0000000000000000000, 0.03300000000000000200 ) ) ;
#1235 = CARTESIAN_POINT ( 'NONE',  ( -0.3750000000000000600, -0.03299999999999980700, -0.3130000000000000000 ) ) ;
#1236 = EDGE_LOOP ( 'NONE', ( #1310, #1719, #1696, #927 ) ) ;
#1237 = EDGE_CURVE ( 'NONE', #601, #106, #236, .T. ) ;
#1238 = ORIENTED_EDGE ( 'NONE', *, *, #1210, .F. ) ;
#1239 = CARTESIAN_POINT ( 'NONE',  ( 0.3750000000000000600, 4.041334437186265100E-018, -0.03300000000000000200 ) ) ;
#1240 = DIRECTION ( 'NONE',  ( 1.000000000000000000, -0.0000000000000000000, 0.0000000000000000000 ) ) ;
#1241 = VECTOR ( 'NONE', #1000, 39.37007874015748100 ) ;
#1242 = VECTOR ( 'NONE', #1387, 39.37007874015748100 ) ;
#1243 = ORIENTED_EDGE ( 'NONE', *, *, #1345, .T. ) ;
#1244 = AXIS2_PLACEMENT_3D ( 'NONE', #1966, #1487, #883 ) ;
#1245 = CARTESIAN_POINT ( 'NONE',  ( 0.3750000000000000600, -0.03299999999999999500, -8.388830574159370600E-017 ) ) ;
#1246 = DIRECTION ( 'NONE',  ( 0.0000000000000000000, -0.0000000000000000000, -1.000000000000000000 ) ) ;
#1247 = LENGTH_MEASURE_WITH_UNIT ( LENGTH_MEASURE( 0.02539999999999999900 ), #214 );
#1248 = ORIENTED_EDGE ( 'NONE', *, *, #1111, .T. ) ;
#1249 = LOCAL_TIME ( 9, 27, 27.00000000000000000, #1351 ) ;
#1250 = DIRECTION ( 'NONE',  ( -1.000000000000000000, -0.0000000000000000000, -0.0000000000000000000 ) ) ;
#1251 = VECTOR ( 'NONE', #1641, 39.37007874015748100 ) ;
#1252 = VERTEX_POINT ( 'NONE', #110 ) ;
#1253 = LINE ( 'NONE', #1767, #547 ) ;
#1254 = VERTEX_POINT ( 'NONE', #1609 ) ;
#1255 = PERSON_AND_ORGANIZATION_ROLE ( 'design_supplier' ) ;
#1256 = DIRECTION ( 'NONE',  ( 0.0000000000000000000, 0.0000000000000000000, 1.000000000000000000 ) ) ;
#1257 = VERTEX_POINT ( 'NONE', #1765 ) ;
#1258 = EDGE_LOOP ( 'NONE', ( #511, #224, #903, #262, #540, #991, #617, #154, #313, #1764 ) ) ;
#1259 = VECTOR ( 'NONE', #1822, 39.37007874015748100 ) ;
#1260 = VERTEX_POINT ( 'NONE', #545 ) ;
#1261 = ORIENTED_EDGE ( 'NONE', *, *, #1583, .T. ) ;
#1262 = AXIS2_PLACEMENT_3D ( 'NONE', #47, #1240, #1557 ) ;
#1263 = FACE_OUTER_BOUND ( 'NONE', #331, .T. ) ;
#1264 = CARTESIAN_POINT ( 'NONE',  ( -0.3750000000000000600, 3.165802194109359400E-015, -0.05800000000000500600 ) ) ;
#1265 = AXIS2_PLACEMENT_3D ( 'NONE', #109, #1312, #721 ) ;
#1266 = AXIS2_PLACEMENT_3D ( 'NONE', #1462, #116, #1029 ) ;
#1267 = ORGANIZATION ( 'UNSPECIFIED', 'UNSPECIFIED', '' ) ;
#1268 = EDGE_CURVE ( 'NONE', #1941, #632, #955, .T. ) ;
#1269 = DIRECTION ( 'NONE',  ( 0.0000000000000000000, 0.0000000000000000000, 1.000000000000000000 ) ) ;
#1270 = CARTESIAN_POINT ( 'NONE',  ( -0.2190000000000000800, -0.03299999999999999500, 0.2510000000000000600 ) ) ;
#1271 = LINE ( 'NONE', #639, #71 ) ;
#1272 = ORIENTED_EDGE ( 'NONE', *, *, #1755, .T. ) ;
#1273 = CARTESIAN_POINT ( 'NONE',  ( 0.2189999999999999700, -0.05800000000000021800, -0.1880000000000000600 ) ) ;
#1274 = DIRECTION ( 'NONE',  ( 0.0000000000000000000, 0.0000000000000000000, 1.000000000000000000 ) ) ;
#1275 = EDGE_LOOP ( 'NONE', ( #1826, #41, #1864, #1540 ) ) ;
#1276 = VERTEX_POINT ( 'NONE', #1021 ) ;
#1277 = ADVANCED_FACE ( 'NONE', ( #211 ), #628, .T. ) ;
#1278 = SECURITY_CLASSIFICATION_LEVEL ( 'unclassified' ) ;
#1279 = CARTESIAN_POINT ( 'NONE',  ( -0.2190000000000000800, -0.03299999999999999500, 0.1880000000000000800 ) ) ;
#1280 = ORIENTED_EDGE ( 'NONE', *, *, #1109, .T. ) ;
#1281 = FACE_OUTER_BOUND ( 'NONE', #471, .T. ) ;
#1282 = VECTOR ( 'NONE', #198, 39.37007874015748100 ) ;
#1283 = ORIENTED_EDGE ( 'NONE', *, *, #636, .T. ) ;
#1284 = DIRECTION ( 'NONE',  ( 0.0000000000000000000, -5.956063939674991000E-016, 1.000000000000000000 ) ) ;
#1285 = CARTESIAN_POINT ( 'NONE',  ( 0.1249999999999999600, 3.158699242674304300E-015, -1.886682520624381900E-015 ) ) ;
#1286 = EDGE_CURVE ( 'NONE', #1252, #952, #1209, .T. ) ;
#1287 = VECTOR ( 'NONE', #1565, 39.37007874015748100 ) ;
#1288 = ORIENTED_EDGE ( 'NONE', *, *, #1293, .F. ) ;
#1289 = DIRECTION ( 'NONE',  ( 0.0000000000000000000, 0.0000000000000000000, 1.000000000000000000 ) ) ;
#1290 = DIRECTION ( 'NONE',  ( -0.0000000000000000000, 1.000000000000000000, -0.0000000000000000000 ) ) ;
#1291 = PERSON_AND_ORGANIZATION ( #1669, #1267 ) ;
#1292 = DIRECTION ( 'NONE',  ( 1.000000000000000000, -0.0000000000000000000, 0.0000000000000000000 ) ) ;
#1293 = EDGE_CURVE ( 'NONE', #1130, #307, #604, .T. ) ;
#1294 = CONICAL_SURFACE ( 'NONE', #828, 0.03168000000000058300, 0.7853981633974644900 ) ;
#1295 = AXIS2_PLACEMENT_3D ( 'NONE', #1842, #36, #640 ) ;
#1296 = DIRECTION ( 'NONE',  ( 0.0000000000000000000, -5.956063939674991000E-016, 1.000000000000000000 ) ) ;
#1297 = DIRECTION ( 'NONE',  ( -0.0000000000000000000, 1.000000000000000000, 6.123233995736765300E-016 ) ) ;
#1298 = ADVANCED_FACE ( 'NONE', ( #175 ), #1013, .F. ) ;
#1299 = VERTEX_POINT ( 'NONE', #1915 ) ;
#1300 = CYLINDRICAL_SURFACE ( 'NONE', #423, 0.05800000000000311900 ) ;
#1301 = DIRECTION ( 'NONE',  ( -1.000000000000000000, 0.0000000000000000000, 1.471900858655189700E-016 ) ) ;
#1302 = ORIENTED_EDGE ( 'NONE', *, *, #1725, .T. ) ;
#1303 = AXIS2_PLACEMENT_3D ( 'NONE', #1828, #794, #12 ) ;
#1304 = ORIENTED_EDGE ( 'NONE', *, *, #1728, .T. ) ;
#1305 = EDGE_CURVE ( 'NONE', #355, #1470, #1816, .T. ) ;
#1306 = ORIENTED_EDGE ( 'NONE', *, *, #390, .F. ) ;
#1307 = DIRECTION ( 'NONE',  ( 0.0000000000000000000, 0.8691638320240434600, -0.4945242492550595600 ) ) ;
#1308 = DIRECTION ( 'NONE',  ( -1.000000000000000000, -0.0000000000000000000, 1.471900858655283400E-016 ) ) ;
#1309 = CYLINDRICAL_SURFACE ( 'NONE', #685, 0.03299999999999999500 ) ;
#1310 = ORIENTED_EDGE ( 'NONE', *, *, #1201, .F. ) ;
#1311 = VERTEX_POINT ( 'NONE', #1156 ) ;
#1312 = DIRECTION ( 'NONE',  ( -0.0000000000000000000, 1.000000000000000000, -0.0000000000000000000 ) ) ;
#1313 = CARTESIAN_POINT ( 'NONE',  ( -0.1250000000000000000, -0.05800000000000003800, 0.05800000000000489500 ) ) ;
#1314 = LINE ( 'NONE', #1690, #1242 ) ;
#1315 = EDGE_CURVE ( 'NONE', #1476, #1788, #1418, .T. ) ;
#1316 = CARTESIAN_POINT ( 'NONE',  ( -0.3736799999999994000, 0.0000000000000000000, -0.03300000000000000200 ) ) ;
#1317 = DIRECTION ( 'NONE',  ( 0.0000000000000000000, 1.000000000000000000, 6.123233995736765300E-016 ) ) ;
#1318 = APPROVAL_DATE_TIME ( #1729, #1508 ) ;
#1319 = CARTESIAN_POINT ( 'NONE',  ( -0.3750000000000000600, -0.05799999999999985000, -0.3130000000000000600 ) ) ;
#1320 = DIRECTION ( 'NONE',  ( 1.000000000000000000, -0.0000000000000000000, 0.0000000000000000000 ) ) ;
#1321 = ADVANCED_FACE ( 'NONE', ( #544 ), #93, .F. ) ;
#1322 = VECTOR ( 'NONE', #411, 39.37007874015748100 ) ;
#1323 = DIRECTION ( 'NONE',  ( 1.000000000000000000, 0.0000000000000000000, 0.0000000000000000000 ) ) ;
#1324 = VERTEX_POINT ( 'NONE', #1627 ) ;
#1325 = EDGE_LOOP ( 'NONE', ( #1113, #1805, #5, #1074 ) ) ;
#1326 = CYLINDRICAL_SURFACE ( 'NONE', #1780, 0.04300000000000001000 ) ;
#1327 = DIRECTION ( 'NONE',  ( 0.0000000000000000000, 0.0000000000000000000, -1.000000000000000000 ) ) ;
#1328 = DIRECTION ( 'NONE',  ( 0.0000000000000000000, -5.956063939674991000E-016, 1.000000000000000000 ) ) ;
#1329 = ORIENTED_EDGE ( 'NONE', *, *, #1728, .F. ) ;
#1330 = PLANE ( 'NONE',  #633 ) ;
#1331 = DIRECTION ( 'NONE',  ( -1.471900858655283400E-016, -0.0000000000000000000, -1.000000000000000000 ) ) ;
#1332 = EDGE_LOOP ( 'NONE', ( #74, #207, #1343, #1757 ) ) ;
#1333 = CARTESIAN_POINT ( 'NONE',  ( 0.2189999999999999700, -0.03299999999999988400, -0.1880000000000000600 ) ) ;
#1334 = CARTESIAN_POINT ( 'NONE',  ( -0.3749999999999995000, -0.05800000000000003800, -0.05800000000000122400 ) ) ;
#1335 = CC_DESIGN_SECURITY_CLASSIFICATION ( #1128, ( #549 ) ) ;
#1336 = ORIENTED_EDGE ( 'NONE', *, *, #298, .T. ) ;
#1337 = CARTESIAN_POINT ( 'NONE',  ( -0.2190000000000000800, -0.05800000000000003800, 0.1880000000000000800 ) ) ;
#1338 = EDGE_CURVE ( 'NONE', #884, #1493, #1733, .T. ) ;
#1339 = CIRCLE ( 'NONE', #1818, 0.06299999999999998700 ) ;
#1340 = DIRECTION ( 'NONE',  ( 0.0000000000000000000, 6.123233995736780100E-016, -1.000000000000000000 ) ) ;
#1341 = DIRECTION ( 'NONE',  ( 0.0000000000000000000, 6.123233995736780100E-016, -1.000000000000000000 ) ) ;
#1342 = FACE_BOUND ( 'NONE', #556, .T. ) ;
#1343 = ORIENTED_EDGE ( 'NONE', *, *, #356, .T. ) ;
#1344 = CARTESIAN_POINT ( 'NONE',  ( -0.3750000000000000600, 3.158699242674304300E-015, -1.886682520624381900E-015 ) ) ;
#1345 = EDGE_CURVE ( 'NONE', #1054, #1721, #1762, .T. ) ;
#1346 = DIRECTION ( 'NONE',  ( -1.471900858655283400E-016, 0.0000000000000000000, -1.000000000000000000 ) ) ;
#1347 = CARTESIAN_POINT ( 'NONE',  ( 0.1245000000000006100, -1.616533774874506700E-017, 0.03299999999999999500 ) ) ;
#1348 = DIRECTION ( 'NONE',  ( -0.0000000000000000000, 0.4945242492550601700, -0.8691638320240432400 ) ) ;
#1349 = ORIENTED_EDGE ( 'NONE', *, *, #7, .T. ) ;
#1350 = AXIS2_PLACEMENT_3D ( 'NONE', #652, #948, #1556 ) ;
#1351 = COORDINATED_UNIVERSAL_TIME_OFFSET ( 6, 0, .BEHIND. ) ;
#1352 = ORIENTED_EDGE ( 'NONE', *, *, #1785, .T. ) ;
#1353 = DIRECTION ( 'NONE',  ( 0.0000000000000000000, 0.0000000000000000000, 1.000000000000000000 ) ) ;
#1354 = CARTESIAN_POINT ( 'NONE',  ( 0.3750000000000000600, 3.158699242674304300E-015, -1.886682520624381900E-015 ) ) ;
#1355 = DIRECTION ( 'NONE',  ( 0.0000000000000000000, 6.123233995736768300E-016, -1.000000000000000000 ) ) ;
#1356 = FACE_OUTER_BOUND ( 'NONE', #1711, .T. ) ;
#1357 = CARTESIAN_POINT ( 'NONE',  ( -0.1249999999999999600, 0.0000000000000000000, 0.0000000000000000000 ) ) ;
#1358 = VERTEX_POINT ( 'NONE', #874 ) ;
#1359 = CARTESIAN_POINT ( 'NONE',  ( 0.3750000000000000600, 0.0000000000000000000, 0.0000000000000000000 ) ) ;
#1360 = ORIENTED_EDGE ( 'NONE', *, *, #368, .T. ) ;
#1361 = CARTESIAN_POINT ( 'NONE',  ( 0.2189999999999999700, -0.03299999999999991800, -0.1250000000000000600 ) ) ;
#1362 = DIRECTION ( 'NONE',  ( -1.000000000000000000, -0.0000000000000000000, -0.0000000000000000000 ) ) ;
#1363 = FACE_BOUND ( 'NONE', #947, .T. ) ;
#1364 = ORIENTED_EDGE ( 'NONE', *, *, #1833, .F. ) ;
#1365 = CC_DESIGN_APPROVAL ( #1508, ( #242 ) ) ;
#1366 = EDGE_LOOP ( 'NONE', ( #1329, #1545, #467, #1364 ) ) ;
#1367 = DIRECTION ( 'NONE',  ( 0.0000000000000000000, 0.0000000000000000000, 1.000000000000000000 ) ) ;
#1368 = LINE ( 'NONE', #1319, #561 ) ;
#1369 = CARTESIAN_POINT ( 'NONE',  ( -0.2190000000000000800, -0.03299999999999999500, 0.1880000000000000800 ) ) ;
#1370 = DIRECTION ( 'NONE',  ( -1.000000000000000000, -0.0000000000000000000, 0.0000000000000000000 ) ) ;
#1371 = VECTOR ( 'NONE', #217, 39.37007874015748100 ) ;
#1372 = AXIS2_PLACEMENT_3D ( 'NONE', #1943, #1656, #432 ) ;
#1373 = DIRECTION ( 'NONE',  ( 0.0000000000000000000, 0.0000000000000000000, 1.000000000000000000 ) ) ;
#1374 = CARTESIAN_POINT ( 'NONE',  ( -0.1245000000000000300, 2.020667218593133200E-017, -0.03299999999999999500 ) ) ;
#1375 = EDGE_CURVE ( 'NONE', #632, #1276, #1783, .T. ) ;
#1376 = AXIS2_PLACEMENT_3D ( 'NONE', #1527, #158, #934 ) ;
#1377 = CIRCLE ( 'NONE', #1167, 0.03299999999999999500 ) ;
#1378 = EDGE_CURVE ( 'NONE', #558, #1643, #973, .T. ) ;
#1379 = DIRECTION ( 'NONE',  ( -1.000000000000000000, -0.0000000000000000000, -0.0000000000000000000 ) ) ;
#1380 = ORIENTED_EDGE ( 'NONE', *, *, #173, .F. ) ;
#1381 = ORIENTED_EDGE ( 'NONE', *, *, #518, .F. ) ;
#1382 = CIRCLE ( 'NONE', #892, 0.05800000000000311900 ) ;
#1383 = ORIENTED_EDGE ( 'NONE', *, *, #1175, .T. ) ;
#1384 = EDGE_CURVE ( 'NONE', #1493, #1324, #1670, .T. ) ;
#1385 = ORIENTED_EDGE ( 'NONE', *, *, #1833, .T. ) ;
#1386 = CARTESIAN_POINT ( 'NONE',  ( 0.1245000000000006100, 0.0000000000000000000, 0.0000000000000000000 ) ) ;
#1387 = DIRECTION ( 'NONE',  ( -0.0000000000000000000, 1.090993607693395700E-016, -1.000000000000000000 ) ) ;
#1388 = VERTEX_POINT ( 'NONE', #1491 ) ;
#1389 = FACE_OUTER_BOUND ( 'NONE', #4, .T. ) ;
#1390 = CIRCLE ( 'NONE', #774, 0.04300000000000001000 ) ;
#1391 = EDGE_LOOP ( 'NONE', ( #297, #922, #1685, #777, #395, #279, #1147, #1858, #324, #1306 ) ) ;
#1392 = CARTESIAN_POINT ( 'NONE',  ( -0.3736799999999994000, 0.0000000000000000000, 0.0000000000000000000 ) ) ;
#1393 = FACE_OUTER_BOUND ( 'NONE', #94, .T. ) ;
#1394 = ORIENTED_EDGE ( 'NONE', *, *, #1031, .T. ) ;
#1395 = CARTESIAN_POINT ( 'NONE',  ( -0.2190000000000000300, -0.03299999999999988400, -0.1880000000000000800 ) ) ;
#1396 = CARTESIAN_POINT ( 'NONE',  ( -0.2190000000000000300, -0.05299999999999978300, -0.1880000000000000800 ) ) ;
#1397 = VERTEX_POINT ( 'NONE', #1334 ) ;
#1398 = EDGE_CURVE ( 'NONE', #1092, #806, #150, .T. ) ;
#1399 = FACE_OUTER_BOUND ( 'NONE', #1893, .T. ) ;
#1400 = EDGE_LOOP ( 'NONE', ( #188, #394, #64, #1889 ) ) ;
#1401 = CARTESIAN_POINT ( 'NONE',  ( 0.3750000000000000600, -0.05800000000000003800, -0.05800000000000123100 ) ) ;
#1402 = EDGE_LOOP ( 'NONE', ( #1936, #1053, #1243, #122 ) ) ;
#1403 = EDGE_CURVE ( 'NONE', #18, #980, #1567, .T. ) ;
#1404 = AXIS2_PLACEMENT_3D ( 'NONE', #1034, #1790, #877 ) ;
#1405 = CARTESIAN_POINT ( 'NONE',  ( 0.1250000000000000000, -0.05800000000000003800, 0.05800000000000485300 ) ) ;
#1406 = LINE ( 'NONE', #659, #1129 ) ;
#1407 = ORIENTED_EDGE ( 'NONE', *, *, #1268, .T. ) ;
#1408 = VERTEX_POINT ( 'NONE', #1188 ) ;
#1409 = VECTOR ( 'NONE', #171, 39.37007874015748100 ) ;
#1410 = AXIS2_PLACEMENT_3D ( 'NONE', #1386, #620, #185 ) ;
#1411 = EDGE_CURVE ( 'NONE', #152, #974, #666, .T. ) ;
#1412 = CARTESIAN_POINT ( 'NONE',  ( 0.1249999999999999600, -0.01631930022541696100, 0.02868240645679342700 ) ) ;
#1413 = VECTOR ( 'NONE', #1718, 39.37007874015748100 ) ;
#1414 = UNCERTAINTY_MEASURE_WITH_UNIT (LENGTH_MEASURE( 1.000000000000000100E-005 ), #514, 'distance_accuracy_value', 'NONE');
#1415 = ORIENTED_EDGE ( 'NONE', *, *, #1166, .F. ) ;
#1416 = EDGE_CURVE ( 'NONE', #898, #1276, #14, .T. ) ;
#1417 = CARTESIAN_POINT ( 'NONE',  ( 0.1249999999999999600, 0.0000000000000000000, 0.0000000000000000000 ) ) ;
#1418 = CIRCLE ( 'NONE', #839, 0.03168000000000058300 ) ;
#1419 = ORIENTED_EDGE ( 'NONE', *, *, #61, .F. ) ;
#1420 = ORIENTED_EDGE ( 'NONE', *, *, #368, .F. ) ;
#1421 = CYLINDRICAL_SURFACE ( 'NONE', #1068, 0.03299999999999999500 ) ;
#1422 = ORIENTED_EDGE ( 'NONE', *, *, #1230, .T. ) ;
#1423 =( NAMED_UNIT ( * ) SI_UNIT ( $, .STERADIAN. ) SOLID_ANGLE_UNIT ( ) );
#1424 = DIRECTION ( 'NONE',  ( 0.0000000000000000000, 0.0000000000000000000, 1.000000000000000000 ) ) ;
#1425 = EDGE_LOOP ( 'NONE', ( #616, #312, #726, #658 ) ) ;
#1426 = EDGE_LOOP ( 'NONE', ( #1213, #1046, #704, #1734 ) ) ;
#1427 = AXIS2_PLACEMENT_3D ( 'NONE', #602, #1814, #1355 ) ;
#1428 = VECTOR ( 'NONE', #1348, 39.37007874015747400 ) ;
#1429 = CARTESIAN_POINT ( 'NONE',  ( 0.2189999999999999700, -0.03299999999999999500, 0.1880000000000000300 ) ) ;
#1430 = ORIENTED_EDGE ( 'NONE', *, *, #254, .F. ) ;
#1431 = VECTOR ( 'NONE', #422, 39.37007874015748100 ) ;
#1432 = AXIS2_PLACEMENT_3D ( 'NONE', #1750, #541, #1919 ) ;
#1433 = EDGE_CURVE ( 'NONE', #504, #1408, #345, .T. ) ;
#1434 = CYLINDRICAL_SURFACE ( 'NONE', #563, 0.04300000000000001000 ) ;
#1435 = CARTESIAN_POINT ( 'NONE',  ( -0.1250000000000000000, -0.05800000000000003800, 0.05800000000000489500 ) ) ;
#1436 = DIRECTION ( 'NONE',  ( 0.0000000000000000000, 1.000000000000000000, 0.0000000000000000000 ) ) ;
#1437 = ORIENTED_EDGE ( 'NONE', *, *, #1955, .F. ) ;
#1438 = EDGE_LOOP ( 'NONE', ( #449, #507 ) ) ;
#1439 = EDGE_CURVE ( 'NONE', #1533, #45, #714, .T. ) ;
#1440 = CARTESIAN_POINT ( 'NONE',  ( -0.1249999999999999600, 3.158699242674304300E-015, -1.886682520624381900E-015 ) ) ;
#1441 = DIRECTION ( 'NONE',  ( 1.000000000000000000, 0.0000000000000000000, 0.0000000000000000000 ) ) ;
#1442 = ADVANCED_FACE ( 'NONE', ( #1356 ), #1799, .F. ) ;
#1443 = ORIENTED_EDGE ( 'NONE', *, *, #1041, .T. ) ;
#1444 = VECTOR ( 'NONE', #1190, 39.37007874015748100 ) ;
#1445 = DIRECTION ( 'NONE',  ( 0.0000000000000000000, 0.7547095802227710100, 0.6560590289905083900 ) ) ;
#1446 = ORIENTED_EDGE ( 'NONE', *, *, #1433, .T. ) ;
#1447 = EDGE_LOOP ( 'NONE', ( #646, #673, #958, #1160 ) ) ;
#1448 = PLANE ( 'NONE',  #596 ) ;
#1449 = DIRECTION ( 'NONE',  ( -1.000000000000000000, -0.0000000000000000000, -0.0000000000000000000 ) ) ;
#1450 = CIRCLE ( 'NONE', #1692, 0.03299999999999999500 ) ;
#1451 = ORIENTED_EDGE ( 'NONE', *, *, #126, .T. ) ;
#1452 = CIRCLE ( 'NONE', #1716, 0.03299999999999999500 ) ;
#1453 = ORIENTED_EDGE ( 'NONE', *, *, #875, .T. ) ;
#1454 = CARTESIAN_POINT ( 'NONE',  ( -0.3750000000000000600, -0.01631930022541694700, -0.02868240645679343400 ) ) ;
#1455 = DIRECTION ( 'NONE',  ( -1.000000000000000000, 0.0000000000000000000, 1.707404996040164800E-016 ) ) ;
#1456 = CC_DESIGN_PERSON_AND_ORGANIZATION_ASSIGNMENT ( #1709, #1892, ( #549 ) ) ;
#1457 = CONICAL_SURFACE ( 'NONE', #200, 0.06299999999999998700, 0.7155849933176765500 ) ;
#1458 = VERTEX_POINT ( 'NONE', #451 ) ;
#1459 = DIRECTION ( 'NONE',  ( 0.0000000000000000000, -1.090993607693395700E-016, 1.000000000000000000 ) ) ;
#1460 = DIRECTION ( 'NONE',  ( -0.0000000000000000000, 1.000000000000000000, 6.123233995736765300E-016 ) ) ;
#1461 = CARTESIAN_POINT ( 'NONE',  ( 0.3750000000000000600, -0.01631930022541696500, 0.02868240645679342700 ) ) ;
#1462 = CARTESIAN_POINT ( 'NONE',  ( -0.2190000000000000300, -0.03299999999999988400, -0.1880000000000000800 ) ) ;
#1463 = VECTOR ( 'NONE', #552, 39.37007874015747400 ) ;
#1464 = AXIS2_PLACEMENT_3D ( 'NONE', #1149, #1290, #1763 ) ;
#1465 = ORIENTED_EDGE ( 'NONE', *, *, #736, .F. ) ;
#1466 = DIRECTION ( 'NONE',  ( 0.0000000000000000000, 0.0000000000000000000, -1.000000000000000000 ) ) ;
#1467 = DIRECTION ( 'NONE',  ( 0.0000000000000000000, -6.097874985857732100E-016, 1.000000000000000000 ) ) ;
#1468 = ORIENTED_EDGE ( 'NONE', *, *, #1839, .F. ) ;
#1469 = FACE_OUTER_BOUND ( 'NONE', #470, .T. ) ;
#1470 = VERTEX_POINT ( 'NONE', #1807 ) ;
#1471 = DIRECTION ( 'NONE',  ( -0.7071067811865360300, 0.0000000000000000000, 0.7071067811865589000 ) ) ;
#1472 = CARTESIAN_POINT ( 'NONE',  ( 0.1250000000000000300, -0.03299999999999999500, 0.3130000000000000600 ) ) ;
#1473 = AXIS2_PLACEMENT_3D ( 'NONE', #1028, #132, #1187 ) ;
#1474 = AXIS2_PLACEMENT_3D ( 'NONE', #1561, #346, #1869 ) ;
#1475 = ADVANCED_FACE ( 'NONE', ( #1901 ), #1294, .T. ) ;
#1476 = VERTEX_POINT ( 'NONE', #599 ) ;
#1477 = CARTESIAN_POINT ( 'NONE',  ( 0.1245000000000006100, -0.03299999999999980700, -0.3130000000000000000 ) ) ;
#1478 = EDGE_CURVE ( 'NONE', #99, #490, #1713, .T. ) ;
#1479 = DIRECTION ( 'NONE',  ( 0.0000000000000000000, 0.0000000000000000000, -1.000000000000000000 ) ) ;
#1480 = EDGE_LOOP ( 'NONE', ( #466, #1238, #472, #215, #321, #1911, #230, #10, #195, #1535 ) ) ;
#1481 = DIRECTION ( 'NONE',  ( 1.000000000000000000, 0.0000000000000000000, 0.0000000000000000000 ) ) ;
#1482 = DIRECTION ( 'NONE',  ( -0.0000000000000000000, 0.8691638320240432400, 0.4945242492550601100 ) ) ;
#1483 = DIRECTION ( 'NONE',  ( 0.0000000000000000000, 0.0000000000000000000, 1.000000000000000000 ) ) ;
#1484 = FACE_OUTER_BOUND ( 'NONE', #22, .T. ) ;
#1485 = EDGE_CURVE ( 'NONE', #1512, #163, #1155, .T. ) ;
#1486 = ORIENTED_EDGE ( 'NONE', *, *, #526, .T. ) ;
#1487 = DIRECTION ( 'NONE',  ( -3.407994004072192000E-017, 0.0000000000000000000, -1.000000000000000000 ) ) ;
#1488 = CARTESIAN_POINT ( 'NONE',  ( -0.2190000000000000300, -0.05800000000000021800, -0.1880000000000000800 ) ) ;
#1489 = CARTESIAN_POINT ( 'NONE',  ( -0.3750000000000000600, 3.158699242674303500E-015, 1.886682520624383900E-015 ) ) ;
#1490 = DIRECTION ( 'NONE',  ( 0.0000000000000000000, -1.000000000000000000, 0.0000000000000000000 ) ) ;
#1491 = CARTESIAN_POINT ( 'NONE',  ( 0.3750000000000000600, 4.041334437186263600E-018, -0.03299999999999999500 ) ) ;
#1492 = CIRCLE ( 'NONE', #255, 0.05800000000000311900 ) ;
#1493 = VERTEX_POINT ( 'NONE', #438 ) ;
#1494 = DIRECTION ( 'NONE',  ( 1.000000000000000000, 0.0000000000000000000, -1.471900858655189700E-016 ) ) ;
#1495 = CARTESIAN_POINT ( 'NONE',  ( -0.2190000000000000300, -0.05800000000000021800, -0.1880000000000000800 ) ) ;
#1496 = DIRECTION ( 'NONE',  ( 0.0000000000000000000, 0.0000000000000000000, 1.000000000000000000 ) ) ;
#1497 = CARTESIAN_POINT ( 'NONE',  ( -0.3750000000000000600, -0.05799999999999996100, -1.458491041282232100E-016 ) ) ;
#1498 = ADVANCED_FACE ( 'NONE', ( #295 ), #1044, .F. ) ;
#1499 = CIRCLE ( 'NONE', #1141, 0.03299999999999999500 ) ;
#1500 = DIRECTION ( 'NONE',  ( -1.000000000000000000, -0.0000000000000000000, 0.0000000000000000000 ) ) ;
#1501 = ORIENTED_EDGE ( 'NONE', *, *, #523, .T. ) ;
#1502 = ORIENTED_EDGE ( 'NONE', *, *, #1315, .T. ) ;
#1503 = CARTESIAN_POINT ( 'NONE',  ( -0.2190000000000000300, -0.05299999999999978300, -0.1880000000000000800 ) ) ;
#1504 = PLANE ( 'NONE',  #487 ) ;
#1505 = VECTOR ( 'NONE', #1020, 39.37007874015748100 ) ;
#1506 = DIRECTION ( 'NONE',  ( 0.0000000000000000000, 0.0000000000000000000, -1.000000000000000000 ) ) ;
#1507 = EDGE_CURVE ( 'NONE', #99, #1703, #260, .T. ) ;
#1508 = APPROVAL ( #380, 'UNSPECIFIED' ) ;
#1509 = CARTESIAN_POINT ( 'NONE',  ( -0.1249999999999999600, -0.01631930022541699600, 0.02868240645679348200 ) ) ;
#1510 = CARTESIAN_POINT ( 'NONE',  ( -0.2190000000000000800, -0.05800000000000003800, 0.1880000000000000800 ) ) ;
#1511 = CONICAL_SURFACE ( 'NONE', #548, 0.06299999999999998700, 0.7155849933176765500 ) ;
#1512 = VERTEX_POINT ( 'NONE', #118 ) ;
#1513 = DIRECTION ( 'NONE',  ( -0.0000000000000000000, 1.000000000000000000, -0.0000000000000000000 ) ) ;
#1514 = DIRECTION ( 'NONE',  ( -1.000000000000000000, -0.0000000000000000000, 1.471900858655189700E-016 ) ) ;
#1515 = LINE ( 'NONE', #770, #1102 ) ;
#1516 = ORIENTED_EDGE ( 'NONE', *, *, #1384, .F. ) ;
#1517 = ORIENTED_EDGE ( 'NONE', *, *, #1645, .T. ) ;
#1518 = DIRECTION ( 'NONE',  ( -1.000000000000000000, -0.0000000000000000000, -0.0000000000000000000 ) ) ;
#1519 = EDGE_CURVE ( 'NONE', #508, #1168, #1499, .T. ) ;
#1520 = AXIS2_PLACEMENT_3D ( 'NONE', #446, #1800, #571 ) ;
#1521 = CARTESIAN_POINT ( 'NONE',  ( 0.3750000000000000600, 0.0000000000000000000, 0.03299999999999999500 ) ) ;
#1522 = VECTOR ( 'NONE', #1712, 39.37007874015748100 ) ;
#1523 = EDGE_LOOP ( 'NONE', ( #1446, #1148, #485, #820 ) ) ;
#1524 = AXIS2_PLACEMENT_3D ( 'NONE', #1744, #1738, #1274 ) ;
#1525 = COORDINATED_UNIVERSAL_TIME_OFFSET ( 6, 0, .BEHIND. ) ;
#1526 = EDGE_CURVE ( 'NONE', #1619, #1568, #1112, .T. ) ;
#1527 = CARTESIAN_POINT ( 'NONE',  ( 0.3750000000000000600, 0.0000000000000000000, 0.0000000000000000000 ) ) ;
#1528 = DIRECTION ( 'NONE',  ( -1.471900858655189700E-016, 0.0000000000000000000, -1.000000000000000000 ) ) ;
#1529 = DIRECTION ( 'NONE',  ( 0.0000000000000000000, 0.0000000000000000000, 1.000000000000000000 ) ) ;
#1530 = CIRCLE ( 'NONE', #1001, 0.03299999999999999500 ) ;
#1531 = ORIENTED_EDGE ( 'NONE', *, *, #362, .T. ) ;
#1532 = EDGE_CURVE ( 'NONE', #1168, #978, #1880, .T. ) ;
#1533 = VERTEX_POINT ( 'NONE', #144 ) ;
#1534 = VECTOR ( 'NONE', #1686, 39.37007874015748900 ) ;
#1535 = ORIENTED_EDGE ( 'NONE', *, *, #665, .F. ) ;
#1536 = CARTESIAN_POINT ( 'NONE',  ( -0.2190000000000000800, -0.05600736814442013000, 0.1880000000000000800 ) ) ;
#1537 = ORIENTED_EDGE ( 'NONE', *, *, #1233, .T. ) ;
#1538 = DIRECTION ( 'NONE',  ( 1.000000000000000000, -0.0000000000000000000, 0.0000000000000000000 ) ) ;
#1539 = ADVANCED_FACE ( 'NONE', ( #1863 ), #1942, .F. ) ;
#1540 = ORIENTED_EDGE ( 'NONE', *, *, #1890, .F. ) ;
#1541 = EDGE_LOOP ( 'NONE', ( #1909, #1843, #855, #1820 ) ) ;
#1542 = DIRECTION ( 'NONE',  ( 0.0000000000000000000, 0.0000000000000000000, 1.000000000000000000 ) ) ;
#1543 = CARTESIAN_POINT ( 'NONE',  ( 0.1245000000000006100, 3.194213999849578800E-015, -0.05800000000000123100 ) ) ;
#1544 = FACE_OUTER_BOUND ( 'NONE', #1425, .T. ) ;
#1545 = ORIENTED_EDGE ( 'NONE', *, *, #975, .T. ) ;
#1546 = DIRECTION ( 'NONE',  ( 1.000000000000000000, -0.0000000000000000000, 0.0000000000000000000 ) ) ;
#1547 = CONICAL_SURFACE ( 'NONE', #399, 0.06299999999999998700, 0.7853981633974500600 ) ;
#1548 = VERTEX_POINT ( 'NONE', #1652 ) ;
#1549 = AXIS2_PLACEMENT_3D ( 'NONE', #543, #554, #993 ) ;
#1550 = EDGE_CURVE ( 'NONE', #1791, #152, #502, .T. ) ;
#1551 = CARTESIAN_POINT ( 'NONE',  ( -0.3750000000000000600, -0.02868240645679337800, -0.05041150225739441500 ) ) ;
#1552 = LINE ( 'NONE', #325, #1159 ) ;
#1553 = ORIENTED_EDGE ( 'NONE', *, *, #603, .T. ) ;
#1554 = EDGE_CURVE ( 'NONE', #1397, #1699, #911, .T. ) ;
#1555 = ORIENTED_EDGE ( 'NONE', *, *, #492, .F. ) ;
#1556 = DIRECTION ( 'NONE',  ( 0.0000000000000000000, 0.0000000000000000000, 1.000000000000000000 ) ) ;
#1557 = DIRECTION ( 'NONE',  ( 0.0000000000000000000, 6.123233995736768300E-016, -1.000000000000000000 ) ) ;
#1558 = VECTOR ( 'NONE', #1950, 39.37007874015748100 ) ;
#1559 = LINE ( 'NONE', #351, #1853 ) ;
#1560 = ORIENTED_EDGE ( 'NONE', *, *, #1519, .T. ) ;
#1561 = CARTESIAN_POINT ( 'NONE',  ( 0.3750000000000000600, -0.01631930022541696500, 0.02868240645679342700 ) ) ;
#1562 = DIRECTION ( 'NONE',  ( -0.0000000000000000000, 1.000000000000000000, -0.0000000000000000000 ) ) ;
#1563 = LINE ( 'NONE', #1145, #739 ) ;
#1564 = ORIENTED_EDGE ( 'NONE', *, *, #1859, .T. ) ;
#1565 = DIRECTION ( 'NONE',  ( 0.0000000000000000000, -5.032240388043372200E-016, 1.000000000000000000 ) ) ;
#1566 = PRODUCT_RELATED_PRODUCT_CATEGORY ( 'detail', '', ( #924 ) ) ;
#1567 = LINE ( 'NONE', #1040, #932 ) ;
#1568 = VERTEX_POINT ( 'NONE', #1689 ) ;
#1569 = APPROVAL_ROLE ( '' ) ;
#1570 = EDGE_LOOP ( 'NONE', ( #550, #105, #1580, #462 ) ) ;
#1571 = CIRCLE ( 'NONE', #54, 0.04299999999999999000 ) ;
#1572 = ORIENTED_EDGE ( 'NONE', *, *, #1216, .T. ) ;
#1573 = ORIENTED_EDGE ( 'NONE', *, *, #1230, .F. ) ;
#1574 = AXIS2_PLACEMENT_3D ( 'NONE', #1008, #1297, #1467 ) ;
#1575 = ORIENTED_EDGE ( 'NONE', *, *, #1651, .F. ) ;
#1576 = ORIENTED_EDGE ( 'NONE', *, *, #1170, .F. ) ;
#1577 = CIRCLE ( 'NONE', #781, 0.03167999999999928500 ) ;
#1578 = EDGE_CURVE ( 'NONE', #1875, #504, #850, .T. ) ;
#1579 = AXIS2_PLACEMENT_3D ( 'NONE', #758, #1494, #744 ) ;
#1580 = ORIENTED_EDGE ( 'NONE', *, *, #1398, .T. ) ;
#1581 = EDGE_CURVE ( 'NONE', #315, #881, #199, .T. ) ;
#1582 = CARTESIAN_POINT ( 'NONE',  ( 0.3750000000000000600, 3.158699242674304300E-015, 0.05800000000000123100 ) ) ;
#1583 = EDGE_CURVE ( 'NONE', #1260, #936, #1072, .T. ) ;
#1584 = COORDINATED_UNIVERSAL_TIME_OFFSET ( 6, 0, .BEHIND. ) ;
#1585 = CARTESIAN_POINT ( 'NONE',  ( -0.3750000000000000600, -0.05799999999999996100, 1.103343469529499800E-016 ) ) ;
#1586 = DIRECTION ( 'NONE',  ( 0.0000000000000000000, -5.956063939674991000E-016, 1.000000000000000000 ) ) ;
#1587 = LINE ( 'NONE', #775, #1182 ) ;
#1588 = VECTOR ( 'NONE', #138, 39.37007874015748100 ) ;
#1589 = DIRECTION ( 'NONE',  ( 0.0000000000000000000, 0.0000000000000000000, 1.000000000000000000 ) ) ;
#1590 = DIRECTION ( 'NONE',  ( 1.000000000000000000, -0.0000000000000000000, 0.0000000000000000000 ) ) ;
#1591 = ORIENTED_EDGE ( 'NONE', *, *, #915, .T. ) ;
#1592 = CARTESIAN_POINT ( 'NONE',  ( 0.3750000000000000600, 0.0000000000000000000, 0.0000000000000000000 ) ) ;
#1593 = CIRCLE ( 'NONE', #1372, 0.05800000000000311900 ) ;
#1594 = CARTESIAN_POINT ( 'NONE',  ( 0.2189999999999999700, -0.05299999999999981100, -0.1450000000000000500 ) ) ;
#1595 = CARTESIAN_POINT ( 'NONE',  ( 0.2189999999999999700, -0.05800000000000021800, -0.1880000000000000600 ) ) ;
#1596 = VECTOR ( 'NONE', #134, 39.37007874015748100 ) ;
#1597 = ORIENTED_EDGE ( 'NONE', *, *, #941, .F. ) ;
#1598 = AXIS2_PLACEMENT_3D ( 'NONE', #1939, #100, #873 ) ;
#1599 = DIRECTION ( 'NONE',  ( 0.0000000000000000000, 0.0000000000000000000, 1.000000000000000000 ) ) ;
#1600 = DIRECTION ( 'NONE',  ( 0.0000000000000000000, 0.0000000000000000000, -1.000000000000000000 ) ) ;
#1601 = ADVANCED_FACE ( 'NONE', ( #1399 ), #120, .T. ) ;
#1602 = VECTOR ( 'NONE', #995, 39.37007874015748100 ) ;
#1603 = DIRECTION ( 'NONE',  ( -0.0000000000000000000, 1.000000000000000000, -0.0000000000000000000 ) ) ;
#1604 = ORIENTED_EDGE ( 'NONE', *, *, #969, .T. ) ;
#1605 = APPROVAL_DATE_TIME ( #37, #960 ) ;
#1606 = AXIS2_PLACEMENT_3D ( 'NONE', #1369, #1070, #1373 ) ;
#1607 = DIRECTION ( 'NONE',  ( -1.000000000000000000, -0.0000000000000000000, -0.0000000000000000000 ) ) ;
#1608 = VECTOR ( 'NONE', #1174, 39.37007874015748100 ) ;
#1609 = CARTESIAN_POINT ( 'NONE',  ( -0.2190000000000000800, -0.05600736814442013000, 0.2310000000000000700 ) ) ;
#1610 = AXIS2_PLACEMENT_3D ( 'NONE', #360, #63, #1860 ) ;
#1611 = ADVANCED_FACE ( 'NONE', ( #318 ), #1636, .F. ) ;
#1612 = ORIENTED_EDGE ( 'NONE', *, *, #523, .F. ) ;
#1613 = LINE ( 'NONE', #130, #882 ) ;
#1614 = EDGE_CURVE ( 'NONE', #414, #341, #880, .T. ) ;
#1615 = CARTESIAN_POINT ( 'NONE',  ( 0.3750000000000000600, -0.03299999999999999500, -8.388830574159370600E-017 ) ) ;
#1616 = ORIENTED_EDGE ( 'NONE', *, *, #1583, .F. ) ;
#1617 = DIRECTION ( 'NONE',  ( 0.0000000000000000000, -0.4945242492550600600, 0.8691638320240431300 ) ) ;
#1618 = DIRECTION ( 'NONE',  ( 0.0000000000000000000, 0.0000000000000000000, 1.000000000000000000 ) ) ;
#1619 = VERTEX_POINT ( 'NONE', #1234 ) ;
#1620 = EDGE_CURVE ( 'NONE', #836, #213, #1271, .T. ) ;
#1621 = ORIENTED_EDGE ( 'NONE', *, *, #1645, .F. ) ;
#1622 = VERTEX_POINT ( 'NONE', #20 ) ;
#1623 = ADVANCED_BREP_SHAPE_REPRESENTATION ( '1603A2_Surface-Mount Hinge with Holes', ( #24, #166, #1773, #427 ), #364 ) ;
#1624 = VECTOR ( 'NONE', #1200, 39.37007874015748100 ) ;
#1625 = DIRECTION ( 'NONE',  ( 1.000000000000000000, 0.0000000000000000000, -0.0000000000000000000 ) ) ;
#1626 = ADVANCED_FACE ( 'NONE', ( #829 ), #1229, .T. ) ;
#1627 = CARTESIAN_POINT ( 'NONE',  ( -0.1250000000000000000, -0.03299999999999999500, 0.05800000000000489500 ) ) ;
#1628 = CARTESIAN_POINT ( 'NONE',  ( 0.3750000000000000600, -0.05799999999999985000, -0.3130000000000000600 ) ) ;
#1629 = DIRECTION ( 'NONE',  ( 0.0000000000000000000, -1.000000000000000000, -6.123233995736765300E-016 ) ) ;
#1630 = DIRECTION ( 'NONE',  ( 0.0000000000000000000, 0.0000000000000000000, 1.000000000000000000 ) ) ;
#1631 = CARTESIAN_POINT ( 'NONE',  ( 0.1249999999999999600, 0.0000000000000000000, 0.0000000000000000000 ) ) ;
#1632 = DIRECTION ( 'NONE',  ( 1.471900858655189700E-016, 0.0000000000000000000, 1.000000000000000000 ) ) ;
#1633 = ADVANCED_FACE ( 'NONE', ( #1953 ), #39, .T. ) ;
#1634 = DIRECTION ( 'NONE',  ( -1.000000000000000000, 0.0000000000000000000, 0.0000000000000000000 ) ) ;
#1635 = DIRECTION ( 'NONE',  ( 1.000000000000000000, -0.0000000000000000000, 0.0000000000000000000 ) ) ;
#1636 = CYLINDRICAL_SURFACE ( 'NONE', #1376, 0.03299999999999999500 ) ;
#1637 = AXIS2_PLACEMENT_3D ( 'NONE', #1064, #621, #1228 ) ;
#1638 = CARTESIAN_POINT ( 'NONE',  ( 0.3750000000000000600, 0.0000000000000000000, 0.0000000000000000000 ) ) ;
#1639 = VECTOR ( 'NONE', #1667, 39.37007874015748100 ) ;
#1640 = DIRECTION ( 'NONE',  ( -1.000000000000000000, -0.0000000000000000000, -0.0000000000000000000 ) ) ;
#1641 = DIRECTION ( 'NONE',  ( 8.659560562354948900E-017, 0.7071067811865468000, -0.7071067811865483500 ) ) ;
#1642 = EDGE_CURVE ( 'NONE', #504, #1257, #1587, .T. ) ;
#1643 = VERTEX_POINT ( 'NONE', #174 ) ;
#1644 = CARTESIAN_POINT ( 'NONE',  ( -0.3750000000000000600, -0.03299999999999980700, -0.3130000000000000000 ) ) ;
#1645 = EDGE_CURVE ( 'NONE', #1622, #1791, #796, .T. ) ;
#1646 = DIRECTION ( 'NONE',  ( 0.0000000000000000000, 0.0000000000000000000, -1.000000000000000000 ) ) ;
#1647 = ADVANCED_FACE ( 'NONE', ( #517 ), #1050, .T. ) ;
#1648 = ORIENTED_EDGE ( 'NONE', *, *, #784, .F. ) ;
#1649 = CARTESIAN_POINT ( 'NONE',  ( 0.1245000000000006100, 3.158699242674303500E-015, 1.886682520624383900E-015 ) ) ;
#1650 = FACE_OUTER_BOUND ( 'NONE', #1222, .T. ) ;
#1651 = EDGE_CURVE ( 'NONE', #1062, #1168, #434, .T. ) ;
#1652 = CARTESIAN_POINT ( 'NONE',  ( 0.2189999999999999700, -0.05800000000000003800, 0.2310000000000000100 ) ) ;
#1653 = CARTESIAN_POINT ( 'NONE',  ( 0.3750000000000000600, -0.05799999999999996100, -1.458491041282232100E-016 ) ) ;
#1654 = LINE ( 'NONE', #1551, #1804 ) ;
#1655 = ORIENTED_EDGE ( 'NONE', *, *, #1201, .T. ) ;
#1656 = DIRECTION ( 'NONE',  ( 1.000000000000000000, 0.0000000000000000000, -1.471900858655283400E-016 ) ) ;
#1657 = CARTESIAN_POINT ( 'NONE',  ( -0.2190000000000000300, -0.05800000000000019000, -0.2310000000000000700 ) ) ;
#1658 = AXIS2_PLACEMENT_3D ( 'NONE', #370, #1110, #488 ) ;
#1659 = CARTESIAN_POINT ( 'NONE',  ( -0.3750000000000000600, -0.05799999999999985000, -0.3130000000000000600 ) ) ;
#1660 = ADVANCED_FACE ( 'NONE', ( #124 ), #1695, .F. ) ;
#1661 = FACE_OUTER_BOUND ( 'NONE', #1708, .T. ) ;
#1662 = ORIENTED_EDGE ( 'NONE', *, *, #169, .F. ) ;
#1663 = DIRECTION ( 'NONE',  ( -1.000000000000000000, -0.0000000000000000000, 1.471900858655283400E-016 ) ) ;
#1664 = CARTESIAN_POINT ( 'NONE',  ( 0.2189999999999999700, -0.05299999999999978300, -0.1880000000000000600 ) ) ;
#1665 = CALENDAR_DATE ( 2024, 17, 12 ) ;
#1666 = DIRECTION ( 'NONE',  ( 0.0000000000000000000, 0.7071067811865459100, 0.7071067811865492400 ) ) ;
#1667 = DIRECTION ( 'NONE',  ( -1.000000000000000000, -0.0000000000000000000, -0.0000000000000000000 ) ) ;
#1668 = CARTESIAN_POINT ( 'NONE',  ( 0.3750000000000000600, 4.041334437186263600E-018, -0.03299999999999999500 ) ) ;
#1669 = PERSON ( 'UNSPECIFIED', 'UNSPECIFIED', 'UNSPECIFIED', ('UNSPECIFIED'), ('UNSPECIFIED'), ('UNSPECIFIED') ) ;
#1670 = LINE ( 'NONE', #854, #814 ) ;
#1671 = CARTESIAN_POINT ( 'NONE',  ( 0.3750000000000000600, 0.0000000000000000000, 0.0000000000000000000 ) ) ;
#1672 = DIRECTION ( 'NONE',  ( -1.000000000000000000, -0.0000000000000000000, -0.0000000000000000000 ) ) ;
#1673 = ORIENTED_EDGE ( 'NONE', *, *, #48, .T. ) ;
#1674 = CONICAL_SURFACE ( 'NONE', #1574, 0.06299999999999998700, 0.7853981633974500600 ) ;
#1675 = DIRECTION ( 'NONE',  ( 0.0000000000000000000, -1.000000000000000000, -6.123233995736768300E-016 ) ) ;
#1676 = ORIENTED_EDGE ( 'NONE', *, *, #612, .F. ) ;
#1677 = CARTESIAN_POINT ( 'NONE',  ( 0.2189999999999999700, -0.05600736814442008900, 0.2310000000000000100 ) ) ;
#1678 = EDGE_LOOP ( 'NONE', ( #388, #1100, #1553, #483 ) ) ;
#1679 = CC_DESIGN_APPROVAL ( #1032, ( #549 ) ) ;
#1680 = CARTESIAN_POINT ( 'NONE',  ( 0.1249999999999999600, -0.02868240645679340200, 0.05041150225739440100 ) ) ;
#1681 = ORIENTED_EDGE ( 'NONE', *, *, #337, .T. ) ;
#1682 = CIRCLE ( 'NONE', #1404, 0.03300000000000000200 ) ;
#1683 = EDGE_LOOP ( 'NONE', ( #1501, #1817 ) ) ;
#1684 = DIRECTION ( 'NONE',  ( 0.0000000000000000000, 1.000000000000000000, 6.123233995736765300E-016 ) ) ;
#1685 = ORIENTED_EDGE ( 'NONE', *, *, #226, .F. ) ;
#1686 = DIRECTION ( 'NONE',  ( -0.7071067811865360300, 8.659560562355072100E-017, -0.7071067811865589000 ) ) ;
#1687 = CIRCLE ( 'NONE', #1024, 0.04299999999999999000 ) ;
#1688 = AXIS2_PLACEMENT_3D ( 'NONE', #1184, #755, #1025 ) ;
#1689 = CARTESIAN_POINT ( 'NONE',  ( 0.3736800000000006800, 4.041334437186265100E-018, -0.03300000000000000200 ) ) ;
#1690 = CARTESIAN_POINT ( 'NONE',  ( -0.3750000000000000600, -0.05800000000000000300, -8.388830574159370600E-017 ) ) ;
#1691 = CARTESIAN_POINT ( 'NONE',  ( 0.3750000000000000600, -0.03299999999999999500, 0.3130000000000000000 ) ) ;
#1692 = AXIS2_PLACEMENT_3D ( 'NONE', #1357, #765, #772 ) ;
#1693 = EDGE_CURVE ( 'NONE', #692, #1203, #698, .T. ) ;
#1694 = DIRECTION ( 'NONE',  ( 0.0000000000000000000, 0.0000000000000000000, 1.000000000000000000 ) ) ;
#1695 = CYLINDRICAL_SURFACE ( 'NONE', #1760, 0.03299999999999999500 ) ;
#1696 = ORIENTED_EDGE ( 'NONE', *, *, #1964, .T. ) ;
#1697 = EDGE_CURVE ( 'NONE', #1699, #1875, #1406, .T. ) ;
#1698 = CIRCLE ( 'NONE', #499, 0.03168000000000058300 ) ;
#1699 = VERTEX_POINT ( 'NONE', #1211 ) ;
#1700 = CARTESIAN_POINT ( 'NONE',  ( -0.3749999999999995000, -0.05800000000000003800, -0.05800000000000122400 ) ) ;
#1701 = CARTESIAN_POINT ( 'NONE',  ( -0.2190000000000000300, -0.03299999999999991800, -0.1250000000000001100 ) ) ;
#1702 = LINE ( 'NONE', #272, #580 ) ;
#1703 = VERTEX_POINT ( 'NONE', #1412 ) ;
#1704 = LINE ( 'NONE', #1904, #244 ) ;
#1705 = VECTOR ( 'NONE', #1830, 39.37007874015748100 ) ;
#1706 = VERTEX_POINT ( 'NONE', #1245 ) ;
#1707 = LINE ( 'NONE', #1405, #9 ) ;
#1708 = EDGE_LOOP ( 'NONE', ( #1082, #1612, #1938, #607 ) ) ;
#1709 = PERSON_AND_ORGANIZATION ( #1669, #1267 ) ;
#1710 = EDGE_CURVE ( 'NONE', #1745, #315, #766, .T. ) ;
#1711 = EDGE_LOOP ( 'NONE', ( #206, #25, #857, #851, #1468, #522, #1352, #964, #1872, #809 ) ) ;
#1712 = DIRECTION ( 'NONE',  ( -1.000000000000000000, -0.0000000000000000000, -0.0000000000000000000 ) ) ;
#1713 = CIRCLE ( 'NONE', #344, 0.03299999999999999500 ) ;
#1714 = EDGE_LOOP ( 'NONE', ( #591, #1138, #498, #740 ) ) ;
#1715 = LINE ( 'NONE', #895, #778 ) ;
#1716 = AXIS2_PLACEMENT_3D ( 'NONE', #482, #1226, #310 ) ;
#1717 = ORIENTED_EDGE ( 'NONE', *, *, #1210, .T. ) ;
#1718 = DIRECTION ( 'NONE',  ( -1.000000000000000000, -0.0000000000000000000, -0.0000000000000000000 ) ) ;
#1719 = ORIENTED_EDGE ( 'NONE', *, *, #1614, .T. ) ;
#1720 = AXIS2_PLACEMENT_3D ( 'NONE', #1279, #1436, #687 ) ;
#1721 = VERTEX_POINT ( 'NONE', #1854 ) ;
#1722 = LINE ( 'NONE', #316, #1259 ) ;
#1723 = VERTEX_POINT ( 'NONE', #1264 ) ;
#1724 = EDGE_LOOP ( 'NONE', ( #716, #441 ) ) ;
#1725 = EDGE_CURVE ( 'NONE', #494, #1397, #1916, .T. ) ;
#1726 = LINE ( 'NONE', #330, #983 ) ;
#1727 = CARTESIAN_POINT ( 'NONE',  ( -0.1245000000000000300, -0.01631930022541696100, -0.02868240645679346500 ) ) ;
#1728 = EDGE_CURVE ( 'NONE', #1203, #848, #597, .T. ) ;
#1729 = DATE_AND_TIME ( #872, #479 ) ;
#1730 = APPROVAL_ROLE ( '' ) ;
#1731 = LOCAL_TIME ( 9, 27, 27.00000000000000000, #1525 ) ;
#1732 = DIRECTION ( 'NONE',  ( 1.000000000000000000, 0.0000000000000000000, -1.707404996040164500E-016 ) ) ;
#1733 = LINE ( 'NONE', #1472, #405 ) ;
#1734 = ORIENTED_EDGE ( 'NONE', *, *, #1233, .F. ) ;
#1735 = APPROVAL_STATUS ( 'not_yet_approved' ) ;
#1736 = ORIENTED_EDGE ( 'NONE', *, *, #1134, .F. ) ;
#1737 = CIRCLE ( 'NONE', #184, 0.03300000000000000200 ) ;
#1738 = DIRECTION ( 'NONE',  ( -0.0000000000000000000, 1.000000000000000000, -0.0000000000000000000 ) ) ;
#1739 = ORIENTED_EDGE ( 'NONE', *, *, #436, .T. ) ;
#1740 = ADVANCED_FACE ( 'NONE', ( #210 ), #961, .F. ) ;
#1741 = EDGE_LOOP ( 'NONE', ( #1058, #1453 ) ) ;
#1742 = AXIS2_PLACEMENT_3D ( 'NONE', #1488, #582, #128 ) ;
#1743 = APPLICATION_CONTEXT ( 'configuration controlled 3d designs of mechanical parts and assemblies' ) ;
#1744 = CARTESIAN_POINT ( 'NONE',  ( 0.2189999999999999700, -0.03299999999999999500, 0.1880000000000000300 ) ) ;
#1745 = VERTEX_POINT ( 'NONE', #350 ) ;
#1746 = CIRCLE ( 'NONE', #1888, 0.03299999999999999500 ) ;
#1747 = EDGE_CURVE ( 'NONE', #1388, #273, #358, .T. ) ;
#1748 = CIRCLE ( 'NONE', #858, 0.04300000000000001000 ) ;
#1749 = ORIENTED_EDGE ( 'NONE', *, *, #1839, .T. ) ;
#1750 = CARTESIAN_POINT ( 'NONE',  ( 0.3750000000000000600, 3.158699242674304300E-015, -1.886682520624381900E-015 ) ) ;
#1751 = DIRECTION ( 'NONE',  ( -0.0000000000000000000, 1.000000000000000000, 6.123233995736765300E-016 ) ) ;
#1752 = ADVANCED_FACE ( 'NONE', ( #314 ), #847, .F. ) ;
#1753 = EDGE_CURVE ( 'NONE', #1568, #1172, #253, .T. ) ;
#1754 = DIRECTION ( 'NONE',  ( 0.0000000000000000000, 1.000000000000000000, 0.0000000000000000000 ) ) ;
#1755 = EDGE_CURVE ( 'NONE', #819, #1252, #987, .T. ) ;
#1756 = LINE ( 'NONE', #1582, #1602 ) ;
#1757 = ORIENTED_EDGE ( 'NONE', *, *, #1908, .F. ) ;
#1758 = DIRECTION ( 'NONE',  ( -0.0000000000000000000, 1.000000000000000000, -0.0000000000000000000 ) ) ;
#1759 = ORIENTED_EDGE ( 'NONE', *, *, #1293, .T. ) ;
#1760 = AXIS2_PLACEMENT_3D ( 'NONE', #480, #1848, #35 ) ;
#1761 = ADVANCED_FACE ( 'NONE', ( #1776 ), #1116, .F. ) ;
#1762 = CIRCLE ( 'NONE', #1831, 0.06299999999999998700 ) ;
#1763 = DIRECTION ( 'NONE',  ( 0.0000000000000000000, 0.0000000000000000000, 1.000000000000000000 ) ) ;
#1764 = ORIENTED_EDGE ( 'NONE', *, *, #1581, .F. ) ;
#1765 = CARTESIAN_POINT ( 'NONE',  ( 0.1245000000000006100, -0.03299999999999999500, 6.368163355566237400E-017 ) ) ;
#1766 = DIRECTION ( 'NONE',  ( -0.0000000000000000000, 1.000000000000000000, -0.0000000000000000000 ) ) ;
#1767 = CARTESIAN_POINT ( 'NONE',  ( 0.3750000000000000600, 0.0000000000000000000, 0.03300000000000000200 ) ) ;
#1768 = ADVANCED_FACE ( 'NONE', ( #454 ), #1457, .F. ) ;
#1769 = CYLINDRICAL_SURFACE ( 'NONE', #662, 0.05800000000000311900 ) ;
#1770 = ORIENTED_EDGE ( 'NONE', *, *, #1375, .F. ) ;
#1771 = ORIENTED_EDGE ( 'NONE', *, *, #569, .T. ) ;
#1772 = VECTOR ( 'NONE', #42, 39.37007874015748100 ) ;
#1773 = MANIFOLD_SOLID_BREP ( 'Cut-Extrude6', #1846 ) ;
#1774 = CARTESIAN_POINT ( 'NONE',  ( 0.3750000000000000600, 0.0000000000000000000, 0.0000000000000000000 ) ) ;
#1775 = DIRECTION ( 'NONE',  ( 1.000000000000000000, -0.0000000000000000000, -1.471900858655189700E-016 ) ) ;
#1776 = FACE_OUTER_BOUND ( 'NONE', #143, .T. ) ;
#1777 = DIRECTION ( 'NONE',  ( 0.0000000000000000000, 0.0000000000000000000, 1.000000000000000000 ) ) ;
#1778 = CARTESIAN_POINT ( 'NONE',  ( -0.1245000000000000300, 3.158699242674303500E-015, 1.886682520624383900E-015 ) ) ;
#1779 = ADVANCED_FACE ( 'NONE', ( #1895 ), #1547, .F. ) ;
#1780 = AXIS2_PLACEMENT_3D ( 'NONE', #396, #1751, #985 ) ;
#1781 = DIRECTION ( 'NONE',  ( 1.000000000000000000, -0.0000000000000000000, 0.0000000000000000000 ) ) ;
#1782 = CARTESIAN_POINT ( 'NONE',  ( 0.3750000000000000600, -0.05800000000000003800, 0.3130000000000000000 ) ) ;
#1783 = CIRCLE ( 'NONE', #1266, 0.06299999999999998700 ) ;
#1784 = DIRECTION ( 'NONE',  ( 0.0000000000000000000, -6.097874985857732100E-016, 1.000000000000000000 ) ) ;
#1785 = EDGE_CURVE ( 'NONE', #980, #1493, #1707, .T. ) ;
#1786 = EDGE_LOOP ( 'NONE', ( #131, #1798, #1902, #1108 ) ) ;
#1787 = AXIS2_PLACEMENT_3D ( 'NONE', #1595, #382, #1586 ) ;
#1788 = VERTEX_POINT ( 'NONE', #357 ) ;
#1789 = CIRCLE ( 'NONE', #111, 0.03299999999999999500 ) ;
#1790 = DIRECTION ( 'NONE',  ( -1.000000000000000000, 0.0000000000000000000, 0.0000000000000000000 ) ) ;
#1791 = VERTEX_POINT ( 'NONE', #1865 ) ;
#1792 = EDGE_CURVE ( 'NONE', #1703, #750, #1011, .T. ) ;
#1793 = CARTESIAN_POINT ( 'NONE',  ( -0.1245000000000000600, 3.194213999849578800E-015, -0.05800000000000123100 ) ) ;
#1794 = EDGE_LOOP ( 'NONE', ( #296, #1096, #1083, #509 ) ) ;
#1795 = DIRECTION ( 'NONE',  ( 1.000000000000000000, 0.0000000000000000000, 0.0000000000000000000 ) ) ;
#1796 = CARTESIAN_POINT ( 'NONE',  ( -0.1249999999999999600, 3.158699242674304300E-015, -1.886682520624381900E-015 ) ) ;
#1797 = EDGE_CURVE ( 'NONE', #699, #629, #229, .T. ) ;
#1798 = ORIENTED_EDGE ( 'NONE', *, *, #1073, .T. ) ;
#1799 = PLANE ( 'NONE',  #1579 ) ;
#1800 = DIRECTION ( 'NONE',  ( 1.000000000000000000, -0.0000000000000000000, 0.0000000000000000000 ) ) ;
#1801 = CIRCLE ( 'NONE', #900, 0.05800000000000311900 ) ;
#1802 = DIRECTION ( 'NONE',  ( 0.0000000000000000000, 1.000000000000000000, 5.032240388043372200E-016 ) ) ;
#1803 = PLANE ( 'NONE',  #798 ) ;
#1804 = VECTOR ( 'NONE', #52, 39.37007874015748100 ) ;
#1805 = ORIENTED_EDGE ( 'NONE', *, *, #1439, .T. ) ;
#1806 = ADVANCED_FACE ( 'NONE', ( #1393 ), #1876, .F. ) ;
#1807 = CARTESIAN_POINT ( 'NONE',  ( 0.3750000000000000600, -0.03299999999999990400, -0.05800000000000123100 ) ) ;
#1808 = PLANE ( 'NONE',  #1520 ) ;
#1809 = CARTESIAN_POINT ( 'NONE',  ( -0.1249999999999999600, 3.158699242674304300E-015, 0.05800000000000123100 ) ) ;
#1810 = EDGE_LOOP ( 'NONE', ( #989, #1861, #1164, #863 ) ) ;
#1811 = DIRECTION ( 'NONE',  ( 1.000000000000000000, 0.0000000000000000000, -0.0000000000000000000 ) ) ;
#1812 = ORIENTED_EDGE ( 'NONE', *, *, #807, .F. ) ;
#1813 = DIRECTION ( 'NONE',  ( -0.0000000000000000000, -0.0000000000000000000, 1.000000000000000000 ) ) ;
#1814 = DIRECTION ( 'NONE',  ( 1.000000000000000000, -0.0000000000000000000, 0.0000000000000000000 ) ) ;
#1815 = DIRECTION ( 'NONE',  ( -1.471900858655189700E-016, -0.0000000000000000000, -1.000000000000000000 ) ) ;
#1816 = LINE ( 'NONE', #1945, #746 ) ;
#1817 = ORIENTED_EDGE ( 'NONE', *, *, #667, .T. ) ;
#1818 = AXIS2_PLACEMENT_3D ( 'NONE', #1333, #1952, #1039 ) ;
#1819 = CC_DESIGN_DATE_AND_TIME_ASSIGNMENT ( #905, #971, ( #1128 ) ) ;
#1820 = ORIENTED_EDGE ( 'NONE', *, *, #293, .F. ) ;
#1821 = CARTESIAN_POINT ( 'NONE',  ( -0.2190000000000000800, -0.05800000000000003800, 0.2310000000000000700 ) ) ;
#1822 = DIRECTION ( 'NONE',  ( -0.0000000000000000000, 1.000000000000000000, -0.0000000000000000000 ) ) ;
#1823 = DIRECTION ( 'NONE',  ( 0.0000000000000000000, -8.881784197001252300E-016, 1.000000000000000000 ) ) ;
#1824 = CIRCLE ( 'NONE', #32, 0.04299999999999999000 ) ;
#1825 = ORIENTED_EDGE ( 'NONE', *, *, #1305, .T. ) ;
#1826 = ORIENTED_EDGE ( 'NONE', *, *, #121, .T. ) ;
#1827 = AXIS2_PLACEMENT_3D ( 'NONE', #1536, #614, #475 ) ;
#1828 = CARTESIAN_POINT ( 'NONE',  ( -0.1245000000000000300, 3.158699242674303500E-015, 1.886682520624383900E-015 ) ) ;
#1829 = LINE ( 'NONE', #1206, #227 ) ;
#1830 = DIRECTION ( 'NONE',  ( -0.0000000000000000000, 1.000000000000000000, 6.123233995736765300E-016 ) ) ;
#1831 = AXIS2_PLACEMENT_3D ( 'NONE', #568, #722, #1784 ) ;
#1832 = DIRECTION ( 'NONE',  ( -1.000000000000000000, -0.0000000000000000000, -0.0000000000000000000 ) ) ;
#1833 = EDGE_CURVE ( 'NONE', #848, #559, #497, .T. ) ;
#1834 = CARTESIAN_POINT ( 'NONE',  ( -0.3750000000000000600, -0.03299999999999980700, -0.3130000000000000000 ) ) ;
#1835 = CALENDAR_DATE ( 2024, 17, 12 ) ;
#1836 = CARTESIAN_POINT ( 'NONE',  ( -0.1245000000000000300, -0.03299999999999999500, 6.368163355566237400E-017 ) ) ;
#1837 = CARTESIAN_POINT ( 'NONE',  ( -0.1249999999999999600, -0.03299999999999999500, -8.388830574159369400E-017 ) ) ;
#1838 = ADVANCED_FACE ( 'NONE', ( #1661 ), #1946, .F. ) ;
#1839 = EDGE_CURVE ( 'NONE', #731, #127, #537, .T. ) ;
#1840 = VECTOR ( 'NONE', #1195, 39.37007874015748100 ) ;
#1841 = DIRECTION ( 'NONE',  ( -1.000000000000000000, -0.0000000000000000000, -0.0000000000000000000 ) ) ;
#1842 = CARTESIAN_POINT ( 'NONE',  ( 0.2189999999999999700, -0.05600736814442008900, 0.1880000000000000300 ) ) ;
#1843 = ORIENTED_EDGE ( 'NONE', *, *, #173, .T. ) ;
#1844 = EDGE_LOOP ( 'NONE', ( #668, #963, #1017, #85 ) ) ;
#1845 = LINE ( 'NONE', #300, #1588 ) ;
#1846 = CLOSED_SHELL ( 'NONE', ( #1163, #1153, #896, #1779, #404, #1752, #1633, #417, #1009, #387, #440, #233, #428, #291, #856, #705, #986, #1539, #1498, #1740, #996, #1143, #1965, #871 ) ) ;
#1847 = EDGE_LOOP ( 'NONE', ( #1771, #1759, #1932, #1381 ) ) ;
#1848 = DIRECTION ( 'NONE',  ( -1.000000000000000000, -0.0000000000000000000, -0.0000000000000000000 ) ) ;
#1849 = CARTESIAN_POINT ( 'NONE',  ( -0.3750000000000000600, -0.05800000000000003800, 0.3130000000000000000 ) ) ;
#1850 = ORIENTED_EDGE ( 'NONE', *, *, #1111, .F. ) ;
#1851 = FACE_OUTER_BOUND ( 'NONE', #650, .T. ) ;
#1852 = EDGE_LOOP ( 'NONE', ( #1380, #578, #79, #1576 ) ) ;
#1853 = VECTOR ( 'NONE', #1562, 39.37007874015748100 ) ;
#1854 = CARTESIAN_POINT ( 'NONE',  ( 0.2189999999999999700, -0.03299999999999991800, -0.1250000000000000600 ) ) ;
#1855 = CARTESIAN_POINT ( 'NONE',  ( 0.2189999999999999700, -0.03299999999999984200, -0.2510000000000000600 ) ) ;
#1856 = EDGE_CURVE ( 'NONE', #842, #1254, #49, .T. ) ;
#1857 = VECTOR ( 'NONE', #1590, 39.37007874015748100 ) ;
#1858 = ORIENTED_EDGE ( 'NONE', *, *, #998, .F. ) ;
#1859 = EDGE_CURVE ( 'NONE', #163, #161, #1563, .T. ) ;
#1860 = DIRECTION ( 'NONE',  ( 0.0000000000000000000, 6.123233995736768300E-016, -1.000000000000000000 ) ) ;
#1861 = ORIENTED_EDGE ( 'NONE', *, *, #1925, .T. ) ;
#1862 = EDGE_CURVE ( 'NONE', #978, #656, #625, .T. ) ;
#1863 = FACE_OUTER_BOUND ( 'NONE', #1794, .T. ) ;
#1864 = ORIENTED_EDGE ( 'NONE', *, *, #1935, .T. ) ;
#1865 = CARTESIAN_POINT ( 'NONE',  ( -0.1249999999999999600, -0.01631930022541696500, 0.02868240645679342700 ) ) ;
#1866 = DIRECTION ( 'NONE',  ( 0.0000000000000000000, -5.956063939674991000E-016, 1.000000000000000000 ) ) ;
#1867 = ORIENTED_EDGE ( 'NONE', *, *, #1411, .F. ) ;
#1868 = AXIS2_PLACEMENT_3D ( 'NONE', #1778, #420, #865 ) ;
#1869 = DIRECTION ( 'NONE',  ( 0.0000000000000000000, -0.4945242492550600600, 0.8691638320240431300 ) ) ;
#1870 = CARTESIAN_POINT ( 'NONE',  ( 0.1249999999999999600, 0.0000000000000000000, 0.03299999999999999500 ) ) ;
#1871 = LINE ( 'NONE', #257, #1241 ) ;
#1872 = ORIENTED_EDGE ( 'NONE', *, *, #90, .F. ) ;
#1873 = LINE ( 'NONE', #1855, #965 ) ;
#1874 = ORIENTED_EDGE ( 'NONE', *, *, #827, .T. ) ;
#1875 = VERTEX_POINT ( 'NONE', #516 ) ;
#1876 = PLANE ( 'NONE',  #1106 ) ;
#1877 = ORIENTED_EDGE ( 'NONE', *, *, #1131, .F. ) ;
#1878 = PERSON_AND_ORGANIZATION ( #1669, #1267 ) ;
#1879 = APPROVAL_STATUS ( 'not_yet_approved' ) ;
#1880 = LINE ( 'NONE', #1957, #1091 ) ;
#1881 = ORIENTED_EDGE ( 'NONE', *, *, #1237, .F. ) ;
#1882 = ORIENTED_EDGE ( 'NONE', *, *, #835, .T. ) ;
#1883 = FACE_OUTER_BOUND ( 'NONE', #1844, .T. ) ;
#1884 = ORIENTED_EDGE ( 'NONE', *, *, #202, .F. ) ;
#1885 = AXIS2_PLACEMENT_3D ( 'NONE', #1037, #1781, #112 ) ;
#1886 = CARTESIAN_POINT ( 'NONE',  ( 0.3750000000000000600, -0.02868240645679340900, 0.05041150225739440100 ) ) ;
#1887 = VERTEX_POINT ( 'NONE', #1126 ) ;
#1888 = AXIS2_PLACEMENT_3D ( 'NONE', #899, #1192, #1506 ) ;
#1889 = ORIENTED_EDGE ( 'NONE', *, *, #1697, .F. ) ;
#1890 = EDGE_CURVE ( 'NONE', #1254, #374, #1107, .T. ) ;
#1891 = LINE ( 'NONE', #1668, #530 ) ;
#1892 = PERSON_AND_ORGANIZATION_ROLE ( 'creator' ) ;
#1893 = EDGE_LOOP ( 'NONE', ( #359, #1882, #286, #1937 ) ) ;
#1894 = EDGE_CURVE ( 'NONE', #354, #1941, #708, .T. ) ;
#1895 = FACE_OUTER_BOUND ( 'NONE', #1447, .T. ) ;
#1896 = PLANE ( 'NONE',  #117 ) ;
#1897 = ORIENTED_EDGE ( 'NONE', *, *, #812, .T. ) ;
#1898 = ADVANCED_FACE ( 'NONE', ( #193 ), #1896, .T. ) ;
#1899 = DIRECTION ( 'NONE',  ( 0.0000000000000000000, 0.0000000000000000000, 1.000000000000000000 ) ) ;
#1900 = DIRECTION ( 'NONE',  ( 0.0000000000000000000, -5.956063939674991000E-016, 1.000000000000000000 ) ) ;
#1901 = FACE_OUTER_BOUND ( 'NONE', #1786, .T. ) ;
#1902 = ORIENTED_EDGE ( 'NONE', *, *, #1526, .F. ) ;
#1903 = FACE_OUTER_BOUND ( 'NONE', #723, .T. ) ;
#1904 = CARTESIAN_POINT ( 'NONE',  ( -0.1250000000000000000, -0.05800000000000003800, 0.05800000000000489500 ) ) ;
#1905 = CARTESIAN_POINT ( 'NONE',  ( -0.3750000000000000600, -0.01631930022541696500, 0.02868240645679342700 ) ) ;
#1906 = CARTESIAN_POINT ( 'NONE',  ( -0.2190000000000000300, -0.05800000000000023900, -0.1450000000000000700 ) ) ;
#1907 = FACE_OUTER_BOUND ( 'NONE', #373, .T. ) ;
#1908 = EDGE_CURVE ( 'NONE', #974, #1092, #1756, .T. ) ;
#1909 = ORIENTED_EDGE ( 'NONE', *, *, #196, .F. ) ;
#1910 = LINE ( 'NONE', #13, #642 ) ;
#1911 = ORIENTED_EDGE ( 'NONE', *, *, #643, .F. ) ;
#1912 = EDGE_LOOP ( 'NONE', ( #1597, #1272, #1103, #1443 ) ) ;
#1913 = PLANE ( 'NONE',  #189 ) ;
#1914 = DIRECTION ( 'NONE',  ( 1.000000000000000000, -0.0000000000000000000, 0.0000000000000000000 ) ) ;
#1915 = CARTESIAN_POINT ( 'NONE',  ( 0.1245000000000006100, 3.130287436934082900E-015, 0.05800000000000500600 ) ) ;
#1916 = LINE ( 'NONE', #180, #1287 ) ;
#1917 = ORIENTED_EDGE ( 'NONE', *, *, #1550, .T. ) ;
#1918 = AXIS2_PLACEMENT_3D ( 'NONE', #1354, #735, #267 ) ;
#1919 = DIRECTION ( 'NONE',  ( 0.0000000000000000000, 0.0000000000000000000, 1.000000000000000000 ) ) ;
#1920 = DATE_AND_TIME ( #114, #1249 ) ;
#1921 = CARTESIAN_POINT ( 'NONE',  ( 0.3750000000000000600, -0.01631930022541696500, 0.02868240645679342700 ) ) ;
#1922 = CARTESIAN_POINT ( 'NONE',  ( -0.2190000000000000800, -0.03299999999999999500, 0.1880000000000000800 ) ) ;
#1923 = AXIS2_PLACEMENT_3D ( 'NONE', #595, #1954, #742 ) ;
#1924 = VECTOR ( 'NONE', #1914, 39.37007874015748100 ) ;
#1925 = EDGE_CURVE ( 'NONE', #952, #558, #792, .T. ) ;
#1926 = ORIENTED_EDGE ( 'NONE', *, *, #1507, .T. ) ;
#1927 = DIRECTION ( 'NONE',  ( 0.0000000000000000000, -0.4945242492550595600, -0.8691638320240434600 ) ) ;
#1928 = DIRECTION ( 'NONE',  ( 8.034405899049467400E-017, 0.7547095802227710100, -0.6560590289905083900 ) ) ;
#1929 = ADVANCED_FACE ( 'NONE', ( #381 ), #142, .F. ) ;
#1930 = ORIENTED_EDGE ( 'NONE', *, *, #1485, .F. ) ;
#1931 = CYLINDRICAL_SURFACE ( 'NONE', #1742, 0.04300000000000001000 ) ;
#1932 = ORIENTED_EDGE ( 'NONE', *, *, #1959, .T. ) ;
#1933 = CARTESIAN_POINT ( 'NONE',  ( 0.1249999999999999600, 3.158699242674304300E-015, 0.05800000000000123100 ) ) ;
#1934 = DIRECTION ( 'NONE',  ( 1.471900858655189700E-016, 0.0000000000000000000, 1.000000000000000000 ) ) ;
#1935 = EDGE_CURVE ( 'NONE', #1358, #374, #660, .T. ) ;
#1936 = ORIENTED_EDGE ( 'NONE', *, *, #945, .T. ) ;
#1937 = ORIENTED_EDGE ( 'NONE', *, *, #1170, .T. ) ;
#1938 = ORIENTED_EDGE ( 'NONE', *, *, #503, .T. ) ;
#1939 = CARTESIAN_POINT ( 'NONE',  ( -0.3736799999999992900, 0.0000000000000000000, 0.0000000000000000000 ) ) ;
#1940 = CIRCLE ( 'NONE', #78, 0.04300000000000001000 ) ;
#1941 = VERTEX_POINT ( 'NONE', #228 ) ;
#1942 = PLANE ( 'NONE',  #1244 ) ;
#1943 = CARTESIAN_POINT ( 'NONE',  ( -0.1245000000000000300, 3.158699242674303500E-015, 1.886682520624383900E-015 ) ) ;
#1944 = CARTESIAN_POINT ( 'NONE',  ( 0.3750000000000000600, -0.03299999999999999500, 0.3130000000000000000 ) ) ;
#1945 = CARTESIAN_POINT ( 'NONE',  ( -0.3750000000000000600, -0.03299999999999996000, -0.05800000000000123100 ) ) ;
#1946 = CYLINDRICAL_SURFACE ( 'NONE', #168, 0.04299999999999999000 ) ;
#1947 = ORIENTED_EDGE ( 'NONE', *, *, #1725, .F. ) ;
#1948 = DIRECTION ( 'NONE',  ( 0.0000000000000000000, 0.0000000000000000000, 1.000000000000000000 ) ) ;
#1949 = AXIS2_PLACEMENT_3D ( 'NONE', #608, #1370, #1529 ) ;
#1950 = DIRECTION ( 'NONE',  ( -0.0000000000000000000, -0.0000000000000000000, 1.000000000000000000 ) ) ;
#1951 = CARTESIAN_POINT ( 'NONE',  ( 0.1249999999999999600, -0.01631930022541697900, 0.02868240645679345400 ) ) ;
#1952 = DIRECTION ( 'NONE',  ( 0.0000000000000000000, 1.000000000000000000, 6.123233995736765300E-016 ) ) ;
#1953 = FACE_OUTER_BOUND ( 'NONE', #519, .T. ) ;
#1954 = DIRECTION ( 'NONE',  ( -1.000000000000000000, 0.0000000000000000000, 0.0000000000000000000 ) ) ;
#1955 = EDGE_CURVE ( 'NONE', #936, #692, #1492, .T. ) ;
#1956 = FACE_OUTER_BOUND ( 'NONE', #1114, .T. ) ;
#1957 = CARTESIAN_POINT ( 'NONE',  ( -0.3750000000000000600, -0.03299999999999999500, 0.3130000000000000000 ) ) ;
#1958 = DIRECTION ( 'NONE',  ( 0.0000000000000000000, 0.0000000000000000000, 1.000000000000000000 ) ) ;
#1959 = EDGE_CURVE ( 'NONE', #307, #179, #951, .T. ) ;
#1960 = ORIENTED_EDGE ( 'NONE', *, *, #603, .F. ) ;
#1961 = DIRECTION ( 'NONE',  ( 0.0000000000000000000, 8.881784197001252300E-016, 1.000000000000000000 ) ) ;
#1962 = ORIENTED_EDGE ( 'NONE', *, *, #222, .F. ) ;
#1963 = CARTESIAN_POINT ( 'NONE',  ( 0.3750000000000000600, 3.165802194109359400E-015, -0.05800000000000500600 ) ) ;
#1964 = EDGE_CURVE ( 'NONE', #341, #213, #1202, .T. ) ;
#1965 = ADVANCED_FACE ( 'NONE', ( #682 ), #1434, .F. ) ;
#1966 = CARTESIAN_POINT ( 'NONE',  ( 0.1245000000000005800, -0.05800000000000003800, -0.05800000000000122400 ) ) ;
#1967 = DIRECTION ( 'NONE',  ( -0.0000000000000000000, 1.000000000000000000, 6.123233995736765300E-016 ) ) ;
#1968 = CYLINDRICAL_SURFACE ( 'NONE', #1194, 0.04299999999999999000 ) ;
ENDSEC;
END-ISO-10303-21;
