solid ascii
  facet normal -1.000000e+000 0.000000e+000 0.000000e+000
    outer loop
      vertex   -1.020993e+002 -3.391434e+000 6.824472e+001
      vertex   -1.020993e+002 -3.996067e+000 6.824472e+001
      vertex   -1.020993e+002 -3.440530e+000 6.829243e+001
    endloop
  endfacet
  facet normal -1.000000e+000 -0.000000e+000 0.000000e+000
    outer loop
      vertex   -1.020993e+002 -3.440530e+000 6.829243e+001
      vertex   -1.020993e+002 -3.996067e+000 6.824472e+001
      vertex   -1.020993e+002 -3.946971e+000 6.829243e+001
    endloop
  endfacet
  facet normal -1.000000e+000 0.000000e+000 0.000000e+000
    outer loop
      vertex   -1.020993e+002 -3.440530e+000 6.829243e+001
      vertex   -1.020993e+002 -3.946971e+000 6.829243e+001
      vertex   -1.020993e+002 -3.890457e+000 6.833109e+001
    endloop
  endfacet
  facet normal -1.000000e+000 0.000000e+000 0.000000e+000
    outer loop
      vertex   -1.020993e+002 -3.440530e+000 6.829243e+001
      vertex   -1.020993e+002 -3.890457e+000 6.833109e+001
      vertex   -1.020993e+002 -3.497044e+000 6.833109e+001
    endloop
  endfacet
  facet normal -1.000000e+000 0.000000e+000 0.000000e+000
    outer loop
      vertex   -1.020993e+002 -3.497044e+000 6.833109e+001
      vertex   -1.020993e+002 -3.890457e+000 6.833109e+001
      vertex   -1.020993e+002 -3.828180e+000 6.835953e+001
    endloop
  endfacet
  facet normal -1.000000e+000 0.000000e+000 0.000000e+000
    outer loop
      vertex   -1.020993e+002 -3.497044e+000 6.833109e+001
      vertex   -1.020993e+002 -3.828180e+000 6.835953e+001
      vertex   -1.020993e+002 -3.559321e+000 6.835953e+001
    endloop
  endfacet
  facet normal -1.000000e+000 0.000000e+000 0.000000e+000
    outer loop
      vertex   -1.020993e+002 -3.559321e+000 6.835953e+001
      vertex   -1.020993e+002 -3.828180e+000 6.835953e+001
      vertex   -1.020993e+002 -3.761964e+000 6.837693e+001
    endloop
  endfacet
  facet normal -1.000000e+000 0.000000e+000 0.000000e+000
    outer loop
      vertex   -1.020993e+002 -3.559321e+000 6.835953e+001
      vertex   -1.020993e+002 -3.761964e+000 6.837693e+001
      vertex   -1.020993e+002 -3.625537e+000 6.837693e+001
    endloop
  endfacet
  facet normal -1.000000e+000 0.000000e+000 0.000000e+000
    outer loop
      vertex   -1.020993e+002 -3.625537e+000 6.837693e+001
      vertex   -1.020993e+002 -3.761964e+000 6.837693e+001
      vertex   -1.020993e+002 -3.693751e+000 6.838279e+001
    endloop
  endfacet
  facet normal 1.000000e+000 0.000000e+000 0.000000e+000
    outer loop
      vertex   -9.809934e+001 -3.391434e+000 6.824472e+001
      vertex   -9.809934e+001 -3.440530e+000 6.829243e+001
      vertex   -9.809934e+001 -3.996067e+000 6.824472e+001
    endloop
  endfacet
  facet normal 1.000000e+000 0.000000e+000 0.000000e+000
    outer loop
      vertex   -9.809934e+001 -3.996067e+000 6.824472e+001
      vertex   -9.809934e+001 -3.440530e+000 6.829243e+001
      vertex   -9.809934e+001 -3.946971e+000 6.829243e+001
    endloop
  endfacet
  facet normal 1.000000e+000 0.000000e+000 0.000000e+000
    outer loop
      vertex   -9.809934e+001 -3.946971e+000 6.829243e+001
      vertex   -9.809934e+001 -3.440530e+000 6.829243e+001
      vertex   -9.809934e+001 -3.890457e+000 6.833109e+001
    endloop
  endfacet
  facet normal 1.000000e+000 -0.000000e+000 0.000000e+000
    outer loop
      vertex   -9.809934e+001 -3.890457e+000 6.833109e+001
      vertex   -9.809934e+001 -3.440530e+000 6.829243e+001
      vertex   -9.809934e+001 -3.497044e+000 6.833109e+001
    endloop
  endfacet
  facet normal 1.000000e+000 0.000000e+000 0.000000e+000
    outer loop
      vertex   -9.809934e+001 -3.890457e+000 6.833109e+001
      vertex   -9.809934e+001 -3.497044e+000 6.833109e+001
      vertex   -9.809934e+001 -3.828180e+000 6.835953e+001
    endloop
  endfacet
  facet normal 1.000000e+000 -0.000000e+000 0.000000e+000
    outer loop
      vertex   -9.809934e+001 -3.828180e+000 6.835953e+001
      vertex   -9.809934e+001 -3.497044e+000 6.833109e+001
      vertex   -9.809934e+001 -3.559321e+000 6.835953e+001
    endloop
  endfacet
  facet normal 1.000000e+000 0.000000e+000 0.000000e+000
    outer loop
      vertex   -9.809934e+001 -3.828180e+000 6.835953e+001
      vertex   -9.809934e+001 -3.559321e+000 6.835953e+001
      vertex   -9.809934e+001 -3.761964e+000 6.837693e+001
    endloop
  endfacet
  facet normal 1.000000e+000 -0.000000e+000 0.000000e+000
    outer loop
      vertex   -9.809934e+001 -3.761964e+000 6.837693e+001
      vertex   -9.809934e+001 -3.559321e+000 6.835953e+001
      vertex   -9.809934e+001 -3.625537e+000 6.837693e+001
    endloop
  endfacet
  facet normal 1.000000e+000 0.000000e+000 0.000000e+000
    outer loop
      vertex   -9.809934e+001 -3.761964e+000 6.837693e+001
      vertex   -9.809934e+001 -3.625537e+000 6.837693e+001
      vertex   -9.809934e+001 -3.693751e+000 6.838279e+001
    endloop
  endfacet
  facet normal 1.000000e+000 0.000000e+000 0.000000e+000
    outer loop
      vertex   -9.809934e+001 -3.340724e+000 6.779472e+001
      vertex   -9.809934e+001 -4.046777e+000 6.779472e+001
      vertex   -9.809934e+001 -3.376740e+000 6.773886e+001
    endloop
  endfacet
  facet normal 1.000000e+000 0.000000e+000 0.000000e+000
    outer loop
      vertex   -9.809934e+001 -3.376740e+000 6.773886e+001
      vertex   -9.809934e+001 -4.046777e+000 6.779472e+001
      vertex   -9.809934e+001 -4.010761e+000 6.773886e+001
    endloop
  endfacet
  facet normal 1.000000e+000 0.000000e+000 0.000000e+000
    outer loop
      vertex   -9.809934e+001 -3.376740e+000 6.773886e+001
      vertex   -9.809934e+001 -4.010761e+000 6.773886e+001
      vertex   -9.809934e+001 -3.965992e+000 6.768974e+001
    endloop
  endfacet
  facet normal 1.000000e+000 0.000000e+000 0.000000e+000
    outer loop
      vertex   -9.809934e+001 -3.376740e+000 6.773886e+001
      vertex   -9.809934e+001 -3.965992e+000 6.768974e+001
      vertex   -9.809934e+001 -3.421509e+000 6.768974e+001
    endloop
  endfacet
  facet normal 1.000000e+000 0.000000e+000 0.000000e+000
    outer loop
      vertex   -9.809934e+001 -3.421509e+000 6.768974e+001
      vertex   -9.809934e+001 -3.965992e+000 6.768974e+001
      vertex   -9.809934e+001 -3.913707e+000 6.764870e+001
    endloop
  endfacet
  facet normal 1.000000e+000 0.000000e+000 0.000000e+000
    outer loop
      vertex   -9.809934e+001 -3.421509e+000 6.768974e+001
      vertex   -9.809934e+001 -3.913707e+000 6.764870e+001
      vertex   -9.809934e+001 -3.473794e+000 6.764870e+001
    endloop
  endfacet
  facet normal 1.000000e+000 0.000000e+000 0.000000e+000
    outer loop
      vertex   -9.809934e+001 -3.473794e+000 6.764870e+001
      vertex   -9.809934e+001 -3.913707e+000 6.764870e+001
      vertex   -9.809934e+001 -3.855349e+000 6.761689e+001
    endloop
  endfacet
  facet normal 1.000000e+000 0.000000e+000 0.000000e+000
    outer loop
      vertex   -9.809934e+001 -3.473794e+000 6.764870e+001
      vertex   -9.809934e+001 -3.855349e+000 6.761689e+001
      vertex   -9.809934e+001 -3.532152e+000 6.761689e+001
    endloop
  endfacet
  facet normal 1.000000e+000 0.000000e+000 0.000000e+000
    outer loop
      vertex   -9.809934e+001 -3.532152e+000 6.761689e+001
      vertex   -9.809934e+001 -3.855349e+000 6.761689e+001
      vertex   -9.809934e+001 -3.792530e+000 6.759518e+001
    endloop
  endfacet
  facet normal 1.000000e+000 0.000000e+000 0.000000e+000
    outer loop
      vertex   -9.809934e+001 -3.532152e+000 6.761689e+001
      vertex   -9.809934e+001 -3.792530e+000 6.759518e+001
      vertex   -9.809934e+001 -3.594971e+000 6.759518e+001
    endloop
  endfacet
  facet normal 1.000000e+000 0.000000e+000 0.000000e+000
    outer loop
      vertex   -9.809934e+001 -3.594971e+000 6.759518e+001
      vertex   -9.809934e+001 -3.792530e+000 6.759518e+001
      vertex   -9.809934e+001 -3.726983e+000 6.758418e+001
    endloop
  endfacet
  facet normal 1.000000e+000 0.000000e+000 0.000000e+000
    outer loop
      vertex   -9.809934e+001 -3.594971e+000 6.759518e+001
      vertex   -9.809934e+001 -3.726983e+000 6.758418e+001
      vertex   -9.809934e+001 -3.660518e+000 6.758418e+001
    endloop
  endfacet
  facet normal 2.999752e-004 6.969442e-001 7.171253e-001
    outer loop
      vertex   -9.809934e+001 -3.440530e+000 6.829243e+001
      vertex   -9.809934e+001 -3.391434e+000 6.824472e+001
      vertex   -9.943267e+001 -3.436635e+000 6.828921e+001
    endloop
  endfacet
  facet normal 1.521724e-018 7.014530e-001 7.127157e-001
    outer loop
      vertex   -9.943267e+001 -3.436635e+000 6.828921e+001
      vertex   -9.809934e+001 -3.391434e+000 6.824472e+001
      vertex   -1.020993e+002 -3.391434e+000 6.824472e+001
    endloop
  endfacet
  facet normal 0.000000e+000 7.014530e-001 7.127157e-001
    outer loop
      vertex   -9.943267e+001 -3.436635e+000 6.828921e+001
      vertex   -1.020993e+002 -3.391434e+000 6.824472e+001
      vertex   -1.007660e+002 -3.436635e+000 6.828921e+001
    endloop
  endfacet
  facet normal -2.999734e-004 6.969442e-001 7.171253e-001
    outer loop
      vertex   -1.007660e+002 -3.436635e+000 6.828921e+001
      vertex   -1.020993e+002 -3.391434e+000 6.824472e+001
      vertex   -1.020993e+002 -3.440530e+000 6.829243e+001
    endloop
  endfacet
  facet normal 3.072827e-004 5.735849e-001 8.191461e-001
    outer loop
      vertex   -1.007660e+002 -3.436635e+000 6.828921e+001
      vertex   -1.020993e+002 -3.440530e+000 6.829243e+001
      vertex   -1.007660e+002 -3.493751e+000 6.832920e+001
    endloop
  endfacet
  facet normal -2.279161e-004 5.645134e-001 8.254239e-001
    outer loop
      vertex   -1.007660e+002 -3.493751e+000 6.832920e+001
      vertex   -1.020993e+002 -3.440530e+000 6.829243e+001
      vertex   -1.020993e+002 -3.497044e+000 6.833109e+001
    endloop
  endfacet
  facet normal 2.367231e-004 4.226829e-001 9.062776e-001
    outer loop
      vertex   -1.007660e+002 -3.493751e+000 6.832920e+001
      vertex   -1.020993e+002 -3.497044e+000 6.833109e+001
      vertex   -1.007660e+002 -3.556942e+000 6.835867e+001
    endloop
  endfacet
  facet normal -1.582653e-004 4.154319e-001 9.096243e-001
    outer loop
      vertex   -1.007660e+002 -3.556942e+000 6.835867e+001
      vertex   -1.020993e+002 -3.497044e+000 6.833109e+001
      vertex   -1.020993e+002 -3.559321e+000 6.835953e+001
    endloop
  endfacet
  facet normal 1.573113e-004 2.587854e-001 9.659348e-001
    outer loop
      vertex   -1.007660e+002 -3.556942e+000 6.835867e+001
      vertex   -1.020993e+002 -3.559321e+000 6.835953e+001
      vertex   -1.007660e+002 -3.624291e+000 6.837672e+001
    endloop
  endfacet
  facet normal -8.248703e-005 2.541870e-001 9.671551e-001
    outer loop
      vertex   -1.007660e+002 -3.624291e+000 6.837672e+001
      vertex   -1.020993e+002 -3.559321e+000 6.835953e+001
      vertex   -1.020993e+002 -3.625537e+000 6.837693e+001
    endloop
  endfacet
  facet normal 7.824603e-005 8.710001e-002 9.961995e-001
    outer loop
      vertex   -1.007660e+002 -3.624291e+000 6.837672e+001
      vertex   -1.020993e+002 -3.625537e+000 6.837693e+001
      vertex   -1.007660e+002 -3.693751e+000 6.838279e+001
    endloop
  endfacet
  facet normal 0.000000e+000 8.558189e-002 9.963312e-001
    outer loop
      vertex   -1.007660e+002 -3.693751e+000 6.838279e+001
      vertex   -1.020993e+002 -3.625537e+000 6.837693e+001
      vertex   -1.020993e+002 -3.693751e+000 6.838279e+001
    endloop
  endfacet
  facet normal 0.000000e+000 -8.558218e-002 9.963311e-001
    outer loop
      vertex   -1.007660e+002 -3.693751e+000 6.838279e+001
      vertex   -1.020993e+002 -3.693751e+000 6.838279e+001
      vertex   -1.020993e+002 -3.761964e+000 6.837693e+001
    endloop
  endfacet
  facet normal 7.824575e-005 -8.710031e-002 9.961995e-001
    outer loop
      vertex   -1.007660e+002 -3.693751e+000 6.838279e+001
      vertex   -1.020993e+002 -3.761964e+000 6.837693e+001
      vertex   -1.007660e+002 -3.763210e+000 6.837672e+001
    endloop
  endfacet
  facet normal -8.248619e-005 -2.541861e-001 9.671553e-001
    outer loop
      vertex   -1.007660e+002 -3.763210e+000 6.837672e+001
      vertex   -1.020993e+002 -3.761964e+000 6.837693e+001
      vertex   -1.020993e+002 -3.828180e+000 6.835953e+001
    endloop
  endfacet
  facet normal 1.573575e-004 -2.587854e-001 9.659348e-001
    outer loop
      vertex   -1.007660e+002 -3.763210e+000 6.837672e+001
      vertex   -1.020993e+002 -3.828180e+000 6.835953e+001
      vertex   -1.007660e+002 -3.830559e+000 6.835867e+001
    endloop
  endfacet
  facet normal -1.581910e-004 -4.154319e-001 9.096243e-001
    outer loop
      vertex   -1.007660e+002 -3.830559e+000 6.835867e+001
      vertex   -1.020993e+002 -3.828180e+000 6.835953e+001
      vertex   -1.020993e+002 -3.890457e+000 6.833109e+001
    endloop
  endfacet
  facet normal 2.367272e-004 -4.226816e-001 9.062782e-001
    outer loop
      vertex   -1.007660e+002 -3.830559e+000 6.835867e+001
      vertex   -1.020993e+002 -3.890457e+000 6.833109e+001
      vertex   -1.007660e+002 -3.893751e+000 6.832920e+001
    endloop
  endfacet
  facet normal -2.279161e-004 -5.645134e-001 8.254239e-001
    outer loop
      vertex   -1.007660e+002 -3.893751e+000 6.832920e+001
      vertex   -1.020993e+002 -3.890457e+000 6.833109e+001
      vertex   -1.020993e+002 -3.946971e+000 6.829243e+001
    endloop
  endfacet
  facet normal 3.073779e-004 -5.735865e-001 8.191450e-001
    outer loop
      vertex   -1.007660e+002 -3.893751e+000 6.832920e+001
      vertex   -1.020993e+002 -3.946971e+000 6.829243e+001
      vertex   -1.007660e+002 -3.950866e+000 6.828921e+001
    endloop
  endfacet
  facet normal -2.998580e-004 -6.969460e-001 7.171236e-001
    outer loop
      vertex   -1.007660e+002 -3.950866e+000 6.828921e+001
      vertex   -1.020993e+002 -3.946971e+000 6.829243e+001
      vertex   -1.020993e+002 -3.996067e+000 6.824472e+001
    endloop
  endfacet
  facet normal 1.521728e-018 -7.014530e-001 7.127157e-001
    outer loop
      vertex   -1.007660e+002 -3.950866e+000 6.828921e+001
      vertex   -1.020993e+002 -3.996067e+000 6.824472e+001
      vertex   -9.809934e+001 -3.996067e+000 6.824472e+001
    endloop
  endfacet
  facet normal 0.000000e+000 -7.014530e-001 7.127157e-001
    outer loop
      vertex   -1.007660e+002 -3.950866e+000 6.828921e+001
      vertex   -9.809934e+001 -3.996067e+000 6.824472e+001
      vertex   -9.943267e+001 -3.950866e+000 6.828921e+001
    endloop
  endfacet
  facet normal 2.998597e-004 -6.969460e-001 7.171236e-001
    outer loop
      vertex   -9.943267e+001 -3.950866e+000 6.828921e+001
      vertex   -9.809934e+001 -3.996067e+000 6.824472e+001
      vertex   -9.809934e+001 -3.946971e+000 6.829243e+001
    endloop
  endfacet
  facet normal -3.073796e-004 -5.735865e-001 8.191450e-001
    outer loop
      vertex   -9.943267e+001 -3.950866e+000 6.828921e+001
      vertex   -9.809934e+001 -3.946971e+000 6.829243e+001
      vertex   -9.943267e+001 -3.893751e+000 6.832920e+001
    endloop
  endfacet
  facet normal 2.279174e-004 -5.645134e-001 8.254239e-001
    outer loop
      vertex   -9.943267e+001 -3.893751e+000 6.832920e+001
      vertex   -9.809934e+001 -3.946971e+000 6.829243e+001
      vertex   -9.809934e+001 -3.890457e+000 6.833109e+001
    endloop
  endfacet
  facet normal -2.367285e-004 -4.226816e-001 9.062782e-001
    outer loop
      vertex   -9.943267e+001 -3.893751e+000 6.832920e+001
      vertex   -9.809934e+001 -3.890457e+000 6.833109e+001
      vertex   -9.943267e+001 -3.830559e+000 6.835867e+001
    endloop
  endfacet
  facet normal 1.581919e-004 -4.154319e-001 9.096243e-001
    outer loop
      vertex   -9.943267e+001 -3.830559e+000 6.835867e+001
      vertex   -9.809934e+001 -3.890457e+000 6.833109e+001
      vertex   -9.809934e+001 -3.828180e+000 6.835953e+001
    endloop
  endfacet
  facet normal -1.573584e-004 -2.587854e-001 9.659348e-001
    outer loop
      vertex   -9.943267e+001 -3.830559e+000 6.835867e+001
      vertex   -9.809934e+001 -3.828180e+000 6.835953e+001
      vertex   -9.943267e+001 -3.763210e+000 6.837672e+001
    endloop
  endfacet
  facet normal 8.248667e-005 -2.541861e-001 9.671553e-001
    outer loop
      vertex   -9.943267e+001 -3.763210e+000 6.837672e+001
      vertex   -9.809934e+001 -3.828180e+000 6.835953e+001
      vertex   -9.809934e+001 -3.761964e+000 6.837693e+001
    endloop
  endfacet
  facet normal -7.824619e-005 -8.710031e-002 9.961995e-001
    outer loop
      vertex   -9.943267e+001 -3.763210e+000 6.837672e+001
      vertex   -9.809934e+001 -3.761964e+000 6.837693e+001
      vertex   -9.943267e+001 -3.693751e+000 6.838279e+001
    endloop
  endfacet
  facet normal 0.000000e+000 -8.558218e-002 9.963311e-001
    outer loop
      vertex   -9.943267e+001 -3.693751e+000 6.838279e+001
      vertex   -9.809934e+001 -3.761964e+000 6.837693e+001
      vertex   -9.809934e+001 -3.693751e+000 6.838279e+001
    endloop
  endfacet
  facet normal -0.000000e+000 8.558189e-002 9.963312e-001
    outer loop
      vertex   -9.943267e+001 -3.693751e+000 6.838279e+001
      vertex   -9.809934e+001 -3.693751e+000 6.838279e+001
      vertex   -9.809934e+001 -3.625537e+000 6.837693e+001
    endloop
  endfacet
  facet normal -7.824648e-005 8.710001e-002 9.961995e-001
    outer loop
      vertex   -9.943267e+001 -3.693751e+000 6.838279e+001
      vertex   -9.809934e+001 -3.625537e+000 6.837693e+001
      vertex   -9.943267e+001 -3.624291e+000 6.837672e+001
    endloop
  endfacet
  facet normal 8.248750e-005 2.541870e-001 9.671551e-001
    outer loop
      vertex   -9.943267e+001 -3.624291e+000 6.837672e+001
      vertex   -9.809934e+001 -3.625537e+000 6.837693e+001
      vertex   -9.809934e+001 -3.559321e+000 6.835953e+001
    endloop
  endfacet
  facet normal -1.573122e-004 2.587854e-001 9.659348e-001
    outer loop
      vertex   -9.943267e+001 -3.624291e+000 6.837672e+001
      vertex   -9.809934e+001 -3.559321e+000 6.835953e+001
      vertex   -9.943267e+001 -3.556942e+000 6.835867e+001
    endloop
  endfacet
  facet normal 1.582662e-004 4.154319e-001 9.096243e-001
    outer loop
      vertex   -9.943267e+001 -3.556942e+000 6.835867e+001
      vertex   -9.809934e+001 -3.559321e+000 6.835953e+001
      vertex   -9.809934e+001 -3.497044e+000 6.833109e+001
    endloop
  endfacet
  facet normal -2.367244e-004 4.226829e-001 9.062776e-001
    outer loop
      vertex   -9.943267e+001 -3.556942e+000 6.835867e+001
      vertex   -9.809934e+001 -3.497044e+000 6.833109e+001
      vertex   -9.943267e+001 -3.493751e+000 6.832920e+001
    endloop
  endfacet
  facet normal 2.279174e-004 5.645134e-001 8.254239e-001
    outer loop
      vertex   -9.943267e+001 -3.493751e+000 6.832920e+001
      vertex   -9.809934e+001 -3.497044e+000 6.833109e+001
      vertex   -9.809934e+001 -3.440530e+000 6.829243e+001
    endloop
  endfacet
  facet normal -3.072845e-004 5.735849e-001 8.191461e-001
    outer loop
      vertex   -9.943267e+001 -3.493751e+000 6.832920e+001
      vertex   -9.809934e+001 -3.440530e+000 6.829243e+001
      vertex   -9.943267e+001 -3.436635e+000 6.828921e+001
    endloop
  endfacet
  facet normal -0.000000e+000 8.710001e-002 9.961995e-001
    outer loop
      vertex   -1.007660e+002 -3.693751e+000 6.838279e+001
      vertex   -9.943267e+001 -3.693751e+000 6.838279e+001
      vertex   -1.007660e+002 -3.624291e+000 6.837672e+001
    endloop
  endfacet
  facet normal -0.000000e+000 8.710001e-002 9.961995e-001
    outer loop
      vertex   -1.007660e+002 -3.624291e+000 6.837672e+001
      vertex   -9.943267e+001 -3.693751e+000 6.838279e+001
      vertex   -9.943267e+001 -3.624291e+000 6.837672e+001
    endloop
  endfacet
  facet normal -0.000000e+000 2.587854e-001 9.659349e-001
    outer loop
      vertex   -1.007660e+002 -3.624291e+000 6.837672e+001
      vertex   -9.943267e+001 -3.624291e+000 6.837672e+001
      vertex   -1.007660e+002 -3.556942e+000 6.835867e+001
    endloop
  endfacet
  facet normal -0.000000e+000 2.587854e-001 9.659349e-001
    outer loop
      vertex   -1.007660e+002 -3.556942e+000 6.835867e+001
      vertex   -9.943267e+001 -3.624291e+000 6.837672e+001
      vertex   -9.943267e+001 -3.556942e+000 6.835867e+001
    endloop
  endfacet
  facet normal -0.000000e+000 4.226829e-001 9.062777e-001
    outer loop
      vertex   -1.007660e+002 -3.556942e+000 6.835867e+001
      vertex   -9.943267e+001 -3.556942e+000 6.835867e+001
      vertex   -1.007660e+002 -3.493751e+000 6.832920e+001
    endloop
  endfacet
  facet normal -0.000000e+000 4.226829e-001 9.062777e-001
    outer loop
      vertex   -1.007660e+002 -3.493751e+000 6.832920e+001
      vertex   -9.943267e+001 -3.556942e+000 6.835867e+001
      vertex   -9.943267e+001 -3.493751e+000 6.832920e+001
    endloop
  endfacet
  facet normal -0.000000e+000 5.735849e-001 8.191462e-001
    outer loop
      vertex   -1.007660e+002 -3.493751e+000 6.832920e+001
      vertex   -9.943267e+001 -3.493751e+000 6.832920e+001
      vertex   -1.007660e+002 -3.436635e+000 6.828921e+001
    endloop
  endfacet
  facet normal -0.000000e+000 5.735849e-001 8.191462e-001
    outer loop
      vertex   -1.007660e+002 -3.436635e+000 6.828921e+001
      vertex   -9.943267e+001 -3.493751e+000 6.832920e+001
      vertex   -9.943267e+001 -3.436635e+000 6.828921e+001
    endloop
  endfacet
  facet normal 0.000000e+000 -8.710031e-002 9.961995e-001
    outer loop
      vertex   -9.943267e+001 -3.693751e+000 6.838279e+001
      vertex   -1.007660e+002 -3.693751e+000 6.838279e+001
      vertex   -9.943267e+001 -3.763210e+000 6.837672e+001
    endloop
  endfacet
  facet normal 0.000000e+000 -8.710031e-002 9.961995e-001
    outer loop
      vertex   -9.943267e+001 -3.763210e+000 6.837672e+001
      vertex   -1.007660e+002 -3.693751e+000 6.838279e+001
      vertex   -1.007660e+002 -3.763210e+000 6.837672e+001
    endloop
  endfacet
  facet normal 0.000000e+000 -2.587854e-001 9.659349e-001
    outer loop
      vertex   -9.943267e+001 -3.763210e+000 6.837672e+001
      vertex   -1.007660e+002 -3.763210e+000 6.837672e+001
      vertex   -9.943267e+001 -3.830559e+000 6.835867e+001
    endloop
  endfacet
  facet normal 0.000000e+000 -2.587854e-001 9.659349e-001
    outer loop
      vertex   -9.943267e+001 -3.830559e+000 6.835867e+001
      vertex   -1.007660e+002 -3.763210e+000 6.837672e+001
      vertex   -1.007660e+002 -3.830559e+000 6.835867e+001
    endloop
  endfacet
  facet normal 0.000000e+000 -4.226816e-001 9.062783e-001
    outer loop
      vertex   -9.943267e+001 -3.830559e+000 6.835867e+001
      vertex   -1.007660e+002 -3.830559e+000 6.835867e+001
      vertex   -9.943267e+001 -3.893751e+000 6.832920e+001
    endloop
  endfacet
  facet normal 0.000000e+000 -4.226816e-001 9.062783e-001
    outer loop
      vertex   -9.943267e+001 -3.893751e+000 6.832920e+001
      vertex   -1.007660e+002 -3.830559e+000 6.835867e+001
      vertex   -1.007660e+002 -3.893751e+000 6.832920e+001
    endloop
  endfacet
  facet normal 0.000000e+000 -5.735865e-001 8.191450e-001
    outer loop
      vertex   -9.943267e+001 -3.893751e+000 6.832920e+001
      vertex   -1.007660e+002 -3.893751e+000 6.832920e+001
      vertex   -9.943267e+001 -3.950866e+000 6.828921e+001
    endloop
  endfacet
  facet normal 0.000000e+000 -5.735865e-001 8.191450e-001
    outer loop
      vertex   -9.943267e+001 -3.950866e+000 6.828921e+001
      vertex   -1.007660e+002 -3.893751e+000 6.832920e+001
      vertex   -1.007660e+002 -3.950866e+000 6.828921e+001
    endloop
  endfacet
  facet normal -6.761481e-004 8.404275e-001 -5.419235e-001
    outer loop
      vertex   -1.020993e+002 -3.376740e+000 6.773886e+001
      vertex   -1.020993e+002 -3.340724e+000 6.779472e+001
      vertex   -1.007660e+002 -3.347340e+000 6.778279e+001
    endloop
  endfacet
  facet normal 0.000000e+000 8.744144e-001 -4.851797e-001
    outer loop
      vertex   -1.007660e+002 -3.347340e+000 6.778279e+001
      vertex   -1.020993e+002 -3.340724e+000 6.779472e+001
      vertex   -9.809934e+001 -3.340724e+000 6.779472e+001
    endloop
  endfacet
  facet normal 0.000000e+000 8.744144e-001 -4.851797e-001
    outer loop
      vertex   -1.007660e+002 -3.347340e+000 6.778279e+001
      vertex   -9.809934e+001 -3.340724e+000 6.779472e+001
      vertex   -9.943267e+001 -3.347340e+000 6.778279e+001
    endloop
  endfacet
  facet normal 6.761519e-004 8.404275e-001 -5.419235e-001
    outer loop
      vertex   -9.943267e+001 -3.347340e+000 6.778279e+001
      vertex   -9.809934e+001 -3.340724e+000 6.779472e+001
      vertex   -9.809934e+001 -3.376740e+000 6.773886e+001
    endloop
  endfacet
  facet normal -8.362895e-004 8.191455e-001 -5.735852e-001
    outer loop
      vertex   -9.943267e+001 -3.347340e+000 6.778279e+001
      vertex   -9.809934e+001 -3.376740e+000 6.773886e+001
      vertex   -9.943267e+001 -3.387333e+000 6.772568e+001
    endloop
  endfacet
  facet normal 7.880588e-004 7.391240e-001 -6.735689e-001
    outer loop
      vertex   -9.943267e+001 -3.387333e+000 6.772568e+001
      vertex   -9.809934e+001 -3.376740e+000 6.773886e+001
      vertex   -9.809934e+001 -3.421509e+000 6.768974e+001
    endloop
  endfacet
  facet normal -9.373041e-004 7.070945e-001 -7.071185e-001
    outer loop
      vertex   -9.943267e+001 -3.387333e+000 6.772568e+001
      vertex   -9.809934e+001 -3.421509e+000 6.768974e+001
      vertex   -9.943267e+001 -3.436635e+000 6.767638e+001
    endloop
  endfacet
  facet normal 8.766855e-004 6.174240e-001 -7.866301e-001
    outer loop
      vertex   -9.943267e+001 -3.436635e+000 6.767638e+001
      vertex   -9.809934e+001 -3.421509e+000 6.768974e+001
      vertex   -9.809934e+001 -3.473794e+000 6.764870e+001
    endloop
  endfacet
  facet normal -1.020077e-003 5.735846e-001 -8.191457e-001
    outer loop
      vertex   -9.943267e+001 -3.436635e+000 6.767638e+001
      vertex   -9.809934e+001 -3.473794e+000 6.764870e+001
      vertex   -9.943267e+001 -3.493751e+000 6.763638e+001
    endloop
  endfacet
  facet normal 9.461491e-004 4.785659e-001 -8.780512e-001
    outer loop
      vertex   -9.943267e+001 -3.493751e+000 6.763638e+001
      vertex   -9.809934e+001 -3.473794e+000 6.764870e+001
      vertex   -9.809934e+001 -3.532152e+000 6.761689e+001
    endloop
  endfacet
  facet normal -1.079202e-003 4.225928e-001 -9.063190e-001
    outer loop
      vertex   -9.943267e+001 -3.493751e+000 6.763638e+001
      vertex   -9.809934e+001 -3.532152e+000 6.761689e+001
      vertex   -9.943267e+001 -3.556942e+000 6.760692e+001
    endloop
  endfacet
  facet normal 9.965802e-004 3.265775e-001 -9.451699e-001
    outer loop
      vertex   -9.943267e+001 -3.556942e+000 6.760692e+001
      vertex   -9.809934e+001 -3.532152e+000 6.761689e+001
      vertex   -9.809934e+001 -3.594971e+000 6.759518e+001
    endloop
  endfacet
  facet normal -1.116564e-003 2.588873e-001 -9.659069e-001
    outer loop
      vertex   -9.943267e+001 -3.556942e+000 6.760692e+001
      vertex   -9.809934e+001 -3.594971e+000 6.759518e+001
      vertex   -9.943267e+001 -3.624291e+000 6.758887e+001
    endloop
  endfacet
  facet normal 1.030038e-003 1.656389e-001 -9.861859e-001
    outer loop
      vertex   -9.943267e+001 -3.624291e+000 6.758887e+001
      vertex   -9.809934e+001 -3.594971e+000 6.759518e+001
      vertex   -9.809934e+001 -3.660518e+000 6.758418e+001
    endloop
  endfacet
  facet normal -1.139144e-003 8.709995e-002 -9.961990e-001
    outer loop
      vertex   -9.943267e+001 -3.624291e+000 6.758887e+001
      vertex   -9.809934e+001 -3.660518e+000 6.758418e+001
      vertex   -9.943267e+001 -3.693751e+000 6.758279e+001
    endloop
  endfacet
  facet normal 1.035694e-003 0.000000e+000 -9.999995e-001
    outer loop
      vertex   -9.943267e+001 -3.693751e+000 6.758279e+001
      vertex   -9.809934e+001 -3.660518e+000 6.758418e+001
      vertex   -9.809934e+001 -3.726983e+000 6.758418e+001
    endloop
  endfacet
  facet normal -1.139151e-003 -8.710025e-002 -9.961989e-001
    outer loop
      vertex   -9.943267e+001 -3.693751e+000 6.758279e+001
      vertex   -9.809934e+001 -3.726983e+000 6.758418e+001
      vertex   -9.943267e+001 -3.763210e+000 6.758887e+001
    endloop
  endfacet
  facet normal 1.030008e-003 -1.656389e-001 -9.861859e-001
    outer loop
      vertex   -9.943267e+001 -3.763210e+000 6.758887e+001
      vertex   -9.809934e+001 -3.726983e+000 6.758418e+001
      vertex   -9.809934e+001 -3.792530e+000 6.759518e+001
    endloop
  endfacet
  facet normal -1.116610e-003 -2.588873e-001 -9.659069e-001
    outer loop
      vertex   -9.943267e+001 -3.763210e+000 6.758887e+001
      vertex   -9.809934e+001 -3.792530e+000 6.759518e+001
      vertex   -9.943267e+001 -3.830559e+000 6.760692e+001
    endloop
  endfacet
  facet normal 9.965568e-004 -3.265786e-001 -9.451695e-001
    outer loop
      vertex   -9.943267e+001 -3.830559e+000 6.760692e+001
      vertex   -9.809934e+001 -3.792530e+000 6.759518e+001
      vertex   -9.809934e+001 -3.855349e+000 6.761689e+001
    endloop
  endfacet
  facet normal -1.079173e-003 -4.225915e-001 -9.063196e-001
    outer loop
      vertex   -9.943267e+001 -3.830559e+000 6.760692e+001
      vertex   -9.809934e+001 -3.855349e+000 6.761689e+001
      vertex   -9.943267e+001 -3.893751e+000 6.763638e+001
    endloop
  endfacet
  facet normal 9.461793e-004 -4.785644e-001 -8.780519e-001
    outer loop
      vertex   -9.943267e+001 -3.893751e+000 6.763638e+001
      vertex   -9.809934e+001 -3.855349e+000 6.761689e+001
      vertex   -9.809934e+001 -3.913707e+000 6.764870e+001
    endloop
  endfacet
  facet normal -1.020111e-003 -5.735862e-001 -8.191445e-001
    outer loop
      vertex   -9.943267e+001 -3.893751e+000 6.763638e+001
      vertex   -9.809934e+001 -3.913707e+000 6.764870e+001
      vertex   -9.943267e+001 -3.950866e+000 6.767638e+001
    endloop
  endfacet
  facet normal 8.766521e-004 -6.174257e-001 -7.866287e-001
    outer loop
      vertex   -9.943267e+001 -3.950866e+000 6.767638e+001
      vertex   -9.809934e+001 -3.913707e+000 6.764870e+001
      vertex   -9.809934e+001 -3.965992e+000 6.768974e+001
    endloop
  endfacet
  facet normal -9.373041e-004 -7.070945e-001 -7.071185e-001
    outer loop
      vertex   -9.943267e+001 -3.950866e+000 6.767638e+001
      vertex   -9.809934e+001 -3.965992e+000 6.768974e+001
      vertex   -9.943267e+001 -4.000168e+000 6.772568e+001
    endloop
  endfacet
  facet normal 7.879602e-004 -7.391222e-001 -6.735709e-001
    outer loop
      vertex   -9.943267e+001 -4.000168e+000 6.772568e+001
      vertex   -9.809934e+001 -3.965992e+000 6.768974e+001
      vertex   -9.809934e+001 -4.010761e+000 6.773886e+001
    endloop
  endfacet
  facet normal -8.364359e-004 -8.191455e-001 -5.735852e-001
    outer loop
      vertex   -9.943267e+001 -4.000168e+000 6.772568e+001
      vertex   -9.809934e+001 -4.010761e+000 6.773886e+001
      vertex   -9.943267e+001 -4.040161e+000 6.778279e+001
    endloop
  endfacet
  facet normal 6.761212e-004 -8.404292e-001 -5.419210e-001
    outer loop
      vertex   -9.943267e+001 -4.040161e+000 6.778279e+001
      vertex   -9.809934e+001 -4.010761e+000 6.773886e+001
      vertex   -9.809934e+001 -4.046777e+000 6.779472e+001
    endloop
  endfacet
  facet normal 0.000000e+000 -8.744144e-001 -4.851797e-001
    outer loop
      vertex   -9.943267e+001 -4.040161e+000 6.778279e+001
      vertex   -9.809934e+001 -4.046777e+000 6.779472e+001
      vertex   -1.020993e+002 -4.046777e+000 6.779472e+001
    endloop
  endfacet
  facet normal -0.000000e+000 -8.744144e-001 -4.851797e-001
    outer loop
      vertex   -9.943267e+001 -4.040161e+000 6.778279e+001
      vertex   -1.020993e+002 -4.046777e+000 6.779472e+001
      vertex   -1.007660e+002 -4.040161e+000 6.778279e+001
    endloop
  endfacet
  facet normal -6.761173e-004 -8.404292e-001 -5.419210e-001
    outer loop
      vertex   -1.007660e+002 -4.040161e+000 6.778279e+001
      vertex   -1.020993e+002 -4.046777e+000 6.779472e+001
      vertex   -1.020993e+002 -4.010761e+000 6.773886e+001
    endloop
  endfacet
  facet normal 8.364312e-004 -8.191455e-001 -5.735852e-001
    outer loop
      vertex   -1.007660e+002 -4.040161e+000 6.778279e+001
      vertex   -1.020993e+002 -4.010761e+000 6.773886e+001
      vertex   -1.007660e+002 -4.000168e+000 6.772568e+001
    endloop
  endfacet
  facet normal -7.879557e-004 -7.391222e-001 -6.735709e-001
    outer loop
      vertex   -1.007660e+002 -4.000168e+000 6.772568e+001
      vertex   -1.020993e+002 -4.010761e+000 6.773886e+001
      vertex   -1.020993e+002 -3.965992e+000 6.768974e+001
    endloop
  endfacet
  facet normal 9.372988e-004 -7.070945e-001 -7.071185e-001
    outer loop
      vertex   -1.007660e+002 -4.000168e+000 6.772568e+001
      vertex   -1.020993e+002 -3.965992e+000 6.768974e+001
      vertex   -1.007660e+002 -3.950866e+000 6.767638e+001
    endloop
  endfacet
  facet normal -8.766471e-004 -6.174257e-001 -7.866287e-001
    outer loop
      vertex   -1.007660e+002 -3.950866e+000 6.767638e+001
      vertex   -1.020993e+002 -3.965992e+000 6.768974e+001
      vertex   -1.020993e+002 -3.913707e+000 6.764870e+001
    endloop
  endfacet
  facet normal 1.020105e-003 -5.735862e-001 -8.191445e-001
    outer loop
      vertex   -1.007660e+002 -3.950866e+000 6.767638e+001
      vertex   -1.020993e+002 -3.913707e+000 6.764870e+001
      vertex   -1.007660e+002 -3.893751e+000 6.763638e+001
    endloop
  endfacet
  facet normal -9.461739e-004 -4.785644e-001 -8.780519e-001
    outer loop
      vertex   -1.007660e+002 -3.893751e+000 6.763638e+001
      vertex   -1.020993e+002 -3.913707e+000 6.764870e+001
      vertex   -1.020993e+002 -3.855349e+000 6.761689e+001
    endloop
  endfacet
  facet normal 1.079167e-003 -4.225915e-001 -9.063196e-001
    outer loop
      vertex   -1.007660e+002 -3.893751e+000 6.763638e+001
      vertex   -1.020993e+002 -3.855349e+000 6.761689e+001
      vertex   -1.007660e+002 -3.830559e+000 6.760692e+001
    endloop
  endfacet
  facet normal -9.965511e-004 -3.265786e-001 -9.451695e-001
    outer loop
      vertex   -1.007660e+002 -3.830559e+000 6.760692e+001
      vertex   -1.020993e+002 -3.855349e+000 6.761689e+001
      vertex   -1.020993e+002 -3.792530e+000 6.759518e+001
    endloop
  endfacet
  facet normal 1.116604e-003 -2.588873e-001 -9.659069e-001
    outer loop
      vertex   -1.007660e+002 -3.830559e+000 6.760692e+001
      vertex   -1.020993e+002 -3.792530e+000 6.759518e+001
      vertex   -1.007660e+002 -3.763210e+000 6.758887e+001
    endloop
  endfacet
  facet normal -1.030002e-003 -1.656389e-001 -9.861859e-001
    outer loop
      vertex   -1.007660e+002 -3.763210e+000 6.758887e+001
      vertex   -1.020993e+002 -3.792530e+000 6.759518e+001
      vertex   -1.020993e+002 -3.726983e+000 6.758418e+001
    endloop
  endfacet
  facet normal 1.139145e-003 -8.710025e-002 -9.961989e-001
    outer loop
      vertex   -1.007660e+002 -3.763210e+000 6.758887e+001
      vertex   -1.020993e+002 -3.726983e+000 6.758418e+001
      vertex   -1.007660e+002 -3.693751e+000 6.758279e+001
    endloop
  endfacet
  facet normal -1.035688e-003 0.000000e+000 -9.999995e-001
    outer loop
      vertex   -1.007660e+002 -3.693751e+000 6.758279e+001
      vertex   -1.020993e+002 -3.726983e+000 6.758418e+001
      vertex   -1.020993e+002 -3.660518e+000 6.758418e+001
    endloop
  endfacet
  facet normal 1.139137e-003 8.709995e-002 -9.961990e-001
    outer loop
      vertex   -1.007660e+002 -3.693751e+000 6.758279e+001
      vertex   -1.020993e+002 -3.660518e+000 6.758418e+001
      vertex   -1.007660e+002 -3.624291e+000 6.758887e+001
    endloop
  endfacet
  facet normal -1.030032e-003 1.656389e-001 -9.861859e-001
    outer loop
      vertex   -1.007660e+002 -3.624291e+000 6.758887e+001
      vertex   -1.020993e+002 -3.660518e+000 6.758418e+001
      vertex   -1.020993e+002 -3.594971e+000 6.759518e+001
    endloop
  endfacet
  facet normal 1.116558e-003 2.588873e-001 -9.659069e-001
    outer loop
      vertex   -1.007660e+002 -3.624291e+000 6.758887e+001
      vertex   -1.020993e+002 -3.594971e+000 6.759518e+001
      vertex   -1.007660e+002 -3.556942e+000 6.760692e+001
    endloop
  endfacet
  facet normal -9.965745e-004 3.265775e-001 -9.451699e-001
    outer loop
      vertex   -1.007660e+002 -3.556942e+000 6.760692e+001
      vertex   -1.020993e+002 -3.594971e+000 6.759518e+001
      vertex   -1.020993e+002 -3.532152e+000 6.761689e+001
    endloop
  endfacet
  facet normal 1.079196e-003 4.225928e-001 -9.063190e-001
    outer loop
      vertex   -1.007660e+002 -3.556942e+000 6.760692e+001
      vertex   -1.020993e+002 -3.532152e+000 6.761689e+001
      vertex   -1.007660e+002 -3.493751e+000 6.763638e+001
    endloop
  endfacet
  facet normal -9.461437e-004 4.785659e-001 -8.780512e-001
    outer loop
      vertex   -1.007660e+002 -3.493751e+000 6.763638e+001
      vertex   -1.020993e+002 -3.532152e+000 6.761689e+001
      vertex   -1.020993e+002 -3.473794e+000 6.764870e+001
    endloop
  endfacet
  facet normal 1.020071e-003 5.735846e-001 -8.191457e-001
    outer loop
      vertex   -1.007660e+002 -3.493751e+000 6.763638e+001
      vertex   -1.020993e+002 -3.473794e+000 6.764870e+001
      vertex   -1.007660e+002 -3.436635e+000 6.767638e+001
    endloop
  endfacet
  facet normal -8.766805e-004 6.174240e-001 -7.866301e-001
    outer loop
      vertex   -1.007660e+002 -3.436635e+000 6.767638e+001
      vertex   -1.020993e+002 -3.473794e+000 6.764870e+001
      vertex   -1.020993e+002 -3.421509e+000 6.768974e+001
    endloop
  endfacet
  facet normal 9.372988e-004 7.070945e-001 -7.071185e-001
    outer loop
      vertex   -1.007660e+002 -3.436635e+000 6.767638e+001
      vertex   -1.020993e+002 -3.421509e+000 6.768974e+001
      vertex   -1.007660e+002 -3.387333e+000 6.772568e+001
    endloop
  endfacet
  facet normal -7.880543e-004 7.391240e-001 -6.735689e-001
    outer loop
      vertex   -1.007660e+002 -3.387333e+000 6.772568e+001
      vertex   -1.020993e+002 -3.421509e+000 6.768974e+001
      vertex   -1.020993e+002 -3.376740e+000 6.773886e+001
    endloop
  endfacet
  facet normal 8.362847e-004 8.191455e-001 -5.735852e-001
    outer loop
      vertex   -1.007660e+002 -3.387333e+000 6.772568e+001
      vertex   -1.020993e+002 -3.376740e+000 6.773886e+001
      vertex   -1.007660e+002 -3.347340e+000 6.778279e+001
    endloop
  endfacet
  facet normal -3.474188e-018 8.191458e-001 -5.735853e-001
    outer loop
      vertex   -1.007660e+002 -3.387333e+000 6.772568e+001
      vertex   -1.007660e+002 -3.347340e+000 6.778279e+001
      vertex   -9.943267e+001 -3.347340e+000 6.778279e+001
    endloop
  endfacet
  facet normal -3.474188e-018 7.070948e-001 -7.071187e-001
    outer loop
      vertex   -1.007660e+002 -3.436635e+000 6.767638e+001
      vertex   -1.007660e+002 -3.387333e+000 6.772568e+001
      vertex   -9.943267e+001 -3.387333e+000 6.772568e+001
    endloop
  endfacet
  facet normal 0.000000e+000 8.191458e-001 -5.735853e-001
    outer loop
      vertex   -9.943267e+001 -3.387333e+000 6.772568e+001
      vertex   -1.007660e+002 -3.387333e+000 6.772568e+001
      vertex   -9.943267e+001 -3.347340e+000 6.778279e+001
    endloop
  endfacet
  facet normal -3.474188e-018 5.735849e-001 -8.191462e-001
    outer loop
      vertex   -1.007660e+002 -3.493751e+000 6.763638e+001
      vertex   -1.007660e+002 -3.436635e+000 6.767638e+001
      vertex   -9.943267e+001 -3.436635e+000 6.767638e+001
    endloop
  endfacet
  facet normal 0.000000e+000 7.070948e-001 -7.071187e-001
    outer loop
      vertex   -9.943267e+001 -3.436635e+000 6.767638e+001
      vertex   -1.007660e+002 -3.436635e+000 6.767638e+001
      vertex   -9.943267e+001 -3.387333e+000 6.772568e+001
    endloop
  endfacet
  facet normal 0.000000e+000 4.225930e-001 -9.063196e-001
    outer loop
      vertex   -1.007660e+002 -3.556942e+000 6.760692e+001
      vertex   -1.007660e+002 -3.493751e+000 6.763638e+001
      vertex   -9.943267e+001 -3.493751e+000 6.763638e+001
    endloop
  endfacet
  facet normal 0.000000e+000 5.735849e-001 -8.191462e-001
    outer loop
      vertex   -9.943267e+001 -3.493751e+000 6.763638e+001
      vertex   -1.007660e+002 -3.493751e+000 6.763638e+001
      vertex   -9.943267e+001 -3.436635e+000 6.767638e+001
    endloop
  endfacet
  facet normal 1.737094e-018 2.588875e-001 -9.659075e-001
    outer loop
      vertex   -1.007660e+002 -3.624291e+000 6.758887e+001
      vertex   -1.007660e+002 -3.556942e+000 6.760692e+001
      vertex   -9.943267e+001 -3.556942e+000 6.760692e+001
    endloop
  endfacet
  facet normal 0.000000e+000 4.225930e-001 -9.063196e-001
    outer loop
      vertex   -9.943267e+001 -3.556942e+000 6.760692e+001
      vertex   -1.007660e+002 -3.556942e+000 6.760692e+001
      vertex   -9.943267e+001 -3.493751e+000 6.763638e+001
    endloop
  endfacet
  facet normal 8.685469e-019 8.710001e-002 -9.961995e-001
    outer loop
      vertex   -1.007660e+002 -3.693751e+000 6.758279e+001
      vertex   -1.007660e+002 -3.624291e+000 6.758887e+001
      vertex   -9.943267e+001 -3.624291e+000 6.758887e+001
    endloop
  endfacet
  facet normal 0.000000e+000 2.588875e-001 -9.659075e-001
    outer loop
      vertex   -9.943267e+001 -3.624291e+000 6.758887e+001
      vertex   -1.007660e+002 -3.624291e+000 6.758887e+001
      vertex   -9.943267e+001 -3.556942e+000 6.760692e+001
    endloop
  endfacet
  facet normal 0.000000e+000 -8.710031e-002 -9.961995e-001
    outer loop
      vertex   -1.007660e+002 -3.763210e+000 6.758887e+001
      vertex   -1.007660e+002 -3.693751e+000 6.758279e+001
      vertex   -9.943267e+001 -3.693751e+000 6.758279e+001
    endloop
  endfacet
  facet normal 0.000000e+000 8.710001e-002 -9.961995e-001
    outer loop
      vertex   -9.943267e+001 -3.693751e+000 6.758279e+001
      vertex   -1.007660e+002 -3.693751e+000 6.758279e+001
      vertex   -9.943267e+001 -3.624291e+000 6.758887e+001
    endloop
  endfacet
  facet normal -1.737094e-018 -2.588875e-001 -9.659075e-001
    outer loop
      vertex   -1.007660e+002 -3.830559e+000 6.760692e+001
      vertex   -1.007660e+002 -3.763210e+000 6.758887e+001
      vertex   -9.943267e+001 -3.763210e+000 6.758887e+001
    endloop
  endfacet
  facet normal -0.000000e+000 -8.710031e-002 -9.961995e-001
    outer loop
      vertex   -9.943267e+001 -3.763210e+000 6.758887e+001
      vertex   -1.007660e+002 -3.763210e+000 6.758887e+001
      vertex   -9.943267e+001 -3.693751e+000 6.758279e+001
    endloop
  endfacet
  facet normal 0.000000e+000 -4.225917e-001 -9.063202e-001
    outer loop
      vertex   -1.007660e+002 -3.893751e+000 6.763638e+001
      vertex   -1.007660e+002 -3.830559e+000 6.760692e+001
      vertex   -9.943267e+001 -3.830559e+000 6.760692e+001
    endloop
  endfacet
  facet normal -0.000000e+000 -2.588875e-001 -9.659075e-001
    outer loop
      vertex   -9.943267e+001 -3.830559e+000 6.760692e+001
      vertex   -1.007660e+002 -3.830559e+000 6.760692e+001
      vertex   -9.943267e+001 -3.763210e+000 6.758887e+001
    endloop
  endfacet
  facet normal 0.000000e+000 -5.735865e-001 -8.191450e-001
    outer loop
      vertex   -1.007660e+002 -3.950866e+000 6.767638e+001
      vertex   -1.007660e+002 -3.893751e+000 6.763638e+001
      vertex   -9.943267e+001 -3.893751e+000 6.763638e+001
    endloop
  endfacet
  facet normal -0.000000e+000 -4.225917e-001 -9.063202e-001
    outer loop
      vertex   -9.943267e+001 -3.893751e+000 6.763638e+001
      vertex   -1.007660e+002 -3.893751e+000 6.763638e+001
      vertex   -9.943267e+001 -3.830559e+000 6.760692e+001
    endloop
  endfacet
  facet normal 3.474188e-018 -7.070948e-001 -7.071187e-001
    outer loop
      vertex   -1.007660e+002 -4.000168e+000 6.772568e+001
      vertex   -1.007660e+002 -3.950866e+000 6.767638e+001
      vertex   -9.943267e+001 -3.950866e+000 6.767638e+001
    endloop
  endfacet
  facet normal -0.000000e+000 -5.735865e-001 -8.191450e-001
    outer loop
      vertex   -9.943267e+001 -3.950866e+000 6.767638e+001
      vertex   -1.007660e+002 -3.950866e+000 6.767638e+001
      vertex   -9.943267e+001 -3.893751e+000 6.763638e+001
    endloop
  endfacet
  facet normal 3.474188e-018 -8.191458e-001 -5.735853e-001
    outer loop
      vertex   -1.007660e+002 -4.040161e+000 6.778279e+001
      vertex   -1.007660e+002 -4.000168e+000 6.772568e+001
      vertex   -9.943267e+001 -4.000168e+000 6.772568e+001
    endloop
  endfacet
  facet normal -0.000000e+000 -7.070948e-001 -7.071187e-001
    outer loop
      vertex   -9.943267e+001 -4.000168e+000 6.772568e+001
      vertex   -1.007660e+002 -4.000168e+000 6.772568e+001
      vertex   -9.943267e+001 -3.950866e+000 6.767638e+001
    endloop
  endfacet
  facet normal -0.000000e+000 -8.191458e-001 -5.735853e-001
    outer loop
      vertex   -9.943267e+001 -4.040161e+000 6.778279e+001
      vertex   -1.007660e+002 -4.040161e+000 6.778279e+001
      vertex   -9.943267e+001 -4.000168e+000 6.772568e+001
    endloop
  endfacet
  facet normal -1.000000e+000 -0.000000e+000 0.000000e+000
    outer loop
      vertex   -1.020993e+002 -3.340724e+000 6.779472e+001
      vertex   -1.020993e+002 -3.376740e+000 6.773886e+001
      vertex   -1.020993e+002 -4.046777e+000 6.779472e+001
    endloop
  endfacet
  facet normal -1.000000e+000 0.000000e+000 0.000000e+000
    outer loop
      vertex   -1.020993e+002 -4.046777e+000 6.779472e+001
      vertex   -1.020993e+002 -3.376740e+000 6.773886e+001
      vertex   -1.020993e+002 -4.010761e+000 6.773886e+001
    endloop
  endfacet
  facet normal -1.000000e+000 0.000000e+000 0.000000e+000
    outer loop
      vertex   -1.020993e+002 -4.010761e+000 6.773886e+001
      vertex   -1.020993e+002 -3.376740e+000 6.773886e+001
      vertex   -1.020993e+002 -3.965992e+000 6.768974e+001
    endloop
  endfacet
  facet normal -1.000000e+000 0.000000e+000 0.000000e+000
    outer loop
      vertex   -1.020993e+002 -3.965992e+000 6.768974e+001
      vertex   -1.020993e+002 -3.376740e+000 6.773886e+001
      vertex   -1.020993e+002 -3.421509e+000 6.768974e+001
    endloop
  endfacet
  facet normal -1.000000e+000 0.000000e+000 0.000000e+000
    outer loop
      vertex   -1.020993e+002 -3.965992e+000 6.768974e+001
      vertex   -1.020993e+002 -3.421509e+000 6.768974e+001
      vertex   -1.020993e+002 -3.913707e+000 6.764870e+001
    endloop
  endfacet
  facet normal -1.000000e+000 0.000000e+000 0.000000e+000
    outer loop
      vertex   -1.020993e+002 -3.913707e+000 6.764870e+001
      vertex   -1.020993e+002 -3.421509e+000 6.768974e+001
      vertex   -1.020993e+002 -3.473794e+000 6.764870e+001
    endloop
  endfacet
  facet normal -1.000000e+000 0.000000e+000 0.000000e+000
    outer loop
      vertex   -1.020993e+002 -3.913707e+000 6.764870e+001
      vertex   -1.020993e+002 -3.473794e+000 6.764870e+001
      vertex   -1.020993e+002 -3.855349e+000 6.761689e+001
    endloop
  endfacet
  facet normal -1.000000e+000 0.000000e+000 0.000000e+000
    outer loop
      vertex   -1.020993e+002 -3.855349e+000 6.761689e+001
      vertex   -1.020993e+002 -3.473794e+000 6.764870e+001
      vertex   -1.020993e+002 -3.532152e+000 6.761689e+001
    endloop
  endfacet
  facet normal -1.000000e+000 0.000000e+000 0.000000e+000
    outer loop
      vertex   -1.020993e+002 -3.855349e+000 6.761689e+001
      vertex   -1.020993e+002 -3.532152e+000 6.761689e+001
      vertex   -1.020993e+002 -3.792530e+000 6.759518e+001
    endloop
  endfacet
  facet normal -1.000000e+000 0.000000e+000 0.000000e+000
    outer loop
      vertex   -1.020993e+002 -3.792530e+000 6.759518e+001
      vertex   -1.020993e+002 -3.532152e+000 6.761689e+001
      vertex   -1.020993e+002 -3.594971e+000 6.759518e+001
    endloop
  endfacet
  facet normal -1.000000e+000 0.000000e+000 0.000000e+000
    outer loop
      vertex   -1.020993e+002 -3.792530e+000 6.759518e+001
      vertex   -1.020993e+002 -3.594971e+000 6.759518e+001
      vertex   -1.020993e+002 -3.726983e+000 6.758418e+001
    endloop
  endfacet
  facet normal -1.000000e+000 0.000000e+000 0.000000e+000
    outer loop
      vertex   -1.020993e+002 -3.726983e+000 6.758418e+001
      vertex   -1.020993e+002 -3.594971e+000 6.759518e+001
      vertex   -1.020993e+002 -3.660518e+000 6.758418e+001
    endloop
  endfacet
  facet normal 1.000000e+000 0.000000e+000 0.000000e+000
    outer loop
      vertex   -9.809934e+001 -3.372316e+000 6.234472e+001
      vertex   -9.809934e+001 -4.015185e+000 6.234472e+001
      vertex   -9.809934e+001 -3.417138e+000 6.229385e+001
    endloop
  endfacet
  facet normal 1.000000e+000 0.000000e+000 0.000000e+000
    outer loop
      vertex   -9.809934e+001 -3.417138e+000 6.229385e+001
      vertex   -9.809934e+001 -4.015185e+000 6.234472e+001
      vertex   -9.809934e+001 -3.970363e+000 6.229385e+001
    endloop
  endfacet
  facet normal 1.000000e+000 0.000000e+000 0.000000e+000
    outer loop
      vertex   -9.809934e+001 -3.417138e+000 6.229385e+001
      vertex   -9.809934e+001 -3.970363e+000 6.229385e+001
      vertex   -9.809934e+001 -3.917595e+000 6.225129e+001
    endloop
  endfacet
  facet normal 1.000000e+000 0.000000e+000 0.000000e+000
    outer loop
      vertex   -9.809934e+001 -3.417138e+000 6.229385e+001
      vertex   -9.809934e+001 -3.917595e+000 6.225129e+001
      vertex   -9.809934e+001 -3.469906e+000 6.225129e+001
    endloop
  endfacet
  facet normal 1.000000e+000 0.000000e+000 0.000000e+000
    outer loop
      vertex   -9.809934e+001 -3.469906e+000 6.225129e+001
      vertex   -9.809934e+001 -3.917595e+000 6.225129e+001
      vertex   -9.809934e+001 -3.858397e+000 6.221825e+001
    endloop
  endfacet
  facet normal 1.000000e+000 0.000000e+000 0.000000e+000
    outer loop
      vertex   -9.809934e+001 -3.469906e+000 6.225129e+001
      vertex   -9.809934e+001 -3.858397e+000 6.221825e+001
      vertex   -9.809934e+001 -3.529104e+000 6.221825e+001
    endloop
  endfacet
  facet normal 1.000000e+000 0.000000e+000 0.000000e+000
    outer loop
      vertex   -9.809934e+001 -3.529104e+000 6.221825e+001
      vertex   -9.809934e+001 -3.858397e+000 6.221825e+001
      vertex   -9.809934e+001 -3.794469e+000 6.219568e+001
    endloop
  endfacet
  facet normal 1.000000e+000 0.000000e+000 0.000000e+000
    outer loop
      vertex   -9.809934e+001 -3.529104e+000 6.221825e+001
      vertex   -9.809934e+001 -3.794469e+000 6.219568e+001
      vertex   -9.809934e+001 -3.593032e+000 6.219568e+001
    endloop
  endfacet
  facet normal 1.000000e+000 0.000000e+000 0.000000e+000
    outer loop
      vertex   -9.809934e+001 -3.593032e+000 6.219568e+001
      vertex   -9.809934e+001 -3.794469e+000 6.219568e+001
      vertex   -9.809934e+001 -3.727648e+000 6.218423e+001
    endloop
  endfacet
  facet normal 1.000000e+000 0.000000e+000 0.000000e+000
    outer loop
      vertex   -9.809934e+001 -3.593032e+000 6.219568e+001
      vertex   -9.809934e+001 -3.727648e+000 6.218423e+001
      vertex   -9.809934e+001 -3.659853e+000 6.218423e+001
    endloop
  endfacet
  facet normal -1.000000e+000 -0.000000e+000 0.000000e+000
    outer loop
      vertex   -1.020993e+002 -3.372316e+000 6.234472e+001
      vertex   -1.020993e+002 -3.417138e+000 6.229385e+001
      vertex   -1.020993e+002 -4.015185e+000 6.234472e+001
    endloop
  endfacet
  facet normal -1.000000e+000 0.000000e+000 0.000000e+000
    outer loop
      vertex   -1.020993e+002 -4.015185e+000 6.234472e+001
      vertex   -1.020993e+002 -3.417138e+000 6.229385e+001
      vertex   -1.020993e+002 -3.970363e+000 6.229385e+001
    endloop
  endfacet
  facet normal -1.000000e+000 0.000000e+000 0.000000e+000
    outer loop
      vertex   -1.020993e+002 -3.970363e+000 6.229385e+001
      vertex   -1.020993e+002 -3.417138e+000 6.229385e+001
      vertex   -1.020993e+002 -3.917595e+000 6.225129e+001
    endloop
  endfacet
  facet normal -1.000000e+000 0.000000e+000 0.000000e+000
    outer loop
      vertex   -1.020993e+002 -3.917595e+000 6.225129e+001
      vertex   -1.020993e+002 -3.417138e+000 6.229385e+001
      vertex   -1.020993e+002 -3.469906e+000 6.225129e+001
    endloop
  endfacet
  facet normal -1.000000e+000 0.000000e+000 0.000000e+000
    outer loop
      vertex   -1.020993e+002 -3.917595e+000 6.225129e+001
      vertex   -1.020993e+002 -3.469906e+000 6.225129e+001
      vertex   -1.020993e+002 -3.858397e+000 6.221825e+001
    endloop
  endfacet
  facet normal -1.000000e+000 0.000000e+000 0.000000e+000
    outer loop
      vertex   -1.020993e+002 -3.858397e+000 6.221825e+001
      vertex   -1.020993e+002 -3.469906e+000 6.225129e+001
      vertex   -1.020993e+002 -3.529104e+000 6.221825e+001
    endloop
  endfacet
  facet normal -1.000000e+000 0.000000e+000 0.000000e+000
    outer loop
      vertex   -1.020993e+002 -3.858397e+000 6.221825e+001
      vertex   -1.020993e+002 -3.529104e+000 6.221825e+001
      vertex   -1.020993e+002 -3.794469e+000 6.219568e+001
    endloop
  endfacet
  facet normal -1.000000e+000 0.000000e+000 0.000000e+000
    outer loop
      vertex   -1.020993e+002 -3.794469e+000 6.219568e+001
      vertex   -1.020993e+002 -3.529104e+000 6.221825e+001
      vertex   -1.020993e+002 -3.593032e+000 6.219568e+001
    endloop
  endfacet
  facet normal -1.000000e+000 0.000000e+000 0.000000e+000
    outer loop
      vertex   -1.020993e+002 -3.794469e+000 6.219568e+001
      vertex   -1.020993e+002 -3.593032e+000 6.219568e+001
      vertex   -1.020993e+002 -3.727648e+000 6.218423e+001
    endloop
  endfacet
  facet normal -1.000000e+000 0.000000e+000 0.000000e+000
    outer loop
      vertex   -1.020993e+002 -3.727648e+000 6.218423e+001
      vertex   -1.020993e+002 -3.593032e+000 6.219568e+001
      vertex   -1.020993e+002 -3.659853e+000 6.218423e+001
    endloop
  endfacet
  facet normal -1.000000e+000 0.000000e+000 0.000000e+000
    outer loop
      vertex   -1.020993e+002 -3.354505e+000 6.279472e+001
      vertex   -1.020993e+002 -4.032996e+000 6.279472e+001
      vertex   -1.020993e+002 -3.394913e+000 6.284868e+001
    endloop
  endfacet
  facet normal -1.000000e+000 -0.000000e+000 0.000000e+000
    outer loop
      vertex   -1.020993e+002 -3.394913e+000 6.284868e+001
      vertex   -1.020993e+002 -4.032996e+000 6.279472e+001
      vertex   -1.020993e+002 -3.992588e+000 6.284868e+001
    endloop
  endfacet
  facet normal -1.000000e+000 0.000000e+000 0.000000e+000
    outer loop
      vertex   -1.020993e+002 -3.394913e+000 6.284868e+001
      vertex   -1.020993e+002 -3.992588e+000 6.284868e+001
      vertex   -1.020993e+002 -3.943692e+000 6.289509e+001
    endloop
  endfacet
  facet normal -1.000000e+000 0.000000e+000 0.000000e+000
    outer loop
      vertex   -1.020993e+002 -3.394913e+000 6.284868e+001
      vertex   -1.020993e+002 -3.943692e+000 6.289509e+001
      vertex   -1.020993e+002 -3.443809e+000 6.289509e+001
    endloop
  endfacet
  facet normal -1.000000e+000 0.000000e+000 0.000000e+000
    outer loop
      vertex   -1.020993e+002 -3.443809e+000 6.289509e+001
      vertex   -1.020993e+002 -3.943692e+000 6.289509e+001
      vertex   -1.020993e+002 -3.887696e+000 6.293263e+001
    endloop
  endfacet
  facet normal -1.000000e+000 0.000000e+000 0.000000e+000
    outer loop
      vertex   -1.020993e+002 -3.443809e+000 6.289509e+001
      vertex   -1.020993e+002 -3.887696e+000 6.293263e+001
      vertex   -1.020993e+002 -3.499805e+000 6.293263e+001
    endloop
  endfacet
  facet normal -1.000000e+000 0.000000e+000 0.000000e+000
    outer loop
      vertex   -1.020993e+002 -3.499805e+000 6.293263e+001
      vertex   -1.020993e+002 -3.887696e+000 6.293263e+001
      vertex   -1.020993e+002 -3.826192e+000 6.296023e+001
    endloop
  endfacet
  facet normal -1.000000e+000 0.000000e+000 0.000000e+000
    outer loop
      vertex   -1.020993e+002 -3.499805e+000 6.293263e+001
      vertex   -1.020993e+002 -3.826192e+000 6.296023e+001
      vertex   -1.020993e+002 -3.561309e+000 6.296023e+001
    endloop
  endfacet
  facet normal -1.000000e+000 0.000000e+000 0.000000e+000
    outer loop
      vertex   -1.020993e+002 -3.561309e+000 6.296023e+001
      vertex   -1.020993e+002 -3.826192e+000 6.296023e+001
      vertex   -1.020993e+002 -3.760925e+000 6.297711e+001
    endloop
  endfacet
  facet normal -1.000000e+000 0.000000e+000 0.000000e+000
    outer loop
      vertex   -1.020993e+002 -3.561309e+000 6.296023e+001
      vertex   -1.020993e+002 -3.760925e+000 6.297711e+001
      vertex   -1.020993e+002 -3.626576e+000 6.297711e+001
    endloop
  endfacet
  facet normal -1.000000e+000 0.000000e+000 0.000000e+000
    outer loop
      vertex   -1.020993e+002 -3.626576e+000 6.297711e+001
      vertex   -1.020993e+002 -3.760925e+000 6.297711e+001
      vertex   -1.020993e+002 -3.693751e+000 6.298279e+001
    endloop
  endfacet
  facet normal -9.923582e-004 7.502677e-001 -6.611333e-001
    outer loop
      vertex   -1.020993e+002 -3.417138e+000 6.229385e+001
      vertex   -1.020993e+002 -3.372316e+000 6.234472e+001
      vertex   -1.007660e+002 -3.387333e+000 6.232568e+001
    endloop
  endfacet
  facet normal 0.000000e+000 7.852213e-001 -6.192151e-001
    outer loop
      vertex   -1.007660e+002 -3.387333e+000 6.232568e+001
      vertex   -1.020993e+002 -3.372316e+000 6.234472e+001
      vertex   -9.809934e+001 -3.372316e+000 6.234472e+001
    endloop
  endfacet
  facet normal 0.000000e+000 7.852213e-001 -6.192151e-001
    outer loop
      vertex   -1.007660e+002 -3.387333e+000 6.232568e+001
      vertex   -9.809934e+001 -3.372316e+000 6.234472e+001
      vertex   -9.943267e+001 -3.387333e+000 6.232568e+001
    endloop
  endfacet
  facet normal 9.923638e-004 7.502677e-001 -6.611333e-001
    outer loop
      vertex   -9.943267e+001 -3.387333e+000 6.232568e+001
      vertex   -9.809934e+001 -3.372316e+000 6.234472e+001
      vertex   -9.809934e+001 -3.417138e+000 6.229385e+001
    endloop
  endfacet
  facet normal -1.070244e-003 7.070944e-001 -7.071183e-001
    outer loop
      vertex   -9.943267e+001 -3.387333e+000 6.232568e+001
      vertex   -9.809934e+001 -3.417138e+000 6.229385e+001
      vertex   -9.943267e+001 -3.436635e+000 6.227637e+001
    endloop
  endfacet
  facet normal 1.022463e-003 6.278375e-001 -7.783437e-001
    outer loop
      vertex   -9.943267e+001 -3.436635e+000 6.227637e+001
      vertex   -9.809934e+001 -3.417138e+000 6.229385e+001
      vertex   -9.809934e+001 -3.469906e+000 6.225129e+001
    endloop
  endfacet
  facet normal -1.098959e-003 5.735846e-001 -8.191456e-001
    outer loop
      vertex   -9.943267e+001 -3.436635e+000 6.227637e+001
      vertex   -9.809934e+001 -3.469906e+000 6.225129e+001
      vertex   -9.943267e+001 -3.493751e+000 6.223638e+001
    endloop
  endfacet
  facet normal 1.047794e-003 4.873450e-001 -8.732089e-001
    outer loop
      vertex   -9.943267e+001 -3.493751e+000 6.223638e+001
      vertex   -9.809934e+001 -3.469906e+000 6.225129e+001
      vertex   -9.809934e+001 -3.529104e+000 6.221825e+001
    endloop
  endfacet
  facet normal -1.119379e-003 4.225928e-001 -9.063190e-001
    outer loop
      vertex   -9.943267e+001 -3.493751e+000 6.223638e+001
      vertex   -9.809934e+001 -3.529104e+000 6.221825e+001
      vertex   -9.943267e+001 -3.556942e+000 6.220692e+001
    endloop
  endfacet
  facet normal 1.063923e-003 3.329351e-001 -9.429492e-001
    outer loop
      vertex   -9.943267e+001 -3.556942e+000 6.220692e+001
      vertex   -9.809934e+001 -3.529104e+000 6.221825e+001
      vertex   -9.809934e+001 -3.593032e+000 6.219568e+001
    endloop
  endfacet
  facet normal -1.135353e-003 2.588362e-001 -9.659206e-001
    outer loop
      vertex   -9.943267e+001 -3.556942e+000 6.220692e+001
      vertex   -9.809934e+001 -3.593032e+000 6.219568e+001
      vertex   -9.943267e+001 -3.624291e+000 6.218887e+001
    endloop
  endfacet
  facet normal 1.074754e-003 1.688614e-001 -9.856392e-001
    outer loop
      vertex   -9.943267e+001 -3.624291e+000 6.218887e+001
      vertex   -9.809934e+001 -3.593032e+000 6.219568e+001
      vertex   -9.809934e+001 -3.659853e+000 6.218423e+001
    endloop
  endfacet
  facet normal -1.141231e-003 8.715425e-002 -9.961942e-001
    outer loop
      vertex   -9.943267e+001 -3.624291e+000 6.218887e+001
      vertex   -9.809934e+001 -3.659853e+000 6.218423e+001
      vertex   -9.943267e+001 -3.693751e+000 6.218279e+001
    endloop
  endfacet
  facet normal 1.078609e-003 0.000000e+000 -9.999994e-001
    outer loop
      vertex   -9.943267e+001 -3.693751e+000 6.218279e+001
      vertex   -9.809934e+001 -3.659853e+000 6.218423e+001
      vertex   -9.809934e+001 -3.727648e+000 6.218423e+001
    endloop
  endfacet
  facet normal -1.141238e-003 -8.715455e-002 -9.961941e-001
    outer loop
      vertex   -9.943267e+001 -3.693751e+000 6.218279e+001
      vertex   -9.809934e+001 -3.727648e+000 6.218423e+001
      vertex   -9.943267e+001 -3.763210e+000 6.218887e+001
    endloop
  endfacet
  facet normal 1.074723e-003 -1.688614e-001 -9.856392e-001
    outer loop
      vertex   -9.943267e+001 -3.763210e+000 6.218887e+001
      vertex   -9.809934e+001 -3.727648e+000 6.218423e+001
      vertex   -9.809934e+001 -3.794469e+000 6.219568e+001
    endloop
  endfacet
  facet normal -1.135399e-003 -2.588362e-001 -9.659206e-001
    outer loop
      vertex   -9.943267e+001 -3.763210e+000 6.218887e+001
      vertex   -9.809934e+001 -3.794469e+000 6.219568e+001
      vertex   -9.943267e+001 -3.830559e+000 6.220692e+001
    endloop
  endfacet
  facet normal 1.063863e-003 -3.329351e-001 -9.429492e-001
    outer loop
      vertex   -9.943267e+001 -3.830559e+000 6.220692e+001
      vertex   -9.809934e+001 -3.794469e+000 6.219568e+001
      vertex   -9.809934e+001 -3.858397e+000 6.221825e+001
    endloop
  endfacet
  facet normal -1.119422e-003 -4.225915e-001 -9.063196e-001
    outer loop
      vertex   -9.943267e+001 -3.830559e+000 6.220692e+001
      vertex   -9.809934e+001 -3.858397e+000 6.221825e+001
      vertex   -9.943267e+001 -3.893751e+000 6.223638e+001
    endloop
  endfacet
  facet normal 1.047845e-003 -4.873464e-001 -8.732081e-001
    outer loop
      vertex   -9.943267e+001 -3.893751e+000 6.223638e+001
      vertex   -9.809934e+001 -3.858397e+000 6.221825e+001
      vertex   -9.809934e+001 -3.917595e+000 6.225129e+001
    endloop
  endfacet
  facet normal -1.098897e-003 -5.735862e-001 -8.191445e-001
    outer loop
      vertex   -9.943267e+001 -3.893751e+000 6.223638e+001
      vertex   -9.809934e+001 -3.917595e+000 6.225129e+001
      vertex   -9.943267e+001 -3.950866e+000 6.227637e+001
    endloop
  endfacet
  facet normal 1.022394e-003 -6.278359e-001 -7.783451e-001
    outer loop
      vertex   -9.943267e+001 -3.950866e+000 6.227637e+001
      vertex   -9.809934e+001 -3.917595e+000 6.225129e+001
      vertex   -9.809934e+001 -3.970363e+000 6.229385e+001
    endloop
  endfacet
  facet normal -1.070370e-003 -7.070944e-001 -7.071183e-001
    outer loop
      vertex   -9.943267e+001 -3.950866e+000 6.227637e+001
      vertex   -9.809934e+001 -3.970363e+000 6.229385e+001
      vertex   -9.943267e+001 -4.000168e+000 6.232568e+001
    endloop
  endfacet
  facet normal 9.923159e-004 -7.502695e-001 -6.611314e-001
    outer loop
      vertex   -9.943267e+001 -4.000168e+000 6.232568e+001
      vertex   -9.809934e+001 -3.970363e+000 6.229385e+001
      vertex   -9.809934e+001 -4.015185e+000 6.234472e+001
    endloop
  endfacet
  facet normal 0.000000e+000 -7.852213e-001 -6.192151e-001
    outer loop
      vertex   -9.943267e+001 -4.000168e+000 6.232568e+001
      vertex   -9.809934e+001 -4.015185e+000 6.234472e+001
      vertex   -1.020993e+002 -4.015185e+000 6.234472e+001
    endloop
  endfacet
  facet normal -0.000000e+000 -7.852213e-001 -6.192151e-001
    outer loop
      vertex   -9.943267e+001 -4.000168e+000 6.232568e+001
      vertex   -1.020993e+002 -4.015185e+000 6.234472e+001
      vertex   -1.007660e+002 -4.000168e+000 6.232568e+001
    endloop
  endfacet
  facet normal -9.923102e-004 -7.502695e-001 -6.611314e-001
    outer loop
      vertex   -1.007660e+002 -4.000168e+000 6.232568e+001
      vertex   -1.020993e+002 -4.015185e+000 6.234472e+001
      vertex   -1.020993e+002 -3.970363e+000 6.229385e+001
    endloop
  endfacet
  facet normal 1.070364e-003 -7.070944e-001 -7.071183e-001
    outer loop
      vertex   -1.007660e+002 -4.000168e+000 6.232568e+001
      vertex   -1.020993e+002 -3.970363e+000 6.229385e+001
      vertex   -1.007660e+002 -3.950866e+000 6.227637e+001
    endloop
  endfacet
  facet normal -1.022388e-003 -6.278359e-001 -7.783451e-001
    outer loop
      vertex   -1.007660e+002 -3.950866e+000 6.227637e+001
      vertex   -1.020993e+002 -3.970363e+000 6.229385e+001
      vertex   -1.020993e+002 -3.917595e+000 6.225129e+001
    endloop
  endfacet
  facet normal 1.098891e-003 -5.735862e-001 -8.191445e-001
    outer loop
      vertex   -1.007660e+002 -3.950866e+000 6.227637e+001
      vertex   -1.020993e+002 -3.917595e+000 6.225129e+001
      vertex   -1.007660e+002 -3.893751e+000 6.223638e+001
    endloop
  endfacet
  facet normal -1.047839e-003 -4.873464e-001 -8.732081e-001
    outer loop
      vertex   -1.007660e+002 -3.893751e+000 6.223638e+001
      vertex   -1.020993e+002 -3.917595e+000 6.225129e+001
      vertex   -1.020993e+002 -3.858397e+000 6.221825e+001
    endloop
  endfacet
  facet normal 1.119416e-003 -4.225915e-001 -9.063196e-001
    outer loop
      vertex   -1.007660e+002 -3.893751e+000 6.223638e+001
      vertex   -1.020993e+002 -3.858397e+000 6.221825e+001
      vertex   -1.007660e+002 -3.830559e+000 6.220692e+001
    endloop
  endfacet
  facet normal -1.063857e-003 -3.329351e-001 -9.429492e-001
    outer loop
      vertex   -1.007660e+002 -3.830559e+000 6.220692e+001
      vertex   -1.020993e+002 -3.858397e+000 6.221825e+001
      vertex   -1.020993e+002 -3.794469e+000 6.219568e+001
    endloop
  endfacet
  facet normal 1.135393e-003 -2.588362e-001 -9.659206e-001
    outer loop
      vertex   -1.007660e+002 -3.830559e+000 6.220692e+001
      vertex   -1.020993e+002 -3.794469e+000 6.219568e+001
      vertex   -1.007660e+002 -3.763210e+000 6.218887e+001
    endloop
  endfacet
  facet normal -1.074717e-003 -1.688614e-001 -9.856392e-001
    outer loop
      vertex   -1.007660e+002 -3.763210e+000 6.218887e+001
      vertex   -1.020993e+002 -3.794469e+000 6.219568e+001
      vertex   -1.020993e+002 -3.727648e+000 6.218423e+001
    endloop
  endfacet
  facet normal 1.141232e-003 -8.715455e-002 -9.961941e-001
    outer loop
      vertex   -1.007660e+002 -3.763210e+000 6.218887e+001
      vertex   -1.020993e+002 -3.727648e+000 6.218423e+001
      vertex   -1.007660e+002 -3.693751e+000 6.218279e+001
    endloop
  endfacet
  facet normal -1.078603e-003 0.000000e+000 -9.999994e-001
    outer loop
      vertex   -1.007660e+002 -3.693751e+000 6.218279e+001
      vertex   -1.020993e+002 -3.727648e+000 6.218423e+001
      vertex   -1.020993e+002 -3.659853e+000 6.218423e+001
    endloop
  endfacet
  facet normal 1.141224e-003 8.715425e-002 -9.961942e-001
    outer loop
      vertex   -1.007660e+002 -3.693751e+000 6.218279e+001
      vertex   -1.020993e+002 -3.659853e+000 6.218423e+001
      vertex   -1.007660e+002 -3.624291e+000 6.218887e+001
    endloop
  endfacet
  facet normal -1.074748e-003 1.688614e-001 -9.856392e-001
    outer loop
      vertex   -1.007660e+002 -3.624291e+000 6.218887e+001
      vertex   -1.020993e+002 -3.659853e+000 6.218423e+001
      vertex   -1.020993e+002 -3.593032e+000 6.219568e+001
    endloop
  endfacet
  facet normal 1.135346e-003 2.588362e-001 -9.659206e-001
    outer loop
      vertex   -1.007660e+002 -3.624291e+000 6.218887e+001
      vertex   -1.020993e+002 -3.593032e+000 6.219568e+001
      vertex   -1.007660e+002 -3.556942e+000 6.220692e+001
    endloop
  endfacet
  facet normal -1.063917e-003 3.329351e-001 -9.429492e-001
    outer loop
      vertex   -1.007660e+002 -3.556942e+000 6.220692e+001
      vertex   -1.020993e+002 -3.593032e+000 6.219568e+001
      vertex   -1.020993e+002 -3.529104e+000 6.221825e+001
    endloop
  endfacet
  facet normal 1.119373e-003 4.225928e-001 -9.063190e-001
    outer loop
      vertex   -1.007660e+002 -3.556942e+000 6.220692e+001
      vertex   -1.020993e+002 -3.529104e+000 6.221825e+001
      vertex   -1.007660e+002 -3.493751e+000 6.223638e+001
    endloop
  endfacet
  facet normal -1.047788e-003 4.873450e-001 -8.732089e-001
    outer loop
      vertex   -1.007660e+002 -3.493751e+000 6.223638e+001
      vertex   -1.020993e+002 -3.529104e+000 6.221825e+001
      vertex   -1.020993e+002 -3.469906e+000 6.225129e+001
    endloop
  endfacet
  facet normal 1.098952e-003 5.735846e-001 -8.191456e-001
    outer loop
      vertex   -1.007660e+002 -3.493751e+000 6.223638e+001
      vertex   -1.020993e+002 -3.469906e+000 6.225129e+001
      vertex   -1.007660e+002 -3.436635e+000 6.227637e+001
    endloop
  endfacet
  facet normal -1.022457e-003 6.278375e-001 -7.783437e-001
    outer loop
      vertex   -1.007660e+002 -3.436635e+000 6.227637e+001
      vertex   -1.020993e+002 -3.469906e+000 6.225129e+001
      vertex   -1.020993e+002 -3.417138e+000 6.229385e+001
    endloop
  endfacet
  facet normal 1.070237e-003 7.070944e-001 -7.071183e-001
    outer loop
      vertex   -1.007660e+002 -3.436635e+000 6.227637e+001
      vertex   -1.020993e+002 -3.417138e+000 6.229385e+001
      vertex   -1.007660e+002 -3.387333e+000 6.232568e+001
    endloop
  endfacet
  facet normal -3.474188e-018 7.070948e-001 -7.071187e-001
    outer loop
      vertex   -1.007660e+002 -3.436635e+000 6.227637e+001
      vertex   -1.007660e+002 -3.387333e+000 6.232568e+001
      vertex   -9.943267e+001 -3.387333e+000 6.232568e+001
    endloop
  endfacet
  facet normal -3.474188e-018 5.735849e-001 -8.191462e-001
    outer loop
      vertex   -1.007660e+002 -3.493751e+000 6.223638e+001
      vertex   -1.007660e+002 -3.436635e+000 6.227637e+001
      vertex   -9.943267e+001 -3.436635e+000 6.227637e+001
    endloop
  endfacet
  facet normal 0.000000e+000 7.070948e-001 -7.071187e-001
    outer loop
      vertex   -9.943267e+001 -3.436635e+000 6.227637e+001
      vertex   -1.007660e+002 -3.436635e+000 6.227637e+001
      vertex   -9.943267e+001 -3.387333e+000 6.232568e+001
    endloop
  endfacet
  facet normal 0.000000e+000 4.225930e-001 -9.063196e-001
    outer loop
      vertex   -1.007660e+002 -3.556942e+000 6.220692e+001
      vertex   -1.007660e+002 -3.493751e+000 6.223638e+001
      vertex   -9.943267e+001 -3.493751e+000 6.223638e+001
    endloop
  endfacet
  facet normal 0.000000e+000 5.735849e-001 -8.191462e-001
    outer loop
      vertex   -9.943267e+001 -3.493751e+000 6.223638e+001
      vertex   -1.007660e+002 -3.493751e+000 6.223638e+001
      vertex   -9.943267e+001 -3.436635e+000 6.227637e+001
    endloop
  endfacet
  facet normal 1.737094e-018 2.588364e-001 -9.659212e-001
    outer loop
      vertex   -1.007660e+002 -3.624291e+000 6.218887e+001
      vertex   -1.007660e+002 -3.556942e+000 6.220692e+001
      vertex   -9.943267e+001 -3.556942e+000 6.220692e+001
    endloop
  endfacet
  facet normal 0.000000e+000 4.225930e-001 -9.063196e-001
    outer loop
      vertex   -9.943267e+001 -3.556942e+000 6.220692e+001
      vertex   -1.007660e+002 -3.556942e+000 6.220692e+001
      vertex   -9.943267e+001 -3.493751e+000 6.223638e+001
    endloop
  endfacet
  facet normal -8.685469e-019 8.715431e-002 -9.961948e-001
    outer loop
      vertex   -1.007660e+002 -3.693751e+000 6.218279e+001
      vertex   -1.007660e+002 -3.624291e+000 6.218887e+001
      vertex   -9.943267e+001 -3.624291e+000 6.218887e+001
    endloop
  endfacet
  facet normal 0.000000e+000 2.588364e-001 -9.659212e-001
    outer loop
      vertex   -9.943267e+001 -3.624291e+000 6.218887e+001
      vertex   -1.007660e+002 -3.624291e+000 6.218887e+001
      vertex   -9.943267e+001 -3.556942e+000 6.220692e+001
    endloop
  endfacet
  facet normal 0.000000e+000 -8.715460e-002 -9.961948e-001
    outer loop
      vertex   -1.007660e+002 -3.763210e+000 6.218887e+001
      vertex   -1.007660e+002 -3.693751e+000 6.218279e+001
      vertex   -9.943267e+001 -3.693751e+000 6.218279e+001
    endloop
  endfacet
  facet normal 0.000000e+000 8.715431e-002 -9.961948e-001
    outer loop
      vertex   -9.943267e+001 -3.693751e+000 6.218279e+001
      vertex   -1.007660e+002 -3.693751e+000 6.218279e+001
      vertex   -9.943267e+001 -3.624291e+000 6.218887e+001
    endloop
  endfacet
  facet normal -1.737094e-018 -2.588364e-001 -9.659212e-001
    outer loop
      vertex   -1.007660e+002 -3.830559e+000 6.220692e+001
      vertex   -1.007660e+002 -3.763210e+000 6.218887e+001
      vertex   -9.943267e+001 -3.763210e+000 6.218887e+001
    endloop
  endfacet
  facet normal -0.000000e+000 -8.715460e-002 -9.961948e-001
    outer loop
      vertex   -9.943267e+001 -3.763210e+000 6.218887e+001
      vertex   -1.007660e+002 -3.763210e+000 6.218887e+001
      vertex   -9.943267e+001 -3.693751e+000 6.218279e+001
    endloop
  endfacet
  facet normal 0.000000e+000 -4.225917e-001 -9.063202e-001
    outer loop
      vertex   -1.007660e+002 -3.893751e+000 6.223638e+001
      vertex   -1.007660e+002 -3.830559e+000 6.220692e+001
      vertex   -9.943267e+001 -3.830559e+000 6.220692e+001
    endloop
  endfacet
  facet normal -0.000000e+000 -2.588364e-001 -9.659212e-001
    outer loop
      vertex   -9.943267e+001 -3.830559e+000 6.220692e+001
      vertex   -1.007660e+002 -3.830559e+000 6.220692e+001
      vertex   -9.943267e+001 -3.763210e+000 6.218887e+001
    endloop
  endfacet
  facet normal 0.000000e+000 -5.735865e-001 -8.191450e-001
    outer loop
      vertex   -1.007660e+002 -3.950866e+000 6.227637e+001
      vertex   -1.007660e+002 -3.893751e+000 6.223638e+001
      vertex   -9.943267e+001 -3.893751e+000 6.223638e+001
    endloop
  endfacet
  facet normal -0.000000e+000 -4.225917e-001 -9.063202e-001
    outer loop
      vertex   -9.943267e+001 -3.893751e+000 6.223638e+001
      vertex   -1.007660e+002 -3.893751e+000 6.223638e+001
      vertex   -9.943267e+001 -3.830559e+000 6.220692e+001
    endloop
  endfacet
  facet normal 3.474188e-018 -7.070948e-001 -7.071187e-001
    outer loop
      vertex   -1.007660e+002 -4.000168e+000 6.232568e+001
      vertex   -1.007660e+002 -3.950866e+000 6.227637e+001
      vertex   -9.943267e+001 -3.950866e+000 6.227637e+001
    endloop
  endfacet
  facet normal -0.000000e+000 -5.735865e-001 -8.191450e-001
    outer loop
      vertex   -9.943267e+001 -3.950866e+000 6.227637e+001
      vertex   -1.007660e+002 -3.950866e+000 6.227637e+001
      vertex   -9.943267e+001 -3.893751e+000 6.223638e+001
    endloop
  endfacet
  facet normal -0.000000e+000 -7.070948e-001 -7.071187e-001
    outer loop
      vertex   -9.943267e+001 -4.000168e+000 6.232568e+001
      vertex   -1.007660e+002 -4.000168e+000 6.232568e+001
      vertex   -9.943267e+001 -3.950866e+000 6.227637e+001
    endloop
  endfacet
  facet normal 6.078387e-004 8.004360e-001 5.994180e-001
    outer loop
      vertex   -9.809934e+001 -3.394913e+000 6.284868e+001
      vertex   -9.809934e+001 -3.354505e+000 6.279472e+001
      vertex   -9.943267e+001 -3.387333e+000 6.283991e+001
    endloop
  endfacet
  facet normal 0.000000e+000 8.090494e-001 5.877407e-001
    outer loop
      vertex   -9.943267e+001 -3.387333e+000 6.283991e+001
      vertex   -9.809934e+001 -3.354505e+000 6.279472e+001
      vertex   -1.020993e+002 -3.354505e+000 6.279472e+001
    endloop
  endfacet
  facet normal 0.000000e+000 8.090494e-001 5.877407e-001
    outer loop
      vertex   -9.943267e+001 -3.387333e+000 6.283991e+001
      vertex   -1.020993e+002 -3.354505e+000 6.279472e+001
      vertex   -1.007660e+002 -3.387333e+000 6.283991e+001
    endloop
  endfacet
  facet normal -6.078352e-004 8.004360e-001 5.994180e-001
    outer loop
      vertex   -1.007660e+002 -3.387333e+000 6.283991e+001
      vertex   -1.020993e+002 -3.354505e+000 6.279472e+001
      vertex   -1.020993e+002 -3.394913e+000 6.284868e+001
    endloop
  endfacet
  facet normal 6.312102e-004 7.070947e-001 7.071186e-001
    outer loop
      vertex   -1.007660e+002 -3.387333e+000 6.283991e+001
      vertex   -1.020993e+002 -3.394913e+000 6.284868e+001
      vertex   -1.007660e+002 -3.436635e+000 6.288921e+001
    endloop
  endfacet
  facet normal -5.060477e-004 6.884227e-001 7.253096e-001
    outer loop
      vertex   -1.007660e+002 -3.436635e+000 6.288921e+001
      vertex   -1.020993e+002 -3.394913e+000 6.284868e+001
      vertex   -1.020993e+002 -3.443809e+000 6.289509e+001
    endloop
  endfacet
  facet normal 5.255053e-004 5.735848e-001 8.191460e-001
    outer loop
      vertex   -1.007660e+002 -3.436635e+000 6.288921e+001
      vertex   -1.020993e+002 -3.443809e+000 6.289509e+001
      vertex   -1.007660e+002 -3.493751e+000 6.292920e+001
    endloop
  endfacet
  facet normal -3.944633e-004 5.568545e-001 8.306100e-001
    outer loop
      vertex   -1.007660e+002 -3.493751e+000 6.292920e+001
      vertex   -1.020993e+002 -3.443809e+000 6.289509e+001
      vertex   -1.020993e+002 -3.499805e+000 6.293263e+001
    endloop
  endfacet
  facet normal 4.094209e-004 4.226379e-001 9.062985e-001
    outer loop
      vertex   -1.007660e+002 -3.493751e+000 6.292920e+001
      vertex   -1.020993e+002 -3.499805e+000 6.293263e+001
      vertex   -1.007660e+002 -3.556942e+000 6.295867e+001
    endloop
  endfacet
  facet normal -2.734484e-004 4.094526e-001 9.123313e-001
    outer loop
      vertex   -1.007660e+002 -3.556942e+000 6.295867e+001
      vertex   -1.020993e+002 -3.499805e+000 6.293263e+001
      vertex   -1.020993e+002 -3.561309e+000 6.296023e+001
    endloop
  endfacet
  facet normal 2.827338e-004 2.587854e-001 9.659348e-001
    outer loop
      vertex   -1.007660e+002 -3.556942e+000 6.295867e+001
      vertex   -1.020993e+002 -3.561309e+000 6.296023e+001
      vertex   -1.007660e+002 -3.624291e+000 6.297672e+001
    endloop
  endfacet
  facet normal -1.409990e-004 2.503931e-001 9.681442e-001
    outer loop
      vertex   -1.007660e+002 -3.624291e+000 6.297672e+001
      vertex   -1.020993e+002 -3.561309e+000 6.296023e+001
      vertex   -1.020993e+002 -3.626576e+000 6.297711e+001
    endloop
  endfacet
  facet normal 1.470685e-004 8.715431e-002 9.961948e-001
    outer loop
      vertex   -1.007660e+002 -3.624291e+000 6.297672e+001
      vertex   -1.020993e+002 -3.626576e+000 6.297711e+001
      vertex   -1.007660e+002 -3.693751e+000 6.298279e+001
    endloop
  endfacet
  facet normal 0.000000e+000 8.425625e-002 9.964441e-001
    outer loop
      vertex   -1.007660e+002 -3.693751e+000 6.298279e+001
      vertex   -1.020993e+002 -3.626576e+000 6.297711e+001
      vertex   -1.020993e+002 -3.693751e+000 6.298279e+001
    endloop
  endfacet
  facet normal 0.000000e+000 -8.425655e-002 9.964441e-001
    outer loop
      vertex   -1.007660e+002 -3.693751e+000 6.298279e+001
      vertex   -1.020993e+002 -3.693751e+000 6.298279e+001
      vertex   -1.020993e+002 -3.760925e+000 6.297711e+001
    endloop
  endfacet
  facet normal 1.470680e-004 -8.715460e-002 9.961948e-001
    outer loop
      vertex   -1.007660e+002 -3.693751e+000 6.298279e+001
      vertex   -1.020993e+002 -3.760925e+000 6.297711e+001
      vertex   -1.007660e+002 -3.763210e+000 6.297672e+001
    endloop
  endfacet
  facet normal -1.409990e-004 -2.503931e-001 9.681442e-001
    outer loop
      vertex   -1.007660e+002 -3.763210e+000 6.297672e+001
      vertex   -1.020993e+002 -3.760925e+000 6.297711e+001
      vertex   -1.020993e+002 -3.826192e+000 6.296023e+001
    endloop
  endfacet
  facet normal 2.827338e-004 -2.587854e-001 9.659348e-001
    outer loop
      vertex   -1.007660e+002 -3.763210e+000 6.297672e+001
      vertex   -1.020993e+002 -3.826192e+000 6.296023e+001
      vertex   -1.007660e+002 -3.830559e+000 6.295867e+001
    endloop
  endfacet
  facet normal -2.734484e-004 -4.094526e-001 9.123313e-001
    outer loop
      vertex   -1.007660e+002 -3.830559e+000 6.295867e+001
      vertex   -1.020993e+002 -3.826192e+000 6.296023e+001
      vertex   -1.020993e+002 -3.887696e+000 6.293263e+001
    endloop
  endfacet
  facet normal 4.093528e-004 -4.226366e-001 9.062991e-001
    outer loop
      vertex   -1.007660e+002 -3.830559e+000 6.295867e+001
      vertex   -1.020993e+002 -3.887696e+000 6.293263e+001
      vertex   -1.007660e+002 -3.893751e+000 6.292920e+001
    endloop
  endfacet
  facet normal -3.945628e-004 -5.568545e-001 8.306100e-001
    outer loop
      vertex   -1.007660e+002 -3.893751e+000 6.292920e+001
      vertex   -1.020993e+002 -3.887696e+000 6.293263e+001
      vertex   -1.020993e+002 -3.943692e+000 6.289509e+001
    endloop
  endfacet
  facet normal 5.254917e-004 -5.735864e-001 8.191449e-001
    outer loop
      vertex   -1.007660e+002 -3.893751e+000 6.292920e+001
      vertex   -1.020993e+002 -3.943692e+000 6.289509e+001
      vertex   -1.007660e+002 -3.950866e+000 6.288921e+001
    endloop
  endfacet
  facet normal -5.060477e-004 -6.884227e-001 7.253096e-001
    outer loop
      vertex   -1.007660e+002 -3.950866e+000 6.288921e+001
      vertex   -1.020993e+002 -3.943692e+000 6.289509e+001
      vertex   -1.020993e+002 -3.992588e+000 6.284868e+001
    endloop
  endfacet
  facet normal 6.312102e-004 -7.070947e-001 7.071186e-001
    outer loop
      vertex   -1.007660e+002 -3.950866e+000 6.288921e+001
      vertex   -1.020993e+002 -3.992588e+000 6.284868e+001
      vertex   -1.007660e+002 -4.000168e+000 6.283991e+001
    endloop
  endfacet
  facet normal -6.078352e-004 -8.004360e-001 5.994180e-001
    outer loop
      vertex   -1.007660e+002 -4.000168e+000 6.283991e+001
      vertex   -1.020993e+002 -3.992588e+000 6.284868e+001
      vertex   -1.020993e+002 -4.032996e+000 6.279472e+001
    endloop
  endfacet
  facet normal -8.636690e-019 -8.090494e-001 5.877407e-001
    outer loop
      vertex   -1.007660e+002 -4.000168e+000 6.283991e+001
      vertex   -1.020993e+002 -4.032996e+000 6.279472e+001
      vertex   -9.809934e+001 -4.032996e+000 6.279472e+001
    endloop
  endfacet
  facet normal 0.000000e+000 -8.090494e-001 5.877407e-001
    outer loop
      vertex   -1.007660e+002 -4.000168e+000 6.283991e+001
      vertex   -9.809934e+001 -4.032996e+000 6.279472e+001
      vertex   -9.943267e+001 -4.000168e+000 6.283991e+001
    endloop
  endfacet
  facet normal 6.078387e-004 -8.004360e-001 5.994180e-001
    outer loop
      vertex   -9.943267e+001 -4.000168e+000 6.283991e+001
      vertex   -9.809934e+001 -4.032996e+000 6.279472e+001
      vertex   -9.809934e+001 -3.992588e+000 6.284868e+001
    endloop
  endfacet
  facet normal -6.312138e-004 -7.070947e-001 7.071186e-001
    outer loop
      vertex   -9.943267e+001 -4.000168e+000 6.283991e+001
      vertex   -9.809934e+001 -3.992588e+000 6.284868e+001
      vertex   -9.943267e+001 -3.950866e+000 6.288921e+001
    endloop
  endfacet
  facet normal 5.060507e-004 -6.884227e-001 7.253096e-001
    outer loop
      vertex   -9.943267e+001 -3.950866e+000 6.288921e+001
      vertex   -9.809934e+001 -3.992588e+000 6.284868e+001
      vertex   -9.809934e+001 -3.943692e+000 6.289509e+001
    endloop
  endfacet
  facet normal -5.254947e-004 -5.735864e-001 8.191449e-001
    outer loop
      vertex   -9.943267e+001 -3.950866e+000 6.288921e+001
      vertex   -9.809934e+001 -3.943692e+000 6.289509e+001
      vertex   -9.943267e+001 -3.893751e+000 6.292920e+001
    endloop
  endfacet
  facet normal 3.945651e-004 -5.568545e-001 8.306100e-001
    outer loop
      vertex   -9.943267e+001 -3.893751e+000 6.292920e+001
      vertex   -9.809934e+001 -3.943692e+000 6.289509e+001
      vertex   -9.809934e+001 -3.887696e+000 6.293263e+001
    endloop
  endfacet
  facet normal -4.093552e-004 -4.226366e-001 9.062991e-001
    outer loop
      vertex   -9.943267e+001 -3.893751e+000 6.292920e+001
      vertex   -9.809934e+001 -3.887696e+000 6.293263e+001
      vertex   -9.943267e+001 -3.830559e+000 6.295867e+001
    endloop
  endfacet
  facet normal 2.734500e-004 -4.094526e-001 9.123313e-001
    outer loop
      vertex   -9.943267e+001 -3.830559e+000 6.295867e+001
      vertex   -9.809934e+001 -3.887696e+000 6.293263e+001
      vertex   -9.809934e+001 -3.826192e+000 6.296023e+001
    endloop
  endfacet
  facet normal -2.827354e-004 -2.587854e-001 9.659348e-001
    outer loop
      vertex   -9.943267e+001 -3.830559e+000 6.295867e+001
      vertex   -9.809934e+001 -3.826192e+000 6.296023e+001
      vertex   -9.943267e+001 -3.763210e+000 6.297672e+001
    endloop
  endfacet
  facet normal 1.409998e-004 -2.503931e-001 9.681442e-001
    outer loop
      vertex   -9.943267e+001 -3.763210e+000 6.297672e+001
      vertex   -9.809934e+001 -3.826192e+000 6.296023e+001
      vertex   -9.809934e+001 -3.760925e+000 6.297711e+001
    endloop
  endfacet
  facet normal -1.470689e-004 -8.715460e-002 9.961948e-001
    outer loop
      vertex   -9.943267e+001 -3.763210e+000 6.297672e+001
      vertex   -9.809934e+001 -3.760925e+000 6.297711e+001
      vertex   -9.943267e+001 -3.693751e+000 6.298279e+001
    endloop
  endfacet
  facet normal 0.000000e+000 -8.425655e-002 9.964441e-001
    outer loop
      vertex   -9.943267e+001 -3.693751e+000 6.298279e+001
      vertex   -9.809934e+001 -3.760925e+000 6.297711e+001
      vertex   -9.809934e+001 -3.693751e+000 6.298279e+001
    endloop
  endfacet
  facet normal -0.000000e+000 8.425625e-002 9.964441e-001
    outer loop
      vertex   -9.943267e+001 -3.693751e+000 6.298279e+001
      vertex   -9.809934e+001 -3.693751e+000 6.298279e+001
      vertex   -9.809934e+001 -3.626576e+000 6.297711e+001
    endloop
  endfacet
  facet normal -1.470694e-004 8.715431e-002 9.961948e-001
    outer loop
      vertex   -9.943267e+001 -3.693751e+000 6.298279e+001
      vertex   -9.809934e+001 -3.626576e+000 6.297711e+001
      vertex   -9.943267e+001 -3.624291e+000 6.297672e+001
    endloop
  endfacet
  facet normal 1.409998e-004 2.503931e-001 9.681442e-001
    outer loop
      vertex   -9.943267e+001 -3.624291e+000 6.297672e+001
      vertex   -9.809934e+001 -3.626576e+000 6.297711e+001
      vertex   -9.809934e+001 -3.561309e+000 6.296023e+001
    endloop
  endfacet
  facet normal -2.827354e-004 2.587854e-001 9.659348e-001
    outer loop
      vertex   -9.943267e+001 -3.624291e+000 6.297672e+001
      vertex   -9.809934e+001 -3.561309e+000 6.296023e+001
      vertex   -9.943267e+001 -3.556942e+000 6.295867e+001
    endloop
  endfacet
  facet normal 2.734500e-004 4.094526e-001 9.123313e-001
    outer loop
      vertex   -9.943267e+001 -3.556942e+000 6.295867e+001
      vertex   -9.809934e+001 -3.561309e+000 6.296023e+001
      vertex   -9.809934e+001 -3.499805e+000 6.293263e+001
    endloop
  endfacet
  facet normal -4.094232e-004 4.226379e-001 9.062985e-001
    outer loop
      vertex   -9.943267e+001 -3.556942e+000 6.295867e+001
      vertex   -9.809934e+001 -3.499805e+000 6.293263e+001
      vertex   -9.943267e+001 -3.493751e+000 6.292920e+001
    endloop
  endfacet
  facet normal 3.944655e-004 5.568545e-001 8.306100e-001
    outer loop
      vertex   -9.943267e+001 -3.493751e+000 6.292920e+001
      vertex   -9.809934e+001 -3.499805e+000 6.293263e+001
      vertex   -9.809934e+001 -3.443809e+000 6.289509e+001
    endloop
  endfacet
  facet normal -5.255084e-004 5.735848e-001 8.191460e-001
    outer loop
      vertex   -9.943267e+001 -3.493751e+000 6.292920e+001
      vertex   -9.809934e+001 -3.443809e+000 6.289509e+001
      vertex   -9.943267e+001 -3.436635e+000 6.288921e+001
    endloop
  endfacet
  facet normal 5.060507e-004 6.884227e-001 7.253096e-001
    outer loop
      vertex   -9.943267e+001 -3.436635e+000 6.288921e+001
      vertex   -9.809934e+001 -3.443809e+000 6.289509e+001
      vertex   -9.809934e+001 -3.394913e+000 6.284868e+001
    endloop
  endfacet
  facet normal -6.312138e-004 7.070947e-001 7.071186e-001
    outer loop
      vertex   -9.943267e+001 -3.436635e+000 6.288921e+001
      vertex   -9.809934e+001 -3.394913e+000 6.284868e+001
      vertex   -9.943267e+001 -3.387333e+000 6.283991e+001
    endloop
  endfacet
  facet normal -0.000000e+000 8.715431e-002 9.961948e-001
    outer loop
      vertex   -1.007660e+002 -3.693751e+000 6.298279e+001
      vertex   -9.943267e+001 -3.693751e+000 6.298279e+001
      vertex   -1.007660e+002 -3.624291e+000 6.297672e+001
    endloop
  endfacet
  facet normal -0.000000e+000 8.715431e-002 9.961948e-001
    outer loop
      vertex   -1.007660e+002 -3.624291e+000 6.297672e+001
      vertex   -9.943267e+001 -3.693751e+000 6.298279e+001
      vertex   -9.943267e+001 -3.624291e+000 6.297672e+001
    endloop
  endfacet
  facet normal -0.000000e+000 2.587854e-001 9.659349e-001
    outer loop
      vertex   -1.007660e+002 -3.624291e+000 6.297672e+001
      vertex   -9.943267e+001 -3.624291e+000 6.297672e+001
      vertex   -1.007660e+002 -3.556942e+000 6.295867e+001
    endloop
  endfacet
  facet normal -0.000000e+000 2.587854e-001 9.659349e-001
    outer loop
      vertex   -1.007660e+002 -3.556942e+000 6.295867e+001
      vertex   -9.943267e+001 -3.624291e+000 6.297672e+001
      vertex   -9.943267e+001 -3.556942e+000 6.295867e+001
    endloop
  endfacet
  facet normal -0.000000e+000 4.226380e-001 9.062986e-001
    outer loop
      vertex   -1.007660e+002 -3.556942e+000 6.295867e+001
      vertex   -9.943267e+001 -3.556942e+000 6.295867e+001
      vertex   -1.007660e+002 -3.493751e+000 6.292920e+001
    endloop
  endfacet
  facet normal -0.000000e+000 4.226380e-001 9.062986e-001
    outer loop
      vertex   -1.007660e+002 -3.493751e+000 6.292920e+001
      vertex   -9.943267e+001 -3.556942e+000 6.295867e+001
      vertex   -9.943267e+001 -3.493751e+000 6.292920e+001
    endloop
  endfacet
  facet normal -0.000000e+000 5.735849e-001 8.191462e-001
    outer loop
      vertex   -1.007660e+002 -3.493751e+000 6.292920e+001
      vertex   -9.943267e+001 -3.493751e+000 6.292920e+001
      vertex   -1.007660e+002 -3.436635e+000 6.288921e+001
    endloop
  endfacet
  facet normal -0.000000e+000 5.735849e-001 8.191462e-001
    outer loop
      vertex   -1.007660e+002 -3.436635e+000 6.288921e+001
      vertex   -9.943267e+001 -3.493751e+000 6.292920e+001
      vertex   -9.943267e+001 -3.436635e+000 6.288921e+001
    endloop
  endfacet
  facet normal -0.000000e+000 7.070948e-001 7.071187e-001
    outer loop
      vertex   -1.007660e+002 -3.436635e+000 6.288921e+001
      vertex   -9.943267e+001 -3.436635e+000 6.288921e+001
      vertex   -1.007660e+002 -3.387333e+000 6.283991e+001
    endloop
  endfacet
  facet normal -0.000000e+000 7.070948e-001 7.071187e-001
    outer loop
      vertex   -1.007660e+002 -3.387333e+000 6.283991e+001
      vertex   -9.943267e+001 -3.436635e+000 6.288921e+001
      vertex   -9.943267e+001 -3.387333e+000 6.283991e+001
    endloop
  endfacet
  facet normal 0.000000e+000 -8.715460e-002 9.961948e-001
    outer loop
      vertex   -9.943267e+001 -3.693751e+000 6.298279e+001
      vertex   -1.007660e+002 -3.693751e+000 6.298279e+001
      vertex   -9.943267e+001 -3.763210e+000 6.297672e+001
    endloop
  endfacet
  facet normal 0.000000e+000 -8.715460e-002 9.961948e-001
    outer loop
      vertex   -9.943267e+001 -3.763210e+000 6.297672e+001
      vertex   -1.007660e+002 -3.693751e+000 6.298279e+001
      vertex   -1.007660e+002 -3.763210e+000 6.297672e+001
    endloop
  endfacet
  facet normal 0.000000e+000 -2.587854e-001 9.659349e-001
    outer loop
      vertex   -9.943267e+001 -3.763210e+000 6.297672e+001
      vertex   -1.007660e+002 -3.763210e+000 6.297672e+001
      vertex   -9.943267e+001 -3.830559e+000 6.295867e+001
    endloop
  endfacet
  facet normal 0.000000e+000 -2.587854e-001 9.659349e-001
    outer loop
      vertex   -9.943267e+001 -3.830559e+000 6.295867e+001
      vertex   -1.007660e+002 -3.763210e+000 6.297672e+001
      vertex   -1.007660e+002 -3.830559e+000 6.295867e+001
    endloop
  endfacet
  facet normal 0.000000e+000 -4.226367e-001 9.062992e-001
    outer loop
      vertex   -9.943267e+001 -3.830559e+000 6.295867e+001
      vertex   -1.007660e+002 -3.830559e+000 6.295867e+001
      vertex   -9.943267e+001 -3.893751e+000 6.292920e+001
    endloop
  endfacet
  facet normal 0.000000e+000 -4.226367e-001 9.062992e-001
    outer loop
      vertex   -9.943267e+001 -3.893751e+000 6.292920e+001
      vertex   -1.007660e+002 -3.830559e+000 6.295867e+001
      vertex   -1.007660e+002 -3.893751e+000 6.292920e+001
    endloop
  endfacet
  facet normal 0.000000e+000 -5.735865e-001 8.191450e-001
    outer loop
      vertex   -9.943267e+001 -3.893751e+000 6.292920e+001
      vertex   -1.007660e+002 -3.893751e+000 6.292920e+001
      vertex   -9.943267e+001 -3.950866e+000 6.288921e+001
    endloop
  endfacet
  facet normal 0.000000e+000 -5.735865e-001 8.191450e-001
    outer loop
      vertex   -9.943267e+001 -3.950866e+000 6.288921e+001
      vertex   -1.007660e+002 -3.893751e+000 6.292920e+001
      vertex   -1.007660e+002 -3.950866e+000 6.288921e+001
    endloop
  endfacet
  facet normal 0.000000e+000 -7.070948e-001 7.071187e-001
    outer loop
      vertex   -9.943267e+001 -3.950866e+000 6.288921e+001
      vertex   -1.007660e+002 -3.950866e+000 6.288921e+001
      vertex   -9.943267e+001 -4.000168e+000 6.283991e+001
    endloop
  endfacet
  facet normal 0.000000e+000 -7.070948e-001 7.071187e-001
    outer loop
      vertex   -9.943267e+001 -4.000168e+000 6.283991e+001
      vertex   -1.007660e+002 -3.950866e+000 6.288921e+001
      vertex   -1.007660e+002 -4.000168e+000 6.283991e+001
    endloop
  endfacet
  facet normal 1.000000e+000 0.000000e+000 0.000000e+000
    outer loop
      vertex   -9.809934e+001 -3.354505e+000 6.279472e+001
      vertex   -9.809934e+001 -3.394913e+000 6.284868e+001
      vertex   -9.809934e+001 -4.032996e+000 6.279472e+001
    endloop
  endfacet
  facet normal 1.000000e+000 0.000000e+000 0.000000e+000
    outer loop
      vertex   -9.809934e+001 -4.032996e+000 6.279472e+001
      vertex   -9.809934e+001 -3.394913e+000 6.284868e+001
      vertex   -9.809934e+001 -3.992588e+000 6.284868e+001
    endloop
  endfacet
  facet normal 1.000000e+000 0.000000e+000 0.000000e+000
    outer loop
      vertex   -9.809934e+001 -3.992588e+000 6.284868e+001
      vertex   -9.809934e+001 -3.394913e+000 6.284868e+001
      vertex   -9.809934e+001 -3.943692e+000 6.289509e+001
    endloop
  endfacet
  facet normal 1.000000e+000 -0.000000e+000 0.000000e+000
    outer loop
      vertex   -9.809934e+001 -3.943692e+000 6.289509e+001
      vertex   -9.809934e+001 -3.394913e+000 6.284868e+001
      vertex   -9.809934e+001 -3.443809e+000 6.289509e+001
    endloop
  endfacet
  facet normal 1.000000e+000 0.000000e+000 0.000000e+000
    outer loop
      vertex   -9.809934e+001 -3.943692e+000 6.289509e+001
      vertex   -9.809934e+001 -3.443809e+000 6.289509e+001
      vertex   -9.809934e+001 -3.887696e+000 6.293263e+001
    endloop
  endfacet
  facet normal 1.000000e+000 -0.000000e+000 0.000000e+000
    outer loop
      vertex   -9.809934e+001 -3.887696e+000 6.293263e+001
      vertex   -9.809934e+001 -3.443809e+000 6.289509e+001
      vertex   -9.809934e+001 -3.499805e+000 6.293263e+001
    endloop
  endfacet
  facet normal 1.000000e+000 0.000000e+000 0.000000e+000
    outer loop
      vertex   -9.809934e+001 -3.887696e+000 6.293263e+001
      vertex   -9.809934e+001 -3.499805e+000 6.293263e+001
      vertex   -9.809934e+001 -3.826192e+000 6.296023e+001
    endloop
  endfacet
  facet normal 1.000000e+000 -0.000000e+000 0.000000e+000
    outer loop
      vertex   -9.809934e+001 -3.826192e+000 6.296023e+001
      vertex   -9.809934e+001 -3.499805e+000 6.293263e+001
      vertex   -9.809934e+001 -3.561309e+000 6.296023e+001
    endloop
  endfacet
  facet normal 1.000000e+000 0.000000e+000 0.000000e+000
    outer loop
      vertex   -9.809934e+001 -3.826192e+000 6.296023e+001
      vertex   -9.809934e+001 -3.561309e+000 6.296023e+001
      vertex   -9.809934e+001 -3.760925e+000 6.297711e+001
    endloop
  endfacet
  facet normal 1.000000e+000 -0.000000e+000 0.000000e+000
    outer loop
      vertex   -9.809934e+001 -3.760925e+000 6.297711e+001
      vertex   -9.809934e+001 -3.561309e+000 6.296023e+001
      vertex   -9.809934e+001 -3.626576e+000 6.297711e+001
    endloop
  endfacet
  facet normal 1.000000e+000 0.000000e+000 0.000000e+000
    outer loop
      vertex   -9.809934e+001 -3.760925e+000 6.297711e+001
      vertex   -9.809934e+001 -3.626576e+000 6.297711e+001
      vertex   -9.809934e+001 -3.693751e+000 6.298279e+001
    endloop
  endfacet
  facet normal 1.000000e+000 -0.000000e+000 0.000000e+000
    outer loop
      vertex   -1.038083e+002 -4.897910e+000 6.675584e+001
      vertex   -1.038083e+002 -4.897910e+000 6.383360e+001
      vertex   -1.038083e+002 -2.147910e+000 6.675584e+001
    endloop
  endfacet
  facet normal 1.000000e+000 0.000000e+000 0.000000e+000
    outer loop
      vertex   -1.038083e+002 -2.147910e+000 6.675584e+001
      vertex   -1.038083e+002 -4.897910e+000 6.383360e+001
      vertex   -1.038083e+002 -2.147910e+000 6.383360e+001
    endloop
  endfacet
  facet normal 9.974087e-001 -0.000000e+000 7.194295e-002
    outer loop
      vertex   -1.038083e+002 -4.897910e+000 6.383360e+001
      vertex   -1.037985e+002 -4.897910e+000 6.369800e+001
      vertex   -1.038083e+002 -2.147910e+000 6.383360e+001
    endloop
  endfacet
  facet normal 9.974087e-001 0.000000e+000 7.194295e-002
    outer loop
      vertex   -1.038083e+002 -2.147910e+000 6.383360e+001
      vertex   -1.037985e+002 -4.897910e+000 6.369800e+001
      vertex   -1.037985e+002 -2.147910e+000 6.369800e+001
    endloop
  endfacet
  facet normal 9.768936e-001 0.000000e+000 2.137261e-001
    outer loop
      vertex   -1.037985e+002 -2.147910e+000 6.369800e+001
      vertex   -1.037985e+002 -4.897910e+000 6.369800e+001
      vertex   -1.037693e+002 -4.897910e+000 6.356472e+001
    endloop
  endfacet
  facet normal 9.768936e-001 0.000000e+000 2.137261e-001
    outer loop
      vertex   -1.037985e+002 -2.147910e+000 6.369800e+001
      vertex   -1.037693e+002 -4.897910e+000 6.356472e+001
      vertex   -1.037693e+002 -2.147910e+000 6.356472e+001
    endloop
  endfacet
  facet normal 9.368020e-001 0.000000e+000 3.498601e-001
    outer loop
      vertex   -1.037693e+002 -2.147910e+000 6.356472e+001
      vertex   -1.037693e+002 -4.897910e+000 6.356472e+001
      vertex   -1.037213e+002 -4.897910e+000 6.343604e+001
    endloop
  endfacet
  facet normal 9.368020e-001 0.000000e+000 3.498601e-001
    outer loop
      vertex   -1.037693e+002 -2.147910e+000 6.356472e+001
      vertex   -1.037213e+002 -4.897910e+000 6.343604e+001
      vertex   -1.037213e+002 -2.147910e+000 6.343604e+001
    endloop
  endfacet
  facet normal 8.789889e-001 0.000000e+000 4.768423e-001
    outer loop
      vertex   -1.037213e+002 -2.147910e+000 6.343604e+001
      vertex   -1.037213e+002 -4.897910e+000 6.343604e+001
      vertex   -1.036551e+002 -4.897910e+000 6.331416e+001
    endloop
  endfacet
  facet normal 8.789889e-001 3.473854e-018 4.768423e-001
    outer loop
      vertex   -1.037213e+002 -2.147910e+000 6.343604e+001
      vertex   -1.036551e+002 -4.897910e+000 6.331416e+001
      vertex   -1.036551e+002 -2.147910e+000 6.331416e+001
    endloop
  endfacet
  facet normal 8.057472e-001 0.000000e+000 5.922596e-001
    outer loop
      vertex   -1.036551e+002 -2.147910e+000 6.331416e+001
      vertex   -1.036551e+002 -4.897910e+000 6.331416e+001
      vertex   -1.035721e+002 -4.897910e+000 6.320117e+001
    endloop
  endfacet
  facet normal 8.057472e-001 -3.473955e-018 5.922596e-001
    outer loop
      vertex   -1.036551e+002 -2.147910e+000 6.331416e+001
      vertex   -1.035721e+002 -4.897910e+000 6.320117e+001
      vertex   -1.035721e+002 -2.147910e+000 6.320117e+001
    endloop
  endfacet
  facet normal 7.196625e-001 0.000000e+000 6.943240e-001
    outer loop
      vertex   -1.035721e+002 -2.147910e+000 6.320117e+001
      vertex   -1.035721e+002 -4.897910e+000 6.320117e+001
      vertex   -1.034735e+002 -4.897910e+000 6.309900e+001
    endloop
  endfacet
  facet normal 7.196625e-001 -3.474067e-018 6.943240e-001
    outer loop
      vertex   -1.035721e+002 -2.147910e+000 6.320117e+001
      vertex   -1.034735e+002 -4.897910e+000 6.309900e+001
      vertex   -1.034735e+002 -2.147910e+000 6.309900e+001
    endloop
  endfacet
  facet normal 6.233736e-001 0.000000e+000 7.819241e-001
    outer loop
      vertex   -1.034735e+002 -2.147910e+000 6.309900e+001
      vertex   -1.034735e+002 -4.897910e+000 6.309900e+001
      vertex   -1.033611e+002 -4.897910e+000 6.300940e+001
    endloop
  endfacet
  facet normal 6.233736e-001 -3.474183e-018 7.819241e-001
    outer loop
      vertex   -1.034735e+002 -2.147910e+000 6.309900e+001
      vertex   -1.033611e+002 -4.897910e+000 6.300940e+001
      vertex   -1.033611e+002 -2.147910e+000 6.300940e+001
    endloop
  endfacet
  facet normal 5.191054e-001 0.000000e+000 8.547102e-001
    outer loop
      vertex   -1.033611e+002 -2.147910e+000 6.300940e+001
      vertex   -1.033611e+002 -4.897910e+000 6.300940e+001
      vertex   -1.032368e+002 -4.897910e+000 6.293390e+001
    endloop
  endfacet
  facet normal 5.191054e-001 0.000000e+000 8.547102e-001
    outer loop
      vertex   -1.033611e+002 -2.147910e+000 6.300940e+001
      vertex   -1.032368e+002 -4.897910e+000 6.293390e+001
      vertex   -1.032368e+002 -2.147910e+000 6.293390e+001
    endloop
  endfacet
  facet normal 4.090753e-001 0.000000e+000 9.125006e-001
    outer loop
      vertex   -1.032368e+002 -2.147910e+000 6.293390e+001
      vertex   -1.032368e+002 -4.897910e+000 6.293390e+001
      vertex   -1.031027e+002 -4.897910e+000 6.287380e+001
    endloop
  endfacet
  facet normal 4.090753e-001 0.000000e+000 9.125006e-001
    outer loop
      vertex   -1.032368e+002 -2.147910e+000 6.293390e+001
      vertex   -1.031027e+002 -4.897910e+000 6.287380e+001
      vertex   -1.031027e+002 -2.147910e+000 6.287380e+001
    endloop
  endfacet
  facet normal 2.948511e-001 0.000000e+000 9.555432e-001
    outer loop
      vertex   -1.031027e+002 -2.147910e+000 6.287380e+001
      vertex   -1.031027e+002 -4.897910e+000 6.287380e+001
      vertex   -1.029612e+002 -4.897910e+000 6.283012e+001
    endloop
  endfacet
  facet normal 2.948511e-001 3.474478e-018 9.555432e-001
    outer loop
      vertex   -1.031027e+002 -2.147910e+000 6.287380e+001
      vertex   -1.029612e+002 -4.897910e+000 6.283012e+001
      vertex   -1.029612e+002 -2.147910e+000 6.283012e+001
    endloop
  endfacet
  facet normal 1.779436e-001 0.000000e+000 9.840407e-001
    outer loop
      vertex   -1.029612e+002 -2.147910e+000 6.283012e+001
      vertex   -1.029612e+002 -4.897910e+000 6.283012e+001
      vertex   -1.028146e+002 -4.897910e+000 6.280360e+001
    endloop
  endfacet
  facet normal 1.779436e-001 0.000000e+000 9.840407e-001
    outer loop
      vertex   -1.029612e+002 -2.147910e+000 6.283012e+001
      vertex   -1.028146e+002 -4.897910e+000 6.280360e+001
      vertex   -1.028146e+002 -2.147910e+000 6.280360e+001
    endloop
  endfacet
  facet normal 5.945074e-002 0.000000e+000 9.982312e-001
    outer loop
      vertex   -1.028146e+002 -2.147910e+000 6.280360e+001
      vertex   -1.028146e+002 -4.897910e+000 6.280360e+001
      vertex   -1.026654e+002 -4.897910e+000 6.279472e+001
    endloop
  endfacet
  facet normal 5.945074e-002 0.000000e+000 9.982312e-001
    outer loop
      vertex   -1.028146e+002 -2.147910e+000 6.280360e+001
      vertex   -1.026654e+002 -4.897910e+000 6.279472e+001
      vertex   -1.026654e+002 -2.147910e+000 6.279472e+001
    endloop
  endfacet
  facet normal -0.000000e+000 0.000000e+000 1.000000e+000
    outer loop
      vertex   -1.020993e+002 -4.032996e+000 6.279472e+001
      vertex   -1.026654e+002 -4.897910e+000 6.279472e+001
      vertex   -9.809934e+001 -4.032996e+000 6.279472e+001
    endloop
  endfacet
  facet normal 0.000000e+000 0.000000e+000 1.000000e+000
    outer loop
      vertex   -9.809934e+001 -4.032996e+000 6.279472e+001
      vertex   -1.026654e+002 -4.897910e+000 6.279472e+001
      vertex   -9.695110e+001 -4.897910e+000 6.279472e+001
    endloop
  endfacet
  facet normal -0.000000e+000 0.000000e+000 1.000000e+000
    outer loop
      vertex   -9.809934e+001 -4.032996e+000 6.279472e+001
      vertex   -9.695110e+001 -4.897910e+000 6.279472e+001
      vertex   -9.809934e+001 -3.354505e+000 6.279472e+001
    endloop
  endfacet
  facet normal -0.000000e+000 0.000000e+000 1.000000e+000
    outer loop
      vertex   -9.809934e+001 -3.354505e+000 6.279472e+001
      vertex   -9.695110e+001 -4.897910e+000 6.279472e+001
      vertex   -9.695110e+001 -2.147910e+000 6.279472e+001
    endloop
  endfacet
  facet normal 0.000000e+000 -0.000000e+000 1.000000e+000
    outer loop
      vertex   -9.809934e+001 -3.354505e+000 6.279472e+001
      vertex   -9.695110e+001 -2.147910e+000 6.279472e+001
      vertex   -1.026654e+002 -2.147910e+000 6.279472e+001
    endloop
  endfacet
  facet normal 0.000000e+000 -0.000000e+000 1.000000e+000
    outer loop
      vertex   -1.020993e+002 -4.032996e+000 6.279472e+001
      vertex   -1.020993e+002 -3.354505e+000 6.279472e+001
      vertex   -1.026654e+002 -4.897910e+000 6.279472e+001
    endloop
  endfacet
  facet normal 0.000000e+000 0.000000e+000 1.000000e+000
    outer loop
      vertex   -1.026654e+002 -4.897910e+000 6.279472e+001
      vertex   -1.020993e+002 -3.354505e+000 6.279472e+001
      vertex   -1.026654e+002 -2.147910e+000 6.279472e+001
    endloop
  endfacet
  facet normal 0.000000e+000 0.000000e+000 1.000000e+000
    outer loop
      vertex   -1.026654e+002 -2.147910e+000 6.279472e+001
      vertex   -1.020993e+002 -3.354505e+000 6.279472e+001
      vertex   -9.809934e+001 -3.354505e+000 6.279472e+001
    endloop
  endfacet
  facet normal -5.945377e-002 0.000000e+000 9.982311e-001
    outer loop
      vertex   -9.695110e+001 -4.897910e+000 6.279472e+001
      vertex   -9.680193e+001 -4.897910e+000 6.280360e+001
      vertex   -9.695110e+001 -2.147910e+000 6.279472e+001
    endloop
  endfacet
  facet normal -5.945377e-002 -4.343207e-019 9.982311e-001
    outer loop
      vertex   -9.695110e+001 -2.147910e+000 6.279472e+001
      vertex   -9.680193e+001 -4.897910e+000 6.280360e+001
      vertex   -9.680193e+001 -2.147910e+000 6.280360e+001
    endloop
  endfacet
  facet normal -1.779346e-001 0.000000e+000 9.840423e-001
    outer loop
      vertex   -9.680193e+001 -2.147910e+000 6.280360e+001
      vertex   -9.680193e+001 -4.897910e+000 6.280360e+001
      vertex   -9.665531e+001 -4.897910e+000 6.283012e+001
    endloop
  endfacet
  facet normal -1.779346e-001 0.000000e+000 9.840423e-001
    outer loop
      vertex   -9.680193e+001 -2.147910e+000 6.280360e+001
      vertex   -9.665531e+001 -4.897910e+000 6.283012e+001
      vertex   -9.665531e+001 -2.147910e+000 6.283012e+001
    endloop
  endfacet
  facet normal -2.948656e-001 0.000000e+000 9.555387e-001
    outer loop
      vertex   -9.665531e+001 -2.147910e+000 6.283012e+001
      vertex   -9.665531e+001 -4.897910e+000 6.283012e+001
      vertex   -9.651376e+001 -4.897910e+000 6.287380e+001
    endloop
  endfacet
  facet normal -2.948656e-001 -1.737239e-018 9.555387e-001
    outer loop
      vertex   -9.665531e+001 -2.147910e+000 6.283012e+001
      vertex   -9.651376e+001 -4.897910e+000 6.287380e+001
      vertex   -9.651376e+001 -2.147910e+000 6.287380e+001
    endloop
  endfacet
  facet normal -4.090559e-001 0.000000e+000 9.125093e-001
    outer loop
      vertex   -9.651376e+001 -2.147910e+000 6.287380e+001
      vertex   -9.651376e+001 -4.897910e+000 6.287380e+001
      vertex   -9.637968e+001 -4.897910e+000 6.293390e+001
    endloop
  endfacet
  facet normal -4.090559e-001 0.000000e+000 9.125093e-001
    outer loop
      vertex   -9.651376e+001 -2.147910e+000 6.287380e+001
      vertex   -9.637968e+001 -4.897910e+000 6.293390e+001
      vertex   -9.637968e+001 -2.147910e+000 6.293390e+001
    endloop
  endfacet
  facet normal -5.191287e-001 0.000000e+000 8.546961e-001
    outer loop
      vertex   -9.637968e+001 -2.147910e+000 6.293390e+001
      vertex   -9.637968e+001 -4.897910e+000 6.293390e+001
      vertex   -9.625538e+001 -4.897910e+000 6.300940e+001
    endloop
  endfacet
  facet normal -5.191287e-001 0.000000e+000 8.546961e-001
    outer loop
      vertex   -9.637968e+001 -2.147910e+000 6.293390e+001
      vertex   -9.625538e+001 -4.897910e+000 6.300940e+001
      vertex   -9.625538e+001 -2.147910e+000 6.300940e+001
    endloop
  endfacet
  facet normal -6.233478e-001 0.000000e+000 7.819448e-001
    outer loop
      vertex   -9.625538e+001 -2.147910e+000 6.300940e+001
      vertex   -9.625538e+001 -4.897910e+000 6.300940e+001
      vertex   -9.614298e+001 -4.897910e+000 6.309900e+001
    endloop
  endfacet
  facet normal -6.233478e-001 0.000000e+000 7.819448e-001
    outer loop
      vertex   -9.625538e+001 -2.147910e+000 6.300940e+001
      vertex   -9.614298e+001 -4.897910e+000 6.309900e+001
      vertex   -9.614298e+001 -2.147910e+000 6.309900e+001
    endloop
  endfacet
  facet normal -7.196894e-001 0.000000e+000 6.942962e-001
    outer loop
      vertex   -9.614298e+001 -2.147910e+000 6.309900e+001
      vertex   -9.614298e+001 -4.897910e+000 6.309900e+001
      vertex   -9.604442e+001 -4.897910e+000 6.320117e+001
    endloop
  endfacet
  facet normal -7.196894e-001 0.000000e+000 6.942962e-001
    outer loop
      vertex   -9.614298e+001 -2.147910e+000 6.309900e+001
      vertex   -9.604442e+001 -4.897910e+000 6.320117e+001
      vertex   -9.604442e+001 -2.147910e+000 6.320117e+001
    endloop
  endfacet
  facet normal -8.057472e-001 0.000000e+000 5.922596e-001
    outer loop
      vertex   -9.604442e+001 -2.147910e+000 6.320117e+001
      vertex   -9.604442e+001 -4.897910e+000 6.320117e+001
      vertex   -9.596136e+001 -4.897910e+000 6.331416e+001
    endloop
  endfacet
  facet normal -8.057472e-001 3.473955e-018 5.922596e-001
    outer loop
      vertex   -9.604442e+001 -2.147910e+000 6.320117e+001
      vertex   -9.596136e+001 -4.897910e+000 6.331416e+001
      vertex   -9.596136e+001 -2.147910e+000 6.331416e+001
    endloop
  endfacet
  facet normal -8.789658e-001 0.000000e+000 4.768848e-001
    outer loop
      vertex   -9.596136e+001 -2.147910e+000 6.331416e+001
      vertex   -9.596136e+001 -4.897910e+000 6.331416e+001
      vertex   -9.589524e+001 -4.897910e+000 6.343604e+001
    endloop
  endfacet
  facet normal -8.789658e-001 0.000000e+000 4.768848e-001
    outer loop
      vertex   -9.596136e+001 -2.147910e+000 6.331416e+001
      vertex   -9.589524e+001 -4.897910e+000 6.343604e+001
      vertex   -9.589524e+001 -2.147910e+000 6.343604e+001
    endloop
  endfacet
  facet normal -9.368201e-001 0.000000e+000 3.498114e-001
    outer loop
      vertex   -9.589524e+001 -2.147910e+000 6.343604e+001
      vertex   -9.589524e+001 -4.897910e+000 6.343604e+001
      vertex   -9.584719e+001 -4.897910e+000 6.356472e+001
    endloop
  endfacet
  facet normal -9.368201e-001 0.000000e+000 3.498114e-001
    outer loop
      vertex   -9.589524e+001 -2.147910e+000 6.343604e+001
      vertex   -9.584719e+001 -4.897910e+000 6.356472e+001
      vertex   -9.584719e+001 -2.147910e+000 6.356472e+001
    endloop
  endfacet
  facet normal -9.768820e-001 0.000000e+000 2.137794e-001
    outer loop
      vertex   -9.584719e+001 -2.147910e+000 6.356472e+001
      vertex   -9.584719e+001 -4.897910e+000 6.356472e+001
      vertex   -9.581802e+001 -4.897910e+000 6.369800e+001
    endloop
  endfacet
  facet normal -9.768820e-001 1.736857e-018 2.137794e-001
    outer loop
      vertex   -9.584719e+001 -2.147910e+000 6.356472e+001
      vertex   -9.581802e+001 -4.897910e+000 6.369800e+001
      vertex   -9.581802e+001 -2.147910e+000 6.369800e+001
    endloop
  endfacet
  facet normal -9.974128e-001 0.000000e+000 7.188712e-002
    outer loop
      vertex   -9.581802e+001 -2.147910e+000 6.369800e+001
      vertex   -9.581802e+001 -4.897910e+000 6.369800e+001
      vertex   -9.580825e+001 -2.147910e+000 6.383360e+001
    endloop
  endfacet
  facet normal -9.974128e-001 0.000000e+000 7.188712e-002
    outer loop
      vertex   -9.580825e+001 -2.147910e+000 6.383360e+001
      vertex   -9.581802e+001 -4.897910e+000 6.369800e+001
      vertex   -9.580825e+001 -4.897910e+000 6.383360e+001
    endloop
  endfacet
  facet normal 1.000000e+000 -0.000000e+000 0.000000e+000
    outer loop
      vertex   -9.535825e+001 -4.897910e+000 6.701884e+001
      vertex   -9.535825e+001 -4.897910e+000 6.357060e+001
      vertex   -9.535825e+001 -2.147910e+000 6.701884e+001
    endloop
  endfacet
  facet normal 1.000000e+000 0.000000e+000 0.000000e+000
    outer loop
      vertex   -9.535825e+001 -2.147910e+000 6.701884e+001
      vertex   -9.535825e+001 -4.897910e+000 6.357060e+001
      vertex   -9.535825e+001 -2.147910e+000 6.357060e+001
    endloop
  endfacet
  facet normal 9.976965e-001 0.000000e+000 -6.783556e-002
    outer loop
      vertex   -9.535825e+001 -2.147910e+000 6.357060e+001
      vertex   -9.535825e+001 -4.897910e+000 6.357060e+001
      vertex   -9.536913e+001 -2.147910e+000 6.341059e+001
    endloop
  endfacet
  facet normal 9.976965e-001 0.000000e+000 -6.783556e-002
    outer loop
      vertex   -9.536913e+001 -2.147910e+000 6.341059e+001
      vertex   -9.535825e+001 -4.897910e+000 6.357060e+001
      vertex   -9.536913e+001 -4.897910e+000 6.341059e+001
    endloop
  endfacet
  facet normal 9.793721e-001 0.000000e+000 -2.020651e-001
    outer loop
      vertex   -9.536913e+001 -2.147910e+000 6.341059e+001
      vertex   -9.536913e+001 -4.897910e+000 6.341059e+001
      vertex   -9.540157e+001 -2.147910e+000 6.325332e+001
    endloop
  endfacet
  facet normal 9.793721e-001 0.000000e+000 -2.020651e-001
    outer loop
      vertex   -9.540157e+001 -2.147910e+000 6.325332e+001
      vertex   -9.536913e+001 -4.897910e+000 6.341059e+001
      vertex   -9.540157e+001 -4.897910e+000 6.325332e+001
    endloop
  endfacet
  facet normal 9.432490e-001 0.000000e+000 -3.320862e-001
    outer loop
      vertex   -9.540157e+001 -2.147910e+000 6.325332e+001
      vertex   -9.540157e+001 -4.897910e+000 6.325332e+001
      vertex   -9.545503e+001 -2.147910e+000 6.310147e+001
    endloop
  endfacet
  facet normal 9.432490e-001 0.000000e+000 -3.320862e-001
    outer loop
      vertex   -9.545503e+001 -2.147910e+000 6.310147e+001
      vertex   -9.540157e+001 -4.897910e+000 6.325332e+001
      vertex   -9.545503e+001 -4.897910e+000 6.310147e+001
    endloop
  endfacet
  facet normal 8.903140e-001 0.000000e+000 -4.553470e-001
    outer loop
      vertex   -9.545503e+001 -2.147910e+000 6.310147e+001
      vertex   -9.545503e+001 -4.897910e+000 6.310147e+001
      vertex   -9.552859e+001 -2.147910e+000 6.295766e+001
    endloop
  endfacet
  facet normal 8.903140e-001 0.000000e+000 -4.553470e-001
    outer loop
      vertex   -9.552859e+001 -2.147910e+000 6.295766e+001
      vertex   -9.545503e+001 -4.897910e+000 6.310147e+001
      vertex   -9.552859e+001 -4.897910e+000 6.295766e+001
    endloop
  endfacet
  facet normal 8.219153e-001 0.000000e+000 -5.696098e-001
    outer loop
      vertex   -9.552859e+001 -2.147910e+000 6.295766e+001
      vertex   -9.552859e+001 -4.897910e+000 6.295766e+001
      vertex   -9.562099e+001 -2.147910e+000 6.282433e+001
    endloop
  endfacet
  facet normal 8.219153e-001 0.000000e+000 -5.696098e-001
    outer loop
      vertex   -9.562099e+001 -2.147910e+000 6.282433e+001
      vertex   -9.552859e+001 -4.897910e+000 6.295766e+001
      vertex   -9.562099e+001 -4.897910e+000 6.282433e+001
    endloop
  endfacet
  facet normal 7.397642e-001 0.000000e+000 -6.728662e-001
    outer loop
      vertex   -9.562099e+001 -2.147910e+000 6.282433e+001
      vertex   -9.562099e+001 -4.897910e+000 6.282433e+001
      vertex   -9.573064e+001 -2.147910e+000 6.270377e+001
    endloop
  endfacet
  facet normal 7.397642e-001 0.000000e+000 -6.728662e-001
    outer loop
      vertex   -9.573064e+001 -2.147910e+000 6.270377e+001
      vertex   -9.562099e+001 -4.897910e+000 6.282433e+001
      vertex   -9.573064e+001 -4.897910e+000 6.270377e+001
    endloop
  endfacet
  facet normal 6.456811e-001 0.000000e+000 -7.636071e-001
    outer loop
      vertex   -9.573064e+001 -2.147910e+000 6.270377e+001
      vertex   -9.573064e+001 -4.897910e+000 6.270377e+001
      vertex   -9.585568e+001 -2.147910e+000 6.259804e+001
    endloop
  endfacet
  facet normal 6.456811e-001 0.000000e+000 -7.636071e-001
    outer loop
      vertex   -9.585568e+001 -2.147910e+000 6.259804e+001
      vertex   -9.573064e+001 -4.897910e+000 6.270377e+001
      vertex   -9.585568e+001 -4.897910e+000 6.259804e+001
    endloop
  endfacet
  facet normal 5.415848e-001 0.000000e+000 -8.406461e-001
    outer loop
      vertex   -9.585568e+001 -2.147910e+000 6.259804e+001
      vertex   -9.585568e+001 -4.897910e+000 6.259804e+001
      vertex   -9.599397e+001 -2.147910e+000 6.250895e+001
    endloop
  endfacet
  facet normal 5.415848e-001 0.000000e+000 -8.406461e-001
    outer loop
      vertex   -9.599397e+001 -2.147910e+000 6.250895e+001
      vertex   -9.585568e+001 -4.897910e+000 6.259804e+001
      vertex   -9.599397e+001 -4.897910e+000 6.250895e+001
    endloop
  endfacet
  facet normal 4.294054e-001 0.000000e+000 -9.031118e-001
    outer loop
      vertex   -9.599397e+001 -2.147910e+000 6.250895e+001
      vertex   -9.599397e+001 -4.897910e+000 6.250895e+001
      vertex   -9.614312e+001 -2.147910e+000 6.243803e+001
    endloop
  endfacet
  facet normal 4.294054e-001 0.000000e+000 -9.031118e-001
    outer loop
      vertex   -9.614312e+001 -2.147910e+000 6.243803e+001
      vertex   -9.599397e+001 -4.897910e+000 6.250895e+001
      vertex   -9.614312e+001 -4.897910e+000 6.243803e+001
    endloop
  endfacet
  facet normal 3.110572e-001 0.000000e+000 -9.503912e-001
    outer loop
      vertex   -9.614312e+001 -2.147910e+000 6.243803e+001
      vertex   -9.614312e+001 -4.897910e+000 6.243803e+001
      vertex   -9.630061e+001 -2.147910e+000 6.238649e+001
    endloop
  endfacet
  facet normal 3.110572e-001 0.000000e+000 -9.503912e-001
    outer loop
      vertex   -9.630061e+001 -2.147910e+000 6.238649e+001
      vertex   -9.614312e+001 -4.897910e+000 6.243803e+001
      vertex   -9.630061e+001 -4.897910e+000 6.238649e+001
    endloop
  endfacet
  facet normal 1.883584e-001 0.000000e+000 -9.821004e-001
    outer loop
      vertex   -9.630061e+001 -2.147910e+000 6.238649e+001
      vertex   -9.630061e+001 -4.897910e+000 6.238649e+001
      vertex   -9.646372e+001 -2.147910e+000 6.235521e+001
    endloop
  endfacet
  facet normal 1.883584e-001 0.000000e+000 -9.821004e-001
    outer loop
      vertex   -9.646372e+001 -2.147910e+000 6.235521e+001
      vertex   -9.630061e+001 -4.897910e+000 6.238649e+001
      vertex   -9.646372e+001 -4.897910e+000 6.235521e+001
    endloop
  endfacet
  facet normal 6.306382e-002 0.000000e+000 -9.980095e-001
    outer loop
      vertex   -9.646372e+001 -2.147910e+000 6.235521e+001
      vertex   -9.646372e+001 -4.897910e+000 6.235521e+001
      vertex   -9.662968e+001 -2.147910e+000 6.234472e+001
    endloop
  endfacet
  facet normal 6.306382e-002 0.000000e+000 -9.980095e-001
    outer loop
      vertex   -9.662968e+001 -2.147910e+000 6.234472e+001
      vertex   -9.646372e+001 -4.897910e+000 6.235521e+001
      vertex   -9.662968e+001 -4.897910e+000 6.234472e+001
    endloop
  endfacet
  facet normal 0.000000e+000 -0.000000e+000 -1.000000e+000
    outer loop
      vertex   -1.020993e+002 -3.372316e+000 6.234472e+001
      vertex   -1.020993e+002 -4.015185e+000 6.234472e+001
      vertex   -1.029868e+002 -4.897910e+000 6.234472e+001
    endloop
  endfacet
  facet normal 0.000000e+000 0.000000e+000 -1.000000e+000
    outer loop
      vertex   -1.029868e+002 -4.897910e+000 6.234472e+001
      vertex   -1.020993e+002 -4.015185e+000 6.234472e+001
      vertex   -9.809934e+001 -4.015185e+000 6.234472e+001
    endloop
  endfacet
  facet normal 0.000000e+000 0.000000e+000 -1.000000e+000
    outer loop
      vertex   -1.029868e+002 -4.897910e+000 6.234472e+001
      vertex   -9.809934e+001 -4.015185e+000 6.234472e+001
      vertex   -9.662968e+001 -4.897910e+000 6.234472e+001
    endloop
  endfacet
  facet normal 0.000000e+000 0.000000e+000 -1.000000e+000
    outer loop
      vertex   -9.662968e+001 -4.897910e+000 6.234472e+001
      vertex   -9.809934e+001 -4.015185e+000 6.234472e+001
      vertex   -9.809934e+001 -3.372316e+000 6.234472e+001
    endloop
  endfacet
  facet normal 0.000000e+000 0.000000e+000 -1.000000e+000
    outer loop
      vertex   -9.662968e+001 -4.897910e+000 6.234472e+001
      vertex   -9.809934e+001 -3.372316e+000 6.234472e+001
      vertex   -9.662968e+001 -2.147910e+000 6.234472e+001
    endloop
  endfacet
  facet normal -0.000000e+000 0.000000e+000 -1.000000e+000
    outer loop
      vertex   -9.662968e+001 -2.147910e+000 6.234472e+001
      vertex   -9.809934e+001 -3.372316e+000 6.234472e+001
      vertex   -1.029868e+002 -2.147910e+000 6.234472e+001
    endloop
  endfacet
  facet normal 0.000000e+000 0.000000e+000 -1.000000e+000
    outer loop
      vertex   -1.029868e+002 -2.147910e+000 6.234472e+001
      vertex   -9.809934e+001 -3.372316e+000 6.234472e+001
      vertex   -1.020993e+002 -3.372316e+000 6.234472e+001
    endloop
  endfacet
  facet normal 0.000000e+000 0.000000e+000 -1.000000e+000
    outer loop
      vertex   -1.029868e+002 -2.147910e+000 6.234472e+001
      vertex   -1.020993e+002 -3.372316e+000 6.234472e+001
      vertex   -1.029868e+002 -4.897910e+000 6.234472e+001
    endloop
  endfacet
  facet normal -6.306382e-002 -0.000000e+000 -9.980095e-001
    outer loop
      vertex   -1.029868e+002 -2.147910e+000 6.234472e+001
      vertex   -1.029868e+002 -4.897910e+000 6.234472e+001
      vertex   -1.031528e+002 -2.147910e+000 6.235521e+001
    endloop
  endfacet
  facet normal -6.306382e-002 -0.000000e+000 -9.980095e-001
    outer loop
      vertex   -1.031528e+002 -2.147910e+000 6.235521e+001
      vertex   -1.029868e+002 -4.897910e+000 6.234472e+001
      vertex   -1.031528e+002 -4.897910e+000 6.235521e+001
    endloop
  endfacet
  facet normal -1.883584e-001 -0.000000e+000 -9.821004e-001
    outer loop
      vertex   -1.031528e+002 -2.147910e+000 6.235521e+001
      vertex   -1.031528e+002 -4.897910e+000 6.235521e+001
      vertex   -1.033159e+002 -2.147910e+000 6.238649e+001
    endloop
  endfacet
  facet normal -1.883584e-001 -0.000000e+000 -9.821004e-001
    outer loop
      vertex   -1.033159e+002 -2.147910e+000 6.238649e+001
      vertex   -1.031528e+002 -4.897910e+000 6.235521e+001
      vertex   -1.033159e+002 -4.897910e+000 6.238649e+001
    endloop
  endfacet
  facet normal -3.110572e-001 -0.000000e+000 -9.503912e-001
    outer loop
      vertex   -1.033159e+002 -2.147910e+000 6.238649e+001
      vertex   -1.033159e+002 -4.897910e+000 6.238649e+001
      vertex   -1.034734e+002 -2.147910e+000 6.243803e+001
    endloop
  endfacet
  facet normal -3.110572e-001 -0.000000e+000 -9.503912e-001
    outer loop
      vertex   -1.034734e+002 -2.147910e+000 6.243803e+001
      vertex   -1.033159e+002 -4.897910e+000 6.238649e+001
      vertex   -1.034734e+002 -4.897910e+000 6.243803e+001
    endloop
  endfacet
  facet normal -4.293875e-001 -0.000000e+000 -9.031203e-001
    outer loop
      vertex   -1.034734e+002 -2.147910e+000 6.243803e+001
      vertex   -1.034734e+002 -4.897910e+000 6.243803e+001
      vertex   -1.036225e+002 -2.147910e+000 6.250895e+001
    endloop
  endfacet
  facet normal -4.293875e-001 -0.000000e+000 -9.031203e-001
    outer loop
      vertex   -1.036225e+002 -2.147910e+000 6.250895e+001
      vertex   -1.034734e+002 -4.897910e+000 6.243803e+001
      vertex   -1.036225e+002 -4.897910e+000 6.250895e+001
    endloop
  endfacet
  facet normal -5.415848e-001 -0.000000e+000 -8.406461e-001
    outer loop
      vertex   -1.036225e+002 -2.147910e+000 6.250895e+001
      vertex   -1.036225e+002 -4.897910e+000 6.250895e+001
      vertex   -1.037608e+002 -2.147910e+000 6.259804e+001
    endloop
  endfacet
  facet normal -5.415848e-001 -0.000000e+000 -8.406461e-001
    outer loop
      vertex   -1.037608e+002 -2.147910e+000 6.259804e+001
      vertex   -1.036225e+002 -4.897910e+000 6.250895e+001
      vertex   -1.037608e+002 -4.897910e+000 6.259804e+001
    endloop
  endfacet
  facet normal -6.456811e-001 -0.000000e+000 -7.636071e-001
    outer loop
      vertex   -1.037608e+002 -2.147910e+000 6.259804e+001
      vertex   -1.037608e+002 -4.897910e+000 6.259804e+001
      vertex   -1.038859e+002 -2.147910e+000 6.270377e+001
    endloop
  endfacet
  facet normal -6.456811e-001 -0.000000e+000 -7.636071e-001
    outer loop
      vertex   -1.038859e+002 -2.147910e+000 6.270377e+001
      vertex   -1.037608e+002 -4.897910e+000 6.259804e+001
      vertex   -1.038859e+002 -4.897910e+000 6.270377e+001
    endloop
  endfacet
  facet normal -7.397642e-001 -0.000000e+000 -6.728662e-001
    outer loop
      vertex   -1.038859e+002 -2.147910e+000 6.270377e+001
      vertex   -1.038859e+002 -4.897910e+000 6.270377e+001
      vertex   -1.039955e+002 -2.147910e+000 6.282433e+001
    endloop
  endfacet
  facet normal -7.397642e-001 -0.000000e+000 -6.728662e-001
    outer loop
      vertex   -1.039955e+002 -2.147910e+000 6.282433e+001
      vertex   -1.038859e+002 -4.897910e+000 6.270377e+001
      vertex   -1.039955e+002 -4.897910e+000 6.282433e+001
    endloop
  endfacet
  facet normal -8.219373e-001 -0.000000e+000 -5.695780e-001
    outer loop
      vertex   -1.039955e+002 -2.147910e+000 6.282433e+001
      vertex   -1.039955e+002 -4.897910e+000 6.282433e+001
      vertex   -1.040879e+002 -2.147910e+000 6.295766e+001
    endloop
  endfacet
  facet normal -8.219373e-001 -0.000000e+000 -5.695780e-001
    outer loop
      vertex   -1.040879e+002 -2.147910e+000 6.295766e+001
      vertex   -1.039955e+002 -4.897910e+000 6.282433e+001
      vertex   -1.040879e+002 -4.897910e+000 6.295766e+001
    endloop
  endfacet
  facet normal -8.902949e-001 -0.000000e+000 -4.553844e-001
    outer loop
      vertex   -1.040879e+002 -2.147910e+000 6.295766e+001
      vertex   -1.040879e+002 -4.897910e+000 6.295766e+001
      vertex   -1.041615e+002 -2.147910e+000 6.310147e+001
    endloop
  endfacet
  facet normal -8.902949e-001 -0.000000e+000 -4.553844e-001
    outer loop
      vertex   -1.041615e+002 -2.147910e+000 6.310147e+001
      vertex   -1.040879e+002 -4.897910e+000 6.295766e+001
      vertex   -1.041615e+002 -4.897910e+000 6.310147e+001
    endloop
  endfacet
  facet normal -9.432490e-001 -0.000000e+000 -3.320862e-001
    outer loop
      vertex   -1.041615e+002 -2.147910e+000 6.310147e+001
      vertex   -1.041615e+002 -4.897910e+000 6.310147e+001
      vertex   -1.042149e+002 -2.147910e+000 6.325332e+001
    endloop
  endfacet
  facet normal -9.432490e-001 -0.000000e+000 -3.320862e-001
    outer loop
      vertex   -1.042149e+002 -2.147910e+000 6.325332e+001
      vertex   -1.041615e+002 -4.897910e+000 6.310147e+001
      vertex   -1.042149e+002 -4.897910e+000 6.325332e+001
    endloop
  endfacet
  facet normal -9.793815e-001 -0.000000e+000 -2.020196e-001
    outer loop
      vertex   -1.042149e+002 -2.147910e+000 6.325332e+001
      vertex   -1.042149e+002 -4.897910e+000 6.325332e+001
      vertex   -1.042474e+002 -2.147910e+000 6.341059e+001
    endloop
  endfacet
  facet normal -9.793815e-001 -0.000000e+000 -2.020196e-001
    outer loop
      vertex   -1.042474e+002 -2.147910e+000 6.341059e+001
      vertex   -1.042149e+002 -4.897910e+000 6.325332e+001
      vertex   -1.042474e+002 -4.897910e+000 6.341059e+001
    endloop
  endfacet
  facet normal -9.976965e-001 -0.000000e+000 -6.783556e-002
    outer loop
      vertex   -1.042474e+002 -2.147910e+000 6.341059e+001
      vertex   -1.042474e+002 -4.897910e+000 6.341059e+001
      vertex   -1.042582e+002 -2.147910e+000 6.357060e+001
    endloop
  endfacet
  facet normal -9.976965e-001 -0.000000e+000 -6.783556e-002
    outer loop
      vertex   -1.042582e+002 -2.147910e+000 6.357060e+001
      vertex   -1.042474e+002 -4.897910e+000 6.341059e+001
      vertex   -1.042582e+002 -4.897910e+000 6.357060e+001
    endloop
  endfacet
  facet normal -9.974129e-001 0.000000e+000 -7.188511e-002
    outer loop
      vertex   -9.580825e+001 -4.897910e+000 6.675584e+001
      vertex   -9.581802e+001 -4.897910e+000 6.689144e+001
      vertex   -9.580825e+001 -2.147910e+000 6.675584e+001
    endloop
  endfacet
  facet normal -9.974129e-001 0.000000e+000 -7.188511e-002
    outer loop
      vertex   -9.580825e+001 -2.147910e+000 6.675584e+001
      vertex   -9.581802e+001 -4.897910e+000 6.689144e+001
      vertex   -9.581802e+001 -2.147910e+000 6.689144e+001
    endloop
  endfacet
  facet normal -9.768807e-001 -0.000000e+000 -2.137853e-001
    outer loop
      vertex   -9.581802e+001 -2.147910e+000 6.689144e+001
      vertex   -9.581802e+001 -4.897910e+000 6.689144e+001
      vertex   -9.584719e+001 -4.897910e+000 6.702472e+001
    endloop
  endfacet
  facet normal -9.768807e-001 -1.736857e-018 -2.137853e-001
    outer loop
      vertex   -9.581802e+001 -2.147910e+000 6.689144e+001
      vertex   -9.584719e+001 -4.897910e+000 6.702472e+001
      vertex   -9.584719e+001 -2.147910e+000 6.702472e+001
    endloop
  endfacet
  facet normal -9.368168e-001 -0.000000e+000 -3.498205e-001
    outer loop
      vertex   -9.584719e+001 -2.147910e+000 6.702472e+001
      vertex   -9.584719e+001 -4.897910e+000 6.702472e+001
      vertex   -9.589524e+001 -4.897910e+000 6.715340e+001
    endloop
  endfacet
  facet normal -9.368168e-001 0.000000e+000 -3.498205e-001
    outer loop
      vertex   -9.584719e+001 -2.147910e+000 6.702472e+001
      vertex   -9.589524e+001 -4.897910e+000 6.715340e+001
      vertex   -9.589524e+001 -2.147910e+000 6.715340e+001
    endloop
  endfacet
  facet normal -8.789721e-001 -0.000000e+000 -4.768733e-001
    outer loop
      vertex   -9.589524e+001 -2.147910e+000 6.715340e+001
      vertex   -9.589524e+001 -4.897910e+000 6.715340e+001
      vertex   -9.596136e+001 -4.897910e+000 6.727528e+001
    endloop
  endfacet
  facet normal -8.789721e-001 0.000000e+000 -4.768733e-001
    outer loop
      vertex   -9.589524e+001 -2.147910e+000 6.715340e+001
      vertex   -9.596136e+001 -4.897910e+000 6.727528e+001
      vertex   -9.596136e+001 -2.147910e+000 6.727528e+001
    endloop
  endfacet
  facet normal -8.057472e-001 -0.000000e+000 -5.922596e-001
    outer loop
      vertex   -9.596136e+001 -2.147910e+000 6.727528e+001
      vertex   -9.596136e+001 -4.897910e+000 6.727528e+001
      vertex   -9.604442e+001 -4.897910e+000 6.738827e+001
    endloop
  endfacet
  facet normal -8.057472e-001 -3.473955e-018 -5.922596e-001
    outer loop
      vertex   -9.596136e+001 -2.147910e+000 6.727528e+001
      vertex   -9.604442e+001 -4.897910e+000 6.738827e+001
      vertex   -9.604442e+001 -2.147910e+000 6.738827e+001
    endloop
  endfacet
  facet normal -7.197024e-001 -0.000000e+000 -6.942828e-001
    outer loop
      vertex   -9.604442e+001 -2.147910e+000 6.738827e+001
      vertex   -9.604442e+001 -4.897910e+000 6.738827e+001
      vertex   -9.614298e+001 -4.897910e+000 6.749044e+001
    endloop
  endfacet
  facet normal -7.197024e-001 0.000000e+000 -6.942828e-001
    outer loop
      vertex   -9.604442e+001 -2.147910e+000 6.738827e+001
      vertex   -9.614298e+001 -4.897910e+000 6.749044e+001
      vertex   -9.614298e+001 -2.147910e+000 6.749044e+001
    endloop
  endfacet
  facet normal -6.233478e-001 -0.000000e+000 -7.819448e-001
    outer loop
      vertex   -9.614298e+001 -2.147910e+000 6.749044e+001
      vertex   -9.614298e+001 -4.897910e+000 6.749044e+001
      vertex   -9.625538e+001 -4.897910e+000 6.758004e+001
    endloop
  endfacet
  facet normal -6.233478e-001 0.000000e+000 -7.819448e-001
    outer loop
      vertex   -9.614298e+001 -2.147910e+000 6.749044e+001
      vertex   -9.625538e+001 -4.897910e+000 6.758004e+001
      vertex   -9.625538e+001 -2.147910e+000 6.758004e+001
    endloop
  endfacet
  facet normal -5.191095e-001 -0.000000e+000 -8.547077e-001
    outer loop
      vertex   -9.625538e+001 -2.147910e+000 6.758004e+001
      vertex   -9.625538e+001 -4.897910e+000 6.758004e+001
      vertex   -9.637968e+001 -4.897910e+000 6.765553e+001
    endloop
  endfacet
  facet normal -5.191095e-001 0.000000e+000 -8.547077e-001
    outer loop
      vertex   -9.625538e+001 -2.147910e+000 6.758004e+001
      vertex   -9.637968e+001 -4.897910e+000 6.765553e+001
      vertex   -9.637968e+001 -2.147910e+000 6.765553e+001
    endloop
  endfacet
  facet normal -4.090559e-001 -0.000000e+000 -9.125093e-001
    outer loop
      vertex   -9.637968e+001 -2.147910e+000 6.765553e+001
      vertex   -9.637968e+001 -4.897910e+000 6.765553e+001
      vertex   -9.651376e+001 -4.897910e+000 6.771564e+001
    endloop
  endfacet
  facet normal -4.090559e-001 0.000000e+000 -9.125093e-001
    outer loop
      vertex   -9.637968e+001 -2.147910e+000 6.765553e+001
      vertex   -9.651376e+001 -4.897910e+000 6.771564e+001
      vertex   -9.651376e+001 -2.147910e+000 6.771564e+001
    endloop
  endfacet
  facet normal -2.948421e-001 -0.000000e+000 -9.555460e-001
    outer loop
      vertex   -9.651376e+001 -2.147910e+000 6.771564e+001
      vertex   -9.651376e+001 -4.897910e+000 6.771564e+001
      vertex   -9.665531e+001 -4.897910e+000 6.775932e+001
    endloop
  endfacet
  facet normal -2.948421e-001 -1.737239e-018 -9.555460e-001
    outer loop
      vertex   -9.651376e+001 -2.147910e+000 6.771564e+001
      vertex   -9.665531e+001 -4.897910e+000 6.775932e+001
      vertex   -9.665531e+001 -2.147910e+000 6.775932e+001
    endloop
  endfacet
  facet normal -1.779346e-001 -0.000000e+000 -9.840423e-001
    outer loop
      vertex   -9.665531e+001 -2.147910e+000 6.775932e+001
      vertex   -9.665531e+001 -4.897910e+000 6.775932e+001
      vertex   -9.680193e+001 -4.897910e+000 6.778583e+001
    endloop
  endfacet
  facet normal -1.779346e-001 0.000000e+000 -9.840423e-001
    outer loop
      vertex   -9.665531e+001 -2.147910e+000 6.775932e+001
      vertex   -9.680193e+001 -4.897910e+000 6.778583e+001
      vertex   -9.680193e+001 -2.147910e+000 6.778583e+001
    endloop
  endfacet
  facet normal -5.947921e-002 -0.000000e+000 -9.982296e-001
    outer loop
      vertex   -9.680193e+001 -2.147910e+000 6.778583e+001
      vertex   -9.680193e+001 -4.897910e+000 6.778583e+001
      vertex   -9.695110e+001 -4.897910e+000 6.779472e+001
    endloop
  endfacet
  facet normal -5.947921e-002 0.000000e+000 -9.982296e-001
    outer loop
      vertex   -9.680193e+001 -2.147910e+000 6.778583e+001
      vertex   -9.695110e+001 -4.897910e+000 6.779472e+001
      vertex   -9.695110e+001 -2.147910e+000 6.779472e+001
    endloop
  endfacet
  facet normal 0.000000e+000 -0.000000e+000 -1.000000e+000
    outer loop
      vertex   -1.020993e+002 -3.340724e+000 6.779472e+001
      vertex   -1.020993e+002 -4.046777e+000 6.779472e+001
      vertex   -1.026654e+002 -4.897910e+000 6.779472e+001
    endloop
  endfacet
  facet normal 0.000000e+000 0.000000e+000 -1.000000e+000
    outer loop
      vertex   -1.026654e+002 -4.897910e+000 6.779472e+001
      vertex   -1.020993e+002 -4.046777e+000 6.779472e+001
      vertex   -9.809934e+001 -4.046777e+000 6.779472e+001
    endloop
  endfacet
  facet normal 0.000000e+000 0.000000e+000 -1.000000e+000
    outer loop
      vertex   -1.026654e+002 -4.897910e+000 6.779472e+001
      vertex   -9.809934e+001 -4.046777e+000 6.779472e+001
      vertex   -9.695110e+001 -4.897910e+000 6.779472e+001
    endloop
  endfacet
  facet normal 0.000000e+000 0.000000e+000 -1.000000e+000
    outer loop
      vertex   -9.695110e+001 -4.897910e+000 6.779472e+001
      vertex   -9.809934e+001 -4.046777e+000 6.779472e+001
      vertex   -9.809934e+001 -3.340724e+000 6.779472e+001
    endloop
  endfacet
  facet normal 0.000000e+000 0.000000e+000 -1.000000e+000
    outer loop
      vertex   -9.695110e+001 -4.897910e+000 6.779472e+001
      vertex   -9.809934e+001 -3.340724e+000 6.779472e+001
      vertex   -9.695110e+001 -2.147910e+000 6.779472e+001
    endloop
  endfacet
  facet normal -0.000000e+000 0.000000e+000 -1.000000e+000
    outer loop
      vertex   -9.695110e+001 -2.147910e+000 6.779472e+001
      vertex   -9.809934e+001 -3.340724e+000 6.779472e+001
      vertex   -1.026654e+002 -2.147910e+000 6.779472e+001
    endloop
  endfacet
  facet normal 0.000000e+000 0.000000e+000 -1.000000e+000
    outer loop
      vertex   -1.026654e+002 -2.147910e+000 6.779472e+001
      vertex   -9.809934e+001 -3.340724e+000 6.779472e+001
      vertex   -1.020993e+002 -3.340724e+000 6.779472e+001
    endloop
  endfacet
  facet normal 0.000000e+000 0.000000e+000 -1.000000e+000
    outer loop
      vertex   -1.026654e+002 -2.147910e+000 6.779472e+001
      vertex   -1.020993e+002 -3.340724e+000 6.779472e+001
      vertex   -1.026654e+002 -4.897910e+000 6.779472e+001
    endloop
  endfacet
  facet normal 5.947617e-002 0.000000e+000 -9.982297e-001
    outer loop
      vertex   -1.026654e+002 -4.897910e+000 6.779472e+001
      vertex   -1.028146e+002 -4.897910e+000 6.778583e+001
      vertex   -1.026654e+002 -2.147910e+000 6.779472e+001
    endloop
  endfacet
  facet normal 5.947617e-002 -4.343207e-019 -9.982297e-001
    outer loop
      vertex   -1.026654e+002 -2.147910e+000 6.779472e+001
      vertex   -1.028146e+002 -4.897910e+000 6.778583e+001
      vertex   -1.028146e+002 -2.147910e+000 6.778583e+001
    endloop
  endfacet
  facet normal 1.779436e-001 0.000000e+000 -9.840407e-001
    outer loop
      vertex   -1.028146e+002 -2.147910e+000 6.778583e+001
      vertex   -1.028146e+002 -4.897910e+000 6.778583e+001
      vertex   -1.029612e+002 -4.897910e+000 6.775932e+001
    endloop
  endfacet
  facet normal 1.779436e-001 0.000000e+000 -9.840407e-001
    outer loop
      vertex   -1.028146e+002 -2.147910e+000 6.778583e+001
      vertex   -1.029612e+002 -4.897910e+000 6.775932e+001
      vertex   -1.029612e+002 -2.147910e+000 6.775932e+001
    endloop
  endfacet
  facet normal 2.948276e-001 0.000000e+000 -9.555504e-001
    outer loop
      vertex   -1.029612e+002 -2.147910e+000 6.775932e+001
      vertex   -1.029612e+002 -4.897910e+000 6.775932e+001
      vertex   -1.031027e+002 -4.897910e+000 6.771564e+001
    endloop
  endfacet
  facet normal 2.948276e-001 -1.737239e-018 -9.555504e-001
    outer loop
      vertex   -1.029612e+002 -2.147910e+000 6.775932e+001
      vertex   -1.031027e+002 -4.897910e+000 6.771564e+001
      vertex   -1.031027e+002 -2.147910e+000 6.771564e+001
    endloop
  endfacet
  facet normal 4.090753e-001 0.000000e+000 -9.125006e-001
    outer loop
      vertex   -1.031027e+002 -2.147910e+000 6.771564e+001
      vertex   -1.031027e+002 -4.897910e+000 6.771564e+001
      vertex   -1.032368e+002 -4.897910e+000 6.765553e+001
    endloop
  endfacet
  facet normal 4.090753e-001 0.000000e+000 -9.125006e-001
    outer loop
      vertex   -1.031027e+002 -2.147910e+000 6.771564e+001
      vertex   -1.032368e+002 -4.897910e+000 6.765553e+001
      vertex   -1.032368e+002 -2.147910e+000 6.765553e+001
    endloop
  endfacet
  facet normal 5.190863e-001 0.000000e+000 -8.547218e-001
    outer loop
      vertex   -1.032368e+002 -2.147910e+000 6.765553e+001
      vertex   -1.032368e+002 -4.897910e+000 6.765553e+001
      vertex   -1.033611e+002 -4.897910e+000 6.758004e+001
    endloop
  endfacet
  facet normal 5.190863e-001 0.000000e+000 -8.547218e-001
    outer loop
      vertex   -1.032368e+002 -2.147910e+000 6.765553e+001
      vertex   -1.033611e+002 -4.897910e+000 6.758004e+001
      vertex   -1.033611e+002 -2.147910e+000 6.758004e+001
    endloop
  endfacet
  facet normal 6.233736e-001 0.000000e+000 -7.819241e-001
    outer loop
      vertex   -1.033611e+002 -2.147910e+000 6.758004e+001
      vertex   -1.033611e+002 -4.897910e+000 6.758004e+001
      vertex   -1.034735e+002 -4.897910e+000 6.749044e+001
    endloop
  endfacet
  facet normal 6.233736e-001 3.474183e-018 -7.819241e-001
    outer loop
      vertex   -1.033611e+002 -2.147910e+000 6.758004e+001
      vertex   -1.034735e+002 -4.897910e+000 6.749044e+001
      vertex   -1.034735e+002 -2.147910e+000 6.749044e+001
    endloop
  endfacet
  facet normal 7.196755e-001 0.000000e+000 -6.943106e-001
    outer loop
      vertex   -1.034735e+002 -2.147910e+000 6.749044e+001
      vertex   -1.034735e+002 -4.897910e+000 6.749044e+001
      vertex   -1.035721e+002 -4.897910e+000 6.738827e+001
    endloop
  endfacet
  facet normal 7.196755e-001 -3.474067e-018 -6.943106e-001
    outer loop
      vertex   -1.034735e+002 -2.147910e+000 6.749044e+001
      vertex   -1.035721e+002 -4.897910e+000 6.738827e+001
      vertex   -1.035721e+002 -2.147910e+000 6.738827e+001
    endloop
  endfacet
  facet normal 8.057472e-001 0.000000e+000 -5.922596e-001
    outer loop
      vertex   -1.035721e+002 -2.147910e+000 6.738827e+001
      vertex   -1.035721e+002 -4.897910e+000 6.738827e+001
      vertex   -1.036551e+002 -4.897910e+000 6.727528e+001
    endloop
  endfacet
  facet normal 8.057472e-001 3.473955e-018 -5.922596e-001
    outer loop
      vertex   -1.035721e+002 -2.147910e+000 6.738827e+001
      vertex   -1.036551e+002 -4.897910e+000 6.727528e+001
      vertex   -1.036551e+002 -2.147910e+000 6.727528e+001
    endloop
  endfacet
  facet normal 8.789951e-001 0.000000e+000 -4.768308e-001
    outer loop
      vertex   -1.036551e+002 -2.147910e+000 6.727528e+001
      vertex   -1.036551e+002 -4.897910e+000 6.727528e+001
      vertex   -1.037213e+002 -4.897910e+000 6.715340e+001
    endloop
  endfacet
  facet normal 8.789951e-001 3.473854e-018 -4.768308e-001
    outer loop
      vertex   -1.036551e+002 -2.147910e+000 6.727528e+001
      vertex   -1.037213e+002 -4.897910e+000 6.715340e+001
      vertex   -1.037213e+002 -2.147910e+000 6.715340e+001
    endloop
  endfacet
  facet normal 9.367986e-001 0.000000e+000 -3.498692e-001
    outer loop
      vertex   -1.037213e+002 -2.147910e+000 6.715340e+001
      vertex   -1.037213e+002 -4.897910e+000 6.715340e+001
      vertex   -1.037693e+002 -4.897910e+000 6.702472e+001
    endloop
  endfacet
  facet normal 9.367986e-001 0.000000e+000 -3.498692e-001
    outer loop
      vertex   -1.037213e+002 -2.147910e+000 6.715340e+001
      vertex   -1.037693e+002 -4.897910e+000 6.702472e+001
      vertex   -1.037693e+002 -2.147910e+000 6.702472e+001
    endloop
  endfacet
  facet normal 9.768924e-001 0.000000e+000 -2.137319e-001
    outer loop
      vertex   -1.037693e+002 -2.147910e+000 6.702472e+001
      vertex   -1.037693e+002 -4.897910e+000 6.702472e+001
      vertex   -1.037985e+002 -4.897910e+000 6.689144e+001
    endloop
  endfacet
  facet normal 9.768924e-001 -1.736857e-018 -2.137319e-001
    outer loop
      vertex   -1.037693e+002 -2.147910e+000 6.702472e+001
      vertex   -1.037985e+002 -4.897910e+000 6.689144e+001
      vertex   -1.037985e+002 -2.147910e+000 6.689144e+001
    endloop
  endfacet
  facet normal 9.974089e-001 0.000000e+000 -7.194094e-002
    outer loop
      vertex   -1.037985e+002 -2.147910e+000 6.689144e+001
      vertex   -1.037985e+002 -4.897910e+000 6.689144e+001
      vertex   -1.038083e+002 -2.147910e+000 6.675584e+001
    endloop
  endfacet
  facet normal 9.974089e-001 0.000000e+000 -7.194094e-002
    outer loop
      vertex   -1.038083e+002 -2.147910e+000 6.675584e+001
      vertex   -1.037985e+002 -4.897910e+000 6.689144e+001
      vertex   -1.038083e+002 -4.897910e+000 6.675584e+001
    endloop
  endfacet
  facet normal -1.000000e+000 0.000000e+000 0.000000e+000
    outer loop
      vertex   -9.580825e+001 -4.897910e+000 6.383360e+001
      vertex   -9.580825e+001 -4.897910e+000 6.675584e+001
      vertex   -9.580825e+001 -2.147910e+000 6.383360e+001
    endloop
  endfacet
  facet normal -1.000000e+000 0.000000e+000 0.000000e+000
    outer loop
      vertex   -9.580825e+001 -2.147910e+000 6.383360e+001
      vertex   -9.580825e+001 -4.897910e+000 6.675584e+001
      vertex   -9.580825e+001 -2.147910e+000 6.675584e+001
    endloop
  endfacet
  facet normal 0.000000e+000 1.000000e+000 0.000000e+000
    outer loop
      vertex   -1.037985e+002 -2.147910e+000 6.369800e+001
      vertex   -1.042582e+002 -2.147910e+000 6.357060e+001
      vertex   -1.038083e+002 -2.147910e+000 6.383360e+001
    endloop
  endfacet
  facet normal 0.000000e+000 1.000000e+000 0.000000e+000
    outer loop
      vertex   -1.038083e+002 -2.147910e+000 6.383360e+001
      vertex   -1.042582e+002 -2.147910e+000 6.357060e+001
      vertex   -1.042582e+002 -2.147910e+000 6.701884e+001
    endloop
  endfacet
  facet normal 0.000000e+000 1.000000e+000 -0.000000e+000
    outer loop
      vertex   -1.038083e+002 -2.147910e+000 6.383360e+001
      vertex   -1.042582e+002 -2.147910e+000 6.701884e+001
      vertex   -1.038083e+002 -2.147910e+000 6.675584e+001
    endloop
  endfacet
  facet normal 0.000000e+000 1.000000e+000 -0.000000e+000
    outer loop
      vertex   -1.038083e+002 -2.147910e+000 6.675584e+001
      vertex   -1.042582e+002 -2.147910e+000 6.701884e+001
      vertex   -1.037985e+002 -2.147910e+000 6.689144e+001
    endloop
  endfacet
  facet normal 0.000000e+000 1.000000e+000 -0.000000e+000
    outer loop
      vertex   -1.037985e+002 -2.147910e+000 6.689144e+001
      vertex   -1.042582e+002 -2.147910e+000 6.701884e+001
      vertex   -1.037693e+002 -2.147910e+000 6.702472e+001
    endloop
  endfacet
  facet normal 0.000000e+000 1.000000e+000 0.000000e+000
    outer loop
      vertex   -1.037693e+002 -2.147910e+000 6.702472e+001
      vertex   -1.042582e+002 -2.147910e+000 6.701884e+001
      vertex   -1.042474e+002 -2.147910e+000 6.717885e+001
    endloop
  endfacet
  facet normal 0.000000e+000 1.000000e+000 -0.000000e+000
    outer loop
      vertex   -1.037693e+002 -2.147910e+000 6.702472e+001
      vertex   -1.042474e+002 -2.147910e+000 6.717885e+001
      vertex   -1.037213e+002 -2.147910e+000 6.715340e+001
    endloop
  endfacet
  facet normal 0.000000e+000 1.000000e+000 0.000000e+000
    outer loop
      vertex   -1.037213e+002 -2.147910e+000 6.715340e+001
      vertex   -1.042474e+002 -2.147910e+000 6.717885e+001
      vertex   -1.042149e+002 -2.147910e+000 6.733612e+001
    endloop
  endfacet
  facet normal 0.000000e+000 1.000000e+000 -0.000000e+000
    outer loop
      vertex   -1.037213e+002 -2.147910e+000 6.715340e+001
      vertex   -1.042149e+002 -2.147910e+000 6.733612e+001
      vertex   -1.036551e+002 -2.147910e+000 6.727528e+001
    endloop
  endfacet
  facet normal 0.000000e+000 1.000000e+000 0.000000e+000
    outer loop
      vertex   -1.036551e+002 -2.147910e+000 6.727528e+001
      vertex   -1.042149e+002 -2.147910e+000 6.733612e+001
      vertex   -1.041615e+002 -2.147910e+000 6.748796e+001
    endloop
  endfacet
  facet normal 0.000000e+000 1.000000e+000 -0.000000e+000
    outer loop
      vertex   -1.036551e+002 -2.147910e+000 6.727528e+001
      vertex   -1.041615e+002 -2.147910e+000 6.748796e+001
      vertex   -1.035721e+002 -2.147910e+000 6.738827e+001
    endloop
  endfacet
  facet normal 0.000000e+000 1.000000e+000 0.000000e+000
    outer loop
      vertex   -1.035721e+002 -2.147910e+000 6.738827e+001
      vertex   -1.041615e+002 -2.147910e+000 6.748796e+001
      vertex   -1.040879e+002 -2.147910e+000 6.763177e+001
    endloop
  endfacet
  facet normal 0.000000e+000 1.000000e+000 -0.000000e+000
    outer loop
      vertex   -1.035721e+002 -2.147910e+000 6.738827e+001
      vertex   -1.040879e+002 -2.147910e+000 6.763177e+001
      vertex   -1.034735e+002 -2.147910e+000 6.749044e+001
    endloop
  endfacet
  facet normal 0.000000e+000 1.000000e+000 0.000000e+000
    outer loop
      vertex   -1.034735e+002 -2.147910e+000 6.749044e+001
      vertex   -1.040879e+002 -2.147910e+000 6.763177e+001
      vertex   -1.039955e+002 -2.147910e+000 6.776511e+001
    endloop
  endfacet
  facet normal 0.000000e+000 1.000000e+000 -0.000000e+000
    outer loop
      vertex   -1.034735e+002 -2.147910e+000 6.749044e+001
      vertex   -1.039955e+002 -2.147910e+000 6.776511e+001
      vertex   -1.033611e+002 -2.147910e+000 6.758004e+001
    endloop
  endfacet
  facet normal 0.000000e+000 1.000000e+000 0.000000e+000
    outer loop
      vertex   -1.033611e+002 -2.147910e+000 6.758004e+001
      vertex   -1.039955e+002 -2.147910e+000 6.776511e+001
      vertex   -1.038859e+002 -2.147910e+000 6.788567e+001
    endloop
  endfacet
  facet normal 0.000000e+000 1.000000e+000 0.000000e+000
    outer loop
      vertex   -1.033611e+002 -2.147910e+000 6.758004e+001
      vertex   -1.038859e+002 -2.147910e+000 6.788567e+001
      vertex   -1.037608e+002 -2.147910e+000 6.799139e+001
    endloop
  endfacet
  facet normal 0.000000e+000 1.000000e+000 0.000000e+000
    outer loop
      vertex   -1.037985e+002 -2.147910e+000 6.369800e+001
      vertex   -1.037693e+002 -2.147910e+000 6.356472e+001
      vertex   -1.042582e+002 -2.147910e+000 6.357060e+001
    endloop
  endfacet
  facet normal 0.000000e+000 1.000000e+000 0.000000e+000
    outer loop
      vertex   -1.042582e+002 -2.147910e+000 6.357060e+001
      vertex   -1.037693e+002 -2.147910e+000 6.356472e+001
      vertex   -1.042474e+002 -2.147910e+000 6.341059e+001
    endloop
  endfacet
  facet normal 0.000000e+000 1.000000e+000 0.000000e+000
    outer loop
      vertex   -1.042474e+002 -2.147910e+000 6.341059e+001
      vertex   -1.037693e+002 -2.147910e+000 6.356472e+001
      vertex   -1.037213e+002 -2.147910e+000 6.343604e+001
    endloop
  endfacet
  facet normal -0.000000e+000 1.000000e+000 0.000000e+000
    outer loop
      vertex   -1.042474e+002 -2.147910e+000 6.341059e+001
      vertex   -1.037213e+002 -2.147910e+000 6.343604e+001
      vertex   -1.042149e+002 -2.147910e+000 6.325332e+001
    endloop
  endfacet
  facet normal 0.000000e+000 1.000000e+000 0.000000e+000
    outer loop
      vertex   -1.042149e+002 -2.147910e+000 6.325332e+001
      vertex   -1.037213e+002 -2.147910e+000 6.343604e+001
      vertex   -1.036551e+002 -2.147910e+000 6.331416e+001
    endloop
  endfacet
  facet normal -0.000000e+000 1.000000e+000 0.000000e+000
    outer loop
      vertex   -1.042149e+002 -2.147910e+000 6.325332e+001
      vertex   -1.036551e+002 -2.147910e+000 6.331416e+001
      vertex   -1.041615e+002 -2.147910e+000 6.310147e+001
    endloop
  endfacet
  facet normal 0.000000e+000 1.000000e+000 0.000000e+000
    outer loop
      vertex   -1.041615e+002 -2.147910e+000 6.310147e+001
      vertex   -1.036551e+002 -2.147910e+000 6.331416e+001
      vertex   -1.035721e+002 -2.147910e+000 6.320117e+001
    endloop
  endfacet
  facet normal -0.000000e+000 1.000000e+000 0.000000e+000
    outer loop
      vertex   -1.041615e+002 -2.147910e+000 6.310147e+001
      vertex   -1.035721e+002 -2.147910e+000 6.320117e+001
      vertex   -1.040879e+002 -2.147910e+000 6.295766e+001
    endloop
  endfacet
  facet normal 0.000000e+000 1.000000e+000 0.000000e+000
    outer loop
      vertex   -1.040879e+002 -2.147910e+000 6.295766e+001
      vertex   -1.035721e+002 -2.147910e+000 6.320117e+001
      vertex   -1.034735e+002 -2.147910e+000 6.309900e+001
    endloop
  endfacet
  facet normal -0.000000e+000 1.000000e+000 0.000000e+000
    outer loop
      vertex   -1.040879e+002 -2.147910e+000 6.295766e+001
      vertex   -1.034735e+002 -2.147910e+000 6.309900e+001
      vertex   -1.039955e+002 -2.147910e+000 6.282433e+001
    endloop
  endfacet
  facet normal 0.000000e+000 1.000000e+000 0.000000e+000
    outer loop
      vertex   -1.039955e+002 -2.147910e+000 6.282433e+001
      vertex   -1.034735e+002 -2.147910e+000 6.309900e+001
      vertex   -1.033611e+002 -2.147910e+000 6.300940e+001
    endloop
  endfacet
  facet normal -0.000000e+000 1.000000e+000 0.000000e+000
    outer loop
      vertex   -1.039955e+002 -2.147910e+000 6.282433e+001
      vertex   -1.033611e+002 -2.147910e+000 6.300940e+001
      vertex   -1.038859e+002 -2.147910e+000 6.270377e+001
    endloop
  endfacet
  facet normal -0.000000e+000 1.000000e+000 0.000000e+000
    outer loop
      vertex   -1.038859e+002 -2.147910e+000 6.270377e+001
      vertex   -1.033611e+002 -2.147910e+000 6.300940e+001
      vertex   -1.037608e+002 -2.147910e+000 6.259804e+001
    endloop
  endfacet
  facet normal 0.000000e+000 1.000000e+000 0.000000e+000
    outer loop
      vertex   -1.037608e+002 -2.147910e+000 6.259804e+001
      vertex   -1.033611e+002 -2.147910e+000 6.300940e+001
      vertex   -1.032368e+002 -2.147910e+000 6.293390e+001
    endloop
  endfacet
  facet normal -0.000000e+000 1.000000e+000 0.000000e+000
    outer loop
      vertex   -1.037608e+002 -2.147910e+000 6.259804e+001
      vertex   -1.032368e+002 -2.147910e+000 6.293390e+001
      vertex   -1.036225e+002 -2.147910e+000 6.250895e+001
    endloop
  endfacet
  facet normal 0.000000e+000 1.000000e+000 0.000000e+000
    outer loop
      vertex   -1.036225e+002 -2.147910e+000 6.250895e+001
      vertex   -1.032368e+002 -2.147910e+000 6.293390e+001
      vertex   -1.031027e+002 -2.147910e+000 6.287380e+001
    endloop
  endfacet
  facet normal -0.000000e+000 1.000000e+000 0.000000e+000
    outer loop
      vertex   -1.036225e+002 -2.147910e+000 6.250895e+001
      vertex   -1.031027e+002 -2.147910e+000 6.287380e+001
      vertex   -1.034734e+002 -2.147910e+000 6.243803e+001
    endloop
  endfacet
  facet normal -0.000000e+000 1.000000e+000 0.000000e+000
    outer loop
      vertex   -1.034734e+002 -2.147910e+000 6.243803e+001
      vertex   -1.031027e+002 -2.147910e+000 6.287380e+001
      vertex   -1.033159e+002 -2.147910e+000 6.238649e+001
    endloop
  endfacet
  facet normal 0.000000e+000 1.000000e+000 0.000000e+000
    outer loop
      vertex   -1.033159e+002 -2.147910e+000 6.238649e+001
      vertex   -1.031027e+002 -2.147910e+000 6.287380e+001
      vertex   -1.029612e+002 -2.147910e+000 6.283012e+001
    endloop
  endfacet
  facet normal -0.000000e+000 1.000000e+000 0.000000e+000
    outer loop
      vertex   -1.033159e+002 -2.147910e+000 6.238649e+001
      vertex   -1.029612e+002 -2.147910e+000 6.283012e+001
      vertex   -1.031528e+002 -2.147910e+000 6.235521e+001
    endloop
  endfacet
  facet normal -0.000000e+000 1.000000e+000 0.000000e+000
    outer loop
      vertex   -1.031528e+002 -2.147910e+000 6.235521e+001
      vertex   -1.029612e+002 -2.147910e+000 6.283012e+001
      vertex   -1.029868e+002 -2.147910e+000 6.234472e+001
    endloop
  endfacet
  facet normal 0.000000e+000 1.000000e+000 0.000000e+000
    outer loop
      vertex   -1.029868e+002 -2.147910e+000 6.234472e+001
      vertex   -1.029612e+002 -2.147910e+000 6.283012e+001
      vertex   -1.028146e+002 -2.147910e+000 6.280360e+001
    endloop
  endfacet
  facet normal 0.000000e+000 1.000000e+000 0.000000e+000
    outer loop
      vertex   -1.029868e+002 -2.147910e+000 6.234472e+001
      vertex   -1.028146e+002 -2.147910e+000 6.280360e+001
      vertex   -1.026654e+002 -2.147910e+000 6.279472e+001
    endloop
  endfacet
  facet normal -0.000000e+000 1.000000e+000 0.000000e+000
    outer loop
      vertex   -1.026654e+002 -2.147910e+000 6.279472e+001
      vertex   -9.695110e+001 -2.147910e+000 6.279472e+001
      vertex   -1.029868e+002 -2.147910e+000 6.234472e+001
    endloop
  endfacet
  facet normal 0.000000e+000 1.000000e+000 0.000000e+000
    outer loop
      vertex   -1.029868e+002 -2.147910e+000 6.234472e+001
      vertex   -9.695110e+001 -2.147910e+000 6.279472e+001
      vertex   -9.662968e+001 -2.147910e+000 6.234472e+001
    endloop
  endfacet
  facet normal 0.000000e+000 1.000000e+000 0.000000e+000
    outer loop
      vertex   -9.662968e+001 -2.147910e+000 6.234472e+001
      vertex   -9.695110e+001 -2.147910e+000 6.279472e+001
      vertex   -9.680193e+001 -2.147910e+000 6.280360e+001
    endloop
  endfacet
  facet normal 0.000000e+000 1.000000e+000 0.000000e+000
    outer loop
      vertex   -9.662968e+001 -2.147910e+000 6.234472e+001
      vertex   -9.680193e+001 -2.147910e+000 6.280360e+001
      vertex   -9.665531e+001 -2.147910e+000 6.283012e+001
    endloop
  endfacet
  facet normal 0.000000e+000 1.000000e+000 0.000000e+000
    outer loop
      vertex   -9.651376e+001 -2.147910e+000 6.287380e+001
      vertex   -9.630061e+001 -2.147910e+000 6.238649e+001
      vertex   -9.665531e+001 -2.147910e+000 6.283012e+001
    endloop
  endfacet
  facet normal 0.000000e+000 1.000000e+000 0.000000e+000
    outer loop
      vertex   -9.665531e+001 -2.147910e+000 6.283012e+001
      vertex   -9.630061e+001 -2.147910e+000 6.238649e+001
      vertex   -9.646372e+001 -2.147910e+000 6.235521e+001
    endloop
  endfacet
  facet normal 0.000000e+000 1.000000e+000 0.000000e+000
    outer loop
      vertex   -9.665531e+001 -2.147910e+000 6.283012e+001
      vertex   -9.646372e+001 -2.147910e+000 6.235521e+001
      vertex   -9.662968e+001 -2.147910e+000 6.234472e+001
    endloop
  endfacet
  facet normal 0.000000e+000 1.000000e+000 0.000000e+000
    outer loop
      vertex   -9.637968e+001 -2.147910e+000 6.293390e+001
      vertex   -9.599397e+001 -2.147910e+000 6.250895e+001
      vertex   -9.651376e+001 -2.147910e+000 6.287380e+001
    endloop
  endfacet
  facet normal 0.000000e+000 1.000000e+000 0.000000e+000
    outer loop
      vertex   -9.651376e+001 -2.147910e+000 6.287380e+001
      vertex   -9.599397e+001 -2.147910e+000 6.250895e+001
      vertex   -9.614312e+001 -2.147910e+000 6.243803e+001
    endloop
  endfacet
  facet normal 0.000000e+000 1.000000e+000 0.000000e+000
    outer loop
      vertex   -9.651376e+001 -2.147910e+000 6.287380e+001
      vertex   -9.614312e+001 -2.147910e+000 6.243803e+001
      vertex   -9.630061e+001 -2.147910e+000 6.238649e+001
    endloop
  endfacet
  facet normal 0.000000e+000 1.000000e+000 -0.000000e+000
    outer loop
      vertex   -9.599397e+001 -2.147910e+000 6.250895e+001
      vertex   -9.637968e+001 -2.147910e+000 6.293390e+001
      vertex   -9.585568e+001 -2.147910e+000 6.259804e+001
    endloop
  endfacet
  facet normal 0.000000e+000 1.000000e+000 0.000000e+000
    outer loop
      vertex   -9.585568e+001 -2.147910e+000 6.259804e+001
      vertex   -9.637968e+001 -2.147910e+000 6.293390e+001
      vertex   -9.625538e+001 -2.147910e+000 6.300940e+001
    endloop
  endfacet
  facet normal 0.000000e+000 1.000000e+000 -0.000000e+000
    outer loop
      vertex   -9.585568e+001 -2.147910e+000 6.259804e+001
      vertex   -9.625538e+001 -2.147910e+000 6.300940e+001
      vertex   -9.573064e+001 -2.147910e+000 6.270377e+001
    endloop
  endfacet
  facet normal 0.000000e+000 1.000000e+000 -0.000000e+000
    outer loop
      vertex   -9.573064e+001 -2.147910e+000 6.270377e+001
      vertex   -9.625538e+001 -2.147910e+000 6.300940e+001
      vertex   -9.562099e+001 -2.147910e+000 6.282433e+001
    endloop
  endfacet
  facet normal 0.000000e+000 1.000000e+000 0.000000e+000
    outer loop
      vertex   -9.562099e+001 -2.147910e+000 6.282433e+001
      vertex   -9.625538e+001 -2.147910e+000 6.300940e+001
      vertex   -9.614298e+001 -2.147910e+000 6.309900e+001
    endloop
  endfacet
  facet normal 0.000000e+000 1.000000e+000 -0.000000e+000
    outer loop
      vertex   -9.562099e+001 -2.147910e+000 6.282433e+001
      vertex   -9.614298e+001 -2.147910e+000 6.309900e+001
      vertex   -9.552859e+001 -2.147910e+000 6.295766e+001
    endloop
  endfacet
  facet normal 0.000000e+000 1.000000e+000 0.000000e+000
    outer loop
      vertex   -9.552859e+001 -2.147910e+000 6.295766e+001
      vertex   -9.614298e+001 -2.147910e+000 6.309900e+001
      vertex   -9.604442e+001 -2.147910e+000 6.320117e+001
    endloop
  endfacet
  facet normal 0.000000e+000 1.000000e+000 -0.000000e+000
    outer loop
      vertex   -9.552859e+001 -2.147910e+000 6.295766e+001
      vertex   -9.604442e+001 -2.147910e+000 6.320117e+001
      vertex   -9.545503e+001 -2.147910e+000 6.310147e+001
    endloop
  endfacet
  facet normal 0.000000e+000 1.000000e+000 0.000000e+000
    outer loop
      vertex   -9.545503e+001 -2.147910e+000 6.310147e+001
      vertex   -9.604442e+001 -2.147910e+000 6.320117e+001
      vertex   -9.596136e+001 -2.147910e+000 6.331416e+001
    endloop
  endfacet
  facet normal 0.000000e+000 1.000000e+000 -0.000000e+000
    outer loop
      vertex   -9.545503e+001 -2.147910e+000 6.310147e+001
      vertex   -9.596136e+001 -2.147910e+000 6.331416e+001
      vertex   -9.540157e+001 -2.147910e+000 6.325332e+001
    endloop
  endfacet
  facet normal 0.000000e+000 1.000000e+000 0.000000e+000
    outer loop
      vertex   -9.540157e+001 -2.147910e+000 6.325332e+001
      vertex   -9.596136e+001 -2.147910e+000 6.331416e+001
      vertex   -9.589524e+001 -2.147910e+000 6.343604e+001
    endloop
  endfacet
  facet normal 0.000000e+000 1.000000e+000 -0.000000e+000
    outer loop
      vertex   -9.540157e+001 -2.147910e+000 6.325332e+001
      vertex   -9.589524e+001 -2.147910e+000 6.343604e+001
      vertex   -9.536913e+001 -2.147910e+000 6.341059e+001
    endloop
  endfacet
  facet normal 0.000000e+000 1.000000e+000 0.000000e+000
    outer loop
      vertex   -9.536913e+001 -2.147910e+000 6.341059e+001
      vertex   -9.589524e+001 -2.147910e+000 6.343604e+001
      vertex   -9.584719e+001 -2.147910e+000 6.356472e+001
    endloop
  endfacet
  facet normal 0.000000e+000 1.000000e+000 -0.000000e+000
    outer loop
      vertex   -9.536913e+001 -2.147910e+000 6.341059e+001
      vertex   -9.584719e+001 -2.147910e+000 6.356472e+001
      vertex   -9.535825e+001 -2.147910e+000 6.357060e+001
    endloop
  endfacet
  facet normal 0.000000e+000 1.000000e+000 0.000000e+000
    outer loop
      vertex   -9.535825e+001 -2.147910e+000 6.357060e+001
      vertex   -9.584719e+001 -2.147910e+000 6.356472e+001
      vertex   -9.581802e+001 -2.147910e+000 6.369800e+001
    endloop
  endfacet
  facet normal 0.000000e+000 1.000000e+000 0.000000e+000
    outer loop
      vertex   -9.535825e+001 -2.147910e+000 6.357060e+001
      vertex   -9.581802e+001 -2.147910e+000 6.369800e+001
      vertex   -9.580825e+001 -2.147910e+000 6.383360e+001
    endloop
  endfacet
  facet normal -0.000000e+000 1.000000e+000 0.000000e+000
    outer loop
      vertex   -9.580825e+001 -2.147910e+000 6.383360e+001
      vertex   -9.580825e+001 -2.147910e+000 6.675584e+001
      vertex   -9.535825e+001 -2.147910e+000 6.357060e+001
    endloop
  endfacet
  facet normal 0.000000e+000 1.000000e+000 -0.000000e+000
    outer loop
      vertex   -9.535825e+001 -2.147910e+000 6.357060e+001
      vertex   -9.580825e+001 -2.147910e+000 6.675584e+001
      vertex   -9.535825e+001 -2.147910e+000 6.701884e+001
    endloop
  endfacet
  facet normal 0.000000e+000 1.000000e+000 0.000000e+000
    outer loop
      vertex   -9.535825e+001 -2.147910e+000 6.701884e+001
      vertex   -9.580825e+001 -2.147910e+000 6.675584e+001
      vertex   -9.581802e+001 -2.147910e+000 6.689144e+001
    endloop
  endfacet
  facet normal 0.000000e+000 1.000000e+000 0.000000e+000
    outer loop
      vertex   -9.535825e+001 -2.147910e+000 6.701884e+001
      vertex   -9.581802e+001 -2.147910e+000 6.689144e+001
      vertex   -9.584719e+001 -2.147910e+000 6.702472e+001
    endloop
  endfacet
  facet normal 0.000000e+000 1.000000e+000 0.000000e+000
    outer loop
      vertex   -9.535825e+001 -2.147910e+000 6.701884e+001
      vertex   -9.584719e+001 -2.147910e+000 6.702472e+001
      vertex   -9.536913e+001 -2.147910e+000 6.717885e+001
    endloop
  endfacet
  facet normal 0.000000e+000 1.000000e+000 0.000000e+000
    outer loop
      vertex   -9.536913e+001 -2.147910e+000 6.717885e+001
      vertex   -9.584719e+001 -2.147910e+000 6.702472e+001
      vertex   -9.589524e+001 -2.147910e+000 6.715340e+001
    endloop
  endfacet
  facet normal 0.000000e+000 1.000000e+000 0.000000e+000
    outer loop
      vertex   -9.536913e+001 -2.147910e+000 6.717885e+001
      vertex   -9.589524e+001 -2.147910e+000 6.715340e+001
      vertex   -9.540157e+001 -2.147910e+000 6.733612e+001
    endloop
  endfacet
  facet normal 0.000000e+000 1.000000e+000 0.000000e+000
    outer loop
      vertex   -9.540157e+001 -2.147910e+000 6.733612e+001
      vertex   -9.589524e+001 -2.147910e+000 6.715340e+001
      vertex   -9.596136e+001 -2.147910e+000 6.727528e+001
    endloop
  endfacet
  facet normal 0.000000e+000 1.000000e+000 0.000000e+000
    outer loop
      vertex   -9.540157e+001 -2.147910e+000 6.733612e+001
      vertex   -9.596136e+001 -2.147910e+000 6.727528e+001
      vertex   -9.545503e+001 -2.147910e+000 6.748796e+001
    endloop
  endfacet
  facet normal 0.000000e+000 1.000000e+000 0.000000e+000
    outer loop
      vertex   -9.545503e+001 -2.147910e+000 6.748796e+001
      vertex   -9.596136e+001 -2.147910e+000 6.727528e+001
      vertex   -9.604442e+001 -2.147910e+000 6.738827e+001
    endloop
  endfacet
  facet normal 0.000000e+000 1.000000e+000 0.000000e+000
    outer loop
      vertex   -9.545503e+001 -2.147910e+000 6.748796e+001
      vertex   -9.604442e+001 -2.147910e+000 6.738827e+001
      vertex   -9.552859e+001 -2.147910e+000 6.763177e+001
    endloop
  endfacet
  facet normal 0.000000e+000 1.000000e+000 0.000000e+000
    outer loop
      vertex   -9.552859e+001 -2.147910e+000 6.763177e+001
      vertex   -9.604442e+001 -2.147910e+000 6.738827e+001
      vertex   -9.614298e+001 -2.147910e+000 6.749044e+001
    endloop
  endfacet
  facet normal 0.000000e+000 1.000000e+000 0.000000e+000
    outer loop
      vertex   -9.552859e+001 -2.147910e+000 6.763177e+001
      vertex   -9.614298e+001 -2.147910e+000 6.749044e+001
      vertex   -9.562099e+001 -2.147910e+000 6.776511e+001
    endloop
  endfacet
  facet normal 0.000000e+000 1.000000e+000 0.000000e+000
    outer loop
      vertex   -9.562099e+001 -2.147910e+000 6.776511e+001
      vertex   -9.614298e+001 -2.147910e+000 6.749044e+001
      vertex   -9.625538e+001 -2.147910e+000 6.758004e+001
    endloop
  endfacet
  facet normal 0.000000e+000 1.000000e+000 0.000000e+000
    outer loop
      vertex   -9.562099e+001 -2.147910e+000 6.776511e+001
      vertex   -9.625538e+001 -2.147910e+000 6.758004e+001
      vertex   -9.573064e+001 -2.147910e+000 6.788567e+001
    endloop
  endfacet
  facet normal 0.000000e+000 1.000000e+000 0.000000e+000
    outer loop
      vertex   -9.573064e+001 -2.147910e+000 6.788567e+001
      vertex   -9.625538e+001 -2.147910e+000 6.758004e+001
      vertex   -9.585568e+001 -2.147910e+000 6.799139e+001
    endloop
  endfacet
  facet normal 0.000000e+000 1.000000e+000 0.000000e+000
    outer loop
      vertex   -9.585568e+001 -2.147910e+000 6.799139e+001
      vertex   -9.625538e+001 -2.147910e+000 6.758004e+001
      vertex   -9.637968e+001 -2.147910e+000 6.765553e+001
    endloop
  endfacet
  facet normal 0.000000e+000 1.000000e+000 0.000000e+000
    outer loop
      vertex   -9.585568e+001 -2.147910e+000 6.799139e+001
      vertex   -9.637968e+001 -2.147910e+000 6.765553e+001
      vertex   -9.599397e+001 -2.147910e+000 6.808048e+001
    endloop
  endfacet
  facet normal 0.000000e+000 1.000000e+000 0.000000e+000
    outer loop
      vertex   -9.599397e+001 -2.147910e+000 6.808048e+001
      vertex   -9.637968e+001 -2.147910e+000 6.765553e+001
      vertex   -9.651376e+001 -2.147910e+000 6.771564e+001
    endloop
  endfacet
  facet normal 0.000000e+000 1.000000e+000 0.000000e+000
    outer loop
      vertex   -9.599397e+001 -2.147910e+000 6.808048e+001
      vertex   -9.651376e+001 -2.147910e+000 6.771564e+001
      vertex   -9.614312e+001 -2.147910e+000 6.815141e+001
    endloop
  endfacet
  facet normal 0.000000e+000 1.000000e+000 0.000000e+000
    outer loop
      vertex   -9.614312e+001 -2.147910e+000 6.815141e+001
      vertex   -9.651376e+001 -2.147910e+000 6.771564e+001
      vertex   -9.630061e+001 -2.147910e+000 6.820295e+001
    endloop
  endfacet
  facet normal 0.000000e+000 1.000000e+000 0.000000e+000
    outer loop
      vertex   -9.630061e+001 -2.147910e+000 6.820295e+001
      vertex   -9.651376e+001 -2.147910e+000 6.771564e+001
      vertex   -9.665531e+001 -2.147910e+000 6.775932e+001
    endloop
  endfacet
  facet normal 0.000000e+000 1.000000e+000 0.000000e+000
    outer loop
      vertex   -9.630061e+001 -2.147910e+000 6.820295e+001
      vertex   -9.665531e+001 -2.147910e+000 6.775932e+001
      vertex   -9.646372e+001 -2.147910e+000 6.823423e+001
    endloop
  endfacet
  facet normal 0.000000e+000 1.000000e+000 0.000000e+000
    outer loop
      vertex   -9.646372e+001 -2.147910e+000 6.823423e+001
      vertex   -9.665531e+001 -2.147910e+000 6.775932e+001
      vertex   -9.662968e+001 -2.147910e+000 6.824472e+001
    endloop
  endfacet
  facet normal 0.000000e+000 1.000000e+000 0.000000e+000
    outer loop
      vertex   -9.662968e+001 -2.147910e+000 6.824472e+001
      vertex   -9.665531e+001 -2.147910e+000 6.775932e+001
      vertex   -9.680193e+001 -2.147910e+000 6.778583e+001
    endloop
  endfacet
  facet normal 0.000000e+000 1.000000e+000 0.000000e+000
    outer loop
      vertex   -9.662968e+001 -2.147910e+000 6.824472e+001
      vertex   -9.680193e+001 -2.147910e+000 6.778583e+001
      vertex   -9.695110e+001 -2.147910e+000 6.779472e+001
    endloop
  endfacet
  facet normal 0.000000e+000 1.000000e+000 0.000000e+000
    outer loop
      vertex   -9.662968e+001 -2.147910e+000 6.824472e+001
      vertex   -9.695110e+001 -2.147910e+000 6.779472e+001
      vertex   -1.029868e+002 -2.147910e+000 6.824472e+001
    endloop
  endfacet
  facet normal 0.000000e+000 1.000000e+000 0.000000e+000
    outer loop
      vertex   -1.029868e+002 -2.147910e+000 6.824472e+001
      vertex   -9.695110e+001 -2.147910e+000 6.779472e+001
      vertex   -1.026654e+002 -2.147910e+000 6.779472e+001
    endloop
  endfacet
  facet normal 0.000000e+000 1.000000e+000 0.000000e+000
    outer loop
      vertex   -1.029868e+002 -2.147910e+000 6.824472e+001
      vertex   -1.026654e+002 -2.147910e+000 6.779472e+001
      vertex   -1.028146e+002 -2.147910e+000 6.778583e+001
    endloop
  endfacet
  facet normal 0.000000e+000 1.000000e+000 0.000000e+000
    outer loop
      vertex   -1.028146e+002 -2.147910e+000 6.778583e+001
      vertex   -1.029612e+002 -2.147910e+000 6.775932e+001
      vertex   -1.029868e+002 -2.147910e+000 6.824472e+001
    endloop
  endfacet
  facet normal 0.000000e+000 1.000000e+000 0.000000e+000
    outer loop
      vertex   -1.029868e+002 -2.147910e+000 6.824472e+001
      vertex   -1.029612e+002 -2.147910e+000 6.775932e+001
      vertex   -1.031528e+002 -2.147910e+000 6.823423e+001
    endloop
  endfacet
  facet normal 0.000000e+000 1.000000e+000 0.000000e+000
    outer loop
      vertex   -1.031528e+002 -2.147910e+000 6.823423e+001
      vertex   -1.029612e+002 -2.147910e+000 6.775932e+001
      vertex   -1.033159e+002 -2.147910e+000 6.820295e+001
    endloop
  endfacet
  facet normal 0.000000e+000 1.000000e+000 0.000000e+000
    outer loop
      vertex   -1.033159e+002 -2.147910e+000 6.820295e+001
      vertex   -1.029612e+002 -2.147910e+000 6.775932e+001
      vertex   -1.031027e+002 -2.147910e+000 6.771564e+001
    endloop
  endfacet
  facet normal 0.000000e+000 1.000000e+000 0.000000e+000
    outer loop
      vertex   -1.033159e+002 -2.147910e+000 6.820295e+001
      vertex   -1.031027e+002 -2.147910e+000 6.771564e+001
      vertex   -1.034734e+002 -2.147910e+000 6.815141e+001
    endloop
  endfacet
  facet normal 0.000000e+000 1.000000e+000 0.000000e+000
    outer loop
      vertex   -1.034734e+002 -2.147910e+000 6.815141e+001
      vertex   -1.031027e+002 -2.147910e+000 6.771564e+001
      vertex   -1.036225e+002 -2.147910e+000 6.808048e+001
    endloop
  endfacet
  facet normal 0.000000e+000 1.000000e+000 0.000000e+000
    outer loop
      vertex   -1.036225e+002 -2.147910e+000 6.808048e+001
      vertex   -1.031027e+002 -2.147910e+000 6.771564e+001
      vertex   -1.032368e+002 -2.147910e+000 6.765553e+001
    endloop
  endfacet
  facet normal 0.000000e+000 1.000000e+000 0.000000e+000
    outer loop
      vertex   -1.036225e+002 -2.147910e+000 6.808048e+001
      vertex   -1.032368e+002 -2.147910e+000 6.765553e+001
      vertex   -1.037608e+002 -2.147910e+000 6.799139e+001
    endloop
  endfacet
  facet normal 0.000000e+000 1.000000e+000 0.000000e+000
    outer loop
      vertex   -1.037608e+002 -2.147910e+000 6.799139e+001
      vertex   -1.032368e+002 -2.147910e+000 6.765553e+001
      vertex   -1.033611e+002 -2.147910e+000 6.758004e+001
    endloop
  endfacet
  facet normal 6.308666e-002 0.000000e+000 9.980081e-001
    outer loop
      vertex   -9.662968e+001 -2.147910e+000 6.824472e+001
      vertex   -9.662968e+001 -4.897910e+000 6.824472e+001
      vertex   -9.646372e+001 -2.147910e+000 6.823423e+001
    endloop
  endfacet
  facet normal 6.308666e-002 0.000000e+000 9.980081e-001
    outer loop
      vertex   -9.646372e+001 -2.147910e+000 6.823423e+001
      vertex   -9.662968e+001 -4.897910e+000 6.824472e+001
      vertex   -9.646372e+001 -4.897910e+000 6.823423e+001
    endloop
  endfacet
  facet normal 1.883362e-001 0.000000e+000 9.821046e-001
    outer loop
      vertex   -9.646372e+001 -2.147910e+000 6.823423e+001
      vertex   -9.646372e+001 -4.897910e+000 6.823423e+001
      vertex   -9.630061e+001 -2.147910e+000 6.820295e+001
    endloop
  endfacet
  facet normal 1.883362e-001 0.000000e+000 9.821046e-001
    outer loop
      vertex   -9.630061e+001 -2.147910e+000 6.820295e+001
      vertex   -9.646372e+001 -4.897910e+000 6.823423e+001
      vertex   -9.630061e+001 -4.897910e+000 6.820295e+001
    endloop
  endfacet
  facet normal 3.110572e-001 0.000000e+000 9.503912e-001
    outer loop
      vertex   -9.630061e+001 -2.147910e+000 6.820295e+001
      vertex   -9.630061e+001 -4.897910e+000 6.820295e+001
      vertex   -9.614312e+001 -2.147910e+000 6.815141e+001
    endloop
  endfacet
  facet normal 3.110572e-001 0.000000e+000 9.503912e-001
    outer loop
      vertex   -9.614312e+001 -2.147910e+000 6.815141e+001
      vertex   -9.630061e+001 -4.897910e+000 6.820295e+001
      vertex   -9.614312e+001 -4.897910e+000 6.815141e+001
    endloop
  endfacet
  facet normal 4.294243e-001 0.000000e+000 9.031029e-001
    outer loop
      vertex   -9.614312e+001 -2.147910e+000 6.815141e+001
      vertex   -9.614312e+001 -4.897910e+000 6.815141e+001
      vertex   -9.599397e+001 -2.147910e+000 6.808048e+001
    endloop
  endfacet
  facet normal 4.294243e-001 0.000000e+000 9.031029e-001
    outer loop
      vertex   -9.599397e+001 -2.147910e+000 6.808048e+001
      vertex   -9.614312e+001 -4.897910e+000 6.815141e+001
      vertex   -9.599397e+001 -4.897910e+000 6.808048e+001
    endloop
  endfacet
  facet normal 5.415848e-001 0.000000e+000 8.406461e-001
    outer loop
      vertex   -9.599397e+001 -2.147910e+000 6.808048e+001
      vertex   -9.599397e+001 -4.897910e+000 6.808048e+001
      vertex   -9.585568e+001 -2.147910e+000 6.799139e+001
    endloop
  endfacet
  facet normal 5.415848e-001 0.000000e+000 8.406461e-001
    outer loop
      vertex   -9.585568e+001 -2.147910e+000 6.799139e+001
      vertex   -9.599397e+001 -4.897910e+000 6.808048e+001
      vertex   -9.585568e+001 -4.897910e+000 6.799139e+001
    endloop
  endfacet
  facet normal 6.456811e-001 0.000000e+000 7.636071e-001
    outer loop
      vertex   -9.585568e+001 -2.147910e+000 6.799139e+001
      vertex   -9.585568e+001 -4.897910e+000 6.799139e+001
      vertex   -9.573064e+001 -2.147910e+000 6.788567e+001
    endloop
  endfacet
  facet normal 6.456811e-001 0.000000e+000 7.636071e-001
    outer loop
      vertex   -9.573064e+001 -2.147910e+000 6.788567e+001
      vertex   -9.585568e+001 -4.897910e+000 6.799139e+001
      vertex   -9.573064e+001 -4.897910e+000 6.788567e+001
    endloop
  endfacet
  facet normal 7.397642e-001 0.000000e+000 6.728662e-001
    outer loop
      vertex   -9.573064e+001 -2.147910e+000 6.788567e+001
      vertex   -9.573064e+001 -4.897910e+000 6.788567e+001
      vertex   -9.562099e+001 -2.147910e+000 6.776511e+001
    endloop
  endfacet
  facet normal 7.397642e-001 0.000000e+000 6.728662e-001
    outer loop
      vertex   -9.562099e+001 -2.147910e+000 6.776511e+001
      vertex   -9.573064e+001 -4.897910e+000 6.788567e+001
      vertex   -9.562099e+001 -4.897910e+000 6.776511e+001
    endloop
  endfacet
  facet normal 8.219229e-001 0.000000e+000 5.695988e-001
    outer loop
      vertex   -9.562099e+001 -2.147910e+000 6.776511e+001
      vertex   -9.562099e+001 -4.897910e+000 6.776511e+001
      vertex   -9.552859e+001 -2.147910e+000 6.763177e+001
    endloop
  endfacet
  facet normal 8.219229e-001 0.000000e+000 5.695988e-001
    outer loop
      vertex   -9.552859e+001 -2.147910e+000 6.763177e+001
      vertex   -9.562099e+001 -4.897910e+000 6.776511e+001
      vertex   -9.552859e+001 -4.897910e+000 6.763177e+001
    endloop
  endfacet
  facet normal 8.903092e-001 0.000000e+000 4.553565e-001
    outer loop
      vertex   -9.552859e+001 -2.147910e+000 6.763177e+001
      vertex   -9.552859e+001 -4.897910e+000 6.763177e+001
      vertex   -9.545503e+001 -2.147910e+000 6.748796e+001
    endloop
  endfacet
  facet normal 8.903092e-001 0.000000e+000 4.553565e-001
    outer loop
      vertex   -9.545503e+001 -2.147910e+000 6.748796e+001
      vertex   -9.552859e+001 -4.897910e+000 6.763177e+001
      vertex   -9.545503e+001 -4.897910e+000 6.748796e+001
    endloop
  endfacet
  facet normal 9.432464e-001 0.000000e+000 3.320937e-001
    outer loop
      vertex   -9.545503e+001 -2.147910e+000 6.748796e+001
      vertex   -9.545503e+001 -4.897910e+000 6.748796e+001
      vertex   -9.540157e+001 -2.147910e+000 6.733612e+001
    endloop
  endfacet
  facet normal 9.432464e-001 0.000000e+000 3.320937e-001
    outer loop
      vertex   -9.540157e+001 -2.147910e+000 6.733612e+001
      vertex   -9.545503e+001 -4.897910e+000 6.748796e+001
      vertex   -9.540157e+001 -4.897910e+000 6.733612e+001
    endloop
  endfacet
  facet normal 9.793730e-001 0.000000e+000 2.020604e-001
    outer loop
      vertex   -9.540157e+001 -2.147910e+000 6.733612e+001
      vertex   -9.540157e+001 -4.897910e+000 6.733612e+001
      vertex   -9.536913e+001 -2.147910e+000 6.717885e+001
    endloop
  endfacet
  facet normal 9.793730e-001 0.000000e+000 2.020604e-001
    outer loop
      vertex   -9.536913e+001 -2.147910e+000 6.717885e+001
      vertex   -9.540157e+001 -4.897910e+000 6.733612e+001
      vertex   -9.536913e+001 -4.897910e+000 6.717885e+001
    endloop
  endfacet
  facet normal 9.976965e-001 0.000000e+000 6.783556e-002
    outer loop
      vertex   -9.536913e+001 -2.147910e+000 6.717885e+001
      vertex   -9.536913e+001 -4.897910e+000 6.717885e+001
      vertex   -9.535825e+001 -2.147910e+000 6.701884e+001
    endloop
  endfacet
  facet normal 9.976965e-001 0.000000e+000 6.783556e-002
    outer loop
      vertex   -9.535825e+001 -2.147910e+000 6.701884e+001
      vertex   -9.536913e+001 -4.897910e+000 6.717885e+001
      vertex   -9.535825e+001 -4.897910e+000 6.701884e+001
    endloop
  endfacet
  facet normal -0.000000e+000 0.000000e+000 1.000000e+000
    outer loop
      vertex   -1.020993e+002 -3.996067e+000 6.824472e+001
      vertex   -1.029868e+002 -4.897910e+000 6.824472e+001
      vertex   -9.809934e+001 -3.996067e+000 6.824472e+001
    endloop
  endfacet
  facet normal 0.000000e+000 0.000000e+000 1.000000e+000
    outer loop
      vertex   -9.809934e+001 -3.996067e+000 6.824472e+001
      vertex   -1.029868e+002 -4.897910e+000 6.824472e+001
      vertex   -9.662968e+001 -4.897910e+000 6.824472e+001
    endloop
  endfacet
  facet normal -0.000000e+000 0.000000e+000 1.000000e+000
    outer loop
      vertex   -9.809934e+001 -3.996067e+000 6.824472e+001
      vertex   -9.662968e+001 -4.897910e+000 6.824472e+001
      vertex   -9.809934e+001 -3.391434e+000 6.824472e+001
    endloop
  endfacet
  facet normal -0.000000e+000 0.000000e+000 1.000000e+000
    outer loop
      vertex   -9.809934e+001 -3.391434e+000 6.824472e+001
      vertex   -9.662968e+001 -4.897910e+000 6.824472e+001
      vertex   -9.662968e+001 -2.147910e+000 6.824472e+001
    endloop
  endfacet
  facet normal 0.000000e+000 -0.000000e+000 1.000000e+000
    outer loop
      vertex   -9.809934e+001 -3.391434e+000 6.824472e+001
      vertex   -9.662968e+001 -2.147910e+000 6.824472e+001
      vertex   -1.029868e+002 -2.147910e+000 6.824472e+001
    endloop
  endfacet
  facet normal 0.000000e+000 -0.000000e+000 1.000000e+000
    outer loop
      vertex   -1.020993e+002 -3.996067e+000 6.824472e+001
      vertex   -1.020993e+002 -3.391434e+000 6.824472e+001
      vertex   -1.029868e+002 -4.897910e+000 6.824472e+001
    endloop
  endfacet
  facet normal 0.000000e+000 0.000000e+000 1.000000e+000
    outer loop
      vertex   -1.029868e+002 -4.897910e+000 6.824472e+001
      vertex   -1.020993e+002 -3.391434e+000 6.824472e+001
      vertex   -1.029868e+002 -2.147910e+000 6.824472e+001
    endloop
  endfacet
  facet normal 0.000000e+000 0.000000e+000 1.000000e+000
    outer loop
      vertex   -1.029868e+002 -2.147910e+000 6.824472e+001
      vertex   -1.020993e+002 -3.391434e+000 6.824472e+001
      vertex   -9.809934e+001 -3.391434e+000 6.824472e+001
    endloop
  endfacet
  facet normal -9.976965e-001 0.000000e+000 6.783556e-002
    outer loop
      vertex   -1.042582e+002 -2.147910e+000 6.701884e+001
      vertex   -1.042582e+002 -4.897910e+000 6.701884e+001
      vertex   -1.042474e+002 -2.147910e+000 6.717885e+001
    endloop
  endfacet
  facet normal -9.976965e-001 0.000000e+000 6.783556e-002
    outer loop
      vertex   -1.042474e+002 -2.147910e+000 6.717885e+001
      vertex   -1.042582e+002 -4.897910e+000 6.701884e+001
      vertex   -1.042474e+002 -4.897910e+000 6.717885e+001
    endloop
  endfacet
  facet normal -9.793825e-001 0.000000e+000 2.020148e-001
    outer loop
      vertex   -1.042474e+002 -2.147910e+000 6.717885e+001
      vertex   -1.042474e+002 -4.897910e+000 6.717885e+001
      vertex   -1.042149e+002 -2.147910e+000 6.733612e+001
    endloop
  endfacet
  facet normal -9.793825e-001 0.000000e+000 2.020148e-001
    outer loop
      vertex   -1.042149e+002 -2.147910e+000 6.733612e+001
      vertex   -1.042474e+002 -4.897910e+000 6.717885e+001
      vertex   -1.042149e+002 -4.897910e+000 6.733612e+001
    endloop
  endfacet
  facet normal -9.432464e-001 0.000000e+000 3.320937e-001
    outer loop
      vertex   -1.042149e+002 -2.147910e+000 6.733612e+001
      vertex   -1.042149e+002 -4.897910e+000 6.733612e+001
      vertex   -1.041615e+002 -2.147910e+000 6.748796e+001
    endloop
  endfacet
  facet normal -9.432464e-001 0.000000e+000 3.320937e-001
    outer loop
      vertex   -1.041615e+002 -2.147910e+000 6.748796e+001
      vertex   -1.042149e+002 -4.897910e+000 6.733612e+001
      vertex   -1.041615e+002 -4.897910e+000 6.748796e+001
    endloop
  endfacet
  facet normal -8.902900e-001 0.000000e+000 4.553940e-001
    outer loop
      vertex   -1.041615e+002 -2.147910e+000 6.748796e+001
      vertex   -1.041615e+002 -4.897910e+000 6.748796e+001
      vertex   -1.040879e+002 -2.147910e+000 6.763177e+001
    endloop
  endfacet
  facet normal -8.902900e-001 0.000000e+000 4.553940e-001
    outer loop
      vertex   -1.040879e+002 -2.147910e+000 6.763177e+001
      vertex   -1.041615e+002 -4.897910e+000 6.748796e+001
      vertex   -1.040879e+002 -4.897910e+000 6.763177e+001
    endloop
  endfacet
  facet normal -8.219449e-001 0.000000e+000 5.695670e-001
    outer loop
      vertex   -1.040879e+002 -2.147910e+000 6.763177e+001
      vertex   -1.040879e+002 -4.897910e+000 6.763177e+001
      vertex   -1.039955e+002 -2.147910e+000 6.776511e+001
    endloop
  endfacet
  facet normal -8.219449e-001 0.000000e+000 5.695670e-001
    outer loop
      vertex   -1.039955e+002 -2.147910e+000 6.776511e+001
      vertex   -1.040879e+002 -4.897910e+000 6.763177e+001
      vertex   -1.039955e+002 -4.897910e+000 6.776511e+001
    endloop
  endfacet
  facet normal -7.397642e-001 0.000000e+000 6.728662e-001
    outer loop
      vertex   -1.039955e+002 -2.147910e+000 6.776511e+001
      vertex   -1.039955e+002 -4.897910e+000 6.776511e+001
      vertex   -1.038859e+002 -2.147910e+000 6.788567e+001
    endloop
  endfacet
  facet normal -7.397642e-001 0.000000e+000 6.728662e-001
    outer loop
      vertex   -1.038859e+002 -2.147910e+000 6.788567e+001
      vertex   -1.039955e+002 -4.897910e+000 6.776511e+001
      vertex   -1.038859e+002 -4.897910e+000 6.788567e+001
    endloop
  endfacet
  facet normal -6.456811e-001 0.000000e+000 7.636071e-001
    outer loop
      vertex   -1.038859e+002 -2.147910e+000 6.788567e+001
      vertex   -1.038859e+002 -4.897910e+000 6.788567e+001
      vertex   -1.037608e+002 -2.147910e+000 6.799139e+001
    endloop
  endfacet
  facet normal -6.456811e-001 0.000000e+000 7.636071e-001
    outer loop
      vertex   -1.037608e+002 -2.147910e+000 6.799139e+001
      vertex   -1.038859e+002 -4.897910e+000 6.788567e+001
      vertex   -1.037608e+002 -4.897910e+000 6.799139e+001
    endloop
  endfacet
  facet normal -5.415848e-001 0.000000e+000 8.406461e-001
    outer loop
      vertex   -1.037608e+002 -2.147910e+000 6.799139e+001
      vertex   -1.037608e+002 -4.897910e+000 6.799139e+001
      vertex   -1.036225e+002 -2.147910e+000 6.808048e+001
    endloop
  endfacet
  facet normal -5.415848e-001 0.000000e+000 8.406461e-001
    outer loop
      vertex   -1.036225e+002 -2.147910e+000 6.808048e+001
      vertex   -1.037608e+002 -4.897910e+000 6.799139e+001
      vertex   -1.036225e+002 -4.897910e+000 6.808048e+001
    endloop
  endfacet
  facet normal -4.294063e-001 0.000000e+000 9.031114e-001
    outer loop
      vertex   -1.036225e+002 -2.147910e+000 6.808048e+001
      vertex   -1.036225e+002 -4.897910e+000 6.808048e+001
      vertex   -1.034734e+002 -2.147910e+000 6.815141e+001
    endloop
  endfacet
  facet normal -4.294063e-001 0.000000e+000 9.031114e-001
    outer loop
      vertex   -1.034734e+002 -2.147910e+000 6.815141e+001
      vertex   -1.036225e+002 -4.897910e+000 6.808048e+001
      vertex   -1.034734e+002 -4.897910e+000 6.815141e+001
    endloop
  endfacet
  facet normal -3.110572e-001 0.000000e+000 9.503912e-001
    outer loop
      vertex   -1.034734e+002 -2.147910e+000 6.815141e+001
      vertex   -1.034734e+002 -4.897910e+000 6.815141e+001
      vertex   -1.033159e+002 -2.147910e+000 6.820295e+001
    endloop
  endfacet
  facet normal -3.110572e-001 0.000000e+000 9.503912e-001
    outer loop
      vertex   -1.033159e+002 -2.147910e+000 6.820295e+001
      vertex   -1.034734e+002 -4.897910e+000 6.815141e+001
      vertex   -1.033159e+002 -4.897910e+000 6.820295e+001
    endloop
  endfacet
  facet normal -1.883362e-001 0.000000e+000 9.821046e-001
    outer loop
      vertex   -1.033159e+002 -2.147910e+000 6.820295e+001
      vertex   -1.033159e+002 -4.897910e+000 6.820295e+001
      vertex   -1.031528e+002 -2.147910e+000 6.823423e+001
    endloop
  endfacet
  facet normal -1.883362e-001 0.000000e+000 9.821046e-001
    outer loop
      vertex   -1.031528e+002 -2.147910e+000 6.823423e+001
      vertex   -1.033159e+002 -4.897910e+000 6.820295e+001
      vertex   -1.031528e+002 -4.897910e+000 6.823423e+001
    endloop
  endfacet
  facet normal -6.308666e-002 0.000000e+000 9.980081e-001
    outer loop
      vertex   -1.031528e+002 -2.147910e+000 6.823423e+001
      vertex   -1.031528e+002 -4.897910e+000 6.823423e+001
      vertex   -1.029868e+002 -2.147910e+000 6.824472e+001
    endloop
  endfacet
  facet normal -6.308666e-002 0.000000e+000 9.980081e-001
    outer loop
      vertex   -1.029868e+002 -2.147910e+000 6.824472e+001
      vertex   -1.031528e+002 -4.897910e+000 6.823423e+001
      vertex   -1.029868e+002 -4.897910e+000 6.824472e+001
    endloop
  endfacet
  facet normal -1.000000e+000 0.000000e+000 0.000000e+000
    outer loop
      vertex   -1.042582e+002 -4.897910e+000 6.357060e+001
      vertex   -1.042582e+002 -4.897910e+000 6.701884e+001
      vertex   -1.042582e+002 -2.147910e+000 6.357060e+001
    endloop
  endfacet
  facet normal -1.000000e+000 0.000000e+000 0.000000e+000
    outer loop
      vertex   -1.042582e+002 -2.147910e+000 6.357060e+001
      vertex   -1.042582e+002 -4.897910e+000 6.701884e+001
      vertex   -1.042582e+002 -2.147910e+000 6.701884e+001
    endloop
  endfacet
  facet normal 0.000000e+000 1.000000e+000 -0.000000e+000
    outer loop
      vertex   -9.481866e+001 -4.897910e+000 6.307384e+001
      vertex   -9.540157e+001 -4.897910e+000 6.325332e+001
      vertex   -9.480825e+001 -4.897910e+000 6.324915e+001
    endloop
  endfacet
  facet normal 0.000000e+000 1.000000e+000 0.000000e+000
    outer loop
      vertex   -9.480825e+001 -4.897910e+000 6.324915e+001
      vertex   -9.540157e+001 -4.897910e+000 6.325332e+001
      vertex   -9.536913e+001 -4.897910e+000 6.341059e+001
    endloop
  endfacet
  facet normal 0.000000e+000 1.000000e+000 0.000000e+000
    outer loop
      vertex   -9.480825e+001 -4.897910e+000 6.324915e+001
      vertex   -9.536913e+001 -4.897910e+000 6.341059e+001
      vertex   -9.535825e+001 -4.897910e+000 6.357060e+001
    endloop
  endfacet
  facet normal 0.000000e+000 1.000000e+000 0.000000e+000
    outer loop
      vertex   -9.540157e+001 -4.897910e+000 6.325332e+001
      vertex   -9.481866e+001 -4.897910e+000 6.307384e+001
      vertex   -9.545503e+001 -4.897910e+000 6.310147e+001
    endloop
  endfacet
  facet normal 0.000000e+000 1.000000e+000 0.000000e+000
    outer loop
      vertex   -9.545503e+001 -4.897910e+000 6.310147e+001
      vertex   -9.481866e+001 -4.897910e+000 6.307384e+001
      vertex   -9.484976e+001 -4.897910e+000 6.290108e+001
    endloop
  endfacet
  facet normal 0.000000e+000 1.000000e+000 0.000000e+000
    outer loop
      vertex   -9.545503e+001 -4.897910e+000 6.310147e+001
      vertex   -9.484976e+001 -4.897910e+000 6.290108e+001
      vertex   -9.552859e+001 -4.897910e+000 6.295766e+001
    endloop
  endfacet
  facet normal 0.000000e+000 1.000000e+000 0.000000e+000
    outer loop
      vertex   -9.552859e+001 -4.897910e+000 6.295766e+001
      vertex   -9.484976e+001 -4.897910e+000 6.290108e+001
      vertex   -9.490108e+001 -4.897910e+000 6.273340e+001
    endloop
  endfacet
  facet normal 0.000000e+000 1.000000e+000 0.000000e+000
    outer loop
      vertex   -9.552859e+001 -4.897910e+000 6.295766e+001
      vertex   -9.490108e+001 -4.897910e+000 6.273340e+001
      vertex   -9.562099e+001 -4.897910e+000 6.282433e+001
    endloop
  endfacet
  facet normal 0.000000e+000 1.000000e+000 0.000000e+000
    outer loop
      vertex   -9.562099e+001 -4.897910e+000 6.282433e+001
      vertex   -9.490108e+001 -4.897910e+000 6.273340e+001
      vertex   -9.497189e+001 -4.897910e+000 6.257324e+001
    endloop
  endfacet
  facet normal 0.000000e+000 1.000000e+000 0.000000e+000
    outer loop
      vertex   -9.562099e+001 -4.897910e+000 6.282433e+001
      vertex   -9.497189e+001 -4.897910e+000 6.257324e+001
      vertex   -9.573064e+001 -4.897910e+000 6.270377e+001
    endloop
  endfacet
  facet normal 0.000000e+000 1.000000e+000 0.000000e+000
    outer loop
      vertex   -9.573064e+001 -4.897910e+000 6.270377e+001
      vertex   -9.497189e+001 -4.897910e+000 6.257324e+001
      vertex   -9.506113e+001 -4.897910e+000 6.242294e+001
    endloop
  endfacet
  facet normal 0.000000e+000 1.000000e+000 0.000000e+000
    outer loop
      vertex   -9.573064e+001 -4.897910e+000 6.270377e+001
      vertex   -9.506113e+001 -4.897910e+000 6.242294e+001
      vertex   -9.516752e+001 -4.897910e+000 6.228468e+001
    endloop
  endfacet
  facet normal 0.000000e+000 1.000000e+000 0.000000e+000
    outer loop
      vertex   -9.573064e+001 -4.897910e+000 6.270377e+001
      vertex   -9.516752e+001 -4.897910e+000 6.228468e+001
      vertex   -9.585568e+001 -4.897910e+000 6.259804e+001
    endloop
  endfacet
  facet normal 0.000000e+000 1.000000e+000 0.000000e+000
    outer loop
      vertex   -9.585568e+001 -4.897910e+000 6.259804e+001
      vertex   -9.516752e+001 -4.897910e+000 6.228468e+001
      vertex   -9.528951e+001 -4.897910e+000 6.216049e+001
    endloop
  endfacet
  facet normal 0.000000e+000 1.000000e+000 0.000000e+000
    outer loop
      vertex   -9.585568e+001 -4.897910e+000 6.259804e+001
      vertex   -9.528951e+001 -4.897910e+000 6.216049e+001
      vertex   -9.599397e+001 -4.897910e+000 6.250895e+001
    endloop
  endfacet
  facet normal 0.000000e+000 1.000000e+000 0.000000e+000
    outer loop
      vertex   -9.599397e+001 -4.897910e+000 6.250895e+001
      vertex   -9.528951e+001 -4.897910e+000 6.216049e+001
      vertex   -9.542530e+001 -4.897910e+000 6.205218e+001
    endloop
  endfacet
  facet normal 0.000000e+000 1.000000e+000 0.000000e+000
    outer loop
      vertex   -9.599397e+001 -4.897910e+000 6.250895e+001
      vertex   -9.542530e+001 -4.897910e+000 6.205218e+001
      vertex   -9.557293e+001 -4.897910e+000 6.196132e+001
    endloop
  endfacet
  facet normal 0.000000e+000 1.000000e+000 0.000000e+000
    outer loop
      vertex   -9.599397e+001 -4.897910e+000 6.250895e+001
      vertex   -9.557293e+001 -4.897910e+000 6.196132e+001
      vertex   -9.614312e+001 -4.897910e+000 6.243803e+001
    endloop
  endfacet
  facet normal 0.000000e+000 1.000000e+000 0.000000e+000
    outer loop
      vertex   -9.614312e+001 -4.897910e+000 6.243803e+001
      vertex   -9.557293e+001 -4.897910e+000 6.196132e+001
      vertex   -9.573024e+001 -4.897910e+000 6.188923e+001
    endloop
  endfacet
  facet normal 0.000000e+000 1.000000e+000 0.000000e+000
    outer loop
      vertex   -9.614312e+001 -4.897910e+000 6.243803e+001
      vertex   -9.573024e+001 -4.897910e+000 6.188923e+001
      vertex   -9.589494e+001 -4.897910e+000 6.183698e+001
    endloop
  endfacet
  facet normal 0.000000e+000 1.000000e+000 0.000000e+000
    outer loop
      vertex   -9.614312e+001 -4.897910e+000 6.243803e+001
      vertex   -9.589494e+001 -4.897910e+000 6.183698e+001
      vertex   -9.630061e+001 -4.897910e+000 6.238649e+001
    endloop
  endfacet
  facet normal 0.000000e+000 1.000000e+000 0.000000e+000
    outer loop
      vertex   -9.630061e+001 -4.897910e+000 6.238649e+001
      vertex   -9.589494e+001 -4.897910e+000 6.183698e+001
      vertex   -9.606462e+001 -4.897910e+000 6.180532e+001
    endloop
  endfacet
  facet normal 0.000000e+000 1.000000e+000 0.000000e+000
    outer loop
      vertex   -9.630061e+001 -4.897910e+000 6.238649e+001
      vertex   -9.606462e+001 -4.897910e+000 6.180532e+001
      vertex   -9.623682e+001 -4.897910e+000 6.179472e+001
    endloop
  endfacet
  facet normal 0.000000e+000 1.000000e+000 0.000000e+000
    outer loop
      vertex   -1.033797e+002 -4.897910e+000 6.179472e+001
      vertex   -9.662968e+001 -4.897910e+000 6.234472e+001
      vertex   -9.623682e+001 -4.897910e+000 6.179472e+001
    endloop
  endfacet
  facet normal 0.000000e+000 1.000000e+000 0.000000e+000
    outer loop
      vertex   -9.623682e+001 -4.897910e+000 6.179472e+001
      vertex   -9.662968e+001 -4.897910e+000 6.234472e+001
      vertex   -9.646372e+001 -4.897910e+000 6.235521e+001
    endloop
  endfacet
  facet normal 0.000000e+000 1.000000e+000 0.000000e+000
    outer loop
      vertex   -9.623682e+001 -4.897910e+000 6.179472e+001
      vertex   -9.646372e+001 -4.897910e+000 6.235521e+001
      vertex   -9.630061e+001 -4.897910e+000 6.238649e+001
    endloop
  endfacet
  facet normal -0.000000e+000 1.000000e+000 0.000000e+000
    outer loop
      vertex   -1.035519e+002 -4.897910e+000 6.180532e+001
      vertex   -1.033159e+002 -4.897910e+000 6.238649e+001
      vertex   -1.033797e+002 -4.897910e+000 6.179472e+001
    endloop
  endfacet
  facet normal 0.000000e+000 1.000000e+000 0.000000e+000
    outer loop
      vertex   -1.033797e+002 -4.897910e+000 6.179472e+001
      vertex   -1.033159e+002 -4.897910e+000 6.238649e+001
      vertex   -1.031528e+002 -4.897910e+000 6.235521e+001
    endloop
  endfacet
  facet normal 0.000000e+000 1.000000e+000 0.000000e+000
    outer loop
      vertex   -1.033797e+002 -4.897910e+000 6.179472e+001
      vertex   -1.031528e+002 -4.897910e+000 6.235521e+001
      vertex   -1.029868e+002 -4.897910e+000 6.234472e+001
    endloop
  endfacet
  facet normal 0.000000e+000 1.000000e+000 -0.000000e+000
    outer loop
      vertex   -1.035519e+002 -4.897910e+000 6.180532e+001
      vertex   -1.037216e+002 -4.897910e+000 6.183698e+001
      vertex   -1.033159e+002 -4.897910e+000 6.238649e+001
    endloop
  endfacet
  facet normal 0.000000e+000 1.000000e+000 0.000000e+000
    outer loop
      vertex   -1.033159e+002 -4.897910e+000 6.238649e+001
      vertex   -1.037216e+002 -4.897910e+000 6.183698e+001
      vertex   -1.034734e+002 -4.897910e+000 6.243803e+001
    endloop
  endfacet
  facet normal 0.000000e+000 1.000000e+000 0.000000e+000
    outer loop
      vertex   -1.034734e+002 -4.897910e+000 6.243803e+001
      vertex   -1.037216e+002 -4.897910e+000 6.183698e+001
      vertex   -1.038863e+002 -4.897910e+000 6.188923e+001
    endloop
  endfacet
  facet normal 0.000000e+000 1.000000e+000 0.000000e+000
    outer loop
      vertex   -1.034734e+002 -4.897910e+000 6.243803e+001
      vertex   -1.038863e+002 -4.897910e+000 6.188923e+001
      vertex   -1.040436e+002 -4.897910e+000 6.196132e+001
    endloop
  endfacet
  facet normal 0.000000e+000 1.000000e+000 0.000000e+000
    outer loop
      vertex   -1.034734e+002 -4.897910e+000 6.243803e+001
      vertex   -1.040436e+002 -4.897910e+000 6.196132e+001
      vertex   -1.036225e+002 -4.897910e+000 6.250895e+001
    endloop
  endfacet
  facet normal 0.000000e+000 1.000000e+000 0.000000e+000
    outer loop
      vertex   -1.036225e+002 -4.897910e+000 6.250895e+001
      vertex   -1.040436e+002 -4.897910e+000 6.196132e+001
      vertex   -1.041912e+002 -4.897910e+000 6.205218e+001
    endloop
  endfacet
  facet normal 0.000000e+000 1.000000e+000 0.000000e+000
    outer loop
      vertex   -1.036225e+002 -4.897910e+000 6.250895e+001
      vertex   -1.041912e+002 -4.897910e+000 6.205218e+001
      vertex   -1.043270e+002 -4.897910e+000 6.216049e+001
    endloop
  endfacet
  facet normal 0.000000e+000 1.000000e+000 0.000000e+000
    outer loop
      vertex   -1.036225e+002 -4.897910e+000 6.250895e+001
      vertex   -1.043270e+002 -4.897910e+000 6.216049e+001
      vertex   -1.037608e+002 -4.897910e+000 6.259804e+001
    endloop
  endfacet
  facet normal 0.000000e+000 1.000000e+000 0.000000e+000
    outer loop
      vertex   -1.037608e+002 -4.897910e+000 6.259804e+001
      vertex   -1.043270e+002 -4.897910e+000 6.216049e+001
      vertex   -1.044490e+002 -4.897910e+000 6.228468e+001
    endloop
  endfacet
  facet normal 0.000000e+000 1.000000e+000 0.000000e+000
    outer loop
      vertex   -1.037608e+002 -4.897910e+000 6.259804e+001
      vertex   -1.044490e+002 -4.897910e+000 6.228468e+001
      vertex   -1.038859e+002 -4.897910e+000 6.270377e+001
    endloop
  endfacet
  facet normal 0.000000e+000 1.000000e+000 0.000000e+000
    outer loop
      vertex   -1.038859e+002 -4.897910e+000 6.270377e+001
      vertex   -1.044490e+002 -4.897910e+000 6.228468e+001
      vertex   -1.045554e+002 -4.897910e+000 6.242294e+001
    endloop
  endfacet
  facet normal 0.000000e+000 1.000000e+000 0.000000e+000
    outer loop
      vertex   -1.038859e+002 -4.897910e+000 6.270377e+001
      vertex   -1.045554e+002 -4.897910e+000 6.242294e+001
      vertex   -1.046446e+002 -4.897910e+000 6.257324e+001
    endloop
  endfacet
  facet normal 0.000000e+000 1.000000e+000 0.000000e+000
    outer loop
      vertex   -1.038859e+002 -4.897910e+000 6.270377e+001
      vertex   -1.046446e+002 -4.897910e+000 6.257324e+001
      vertex   -1.039955e+002 -4.897910e+000 6.282433e+001
    endloop
  endfacet
  facet normal 0.000000e+000 1.000000e+000 0.000000e+000
    outer loop
      vertex   -1.039955e+002 -4.897910e+000 6.282433e+001
      vertex   -1.046446e+002 -4.897910e+000 6.257324e+001
      vertex   -1.047154e+002 -4.897910e+000 6.273340e+001
    endloop
  endfacet
  facet normal 0.000000e+000 1.000000e+000 0.000000e+000
    outer loop
      vertex   -1.039955e+002 -4.897910e+000 6.282433e+001
      vertex   -1.047154e+002 -4.897910e+000 6.273340e+001
      vertex   -1.040879e+002 -4.897910e+000 6.295766e+001
    endloop
  endfacet
  facet normal 0.000000e+000 1.000000e+000 0.000000e+000
    outer loop
      vertex   -1.040879e+002 -4.897910e+000 6.295766e+001
      vertex   -1.047154e+002 -4.897910e+000 6.273340e+001
      vertex   -1.047667e+002 -4.897910e+000 6.290108e+001
    endloop
  endfacet
  facet normal 0.000000e+000 1.000000e+000 0.000000e+000
    outer loop
      vertex   -1.040879e+002 -4.897910e+000 6.295766e+001
      vertex   -1.047667e+002 -4.897910e+000 6.290108e+001
      vertex   -1.041615e+002 -4.897910e+000 6.310147e+001
    endloop
  endfacet
  facet normal 0.000000e+000 1.000000e+000 0.000000e+000
    outer loop
      vertex   -1.041615e+002 -4.897910e+000 6.310147e+001
      vertex   -1.047667e+002 -4.897910e+000 6.290108e+001
      vertex   -1.047978e+002 -4.897910e+000 6.307384e+001
    endloop
  endfacet
  facet normal 0.000000e+000 1.000000e+000 0.000000e+000
    outer loop
      vertex   -1.041615e+002 -4.897910e+000 6.310147e+001
      vertex   -1.047978e+002 -4.897910e+000 6.307384e+001
      vertex   -1.042149e+002 -4.897910e+000 6.325332e+001
    endloop
  endfacet
  facet normal 0.000000e+000 1.000000e+000 0.000000e+000
    outer loop
      vertex   -1.042149e+002 -4.897910e+000 6.325332e+001
      vertex   -1.047978e+002 -4.897910e+000 6.307384e+001
      vertex   -1.048083e+002 -4.897910e+000 6.324915e+001
    endloop
  endfacet
  facet normal 0.000000e+000 1.000000e+000 0.000000e+000
    outer loop
      vertex   -1.042149e+002 -4.897910e+000 6.325332e+001
      vertex   -1.048083e+002 -4.897910e+000 6.324915e+001
      vertex   -1.042474e+002 -4.897910e+000 6.341059e+001
    endloop
  endfacet
  facet normal 0.000000e+000 1.000000e+000 0.000000e+000
    outer loop
      vertex   -1.042474e+002 -4.897910e+000 6.341059e+001
      vertex   -1.048083e+002 -4.897910e+000 6.324915e+001
      vertex   -1.042582e+002 -4.897910e+000 6.357060e+001
    endloop
  endfacet
  facet normal 0.000000e+000 1.000000e+000 0.000000e+000
    outer loop
      vertex   -1.042582e+002 -4.897910e+000 6.357060e+001
      vertex   -1.048083e+002 -4.897910e+000 6.324915e+001
      vertex   -1.048083e+002 -4.897910e+000 6.734029e+001
    endloop
  endfacet
  facet normal 0.000000e+000 1.000000e+000 -0.000000e+000
    outer loop
      vertex   -1.042582e+002 -4.897910e+000 6.357060e+001
      vertex   -1.048083e+002 -4.897910e+000 6.734029e+001
      vertex   -1.042582e+002 -4.897910e+000 6.701884e+001
    endloop
  endfacet
  facet normal 0.000000e+000 1.000000e+000 -0.000000e+000
    outer loop
      vertex   -1.042582e+002 -4.897910e+000 6.701884e+001
      vertex   -1.048083e+002 -4.897910e+000 6.734029e+001
      vertex   -1.042474e+002 -4.897910e+000 6.717885e+001
    endloop
  endfacet
  facet normal 0.000000e+000 1.000000e+000 -0.000000e+000
    outer loop
      vertex   -1.042474e+002 -4.897910e+000 6.717885e+001
      vertex   -1.048083e+002 -4.897910e+000 6.734029e+001
      vertex   -1.042149e+002 -4.897910e+000 6.733612e+001
    endloop
  endfacet
  facet normal 0.000000e+000 1.000000e+000 0.000000e+000
    outer loop
      vertex   -1.042149e+002 -4.897910e+000 6.733612e+001
      vertex   -1.048083e+002 -4.897910e+000 6.734029e+001
      vertex   -1.047978e+002 -4.897910e+000 6.751559e+001
    endloop
  endfacet
  facet normal 0.000000e+000 1.000000e+000 -0.000000e+000
    outer loop
      vertex   -1.042149e+002 -4.897910e+000 6.733612e+001
      vertex   -1.047978e+002 -4.897910e+000 6.751559e+001
      vertex   -1.041615e+002 -4.897910e+000 6.748796e+001
    endloop
  endfacet
  facet normal 0.000000e+000 1.000000e+000 0.000000e+000
    outer loop
      vertex   -1.041615e+002 -4.897910e+000 6.748796e+001
      vertex   -1.047978e+002 -4.897910e+000 6.751559e+001
      vertex   -1.047667e+002 -4.897910e+000 6.768835e+001
    endloop
  endfacet
  facet normal 0.000000e+000 1.000000e+000 -0.000000e+000
    outer loop
      vertex   -1.041615e+002 -4.897910e+000 6.748796e+001
      vertex   -1.047667e+002 -4.897910e+000 6.768835e+001
      vertex   -1.040879e+002 -4.897910e+000 6.763177e+001
    endloop
  endfacet
  facet normal 0.000000e+000 1.000000e+000 0.000000e+000
    outer loop
      vertex   -1.040879e+002 -4.897910e+000 6.763177e+001
      vertex   -1.047667e+002 -4.897910e+000 6.768835e+001
      vertex   -1.047154e+002 -4.897910e+000 6.785603e+001
    endloop
  endfacet
  facet normal 0.000000e+000 1.000000e+000 -0.000000e+000
    outer loop
      vertex   -1.040879e+002 -4.897910e+000 6.763177e+001
      vertex   -1.047154e+002 -4.897910e+000 6.785603e+001
      vertex   -1.039955e+002 -4.897910e+000 6.776511e+001
    endloop
  endfacet
  facet normal 0.000000e+000 1.000000e+000 0.000000e+000
    outer loop
      vertex   -1.039955e+002 -4.897910e+000 6.776511e+001
      vertex   -1.047154e+002 -4.897910e+000 6.785603e+001
      vertex   -1.046446e+002 -4.897910e+000 6.801619e+001
    endloop
  endfacet
  facet normal 0.000000e+000 1.000000e+000 -0.000000e+000
    outer loop
      vertex   -1.039955e+002 -4.897910e+000 6.776511e+001
      vertex   -1.046446e+002 -4.897910e+000 6.801619e+001
      vertex   -1.038859e+002 -4.897910e+000 6.788567e+001
    endloop
  endfacet
  facet normal 0.000000e+000 1.000000e+000 0.000000e+000
    outer loop
      vertex   -1.038859e+002 -4.897910e+000 6.788567e+001
      vertex   -1.046446e+002 -4.897910e+000 6.801619e+001
      vertex   -1.045554e+002 -4.897910e+000 6.816650e+001
    endloop
  endfacet
  facet normal 0.000000e+000 1.000000e+000 0.000000e+000
    outer loop
      vertex   -1.038859e+002 -4.897910e+000 6.788567e+001
      vertex   -1.045554e+002 -4.897910e+000 6.816650e+001
      vertex   -1.044490e+002 -4.897910e+000 6.830475e+001
    endloop
  endfacet
  facet normal 0.000000e+000 1.000000e+000 -0.000000e+000
    outer loop
      vertex   -1.038859e+002 -4.897910e+000 6.788567e+001
      vertex   -1.044490e+002 -4.897910e+000 6.830475e+001
      vertex   -1.037608e+002 -4.897910e+000 6.799139e+001
    endloop
  endfacet
  facet normal 0.000000e+000 1.000000e+000 0.000000e+000
    outer loop
      vertex   -1.037608e+002 -4.897910e+000 6.799139e+001
      vertex   -1.044490e+002 -4.897910e+000 6.830475e+001
      vertex   -1.043270e+002 -4.897910e+000 6.842894e+001
    endloop
  endfacet
  facet normal 0.000000e+000 1.000000e+000 -0.000000e+000
    outer loop
      vertex   -1.037608e+002 -4.897910e+000 6.799139e+001
      vertex   -1.043270e+002 -4.897910e+000 6.842894e+001
      vertex   -1.036225e+002 -4.897910e+000 6.808048e+001
    endloop
  endfacet
  facet normal 0.000000e+000 1.000000e+000 0.000000e+000
    outer loop
      vertex   -1.036225e+002 -4.897910e+000 6.808048e+001
      vertex   -1.043270e+002 -4.897910e+000 6.842894e+001
      vertex   -1.041912e+002 -4.897910e+000 6.853726e+001
    endloop
  endfacet
  facet normal 0.000000e+000 1.000000e+000 0.000000e+000
    outer loop
      vertex   -1.036225e+002 -4.897910e+000 6.808048e+001
      vertex   -1.041912e+002 -4.897910e+000 6.853726e+001
      vertex   -1.040436e+002 -4.897910e+000 6.862812e+001
    endloop
  endfacet
  facet normal 0.000000e+000 1.000000e+000 -0.000000e+000
    outer loop
      vertex   -1.036225e+002 -4.897910e+000 6.808048e+001
      vertex   -1.040436e+002 -4.897910e+000 6.862812e+001
      vertex   -1.034734e+002 -4.897910e+000 6.815141e+001
    endloop
  endfacet
  facet normal 0.000000e+000 1.000000e+000 0.000000e+000
    outer loop
      vertex   -1.034734e+002 -4.897910e+000 6.815141e+001
      vertex   -1.040436e+002 -4.897910e+000 6.862812e+001
      vertex   -1.038863e+002 -4.897910e+000 6.870020e+001
    endloop
  endfacet
  facet normal 0.000000e+000 1.000000e+000 0.000000e+000
    outer loop
      vertex   -1.034734e+002 -4.897910e+000 6.815141e+001
      vertex   -1.038863e+002 -4.897910e+000 6.870020e+001
      vertex   -1.037216e+002 -4.897910e+000 6.875246e+001
    endloop
  endfacet
  facet normal 0.000000e+000 1.000000e+000 -0.000000e+000
    outer loop
      vertex   -1.034734e+002 -4.897910e+000 6.815141e+001
      vertex   -1.037216e+002 -4.897910e+000 6.875246e+001
      vertex   -1.033159e+002 -4.897910e+000 6.820295e+001
    endloop
  endfacet
  facet normal 0.000000e+000 1.000000e+000 0.000000e+000
    outer loop
      vertex   -1.033159e+002 -4.897910e+000 6.820295e+001
      vertex   -1.037216e+002 -4.897910e+000 6.875246e+001
      vertex   -1.035519e+002 -4.897910e+000 6.878411e+001
    endloop
  endfacet
  facet normal 0.000000e+000 1.000000e+000 0.000000e+000
    outer loop
      vertex   -1.033159e+002 -4.897910e+000 6.820295e+001
      vertex   -1.035519e+002 -4.897910e+000 6.878411e+001
      vertex   -1.033797e+002 -4.897910e+000 6.879472e+001
    endloop
  endfacet
  facet normal 0.000000e+000 1.000000e+000 0.000000e+000
    outer loop
      vertex   -9.623682e+001 -4.897910e+000 6.879472e+001
      vertex   -9.662968e+001 -4.897910e+000 6.824472e+001
      vertex   -1.033797e+002 -4.897910e+000 6.879472e+001
    endloop
  endfacet
  facet normal 0.000000e+000 1.000000e+000 0.000000e+000
    outer loop
      vertex   -1.033797e+002 -4.897910e+000 6.879472e+001
      vertex   -9.662968e+001 -4.897910e+000 6.824472e+001
      vertex   -1.029868e+002 -4.897910e+000 6.824472e+001
    endloop
  endfacet
  facet normal 0.000000e+000 1.000000e+000 0.000000e+000
    outer loop
      vertex   -1.033797e+002 -4.897910e+000 6.879472e+001
      vertex   -1.029868e+002 -4.897910e+000 6.824472e+001
      vertex   -1.031528e+002 -4.897910e+000 6.823423e+001
    endloop
  endfacet
  facet normal 0.000000e+000 1.000000e+000 0.000000e+000
    outer loop
      vertex   -9.606462e+001 -4.897910e+000 6.878411e+001
      vertex   -9.630061e+001 -4.897910e+000 6.820295e+001
      vertex   -9.623682e+001 -4.897910e+000 6.879472e+001
    endloop
  endfacet
  facet normal 0.000000e+000 1.000000e+000 0.000000e+000
    outer loop
      vertex   -9.623682e+001 -4.897910e+000 6.879472e+001
      vertex   -9.630061e+001 -4.897910e+000 6.820295e+001
      vertex   -9.646372e+001 -4.897910e+000 6.823423e+001
    endloop
  endfacet
  facet normal 0.000000e+000 1.000000e+000 0.000000e+000
    outer loop
      vertex   -9.623682e+001 -4.897910e+000 6.879472e+001
      vertex   -9.646372e+001 -4.897910e+000 6.823423e+001
      vertex   -9.662968e+001 -4.897910e+000 6.824472e+001
    endloop
  endfacet
  facet normal 0.000000e+000 1.000000e+000 0.000000e+000
    outer loop
      vertex   -9.606462e+001 -4.897910e+000 6.878411e+001
      vertex   -9.589494e+001 -4.897910e+000 6.875246e+001
      vertex   -9.630061e+001 -4.897910e+000 6.820295e+001
    endloop
  endfacet
  facet normal -0.000000e+000 1.000000e+000 0.000000e+000
    outer loop
      vertex   -9.630061e+001 -4.897910e+000 6.820295e+001
      vertex   -9.589494e+001 -4.897910e+000 6.875246e+001
      vertex   -9.614312e+001 -4.897910e+000 6.815141e+001
    endloop
  endfacet
  facet normal 0.000000e+000 1.000000e+000 0.000000e+000
    outer loop
      vertex   -9.614312e+001 -4.897910e+000 6.815141e+001
      vertex   -9.589494e+001 -4.897910e+000 6.875246e+001
      vertex   -9.573024e+001 -4.897910e+000 6.870020e+001
    endloop
  endfacet
  facet normal 0.000000e+000 1.000000e+000 0.000000e+000
    outer loop
      vertex   -9.614312e+001 -4.897910e+000 6.815141e+001
      vertex   -9.573024e+001 -4.897910e+000 6.870020e+001
      vertex   -9.557293e+001 -4.897910e+000 6.862812e+001
    endloop
  endfacet
  facet normal -0.000000e+000 1.000000e+000 0.000000e+000
    outer loop
      vertex   -9.614312e+001 -4.897910e+000 6.815141e+001
      vertex   -9.557293e+001 -4.897910e+000 6.862812e+001
      vertex   -9.599397e+001 -4.897910e+000 6.808048e+001
    endloop
  endfacet
  facet normal 0.000000e+000 1.000000e+000 0.000000e+000
    outer loop
      vertex   -9.599397e+001 -4.897910e+000 6.808048e+001
      vertex   -9.557293e+001 -4.897910e+000 6.862812e+001
      vertex   -9.542530e+001 -4.897910e+000 6.853726e+001
    endloop
  endfacet
  facet normal 0.000000e+000 1.000000e+000 0.000000e+000
    outer loop
      vertex   -9.599397e+001 -4.897910e+000 6.808048e+001
      vertex   -9.542530e+001 -4.897910e+000 6.853726e+001
      vertex   -9.528951e+001 -4.897910e+000 6.842894e+001
    endloop
  endfacet
  facet normal -0.000000e+000 1.000000e+000 0.000000e+000
    outer loop
      vertex   -9.599397e+001 -4.897910e+000 6.808048e+001
      vertex   -9.528951e+001 -4.897910e+000 6.842894e+001
      vertex   -9.585568e+001 -4.897910e+000 6.799139e+001
    endloop
  endfacet
  facet normal 0.000000e+000 1.000000e+000 0.000000e+000
    outer loop
      vertex   -9.585568e+001 -4.897910e+000 6.799139e+001
      vertex   -9.528951e+001 -4.897910e+000 6.842894e+001
      vertex   -9.516752e+001 -4.897910e+000 6.830475e+001
    endloop
  endfacet
  facet normal -0.000000e+000 1.000000e+000 0.000000e+000
    outer loop
      vertex   -9.585568e+001 -4.897910e+000 6.799139e+001
      vertex   -9.516752e+001 -4.897910e+000 6.830475e+001
      vertex   -9.573064e+001 -4.897910e+000 6.788567e+001
    endloop
  endfacet
  facet normal 0.000000e+000 1.000000e+000 0.000000e+000
    outer loop
      vertex   -9.573064e+001 -4.897910e+000 6.788567e+001
      vertex   -9.516752e+001 -4.897910e+000 6.830475e+001
      vertex   -9.506113e+001 -4.897910e+000 6.816650e+001
    endloop
  endfacet
  facet normal 0.000000e+000 1.000000e+000 0.000000e+000
    outer loop
      vertex   -9.573064e+001 -4.897910e+000 6.788567e+001
      vertex   -9.506113e+001 -4.897910e+000 6.816650e+001
      vertex   -9.497189e+001 -4.897910e+000 6.801619e+001
    endloop
  endfacet
  facet normal -0.000000e+000 1.000000e+000 0.000000e+000
    outer loop
      vertex   -9.573064e+001 -4.897910e+000 6.788567e+001
      vertex   -9.497189e+001 -4.897910e+000 6.801619e+001
      vertex   -9.562099e+001 -4.897910e+000 6.776511e+001
    endloop
  endfacet
  facet normal 0.000000e+000 1.000000e+000 0.000000e+000
    outer loop
      vertex   -9.562099e+001 -4.897910e+000 6.776511e+001
      vertex   -9.497189e+001 -4.897910e+000 6.801619e+001
      vertex   -9.490108e+001 -4.897910e+000 6.785603e+001
    endloop
  endfacet
  facet normal -0.000000e+000 1.000000e+000 0.000000e+000
    outer loop
      vertex   -9.562099e+001 -4.897910e+000 6.776511e+001
      vertex   -9.490108e+001 -4.897910e+000 6.785603e+001
      vertex   -9.552859e+001 -4.897910e+000 6.763177e+001
    endloop
  endfacet
  facet normal 0.000000e+000 1.000000e+000 0.000000e+000
    outer loop
      vertex   -9.552859e+001 -4.897910e+000 6.763177e+001
      vertex   -9.490108e+001 -4.897910e+000 6.785603e+001
      vertex   -9.484976e+001 -4.897910e+000 6.768835e+001
    endloop
  endfacet
  facet normal -0.000000e+000 1.000000e+000 0.000000e+000
    outer loop
      vertex   -9.552859e+001 -4.897910e+000 6.763177e+001
      vertex   -9.484976e+001 -4.897910e+000 6.768835e+001
      vertex   -9.545503e+001 -4.897910e+000 6.748796e+001
    endloop
  endfacet
  facet normal 0.000000e+000 1.000000e+000 0.000000e+000
    outer loop
      vertex   -9.545503e+001 -4.897910e+000 6.748796e+001
      vertex   -9.484976e+001 -4.897910e+000 6.768835e+001
      vertex   -9.481866e+001 -4.897910e+000 6.751559e+001
    endloop
  endfacet
  facet normal -0.000000e+000 1.000000e+000 0.000000e+000
    outer loop
      vertex   -9.545503e+001 -4.897910e+000 6.748796e+001
      vertex   -9.481866e+001 -4.897910e+000 6.751559e+001
      vertex   -9.540157e+001 -4.897910e+000 6.733612e+001
    endloop
  endfacet
  facet normal 0.000000e+000 1.000000e+000 0.000000e+000
    outer loop
      vertex   -9.540157e+001 -4.897910e+000 6.733612e+001
      vertex   -9.481866e+001 -4.897910e+000 6.751559e+001
      vertex   -9.480825e+001 -4.897910e+000 6.734029e+001
    endloop
  endfacet
  facet normal -0.000000e+000 1.000000e+000 0.000000e+000
    outer loop
      vertex   -9.540157e+001 -4.897910e+000 6.733612e+001
      vertex   -9.480825e+001 -4.897910e+000 6.734029e+001
      vertex   -9.536913e+001 -4.897910e+000 6.717885e+001
    endloop
  endfacet
  facet normal -0.000000e+000 1.000000e+000 0.000000e+000
    outer loop
      vertex   -9.536913e+001 -4.897910e+000 6.717885e+001
      vertex   -9.480825e+001 -4.897910e+000 6.734029e+001
      vertex   -9.535825e+001 -4.897910e+000 6.701884e+001
    endloop
  endfacet
  facet normal -0.000000e+000 1.000000e+000 0.000000e+000
    outer loop
      vertex   -9.535825e+001 -4.897910e+000 6.701884e+001
      vertex   -9.480825e+001 -4.897910e+000 6.734029e+001
      vertex   -9.480825e+001 -4.897910e+000 6.324915e+001
    endloop
  endfacet
  facet normal 0.000000e+000 1.000000e+000 0.000000e+000
    outer loop
      vertex   -9.535825e+001 -4.897910e+000 6.701884e+001
      vertex   -9.480825e+001 -4.897910e+000 6.324915e+001
      vertex   -9.535825e+001 -4.897910e+000 6.357060e+001
    endloop
  endfacet
  facet normal -0.000000e+000 1.000000e+000 0.000000e+000
    outer loop
      vertex   -1.029868e+002 -4.897910e+000 6.234472e+001
      vertex   -9.662968e+001 -4.897910e+000 6.234472e+001
      vertex   -1.033797e+002 -4.897910e+000 6.179472e+001
    endloop
  endfacet
  facet normal 0.000000e+000 1.000000e+000 0.000000e+000
    outer loop
      vertex   -1.031528e+002 -4.897910e+000 6.823423e+001
      vertex   -1.033159e+002 -4.897910e+000 6.820295e+001
      vertex   -1.033797e+002 -4.897910e+000 6.879472e+001
    endloop
  endfacet
  facet normal 9.982403e-001 0.000000e+000 -5.929882e-002
    outer loop
      vertex   -9.480825e+001 -5.897910e+000 6.324915e+001
      vertex   -9.481866e+001 -5.897910e+000 6.307384e+001
      vertex   -9.480825e+001 -4.897910e+000 6.324915e+001
    endloop
  endfacet
  facet normal 9.982403e-001 1.761272e-018 -5.929882e-002
    outer loop
      vertex   -9.480825e+001 -4.897910e+000 6.324915e+001
      vertex   -9.481866e+001 -5.897910e+000 6.307384e+001
      vertex   -9.481866e+001 -4.897910e+000 6.307384e+001
    endloop
  endfacet
  facet normal 9.841821e-001 0.000000e+000 -1.771602e-001
    outer loop
      vertex   -9.481866e+001 -4.897910e+000 6.307384e+001
      vertex   -9.481866e+001 -5.897910e+000 6.307384e+001
      vertex   -9.484976e+001 -5.897910e+000 6.290108e+001
    endloop
  endfacet
  facet normal 9.841821e-001 -3.522491e-018 -1.771602e-001
    outer loop
      vertex   -9.481866e+001 -4.897910e+000 6.307384e+001
      vertex   -9.484976e+001 -5.897910e+000 6.290108e+001
      vertex   -9.484976e+001 -4.897910e+000 6.290108e+001
    endloop
  endfacet
  facet normal 9.562135e-001 0.000000e+000 -2.926700e-001
    outer loop
      vertex   -9.484976e+001 -4.897910e+000 6.290108e+001
      vertex   -9.484976e+001 -5.897910e+000 6.290108e+001
      vertex   -9.490108e+001 -5.897910e+000 6.273340e+001
    endloop
  endfacet
  facet normal 9.562135e-001 0.000000e+000 -2.926700e-001
    outer loop
      vertex   -9.484976e+001 -4.897910e+000 6.290108e+001
      vertex   -9.490108e+001 -5.897910e+000 6.273340e+001
      vertex   -9.490108e+001 -4.897910e+000 6.273340e+001
    endloop
  endfacet
  facet normal 9.146183e-001 0.000000e+000 -4.043185e-001
    outer loop
      vertex   -9.490108e+001 -4.897910e+000 6.273340e+001
      vertex   -9.490108e+001 -5.897910e+000 6.273340e+001
      vertex   -9.497189e+001 -5.897910e+000 6.257324e+001
    endloop
  endfacet
  facet normal 9.146183e-001 -1.408896e-017 -4.043185e-001
    outer loop
      vertex   -9.490108e+001 -4.897910e+000 6.273340e+001
      vertex   -9.497189e+001 -5.897910e+000 6.257324e+001
      vertex   -9.497189e+001 -4.897910e+000 6.257324e+001
    endloop
  endfacet
  facet normal 8.598580e-001 0.000000e+000 -5.105332e-001
    outer loop
      vertex   -9.497189e+001 -4.897910e+000 6.257324e+001
      vertex   -9.497189e+001 -5.897910e+000 6.257324e+001
      vertex   -9.506113e+001 -5.897910e+000 6.242294e+001
    endloop
  endfacet
  facet normal 8.598580e-001 0.000000e+000 -5.105332e-001
    outer loop
      vertex   -9.497189e+001 -4.897910e+000 6.257324e+001
      vertex   -9.506113e+001 -5.897910e+000 6.242294e+001
      vertex   -9.506113e+001 -4.897910e+000 6.242294e+001
    endloop
  endfacet
  facet normal 7.925102e-001 0.000000e+000 -6.098587e-001
    outer loop
      vertex   -9.506113e+001 -4.897910e+000 6.242294e+001
      vertex   -9.506113e+001 -5.897910e+000 6.242294e+001
      vertex   -9.516752e+001 -5.897910e+000 6.228468e+001
    endloop
  endfacet
  facet normal 7.925102e-001 -1.408738e-017 -6.098587e-001
    outer loop
      vertex   -9.506113e+001 -4.897910e+000 6.242294e+001
      vertex   -9.516752e+001 -5.897910e+000 6.228468e+001
      vertex   -9.516752e+001 -4.897910e+000 6.228468e+001
    endloop
  endfacet
  facet normal 7.134114e-001 0.000000e+000 -7.007455e-001
    outer loop
      vertex   -9.516752e+001 -4.897910e+000 6.228468e+001
      vertex   -9.516752e+001 -5.897910e+000 6.228468e+001
      vertex   -9.528951e+001 -5.897910e+000 6.216049e+001
    endloop
  endfacet
  facet normal 7.134114e-001 -1.408650e-017 -7.007455e-001
    outer loop
      vertex   -9.516752e+001 -4.897910e+000 6.228468e+001
      vertex   -9.528951e+001 -5.897910e+000 6.216049e+001
      vertex   -9.528951e+001 -4.897910e+000 6.216049e+001
    endloop
  endfacet
  facet normal 6.235642e-001 0.000000e+000 -7.817721e-001
    outer loop
      vertex   -9.528951e+001 -4.897910e+000 6.216049e+001
      vertex   -9.528951e+001 -5.897910e+000 6.216049e+001
      vertex   -9.542530e+001 -5.897910e+000 6.205218e+001
    endloop
  endfacet
  facet normal 6.235642e-001 -1.408560e-017 -7.817721e-001
    outer loop
      vertex   -9.528951e+001 -4.897910e+000 6.216049e+001
      vertex   -9.542530e+001 -5.897910e+000 6.205218e+001
      vertex   -9.542530e+001 -4.897910e+000 6.205218e+001
    endloop
  endfacet
  facet normal 5.241551e-001 0.000000e+000 -8.516228e-001
    outer loop
      vertex   -9.542530e+001 -4.897910e+000 6.205218e+001
      vertex   -9.542530e+001 -5.897910e+000 6.205218e+001
      vertex   -9.557293e+001 -5.897910e+000 6.196132e+001
    endloop
  endfacet
  facet normal 5.241551e-001 1.408476e-017 -8.516228e-001
    outer loop
      vertex   -9.542530e+001 -4.897910e+000 6.205218e+001
      vertex   -9.557293e+001 -5.897910e+000 6.196132e+001
      vertex   -9.557293e+001 -4.897910e+000 6.196132e+001
    endloop
  endfacet
  facet normal 4.165682e-001 0.000000e+000 -9.091045e-001
    outer loop
      vertex   -9.557293e+001 -4.897910e+000 6.196132e+001
      vertex   -9.557293e+001 -5.897910e+000 6.196132e+001
      vertex   -9.573024e+001 -5.897910e+000 6.188923e+001
    endloop
  endfacet
  facet normal 4.165682e-001 0.000000e+000 -9.091045e-001
    outer loop
      vertex   -9.557293e+001 -4.897910e+000 6.196132e+001
      vertex   -9.573024e+001 -5.897910e+000 6.188923e+001
      vertex   -9.573024e+001 -4.897910e+000 6.188923e+001
    endloop
  endfacet
  facet normal 3.023853e-001 0.000000e+000 -9.531858e-001
    outer loop
      vertex   -9.573024e+001 -4.897910e+000 6.188923e+001
      vertex   -9.573024e+001 -5.897910e+000 6.188923e+001
      vertex   -9.589494e+001 -5.897910e+000 6.183698e+001
    endloop
  endfacet
  facet normal 3.023853e-001 7.041720e-018 -9.531858e-001
    outer loop
      vertex   -9.573024e+001 -4.897910e+000 6.188923e+001
      vertex   -9.589494e+001 -5.897910e+000 6.183698e+001
      vertex   -9.589494e+001 -4.897910e+000 6.183698e+001
    endloop
  endfacet
  facet normal 1.834345e-001 0.000000e+000 -9.830319e-001
    outer loop
      vertex   -9.589494e+001 -4.897910e+000 6.183698e+001
      vertex   -9.589494e+001 -5.897910e+000 6.183698e+001
      vertex   -9.606462e+001 -5.897910e+000 6.180532e+001
    endloop
  endfacet
  facet normal 1.834345e-001 -3.520750e-018 -9.830319e-001
    outer loop
      vertex   -9.589494e+001 -4.897910e+000 6.183698e+001
      vertex   -9.606462e+001 -5.897910e+000 6.180532e+001
      vertex   -9.606462e+001 -4.897910e+000 6.180532e+001
    endloop
  endfacet
  facet normal 6.144769e-002 0.000000e+000 -9.981103e-001
    outer loop
      vertex   -9.606462e+001 -4.897910e+000 6.180532e+001
      vertex   -9.606462e+001 -5.897910e+000 6.180532e+001
      vertex   -9.623682e+001 -4.897910e+000 6.179472e+001
    endloop
  endfacet
  facet normal 6.144769e-002 0.000000e+000 -9.981103e-001
    outer loop
      vertex   -9.623682e+001 -4.897910e+000 6.179472e+001
      vertex   -9.606462e+001 -5.897910e+000 6.180532e+001
      vertex   -9.623682e+001 -5.897910e+000 6.179472e+001
    endloop
  endfacet
  facet normal 1.000000e+000 0.000000e+000 -0.000000e+000
    outer loop
      vertex   -9.480825e+001 -4.897910e+000 6.324915e+001
      vertex   -9.480825e+001 -4.897910e+000 6.734029e+001
      vertex   -9.480825e+001 -5.897910e+000 6.324915e+001
    endloop
  endfacet
  facet normal 1.000000e+000 0.000000e+000 0.000000e+000
    outer loop
      vertex   -9.480825e+001 -5.897910e+000 6.324915e+001
      vertex   -9.480825e+001 -4.897910e+000 6.734029e+001
      vertex   -9.480825e+001 -5.897910e+000 6.734029e+001
    endloop
  endfacet
  facet normal 0.000000e+000 1.000000e+000 -0.000000e+000
    outer loop
      vertex   -9.581802e+001 -4.897910e+000 6.369800e+001
      vertex   -9.695110e+001 -4.897910e+000 6.279472e+001
      vertex   -9.580825e+001 -4.897910e+000 6.383360e+001
    endloop
  endfacet
  facet normal 0.000000e+000 1.000000e+000 0.000000e+000
    outer loop
      vertex   -9.580825e+001 -4.897910e+000 6.383360e+001
      vertex   -9.695110e+001 -4.897910e+000 6.279472e+001
      vertex   -1.026654e+002 -4.897910e+000 6.279472e+001
    endloop
  endfacet
  facet normal 0.000000e+000 1.000000e+000 0.000000e+000
    outer loop
      vertex   -9.580825e+001 -4.897910e+000 6.383360e+001
      vertex   -1.026654e+002 -4.897910e+000 6.279472e+001
      vertex   -1.037213e+002 -4.897910e+000 6.343604e+001
    endloop
  endfacet
  facet normal 0.000000e+000 1.000000e+000 0.000000e+000
    outer loop
      vertex   -1.037213e+002 -4.897910e+000 6.343604e+001
      vertex   -1.026654e+002 -4.897910e+000 6.279472e+001
      vertex   -1.036551e+002 -4.897910e+000 6.331416e+001
    endloop
  endfacet
  facet normal 0.000000e+000 1.000000e+000 0.000000e+000
    outer loop
      vertex   -1.036551e+002 -4.897910e+000 6.331416e+001
      vertex   -1.026654e+002 -4.897910e+000 6.279472e+001
      vertex   -1.035721e+002 -4.897910e+000 6.320117e+001
    endloop
  endfacet
  facet normal 0.000000e+000 1.000000e+000 0.000000e+000
    outer loop
      vertex   -1.035721e+002 -4.897910e+000 6.320117e+001
      vertex   -1.026654e+002 -4.897910e+000 6.279472e+001
      vertex   -1.034735e+002 -4.897910e+000 6.309900e+001
    endloop
  endfacet
  facet normal 0.000000e+000 1.000000e+000 0.000000e+000
    outer loop
      vertex   -1.034735e+002 -4.897910e+000 6.309900e+001
      vertex   -1.026654e+002 -4.897910e+000 6.279472e+001
      vertex   -1.033611e+002 -4.897910e+000 6.300940e+001
    endloop
  endfacet
  facet normal 0.000000e+000 1.000000e+000 0.000000e+000
    outer loop
      vertex   -1.033611e+002 -4.897910e+000 6.300940e+001
      vertex   -1.026654e+002 -4.897910e+000 6.279472e+001
      vertex   -1.032368e+002 -4.897910e+000 6.293390e+001
    endloop
  endfacet
  facet normal 0.000000e+000 1.000000e+000 0.000000e+000
    outer loop
      vertex   -1.032368e+002 -4.897910e+000 6.293390e+001
      vertex   -1.026654e+002 -4.897910e+000 6.279472e+001
      vertex   -1.031027e+002 -4.897910e+000 6.287380e+001
    endloop
  endfacet
  facet normal 0.000000e+000 1.000000e+000 0.000000e+000
    outer loop
      vertex   -1.031027e+002 -4.897910e+000 6.287380e+001
      vertex   -1.026654e+002 -4.897910e+000 6.279472e+001
      vertex   -1.029612e+002 -4.897910e+000 6.283012e+001
    endloop
  endfacet
  facet normal 0.000000e+000 1.000000e+000 0.000000e+000
    outer loop
      vertex   -1.029612e+002 -4.897910e+000 6.283012e+001
      vertex   -1.026654e+002 -4.897910e+000 6.279472e+001
      vertex   -1.028146e+002 -4.897910e+000 6.280360e+001
    endloop
  endfacet
  facet normal 0.000000e+000 1.000000e+000 0.000000e+000
    outer loop
      vertex   -9.581802e+001 -4.897910e+000 6.369800e+001
      vertex   -9.584719e+001 -4.897910e+000 6.356472e+001
      vertex   -9.695110e+001 -4.897910e+000 6.279472e+001
    endloop
  endfacet
  facet normal 0.000000e+000 1.000000e+000 0.000000e+000
    outer loop
      vertex   -9.695110e+001 -4.897910e+000 6.279472e+001
      vertex   -9.584719e+001 -4.897910e+000 6.356472e+001
      vertex   -9.589524e+001 -4.897910e+000 6.343604e+001
    endloop
  endfacet
  facet normal 0.000000e+000 1.000000e+000 0.000000e+000
    outer loop
      vertex   -9.695110e+001 -4.897910e+000 6.279472e+001
      vertex   -9.589524e+001 -4.897910e+000 6.343604e+001
      vertex   -9.596136e+001 -4.897910e+000 6.331416e+001
    endloop
  endfacet
  facet normal 0.000000e+000 1.000000e+000 0.000000e+000
    outer loop
      vertex   -9.596136e+001 -4.897910e+000 6.331416e+001
      vertex   -9.604442e+001 -4.897910e+000 6.320117e+001
      vertex   -9.695110e+001 -4.897910e+000 6.279472e+001
    endloop
  endfacet
  facet normal 0.000000e+000 1.000000e+000 0.000000e+000
    outer loop
      vertex   -9.695110e+001 -4.897910e+000 6.279472e+001
      vertex   -9.604442e+001 -4.897910e+000 6.320117e+001
      vertex   -9.614298e+001 -4.897910e+000 6.309900e+001
    endloop
  endfacet
  facet normal 0.000000e+000 1.000000e+000 0.000000e+000
    outer loop
      vertex   -9.695110e+001 -4.897910e+000 6.279472e+001
      vertex   -9.614298e+001 -4.897910e+000 6.309900e+001
      vertex   -9.625538e+001 -4.897910e+000 6.300940e+001
    endloop
  endfacet
  facet normal 0.000000e+000 1.000000e+000 0.000000e+000
    outer loop
      vertex   -9.625538e+001 -4.897910e+000 6.300940e+001
      vertex   -9.637968e+001 -4.897910e+000 6.293390e+001
      vertex   -9.695110e+001 -4.897910e+000 6.279472e+001
    endloop
  endfacet
  facet normal 0.000000e+000 1.000000e+000 0.000000e+000
    outer loop
      vertex   -9.695110e+001 -4.897910e+000 6.279472e+001
      vertex   -9.637968e+001 -4.897910e+000 6.293390e+001
      vertex   -9.651376e+001 -4.897910e+000 6.287380e+001
    endloop
  endfacet
  facet normal 0.000000e+000 1.000000e+000 0.000000e+000
    outer loop
      vertex   -9.695110e+001 -4.897910e+000 6.279472e+001
      vertex   -9.651376e+001 -4.897910e+000 6.287380e+001
      vertex   -9.665531e+001 -4.897910e+000 6.283012e+001
    endloop
  endfacet
  facet normal 0.000000e+000 1.000000e+000 0.000000e+000
    outer loop
      vertex   -9.665531e+001 -4.897910e+000 6.283012e+001
      vertex   -9.680193e+001 -4.897910e+000 6.280360e+001
      vertex   -9.695110e+001 -4.897910e+000 6.279472e+001
    endloop
  endfacet
  facet normal 0.000000e+000 1.000000e+000 0.000000e+000
    outer loop
      vertex   -9.580825e+001 -4.897910e+000 6.383360e+001
      vertex   -1.037213e+002 -4.897910e+000 6.343604e+001
      vertex   -1.037693e+002 -4.897910e+000 6.702472e+001
    endloop
  endfacet
  facet normal 0.000000e+000 1.000000e+000 0.000000e+000
    outer loop
      vertex   -1.037693e+002 -4.897910e+000 6.702472e+001
      vertex   -1.037213e+002 -4.897910e+000 6.343604e+001
      vertex   -1.037693e+002 -4.897910e+000 6.356472e+001
    endloop
  endfacet
  facet normal 0.000000e+000 1.000000e+000 0.000000e+000
    outer loop
      vertex   -1.037693e+002 -4.897910e+000 6.702472e+001
      vertex   -1.037693e+002 -4.897910e+000 6.356472e+001
      vertex   -1.037985e+002 -4.897910e+000 6.689144e+001
    endloop
  endfacet
  facet normal 0.000000e+000 1.000000e+000 0.000000e+000
    outer loop
      vertex   -1.037985e+002 -4.897910e+000 6.689144e+001
      vertex   -1.037693e+002 -4.897910e+000 6.356472e+001
      vertex   -1.037985e+002 -4.897910e+000 6.369800e+001
    endloop
  endfacet
  facet normal 0.000000e+000 1.000000e+000 0.000000e+000
    outer loop
      vertex   -1.037985e+002 -4.897910e+000 6.689144e+001
      vertex   -1.037985e+002 -4.897910e+000 6.369800e+001
      vertex   -1.038083e+002 -4.897910e+000 6.675584e+001
    endloop
  endfacet
  facet normal 0.000000e+000 1.000000e+000 0.000000e+000
    outer loop
      vertex   -1.038083e+002 -4.897910e+000 6.675584e+001
      vertex   -1.037985e+002 -4.897910e+000 6.369800e+001
      vertex   -1.038083e+002 -4.897910e+000 6.383360e+001
    endloop
  endfacet
  facet normal -0.000000e+000 1.000000e+000 0.000000e+000
    outer loop
      vertex   -1.037693e+002 -4.897910e+000 6.702472e+001
      vertex   -1.037213e+002 -4.897910e+000 6.715340e+001
      vertex   -9.580825e+001 -4.897910e+000 6.383360e+001
    endloop
  endfacet
  facet normal 0.000000e+000 1.000000e+000 -0.000000e+000
    outer loop
      vertex   -9.580825e+001 -4.897910e+000 6.383360e+001
      vertex   -1.037213e+002 -4.897910e+000 6.715340e+001
      vertex   -9.580825e+001 -4.897910e+000 6.675584e+001
    endloop
  endfacet
  facet normal 0.000000e+000 1.000000e+000 0.000000e+000
    outer loop
      vertex   -9.580825e+001 -4.897910e+000 6.675584e+001
      vertex   -1.037213e+002 -4.897910e+000 6.715340e+001
      vertex   -1.026654e+002 -4.897910e+000 6.779472e+001
    endloop
  endfacet
  facet normal 0.000000e+000 1.000000e+000 0.000000e+000
    outer loop
      vertex   -9.580825e+001 -4.897910e+000 6.675584e+001
      vertex   -1.026654e+002 -4.897910e+000 6.779472e+001
      vertex   -9.695110e+001 -4.897910e+000 6.779472e+001
    endloop
  endfacet
  facet normal 0.000000e+000 1.000000e+000 0.000000e+000
    outer loop
      vertex   -1.037213e+002 -4.897910e+000 6.715340e+001
      vertex   -1.036551e+002 -4.897910e+000 6.727528e+001
      vertex   -1.026654e+002 -4.897910e+000 6.779472e+001
    endloop
  endfacet
  facet normal 0.000000e+000 1.000000e+000 0.000000e+000
    outer loop
      vertex   -1.026654e+002 -4.897910e+000 6.779472e+001
      vertex   -1.036551e+002 -4.897910e+000 6.727528e+001
      vertex   -1.035721e+002 -4.897910e+000 6.738827e+001
    endloop
  endfacet
  facet normal 0.000000e+000 1.000000e+000 0.000000e+000
    outer loop
      vertex   -1.026654e+002 -4.897910e+000 6.779472e+001
      vertex   -1.035721e+002 -4.897910e+000 6.738827e+001
      vertex   -1.034735e+002 -4.897910e+000 6.749044e+001
    endloop
  endfacet
  facet normal 0.000000e+000 1.000000e+000 0.000000e+000
    outer loop
      vertex   -1.034735e+002 -4.897910e+000 6.749044e+001
      vertex   -1.033611e+002 -4.897910e+000 6.758004e+001
      vertex   -1.026654e+002 -4.897910e+000 6.779472e+001
    endloop
  endfacet
  facet normal 0.000000e+000 1.000000e+000 0.000000e+000
    outer loop
      vertex   -1.026654e+002 -4.897910e+000 6.779472e+001
      vertex   -1.033611e+002 -4.897910e+000 6.758004e+001
      vertex   -1.032368e+002 -4.897910e+000 6.765553e+001
    endloop
  endfacet
  facet normal 0.000000e+000 1.000000e+000 0.000000e+000
    outer loop
      vertex   -1.026654e+002 -4.897910e+000 6.779472e+001
      vertex   -1.032368e+002 -4.897910e+000 6.765553e+001
      vertex   -1.031027e+002 -4.897910e+000 6.771564e+001
    endloop
  endfacet
  facet normal 0.000000e+000 1.000000e+000 0.000000e+000
    outer loop
      vertex   -1.031027e+002 -4.897910e+000 6.771564e+001
      vertex   -1.029612e+002 -4.897910e+000 6.775932e+001
      vertex   -1.026654e+002 -4.897910e+000 6.779472e+001
    endloop
  endfacet
  facet normal 0.000000e+000 1.000000e+000 0.000000e+000
    outer loop
      vertex   -1.026654e+002 -4.897910e+000 6.779472e+001
      vertex   -1.029612e+002 -4.897910e+000 6.775932e+001
      vertex   -1.028146e+002 -4.897910e+000 6.778583e+001
    endloop
  endfacet
  facet normal 0.000000e+000 1.000000e+000 0.000000e+000
    outer loop
      vertex   -9.680193e+001 -4.897910e+000 6.778583e+001
      vertex   -9.665531e+001 -4.897910e+000 6.775932e+001
      vertex   -9.695110e+001 -4.897910e+000 6.779472e+001
    endloop
  endfacet
  facet normal 0.000000e+000 1.000000e+000 0.000000e+000
    outer loop
      vertex   -9.695110e+001 -4.897910e+000 6.779472e+001
      vertex   -9.665531e+001 -4.897910e+000 6.775932e+001
      vertex   -9.651376e+001 -4.897910e+000 6.771564e+001
    endloop
  endfacet
  facet normal 0.000000e+000 1.000000e+000 0.000000e+000
    outer loop
      vertex   -9.695110e+001 -4.897910e+000 6.779472e+001
      vertex   -9.651376e+001 -4.897910e+000 6.771564e+001
      vertex   -9.637968e+001 -4.897910e+000 6.765553e+001
    endloop
  endfacet
  facet normal 0.000000e+000 1.000000e+000 0.000000e+000
    outer loop
      vertex   -9.637968e+001 -4.897910e+000 6.765553e+001
      vertex   -9.625538e+001 -4.897910e+000 6.758004e+001
      vertex   -9.695110e+001 -4.897910e+000 6.779472e+001
    endloop
  endfacet
  facet normal 0.000000e+000 1.000000e+000 0.000000e+000
    outer loop
      vertex   -9.695110e+001 -4.897910e+000 6.779472e+001
      vertex   -9.625538e+001 -4.897910e+000 6.758004e+001
      vertex   -9.614298e+001 -4.897910e+000 6.749044e+001
    endloop
  endfacet
  facet normal 0.000000e+000 1.000000e+000 0.000000e+000
    outer loop
      vertex   -9.695110e+001 -4.897910e+000 6.779472e+001
      vertex   -9.614298e+001 -4.897910e+000 6.749044e+001
      vertex   -9.604442e+001 -4.897910e+000 6.738827e+001
    endloop
  endfacet
  facet normal 0.000000e+000 1.000000e+000 0.000000e+000
    outer loop
      vertex   -9.604442e+001 -4.897910e+000 6.738827e+001
      vertex   -9.596136e+001 -4.897910e+000 6.727528e+001
      vertex   -9.695110e+001 -4.897910e+000 6.779472e+001
    endloop
  endfacet
  facet normal 0.000000e+000 1.000000e+000 0.000000e+000
    outer loop
      vertex   -9.695110e+001 -4.897910e+000 6.779472e+001
      vertex   -9.596136e+001 -4.897910e+000 6.727528e+001
      vertex   -9.589524e+001 -4.897910e+000 6.715340e+001
    endloop
  endfacet
  facet normal 0.000000e+000 1.000000e+000 0.000000e+000
    outer loop
      vertex   -9.695110e+001 -4.897910e+000 6.779472e+001
      vertex   -9.589524e+001 -4.897910e+000 6.715340e+001
      vertex   -9.584719e+001 -4.897910e+000 6.702472e+001
    endloop
  endfacet
  facet normal 0.000000e+000 1.000000e+000 0.000000e+000
    outer loop
      vertex   -9.584719e+001 -4.897910e+000 6.702472e+001
      vertex   -9.581802e+001 -4.897910e+000 6.689144e+001
      vertex   -9.695110e+001 -4.897910e+000 6.779472e+001
    endloop
  endfacet
  facet normal 0.000000e+000 1.000000e+000 0.000000e+000
    outer loop
      vertex   -9.695110e+001 -4.897910e+000 6.779472e+001
      vertex   -9.581802e+001 -4.897910e+000 6.689144e+001
      vertex   -9.580825e+001 -4.897910e+000 6.675584e+001
    endloop
  endfacet
  facet normal 9.982402e-001 0.000000e+000 5.930011e-002
    outer loop
      vertex   -9.480825e+001 -4.897910e+000 6.734029e+001
      vertex   -9.481866e+001 -4.897910e+000 6.751559e+001
      vertex   -9.480825e+001 -5.897910e+000 6.734029e+001
    endloop
  endfacet
  facet normal 9.982402e-001 0.000000e+000 5.930011e-002
    outer loop
      vertex   -9.480825e+001 -5.897910e+000 6.734029e+001
      vertex   -9.481866e+001 -4.897910e+000 6.751559e+001
      vertex   -9.481866e+001 -5.897910e+000 6.751559e+001
    endloop
  endfacet
  facet normal 9.841827e-001 -0.000000e+000 1.771564e-001
    outer loop
      vertex   -9.481866e+001 -5.897910e+000 6.751559e+001
      vertex   -9.481866e+001 -4.897910e+000 6.751559e+001
      vertex   -9.484976e+001 -4.897910e+000 6.768835e+001
    endloop
  endfacet
  facet normal 9.841827e-001 7.044987e-018 1.771564e-001
    outer loop
      vertex   -9.481866e+001 -5.897910e+000 6.751559e+001
      vertex   -9.484976e+001 -4.897910e+000 6.768835e+001
      vertex   -9.484976e+001 -5.897910e+000 6.768835e+001
    endloop
  endfacet
  facet normal 9.562116e-001 -0.000000e+000 2.926761e-001
    outer loop
      vertex   -9.484976e+001 -5.897910e+000 6.768835e+001
      vertex   -9.484976e+001 -4.897910e+000 6.768835e+001
      vertex   -9.490108e+001 -4.897910e+000 6.785603e+001
    endloop
  endfacet
  facet normal 9.562116e-001 0.000000e+000 2.926761e-001
    outer loop
      vertex   -9.484976e+001 -5.897910e+000 6.768835e+001
      vertex   -9.490108e+001 -4.897910e+000 6.785603e+001
      vertex   -9.490108e+001 -5.897910e+000 6.785603e+001
    endloop
  endfacet
  facet normal 9.146147e-001 -0.000000e+000 4.043266e-001
    outer loop
      vertex   -9.490108e+001 -5.897910e+000 6.785603e+001
      vertex   -9.490108e+001 -4.897910e+000 6.785603e+001
      vertex   -9.497189e+001 -4.897910e+000 6.801619e+001
    endloop
  endfacet
  facet normal 9.146147e-001 0.000000e+000 4.043266e-001
    outer loop
      vertex   -9.490108e+001 -5.897910e+000 6.785603e+001
      vertex   -9.497189e+001 -4.897910e+000 6.801619e+001
      vertex   -9.497189e+001 -5.897910e+000 6.801619e+001
    endloop
  endfacet
  facet normal 8.598637e-001 -0.000000e+000 5.105236e-001
    outer loop
      vertex   -9.497189e+001 -5.897910e+000 6.801619e+001
      vertex   -9.497189e+001 -4.897910e+000 6.801619e+001
      vertex   -9.506113e+001 -4.897910e+000 6.816650e+001
    endloop
  endfacet
  facet normal 8.598637e-001 0.000000e+000 5.105236e-001
    outer loop
      vertex   -9.497189e+001 -5.897910e+000 6.801619e+001
      vertex   -9.506113e+001 -4.897910e+000 6.816650e+001
      vertex   -9.506113e+001 -5.897910e+000 6.816650e+001
    endloop
  endfacet
  facet normal 7.925020e-001 -0.000000e+000 6.098692e-001
    outer loop
      vertex   -9.506113e+001 -5.897910e+000 6.816650e+001
      vertex   -9.506113e+001 -4.897910e+000 6.816650e+001
      vertex   -9.516752e+001 -4.897910e+000 6.830475e+001
    endloop
  endfacet
  facet normal 7.925020e-001 -1.408738e-017 6.098692e-001
    outer loop
      vertex   -9.506113e+001 -5.897910e+000 6.816650e+001
      vertex   -9.516752e+001 -4.897910e+000 6.830475e+001
      vertex   -9.516752e+001 -5.897910e+000 6.830475e+001
    endloop
  endfacet
  facet normal 7.134114e-001 -0.000000e+000 7.007455e-001
    outer loop
      vertex   -9.516752e+001 -5.897910e+000 6.830475e+001
      vertex   -9.516752e+001 -4.897910e+000 6.830475e+001
      vertex   -9.528951e+001 -4.897910e+000 6.842894e+001
    endloop
  endfacet
  facet normal 7.134114e-001 1.408650e-017 7.007455e-001
    outer loop
      vertex   -9.516752e+001 -5.897910e+000 6.830475e+001
      vertex   -9.528951e+001 -4.897910e+000 6.842894e+001
      vertex   -9.528951e+001 -5.897910e+000 6.842894e+001
    endloop
  endfacet
  facet normal 6.235911e-001 -0.000000e+000 7.817507e-001
    outer loop
      vertex   -9.528951e+001 -5.897910e+000 6.842894e+001
      vertex   -9.528951e+001 -4.897910e+000 6.842894e+001
      vertex   -9.542530e+001 -4.897910e+000 6.853726e+001
    endloop
  endfacet
  facet normal 6.235911e-001 0.000000e+000 7.817507e-001
    outer loop
      vertex   -9.528951e+001 -5.897910e+000 6.842894e+001
      vertex   -9.542530e+001 -4.897910e+000 6.853726e+001
      vertex   -9.542530e+001 -5.897910e+000 6.853726e+001
    endloop
  endfacet
  facet normal 5.241392e-001 -0.000000e+000 8.516327e-001
    outer loop
      vertex   -9.542530e+001 -5.897910e+000 6.853726e+001
      vertex   -9.542530e+001 -4.897910e+000 6.853726e+001
      vertex   -9.557293e+001 -4.897910e+000 6.862812e+001
    endloop
  endfacet
  facet normal 5.241392e-001 1.408476e-017 8.516327e-001
    outer loop
      vertex   -9.542530e+001 -5.897910e+000 6.853726e+001
      vertex   -9.557293e+001 -4.897910e+000 6.862812e+001
      vertex   -9.557293e+001 -5.897910e+000 6.862812e+001
    endloop
  endfacet
  facet normal 4.165682e-001 -0.000000e+000 9.091045e-001
    outer loop
      vertex   -9.557293e+001 -5.897910e+000 6.862812e+001
      vertex   -9.557293e+001 -4.897910e+000 6.862812e+001
      vertex   -9.573024e+001 -4.897910e+000 6.870020e+001
    endloop
  endfacet
  facet normal 4.165682e-001 0.000000e+000 9.091045e-001
    outer loop
      vertex   -9.557293e+001 -5.897910e+000 6.862812e+001
      vertex   -9.573024e+001 -4.897910e+000 6.870020e+001
      vertex   -9.573024e+001 -5.897910e+000 6.870020e+001
    endloop
  endfacet
  facet normal 3.024053e-001 -0.000000e+000 9.531794e-001
    outer loop
      vertex   -9.573024e+001 -5.897910e+000 6.870020e+001
      vertex   -9.573024e+001 -4.897910e+000 6.870020e+001
      vertex   -9.589494e+001 -4.897910e+000 6.875246e+001
    endloop
  endfacet
  facet normal 3.024053e-001 0.000000e+000 9.531794e-001
    outer loop
      vertex   -9.573024e+001 -5.897910e+000 6.870020e+001
      vertex   -9.589494e+001 -4.897910e+000 6.875246e+001
      vertex   -9.589494e+001 -5.897910e+000 6.875246e+001
    endloop
  endfacet
  facet normal 1.833917e-001 -0.000000e+000 9.830399e-001
    outer loop
      vertex   -9.589494e+001 -5.897910e+000 6.875246e+001
      vertex   -9.589494e+001 -4.897910e+000 6.875246e+001
      vertex   -9.606462e+001 -4.897910e+000 6.878411e+001
    endloop
  endfacet
  facet normal 1.833917e-001 3.520750e-018 9.830399e-001
    outer loop
      vertex   -9.589494e+001 -5.897910e+000 6.875246e+001
      vertex   -9.606462e+001 -4.897910e+000 6.878411e+001
      vertex   -9.606462e+001 -5.897910e+000 6.878411e+001
    endloop
  endfacet
  facet normal 6.146972e-002 -0.000000e+000 9.981089e-001
    outer loop
      vertex   -9.606462e+001 -5.897910e+000 6.878411e+001
      vertex   -9.606462e+001 -4.897910e+000 6.878411e+001
      vertex   -9.623682e+001 -5.897910e+000 6.879472e+001
    endloop
  endfacet
  facet normal 6.146972e-002 -0.000000e+000 9.981089e-001
    outer loop
      vertex   -9.623682e+001 -5.897910e+000 6.879472e+001
      vertex   -9.606462e+001 -4.897910e+000 6.878411e+001
      vertex   -9.623682e+001 -4.897910e+000 6.879472e+001
    endloop
  endfacet
  facet normal 0.000000e+000 0.000000e+000 1.000000e+000
    outer loop
      vertex   -9.623682e+001 -4.897910e+000 6.879472e+001
      vertex   -1.033797e+002 -4.897910e+000 6.879472e+001
      vertex   -9.623682e+001 -5.897910e+000 6.879472e+001
    endloop
  endfacet
  facet normal 0.000000e+000 0.000000e+000 1.000000e+000
    outer loop
      vertex   -9.623682e+001 -5.897910e+000 6.879472e+001
      vertex   -1.033797e+002 -4.897910e+000 6.879472e+001
      vertex   -1.033797e+002 -5.897910e+000 6.879472e+001
    endloop
  endfacet
  facet normal -9.982403e-001 -0.000000e+000 -5.929882e-002
    outer loop
      vertex   -1.048083e+002 -4.897910e+000 6.324915e+001
      vertex   -1.047978e+002 -4.897910e+000 6.307384e+001
      vertex   -1.048083e+002 -5.897910e+000 6.324915e+001
    endloop
  endfacet
  facet normal -9.982403e-001 -1.761272e-018 -5.929882e-002
    outer loop
      vertex   -1.048083e+002 -5.897910e+000 6.324915e+001
      vertex   -1.047978e+002 -4.897910e+000 6.307384e+001
      vertex   -1.047978e+002 -5.897910e+000 6.307384e+001
    endloop
  endfacet
  facet normal -9.841821e-001 0.000000e+000 -1.771602e-001
    outer loop
      vertex   -1.047978e+002 -5.897910e+000 6.307384e+001
      vertex   -1.047978e+002 -4.897910e+000 6.307384e+001
      vertex   -1.047667e+002 -4.897910e+000 6.290108e+001
    endloop
  endfacet
  facet normal -9.841821e-001 3.522491e-018 -1.771602e-001
    outer loop
      vertex   -1.047978e+002 -5.897910e+000 6.307384e+001
      vertex   -1.047667e+002 -4.897910e+000 6.290108e+001
      vertex   -1.047667e+002 -5.897910e+000 6.290108e+001
    endloop
  endfacet
  facet normal -9.562135e-001 0.000000e+000 -2.926700e-001
    outer loop
      vertex   -1.047667e+002 -5.897910e+000 6.290108e+001
      vertex   -1.047667e+002 -4.897910e+000 6.290108e+001
      vertex   -1.047154e+002 -4.897910e+000 6.273340e+001
    endloop
  endfacet
  facet normal -9.562135e-001 0.000000e+000 -2.926700e-001
    outer loop
      vertex   -1.047667e+002 -5.897910e+000 6.290108e+001
      vertex   -1.047154e+002 -4.897910e+000 6.273340e+001
      vertex   -1.047154e+002 -5.897910e+000 6.273340e+001
    endloop
  endfacet
  facet normal -9.146183e-001 0.000000e+000 -4.043185e-001
    outer loop
      vertex   -1.047154e+002 -5.897910e+000 6.273340e+001
      vertex   -1.047154e+002 -4.897910e+000 6.273340e+001
      vertex   -1.046446e+002 -4.897910e+000 6.257324e+001
    endloop
  endfacet
  facet normal -9.146183e-001 1.408896e-017 -4.043185e-001
    outer loop
      vertex   -1.047154e+002 -5.897910e+000 6.273340e+001
      vertex   -1.046446e+002 -4.897910e+000 6.257324e+001
      vertex   -1.046446e+002 -5.897910e+000 6.257324e+001
    endloop
  endfacet
  facet normal -8.598389e-001 0.000000e+000 -5.105655e-001
    outer loop
      vertex   -1.046446e+002 -5.897910e+000 6.257324e+001
      vertex   -1.046446e+002 -4.897910e+000 6.257324e+001
      vertex   -1.045554e+002 -4.897910e+000 6.242294e+001
    endloop
  endfacet
  facet normal -8.598389e-001 0.000000e+000 -5.105655e-001
    outer loop
      vertex   -1.046446e+002 -5.897910e+000 6.257324e+001
      vertex   -1.045554e+002 -4.897910e+000 6.242294e+001
      vertex   -1.045554e+002 -5.897910e+000 6.242294e+001
    endloop
  endfacet
  facet normal -7.925102e-001 0.000000e+000 -6.098587e-001
    outer loop
      vertex   -1.045554e+002 -5.897910e+000 6.242294e+001
      vertex   -1.045554e+002 -4.897910e+000 6.242294e+001
      vertex   -1.044490e+002 -4.897910e+000 6.228468e+001
    endloop
  endfacet
  facet normal -7.925102e-001 1.408738e-017 -6.098587e-001
    outer loop
      vertex   -1.045554e+002 -5.897910e+000 6.242294e+001
      vertex   -1.044490e+002 -4.897910e+000 6.228468e+001
      vertex   -1.044490e+002 -5.897910e+000 6.228468e+001
    endloop
  endfacet
  facet normal -7.134333e-001 0.000000e+000 -7.007232e-001
    outer loop
      vertex   -1.044490e+002 -5.897910e+000 6.228468e+001
      vertex   -1.044490e+002 -4.897910e+000 6.228468e+001
      vertex   -1.043270e+002 -4.897910e+000 6.216049e+001
    endloop
  endfacet
  facet normal -7.134333e-001 -1.408648e-017 -7.007232e-001
    outer loop
      vertex   -1.044490e+002 -5.897910e+000 6.228468e+001
      vertex   -1.043270e+002 -4.897910e+000 6.216049e+001
      vertex   -1.043270e+002 -5.897910e+000 6.216049e+001
    endloop
  endfacet
  facet normal -6.235642e-001 0.000000e+000 -7.817721e-001
    outer loop
      vertex   -1.043270e+002 -5.897910e+000 6.216049e+001
      vertex   -1.043270e+002 -4.897910e+000 6.216049e+001
      vertex   -1.041912e+002 -4.897910e+000 6.205218e+001
    endloop
  endfacet
  facet normal -6.235642e-001 1.408560e-017 -7.817721e-001
    outer loop
      vertex   -1.043270e+002 -5.897910e+000 6.216049e+001
      vertex   -1.041912e+002 -4.897910e+000 6.205218e+001
      vertex   -1.041912e+002 -5.897910e+000 6.205218e+001
    endloop
  endfacet
  facet normal -5.241355e-001 0.000000e+000 -8.516349e-001
    outer loop
      vertex   -1.041912e+002 -5.897910e+000 6.205218e+001
      vertex   -1.041912e+002 -4.897910e+000 6.205218e+001
      vertex   -1.040436e+002 -4.897910e+000 6.196132e+001
    endloop
  endfacet
  facet normal -5.241355e-001 0.000000e+000 -8.516349e-001
    outer loop
      vertex   -1.041912e+002 -5.897910e+000 6.205218e+001
      vertex   -1.040436e+002 -4.897910e+000 6.196132e+001
      vertex   -1.040436e+002 -5.897910e+000 6.196132e+001
    endloop
  endfacet
  facet normal -4.165682e-001 0.000000e+000 -9.091045e-001
    outer loop
      vertex   -1.040436e+002 -5.897910e+000 6.196132e+001
      vertex   -1.040436e+002 -4.897910e+000 6.196132e+001
      vertex   -1.038863e+002 -4.897910e+000 6.188923e+001
    endloop
  endfacet
  facet normal -4.165682e-001 0.000000e+000 -9.091045e-001
    outer loop
      vertex   -1.040436e+002 -5.897910e+000 6.196132e+001
      vertex   -1.038863e+002 -4.897910e+000 6.188923e+001
      vertex   -1.038863e+002 -5.897910e+000 6.188923e+001
    endloop
  endfacet
  facet normal -3.023980e-001 0.000000e+000 -9.531817e-001
    outer loop
      vertex   -1.038863e+002 -5.897910e+000 6.188923e+001
      vertex   -1.038863e+002 -4.897910e+000 6.188923e+001
      vertex   -1.037216e+002 -4.897910e+000 6.183698e+001
    endloop
  endfacet
  facet normal -3.023980e-001 7.041712e-018 -9.531817e-001
    outer loop
      vertex   -1.038863e+002 -5.897910e+000 6.188923e+001
      vertex   -1.037216e+002 -4.897910e+000 6.183698e+001
      vertex   -1.037216e+002 -5.897910e+000 6.183698e+001
    endloop
  endfacet
  facet normal -1.834265e-001 0.000000e+000 -9.830334e-001
    outer loop
      vertex   -1.037216e+002 -5.897910e+000 6.183698e+001
      vertex   -1.037216e+002 -4.897910e+000 6.183698e+001
      vertex   -1.035519e+002 -4.897910e+000 6.180532e+001
    endloop
  endfacet
  facet normal -1.834265e-001 3.520755e-018 -9.830334e-001
    outer loop
      vertex   -1.037216e+002 -5.897910e+000 6.183698e+001
      vertex   -1.035519e+002 -4.897910e+000 6.180532e+001
      vertex   -1.035519e+002 -5.897910e+000 6.180532e+001
    endloop
  endfacet
  facet normal -6.144769e-002 0.000000e+000 -9.981103e-001
    outer loop
      vertex   -1.035519e+002 -5.897910e+000 6.180532e+001
      vertex   -1.035519e+002 -4.897910e+000 6.180532e+001
      vertex   -1.033797e+002 -5.897910e+000 6.179472e+001
    endloop
  endfacet
  facet normal -6.144769e-002 0.000000e+000 -9.981103e-001
    outer loop
      vertex   -1.033797e+002 -5.897910e+000 6.179472e+001
      vertex   -1.035519e+002 -4.897910e+000 6.180532e+001
      vertex   -1.033797e+002 -4.897910e+000 6.179472e+001
    endloop
  endfacet
  facet normal 0.000000e+000 0.000000e+000 -1.000000e+000
    outer loop
      vertex   -9.623682e+001 -5.897910e+000 6.179472e+001
      vertex   -1.033797e+002 -5.897910e+000 6.179472e+001
      vertex   -9.623682e+001 -4.897910e+000 6.179472e+001
    endloop
  endfacet
  facet normal -0.000000e+000 0.000000e+000 -1.000000e+000
    outer loop
      vertex   -9.623682e+001 -4.897910e+000 6.179472e+001
      vertex   -1.033797e+002 -5.897910e+000 6.179472e+001
      vertex   -1.033797e+002 -4.897910e+000 6.179472e+001
    endloop
  endfacet
  facet normal -9.982402e-001 0.000000e+000 5.930011e-002
    outer loop
      vertex   -1.048083e+002 -5.897910e+000 6.734029e+001
      vertex   -1.047978e+002 -5.897910e+000 6.751559e+001
      vertex   -1.048083e+002 -4.897910e+000 6.734029e+001
    endloop
  endfacet
  facet normal -9.982402e-001 0.000000e+000 5.930011e-002
    outer loop
      vertex   -1.048083e+002 -4.897910e+000 6.734029e+001
      vertex   -1.047978e+002 -5.897910e+000 6.751559e+001
      vertex   -1.047978e+002 -4.897910e+000 6.751559e+001
    endloop
  endfacet
  facet normal -9.841827e-001 0.000000e+000 1.771564e-001
    outer loop
      vertex   -1.047978e+002 -4.897910e+000 6.751559e+001
      vertex   -1.047978e+002 -5.897910e+000 6.751559e+001
      vertex   -1.047667e+002 -5.897910e+000 6.768835e+001
    endloop
  endfacet
  facet normal -9.841827e-001 -7.044987e-018 1.771564e-001
    outer loop
      vertex   -1.047978e+002 -4.897910e+000 6.751559e+001
      vertex   -1.047667e+002 -5.897910e+000 6.768835e+001
      vertex   -1.047667e+002 -4.897910e+000 6.768835e+001
    endloop
  endfacet
  facet normal -9.562116e-001 0.000000e+000 2.926761e-001
    outer loop
      vertex   -1.047667e+002 -4.897910e+000 6.768835e+001
      vertex   -1.047667e+002 -5.897910e+000 6.768835e+001
      vertex   -1.047154e+002 -5.897910e+000 6.785603e+001
    endloop
  endfacet
  facet normal -9.562116e-001 0.000000e+000 2.926761e-001
    outer loop
      vertex   -1.047667e+002 -4.897910e+000 6.768835e+001
      vertex   -1.047154e+002 -5.897910e+000 6.785603e+001
      vertex   -1.047154e+002 -4.897910e+000 6.785603e+001
    endloop
  endfacet
  facet normal -9.146147e-001 0.000000e+000 4.043266e-001
    outer loop
      vertex   -1.047154e+002 -4.897910e+000 6.785603e+001
      vertex   -1.047154e+002 -5.897910e+000 6.785603e+001
      vertex   -1.046446e+002 -5.897910e+000 6.801619e+001
    endloop
  endfacet
  facet normal -9.146147e-001 0.000000e+000 4.043266e-001
    outer loop
      vertex   -1.047154e+002 -4.897910e+000 6.785603e+001
      vertex   -1.046446e+002 -5.897910e+000 6.801619e+001
      vertex   -1.046446e+002 -4.897910e+000 6.801619e+001
    endloop
  endfacet
  facet normal -8.598446e-001 0.000000e+000 5.105559e-001
    outer loop
      vertex   -1.046446e+002 -4.897910e+000 6.801619e+001
      vertex   -1.046446e+002 -5.897910e+000 6.801619e+001
      vertex   -1.045554e+002 -5.897910e+000 6.816650e+001
    endloop
  endfacet
  facet normal -8.598446e-001 0.000000e+000 5.105559e-001
    outer loop
      vertex   -1.046446e+002 -4.897910e+000 6.801619e+001
      vertex   -1.045554e+002 -5.897910e+000 6.816650e+001
      vertex   -1.045554e+002 -4.897910e+000 6.816650e+001
    endloop
  endfacet
  facet normal -7.925020e-001 0.000000e+000 6.098692e-001
    outer loop
      vertex   -1.045554e+002 -4.897910e+000 6.816650e+001
      vertex   -1.045554e+002 -5.897910e+000 6.816650e+001
      vertex   -1.044490e+002 -5.897910e+000 6.830475e+001
    endloop
  endfacet
  facet normal -7.925020e-001 1.408738e-017 6.098692e-001
    outer loop
      vertex   -1.045554e+002 -4.897910e+000 6.816650e+001
      vertex   -1.044490e+002 -5.897910e+000 6.830475e+001
      vertex   -1.044490e+002 -4.897910e+000 6.830475e+001
    endloop
  endfacet
  facet normal -7.134333e-001 0.000000e+000 7.007232e-001
    outer loop
      vertex   -1.044490e+002 -4.897910e+000 6.830475e+001
      vertex   -1.044490e+002 -5.897910e+000 6.830475e+001
      vertex   -1.043270e+002 -5.897910e+000 6.842894e+001
    endloop
  endfacet
  facet normal -7.134333e-001 1.408648e-017 7.007232e-001
    outer loop
      vertex   -1.044490e+002 -4.897910e+000 6.830475e+001
      vertex   -1.043270e+002 -5.897910e+000 6.842894e+001
      vertex   -1.043270e+002 -4.897910e+000 6.842894e+001
    endloop
  endfacet
  facet normal -6.235911e-001 0.000000e+000 7.817507e-001
    outer loop
      vertex   -1.043270e+002 -4.897910e+000 6.842894e+001
      vertex   -1.043270e+002 -5.897910e+000 6.842894e+001
      vertex   -1.041912e+002 -5.897910e+000 6.853726e+001
    endloop
  endfacet
  facet normal -6.235911e-001 0.000000e+000 7.817507e-001
    outer loop
      vertex   -1.043270e+002 -4.897910e+000 6.842894e+001
      vertex   -1.041912e+002 -5.897910e+000 6.853726e+001
      vertex   -1.041912e+002 -4.897910e+000 6.853726e+001
    endloop
  endfacet
  facet normal -5.241195e-001 0.000000e+000 8.516447e-001
    outer loop
      vertex   -1.041912e+002 -4.897910e+000 6.853726e+001
      vertex   -1.041912e+002 -5.897910e+000 6.853726e+001
      vertex   -1.040436e+002 -5.897910e+000 6.862812e+001
    endloop
  endfacet
  facet normal -5.241195e-001 0.000000e+000 8.516447e-001
    outer loop
      vertex   -1.041912e+002 -4.897910e+000 6.853726e+001
      vertex   -1.040436e+002 -5.897910e+000 6.862812e+001
      vertex   -1.040436e+002 -4.897910e+000 6.862812e+001
    endloop
  endfacet
  facet normal -4.165682e-001 0.000000e+000 9.091045e-001
    outer loop
      vertex   -1.040436e+002 -4.897910e+000 6.862812e+001
      vertex   -1.040436e+002 -5.897910e+000 6.862812e+001
      vertex   -1.038863e+002 -5.897910e+000 6.870020e+001
    endloop
  endfacet
  facet normal -4.165682e-001 0.000000e+000 9.091045e-001
    outer loop
      vertex   -1.040436e+002 -4.897910e+000 6.862812e+001
      vertex   -1.038863e+002 -5.897910e+000 6.870020e+001
      vertex   -1.038863e+002 -4.897910e+000 6.870020e+001
    endloop
  endfacet
  facet normal -3.024181e-001 0.000000e+000 9.531754e-001
    outer loop
      vertex   -1.038863e+002 -4.897910e+000 6.870020e+001
      vertex   -1.038863e+002 -5.897910e+000 6.870020e+001
      vertex   -1.037216e+002 -5.897910e+000 6.875246e+001
    endloop
  endfacet
  facet normal -3.024181e-001 -7.041713e-018 9.531754e-001
    outer loop
      vertex   -1.038863e+002 -4.897910e+000 6.870020e+001
      vertex   -1.037216e+002 -5.897910e+000 6.875246e+001
      vertex   -1.037216e+002 -4.897910e+000 6.875246e+001
    endloop
  endfacet
  facet normal -1.833838e-001 0.000000e+000 9.830414e-001
    outer loop
      vertex   -1.037216e+002 -4.897910e+000 6.875246e+001
      vertex   -1.037216e+002 -5.897910e+000 6.875246e+001
      vertex   -1.035519e+002 -5.897910e+000 6.878411e+001
    endloop
  endfacet
  facet normal -1.833838e-001 -3.520754e-018 9.830414e-001
    outer loop
      vertex   -1.037216e+002 -4.897910e+000 6.875246e+001
      vertex   -1.035519e+002 -5.897910e+000 6.878411e+001
      vertex   -1.035519e+002 -4.897910e+000 6.878411e+001
    endloop
  endfacet
  facet normal -6.146972e-002 0.000000e+000 9.981089e-001
    outer loop
      vertex   -1.035519e+002 -4.897910e+000 6.878411e+001
      vertex   -1.035519e+002 -5.897910e+000 6.878411e+001
      vertex   -1.033797e+002 -4.897910e+000 6.879472e+001
    endloop
  endfacet
  facet normal -6.146972e-002 0.000000e+000 9.981089e-001
    outer loop
      vertex   -1.033797e+002 -4.897910e+000 6.879472e+001
      vertex   -1.035519e+002 -5.897910e+000 6.878411e+001
      vertex   -1.033797e+002 -5.897910e+000 6.879472e+001
    endloop
  endfacet
  facet normal -0.000000e+000 -1.000000e+000 0.000000e+000
    outer loop
      vertex   -9.606462e+001 -5.897910e+000 6.180532e+001
      vertex   -9.589494e+001 -5.897910e+000 6.183698e+001
      vertex   -9.623682e+001 -5.897910e+000 6.179472e+001
    endloop
  endfacet
  facet normal 0.000000e+000 -1.000000e+000 0.000000e+000
    outer loop
      vertex   -9.623682e+001 -5.897910e+000 6.179472e+001
      vertex   -9.589494e+001 -5.897910e+000 6.183698e+001
      vertex   -9.573024e+001 -5.897910e+000 6.188923e+001
    endloop
  endfacet
  facet normal 0.000000e+000 -1.000000e+000 0.000000e+000
    outer loop
      vertex   -9.623682e+001 -5.897910e+000 6.179472e+001
      vertex   -9.573024e+001 -5.897910e+000 6.188923e+001
      vertex   -9.557293e+001 -5.897910e+000 6.196132e+001
    endloop
  endfacet
  facet normal -0.000000e+000 -1.000000e+000 0.000000e+000
    outer loop
      vertex   -9.557293e+001 -5.897910e+000 6.196132e+001
      vertex   -9.542530e+001 -5.897910e+000 6.205218e+001
      vertex   -9.623682e+001 -5.897910e+000 6.179472e+001
    endloop
  endfacet
  facet normal 0.000000e+000 -1.000000e+000 0.000000e+000
    outer loop
      vertex   -9.623682e+001 -5.897910e+000 6.179472e+001
      vertex   -9.542530e+001 -5.897910e+000 6.205218e+001
      vertex   -9.528951e+001 -5.897910e+000 6.216049e+001
    endloop
  endfacet
  facet normal 0.000000e+000 -1.000000e+000 0.000000e+000
    outer loop
      vertex   -9.623682e+001 -5.897910e+000 6.179472e+001
      vertex   -9.528951e+001 -5.897910e+000 6.216049e+001
      vertex   -9.516752e+001 -5.897910e+000 6.228468e+001
    endloop
  endfacet
  facet normal -0.000000e+000 -1.000000e+000 0.000000e+000
    outer loop
      vertex   -9.516752e+001 -5.897910e+000 6.228468e+001
      vertex   -9.506113e+001 -5.897910e+000 6.242294e+001
      vertex   -9.623682e+001 -5.897910e+000 6.179472e+001
    endloop
  endfacet
  facet normal 0.000000e+000 -1.000000e+000 0.000000e+000
    outer loop
      vertex   -9.623682e+001 -5.897910e+000 6.179472e+001
      vertex   -9.506113e+001 -5.897910e+000 6.242294e+001
      vertex   -9.497189e+001 -5.897910e+000 6.257324e+001
    endloop
  endfacet
  facet normal 0.000000e+000 -1.000000e+000 0.000000e+000
    outer loop
      vertex   -9.623682e+001 -5.897910e+000 6.179472e+001
      vertex   -9.497189e+001 -5.897910e+000 6.257324e+001
      vertex   -9.490108e+001 -5.897910e+000 6.273340e+001
    endloop
  endfacet
  facet normal -0.000000e+000 -1.000000e+000 0.000000e+000
    outer loop
      vertex   -9.490108e+001 -5.897910e+000 6.273340e+001
      vertex   -9.484976e+001 -5.897910e+000 6.290108e+001
      vertex   -9.623682e+001 -5.897910e+000 6.179472e+001
    endloop
  endfacet
  facet normal 0.000000e+000 -1.000000e+000 0.000000e+000
    outer loop
      vertex   -9.623682e+001 -5.897910e+000 6.179472e+001
      vertex   -9.484976e+001 -5.897910e+000 6.290108e+001
      vertex   -9.481866e+001 -5.897910e+000 6.307384e+001
    endloop
  endfacet
  facet normal 0.000000e+000 -1.000000e+000 0.000000e+000
    outer loop
      vertex   -9.623682e+001 -5.897910e+000 6.179472e+001
      vertex   -9.481866e+001 -5.897910e+000 6.307384e+001
      vertex   -9.480825e+001 -5.897910e+000 6.324915e+001
    endloop
  endfacet
  facet normal 0.000000e+000 -1.000000e+000 0.000000e+000
    outer loop
      vertex   -9.623682e+001 -5.897910e+000 6.179472e+001
      vertex   -9.480825e+001 -5.897910e+000 6.324915e+001
      vertex   -1.033797e+002 -5.897910e+000 6.179472e+001
    endloop
  endfacet
  facet normal 0.000000e+000 -1.000000e+000 0.000000e+000
    outer loop
      vertex   -1.033797e+002 -5.897910e+000 6.179472e+001
      vertex   -9.480825e+001 -5.897910e+000 6.324915e+001
      vertex   -9.480825e+001 -5.897910e+000 6.734029e+001
    endloop
  endfacet
  facet normal 0.000000e+000 -1.000000e+000 0.000000e+000
    outer loop
      vertex   -1.033797e+002 -5.897910e+000 6.179472e+001
      vertex   -9.480825e+001 -5.897910e+000 6.734029e+001
      vertex   -1.046446e+002 -5.897910e+000 6.257324e+001
    endloop
  endfacet
  facet normal 0.000000e+000 -1.000000e+000 0.000000e+000
    outer loop
      vertex   -1.046446e+002 -5.897910e+000 6.257324e+001
      vertex   -9.480825e+001 -5.897910e+000 6.734029e+001
      vertex   -1.033797e+002 -5.897910e+000 6.879472e+001
    endloop
  endfacet
  facet normal 0.000000e+000 -1.000000e+000 0.000000e+000
    outer loop
      vertex   -1.046446e+002 -5.897910e+000 6.257324e+001
      vertex   -1.033797e+002 -5.897910e+000 6.879472e+001
      vertex   -1.045554e+002 -5.897910e+000 6.816650e+001
    endloop
  endfacet
  facet normal 0.000000e+000 -1.000000e+000 0.000000e+000
    outer loop
      vertex   -1.045554e+002 -5.897910e+000 6.816650e+001
      vertex   -1.033797e+002 -5.897910e+000 6.879472e+001
      vertex   -1.044490e+002 -5.897910e+000 6.830475e+001
    endloop
  endfacet
  facet normal 0.000000e+000 -1.000000e+000 0.000000e+000
    outer loop
      vertex   -1.044490e+002 -5.897910e+000 6.830475e+001
      vertex   -1.033797e+002 -5.897910e+000 6.879472e+001
      vertex   -1.043270e+002 -5.897910e+000 6.842894e+001
    endloop
  endfacet
  facet normal 0.000000e+000 -1.000000e+000 0.000000e+000
    outer loop
      vertex   -1.043270e+002 -5.897910e+000 6.842894e+001
      vertex   -1.033797e+002 -5.897910e+000 6.879472e+001
      vertex   -1.041912e+002 -5.897910e+000 6.853726e+001
    endloop
  endfacet
  facet normal 0.000000e+000 -1.000000e+000 0.000000e+000
    outer loop
      vertex   -1.041912e+002 -5.897910e+000 6.853726e+001
      vertex   -1.033797e+002 -5.897910e+000 6.879472e+001
      vertex   -1.040436e+002 -5.897910e+000 6.862812e+001
    endloop
  endfacet
  facet normal 0.000000e+000 -1.000000e+000 0.000000e+000
    outer loop
      vertex   -1.040436e+002 -5.897910e+000 6.862812e+001
      vertex   -1.033797e+002 -5.897910e+000 6.879472e+001
      vertex   -1.038863e+002 -5.897910e+000 6.870020e+001
    endloop
  endfacet
  facet normal 0.000000e+000 -1.000000e+000 0.000000e+000
    outer loop
      vertex   -1.038863e+002 -5.897910e+000 6.870020e+001
      vertex   -1.033797e+002 -5.897910e+000 6.879472e+001
      vertex   -1.037216e+002 -5.897910e+000 6.875246e+001
    endloop
  endfacet
  facet normal 0.000000e+000 -1.000000e+000 0.000000e+000
    outer loop
      vertex   -1.037216e+002 -5.897910e+000 6.875246e+001
      vertex   -1.033797e+002 -5.897910e+000 6.879472e+001
      vertex   -1.035519e+002 -5.897910e+000 6.878411e+001
    endloop
  endfacet
  facet normal 0.000000e+000 -1.000000e+000 0.000000e+000
    outer loop
      vertex   -1.033797e+002 -5.897910e+000 6.879472e+001
      vertex   -9.480825e+001 -5.897910e+000 6.734029e+001
      vertex   -9.623682e+001 -5.897910e+000 6.879472e+001
    endloop
  endfacet
  facet normal 0.000000e+000 -1.000000e+000 0.000000e+000
    outer loop
      vertex   -9.623682e+001 -5.897910e+000 6.879472e+001
      vertex   -9.480825e+001 -5.897910e+000 6.734029e+001
      vertex   -9.481866e+001 -5.897910e+000 6.751559e+001
    endloop
  endfacet
  facet normal 0.000000e+000 -1.000000e+000 0.000000e+000
    outer loop
      vertex   -9.623682e+001 -5.897910e+000 6.879472e+001
      vertex   -9.481866e+001 -5.897910e+000 6.751559e+001
      vertex   -9.484976e+001 -5.897910e+000 6.768835e+001
    endloop
  endfacet
  facet normal 0.000000e+000 -1.000000e+000 0.000000e+000
    outer loop
      vertex   -9.484976e+001 -5.897910e+000 6.768835e+001
      vertex   -9.490108e+001 -5.897910e+000 6.785603e+001
      vertex   -9.623682e+001 -5.897910e+000 6.879472e+001
    endloop
  endfacet
  facet normal 0.000000e+000 -1.000000e+000 0.000000e+000
    outer loop
      vertex   -9.623682e+001 -5.897910e+000 6.879472e+001
      vertex   -9.490108e+001 -5.897910e+000 6.785603e+001
      vertex   -9.497189e+001 -5.897910e+000 6.801619e+001
    endloop
  endfacet
  facet normal 0.000000e+000 -1.000000e+000 0.000000e+000
    outer loop
      vertex   -9.623682e+001 -5.897910e+000 6.879472e+001
      vertex   -9.497189e+001 -5.897910e+000 6.801619e+001
      vertex   -9.506113e+001 -5.897910e+000 6.816650e+001
    endloop
  endfacet
  facet normal 0.000000e+000 -1.000000e+000 0.000000e+000
    outer loop
      vertex   -9.506113e+001 -5.897910e+000 6.816650e+001
      vertex   -9.516752e+001 -5.897910e+000 6.830475e+001
      vertex   -9.623682e+001 -5.897910e+000 6.879472e+001
    endloop
  endfacet
  facet normal 0.000000e+000 -1.000000e+000 0.000000e+000
    outer loop
      vertex   -9.623682e+001 -5.897910e+000 6.879472e+001
      vertex   -9.516752e+001 -5.897910e+000 6.830475e+001
      vertex   -9.528951e+001 -5.897910e+000 6.842894e+001
    endloop
  endfacet
  facet normal 0.000000e+000 -1.000000e+000 0.000000e+000
    outer loop
      vertex   -9.623682e+001 -5.897910e+000 6.879472e+001
      vertex   -9.528951e+001 -5.897910e+000 6.842894e+001
      vertex   -9.542530e+001 -5.897910e+000 6.853726e+001
    endloop
  endfacet
  facet normal 0.000000e+000 -1.000000e+000 0.000000e+000
    outer loop
      vertex   -9.542530e+001 -5.897910e+000 6.853726e+001
      vertex   -9.557293e+001 -5.897910e+000 6.862812e+001
      vertex   -9.623682e+001 -5.897910e+000 6.879472e+001
    endloop
  endfacet
  facet normal 0.000000e+000 -1.000000e+000 0.000000e+000
    outer loop
      vertex   -9.623682e+001 -5.897910e+000 6.879472e+001
      vertex   -9.557293e+001 -5.897910e+000 6.862812e+001
      vertex   -9.573024e+001 -5.897910e+000 6.870020e+001
    endloop
  endfacet
  facet normal 0.000000e+000 -1.000000e+000 0.000000e+000
    outer loop
      vertex   -9.623682e+001 -5.897910e+000 6.879472e+001
      vertex   -9.573024e+001 -5.897910e+000 6.870020e+001
      vertex   -9.589494e+001 -5.897910e+000 6.875246e+001
    endloop
  endfacet
  facet normal 0.000000e+000 -1.000000e+000 0.000000e+000
    outer loop
      vertex   -9.589494e+001 -5.897910e+000 6.875246e+001
      vertex   -9.606462e+001 -5.897910e+000 6.878411e+001
      vertex   -9.623682e+001 -5.897910e+000 6.879472e+001
    endloop
  endfacet
  facet normal 0.000000e+000 -1.000000e+000 0.000000e+000
    outer loop
      vertex   -1.045554e+002 -5.897910e+000 6.816650e+001
      vertex   -1.046446e+002 -5.897910e+000 6.801619e+001
      vertex   -1.046446e+002 -5.897910e+000 6.257324e+001
    endloop
  endfacet
  facet normal 0.000000e+000 -1.000000e+000 0.000000e+000
    outer loop
      vertex   -1.046446e+002 -5.897910e+000 6.257324e+001
      vertex   -1.046446e+002 -5.897910e+000 6.801619e+001
      vertex   -1.047154e+002 -5.897910e+000 6.273340e+001
    endloop
  endfacet
  facet normal 0.000000e+000 -1.000000e+000 0.000000e+000
    outer loop
      vertex   -1.047154e+002 -5.897910e+000 6.273340e+001
      vertex   -1.046446e+002 -5.897910e+000 6.801619e+001
      vertex   -1.047154e+002 -5.897910e+000 6.785603e+001
    endloop
  endfacet
  facet normal 0.000000e+000 -1.000000e+000 0.000000e+000
    outer loop
      vertex   -1.047154e+002 -5.897910e+000 6.273340e+001
      vertex   -1.047154e+002 -5.897910e+000 6.785603e+001
      vertex   -1.047667e+002 -5.897910e+000 6.290108e+001
    endloop
  endfacet
  facet normal 0.000000e+000 -1.000000e+000 0.000000e+000
    outer loop
      vertex   -1.047667e+002 -5.897910e+000 6.290108e+001
      vertex   -1.047154e+002 -5.897910e+000 6.785603e+001
      vertex   -1.047667e+002 -5.897910e+000 6.768835e+001
    endloop
  endfacet
  facet normal 0.000000e+000 -1.000000e+000 0.000000e+000
    outer loop
      vertex   -1.047667e+002 -5.897910e+000 6.290108e+001
      vertex   -1.047667e+002 -5.897910e+000 6.768835e+001
      vertex   -1.047978e+002 -5.897910e+000 6.307384e+001
    endloop
  endfacet
  facet normal 0.000000e+000 -1.000000e+000 0.000000e+000
    outer loop
      vertex   -1.047978e+002 -5.897910e+000 6.307384e+001
      vertex   -1.047667e+002 -5.897910e+000 6.768835e+001
      vertex   -1.047978e+002 -5.897910e+000 6.751559e+001
    endloop
  endfacet
  facet normal 0.000000e+000 -1.000000e+000 0.000000e+000
    outer loop
      vertex   -1.047978e+002 -5.897910e+000 6.307384e+001
      vertex   -1.047978e+002 -5.897910e+000 6.751559e+001
      vertex   -1.048083e+002 -5.897910e+000 6.324915e+001
    endloop
  endfacet
  facet normal 0.000000e+000 -1.000000e+000 0.000000e+000
    outer loop
      vertex   -1.048083e+002 -5.897910e+000 6.324915e+001
      vertex   -1.047978e+002 -5.897910e+000 6.751559e+001
      vertex   -1.048083e+002 -5.897910e+000 6.734029e+001
    endloop
  endfacet
  facet normal 0.000000e+000 -1.000000e+000 0.000000e+000
    outer loop
      vertex   -1.046446e+002 -5.897910e+000 6.257324e+001
      vertex   -1.045554e+002 -5.897910e+000 6.242294e+001
      vertex   -1.033797e+002 -5.897910e+000 6.179472e+001
    endloop
  endfacet
  facet normal 0.000000e+000 -1.000000e+000 0.000000e+000
    outer loop
      vertex   -1.033797e+002 -5.897910e+000 6.179472e+001
      vertex   -1.045554e+002 -5.897910e+000 6.242294e+001
      vertex   -1.044490e+002 -5.897910e+000 6.228468e+001
    endloop
  endfacet
  facet normal 0.000000e+000 -1.000000e+000 0.000000e+000
    outer loop
      vertex   -1.033797e+002 -5.897910e+000 6.179472e+001
      vertex   -1.044490e+002 -5.897910e+000 6.228468e+001
      vertex   -1.043270e+002 -5.897910e+000 6.216049e+001
    endloop
  endfacet
  facet normal 0.000000e+000 -1.000000e+000 0.000000e+000
    outer loop
      vertex   -1.043270e+002 -5.897910e+000 6.216049e+001
      vertex   -1.041912e+002 -5.897910e+000 6.205218e+001
      vertex   -1.033797e+002 -5.897910e+000 6.179472e+001
    endloop
  endfacet
  facet normal 0.000000e+000 -1.000000e+000 0.000000e+000
    outer loop
      vertex   -1.033797e+002 -5.897910e+000 6.179472e+001
      vertex   -1.041912e+002 -5.897910e+000 6.205218e+001
      vertex   -1.040436e+002 -5.897910e+000 6.196132e+001
    endloop
  endfacet
  facet normal 0.000000e+000 -1.000000e+000 0.000000e+000
    outer loop
      vertex   -1.033797e+002 -5.897910e+000 6.179472e+001
      vertex   -1.040436e+002 -5.897910e+000 6.196132e+001
      vertex   -1.038863e+002 -5.897910e+000 6.188923e+001
    endloop
  endfacet
  facet normal 0.000000e+000 -1.000000e+000 0.000000e+000
    outer loop
      vertex   -1.038863e+002 -5.897910e+000 6.188923e+001
      vertex   -1.037216e+002 -5.897910e+000 6.183698e+001
      vertex   -1.033797e+002 -5.897910e+000 6.179472e+001
    endloop
  endfacet
  facet normal 0.000000e+000 -1.000000e+000 0.000000e+000
    outer loop
      vertex   -1.033797e+002 -5.897910e+000 6.179472e+001
      vertex   -1.037216e+002 -5.897910e+000 6.183698e+001
      vertex   -1.035519e+002 -5.897910e+000 6.180532e+001
    endloop
  endfacet
  facet normal -1.000000e+000 0.000000e+000 0.000000e+000
    outer loop
      vertex   -1.048083e+002 -5.897910e+000 6.324915e+001
      vertex   -1.048083e+002 -5.897910e+000 6.734029e+001
      vertex   -1.048083e+002 -4.897910e+000 6.324915e+001
    endloop
  endfacet
  facet normal -1.000000e+000 0.000000e+000 0.000000e+000
    outer loop
      vertex   -1.048083e+002 -4.897910e+000 6.324915e+001
      vertex   -1.048083e+002 -5.897910e+000 6.734029e+001
      vertex   -1.048083e+002 -4.897910e+000 6.734029e+001
    endloop
  endfacet
endsolid
