solid ascii
  facet normal 0.000000e+000 9.993002e+000 3.740521e-001
    outer loop
      vertex   -1.151977e+002 2.213863e+001 6.523306e+001
      vertex   -1.151977e+002 2.214982e+001 6.493414e+001
      vertex   -1.171977e+002 2.213863e+001 6.523306e+001
    endloop
  endfacet
  facet normal 0.000000e+000 9.883073e+000 3.699373e-001
    outer loop
      vertex   -1.171977e+002 2.213863e+001 6.523306e+001
      vertex   -1.151977e+002 2.214982e+001 6.493414e+001
      vertex   -1.171977e+002 2.214982e+001 6.493414e+001
    endloop
  endfacet
  facet normal 0.000000e+000 1.469928e+000 1.656113e-001
    outer loop
      vertex   -1.171977e+002 2.214982e+001 6.493414e+001
      vertex   -1.151977e+002 2.214982e+001 6.493414e+001
      vertex   -1.151977e+002 2.218331e+001 6.463689e+001
    endloop
  endfacet
  facet normal 0.000000e+000 1.453377e+000 2.749855e-001
    outer loop
      vertex   -1.171977e+002 2.218331e+001 6.463689e+001
      vertex   -1.151977e+002 2.218331e+001 6.463689e+001
      vertex   -1.151977e+002 2.223892e+001 6.434298e+001
    endloop
  endfacet
  facet normal 0.000000e+000 1.428806e+000 3.828384e-001
    outer loop
      vertex   -1.171977e+002 2.223892e+001 6.434298e+001
      vertex   -1.151977e+002 2.223892e+001 6.434298e+001
      vertex   -1.151977e+002 2.231634e+001 6.405404e+001
    endloop
  endfacet
  facet normal 0.000000e+000 1.396172e+000 4.885695e-001
    outer loop
      vertex   -1.171977e+002 2.231634e+001 6.405404e+001
      vertex   -1.151977e+002 2.231634e+001 6.405404e+001
      vertex   -1.151977e+002 2.241514e+001 6.377170e+001
    endloop
  endfacet
  facet normal 0.000000e+000 1.355757e+000 5.915182e-001
    outer loop
      vertex   -1.171977e+002 2.241514e+001 6.377170e+001
      vertex   -1.151977e+002 2.241514e+001 6.377170e+001
      vertex   -1.151977e+002 2.253476e+001 6.349754e+001
    endloop
  endfacet
  facet normal 0.000000e+000 1.307819e+000 6.911651e-001
    outer loop
      vertex   -1.171977e+002 2.253476e+001 6.349754e+001
      vertex   -1.151977e+002 2.253476e+001 6.349754e+001
      vertex   -1.151977e+002 2.267453e+001 6.323306e+001
    endloop
  endfacet
  facet normal 0.000000e+000 1.252478e+000 7.869928e-001
    outer loop
      vertex   -1.171977e+002 2.267453e+001 6.323306e+001
      vertex   -1.151977e+002 2.267453e+001 6.323306e+001
      vertex   -1.151977e+002 2.283368e+001 6.297978e+001
    endloop
  endfacet
  facet normal 0.000000e+000 1.190157e+000 8.783874e-001
    outer loop
      vertex   -1.171977e+002 2.283368e+001 6.297978e+001
      vertex   -1.151977e+002 2.283368e+001 6.297978e+001
      vertex   -1.151977e+002 2.301131e+001 6.273910e+001
    endloop
  endfacet
  facet normal 0.000000e+000 1.121163e+000 9.648776e-001
    outer loop
      vertex   -1.171977e+002 2.301131e+001 6.273910e+001
      vertex   -1.151977e+002 2.301131e+001 6.273910e+001
      vertex   -1.151977e+002 2.320643e+001 6.251237e+001
    endloop
  endfacet
  facet normal 0.000000e+000 1.045921e+000 1.045910e+000
    outer loop
      vertex   -1.171977e+002 2.320643e+001 6.251237e+001
      vertex   -1.151977e+002 2.320643e+001 6.251237e+001
      vertex   -1.151977e+002 2.341794e+001 6.230087e+001
    endloop
  endfacet
  facet normal 0.000000e+000 9.648773e-001 1.121186e+000
    outer loop
      vertex   -1.171977e+002 2.341794e+001 6.230087e+001
      vertex   -1.151977e+002 2.341794e+001 6.230087e+001
      vertex   -1.151977e+002 2.364467e+001 6.210574e+001
    endloop
  endfacet
  facet normal 0.000000e+000 8.783874e-001 1.190157e+000
    outer loop
      vertex   -1.171977e+002 2.364467e+001 6.210574e+001
      vertex   -1.151977e+002 2.364467e+001 6.210574e+001
      vertex   -1.151977e+002 2.388535e+001 6.192811e+001
    endloop
  endfacet
  facet normal 0.000000e+000 7.869929e-001 1.252466e+000
    outer loop
      vertex   -1.171977e+002 2.388535e+001 6.192811e+001
      vertex   -1.151977e+002 2.388535e+001 6.192811e+001
      vertex   -1.151977e+002 2.413863e+001 6.176896e+001
    endloop
  endfacet
  facet normal 0.000000e+000 6.911653e-001 1.307807e+000
    outer loop
      vertex   -1.171977e+002 2.413863e+001 6.176896e+001
      vertex   -1.151977e+002 2.413863e+001 6.176896e+001
      vertex   -1.151977e+002 2.440310e+001 6.162919e+001
    endloop
  endfacet
  facet normal 0.000000e+000 5.915179e-001 1.355780e+000
    outer loop
      vertex   -1.171977e+002 2.440310e+001 6.162919e+001
      vertex   -1.151977e+002 2.440310e+001 6.162919e+001
      vertex   -1.151977e+002 2.467727e+001 6.150957e+001
    endloop
  endfacet
  facet normal 0.000000e+000 4.885696e-001 1.396161e+000
    outer loop
      vertex   -1.171977e+002 2.467727e+001 6.150957e+001
      vertex   -1.151977e+002 2.467727e+001 6.150957e+001
      vertex   -1.151977e+002 2.495961e+001 6.141077e+001
    endloop
  endfacet
  facet normal 0.000000e+000 3.828384e-001 1.428818e+000
    outer loop
      vertex   -1.171977e+002 2.495961e+001 6.141077e+001
      vertex   -1.151977e+002 2.495961e+001 6.141077e+001
      vertex   -1.151977e+002 2.524855e+001 6.133335e+001
    endloop
  endfacet
  facet normal 0.000000e+000 2.749855e-001 1.453377e+000
    outer loop
      vertex   -1.171977e+002 2.524855e+001 6.133335e+001
      vertex   -1.151977e+002 2.524855e+001 6.133335e+001
      vertex   -1.151977e+002 2.554246e+001 6.127774e+001
    endloop
  endfacet
  facet normal 0.000000e+000 1.655996e-001 1.469905e+000
    outer loop
      vertex   -1.171977e+002 2.554246e+001 6.127774e+001
      vertex   -1.151977e+002 2.554246e+001 6.127774e+001
      vertex   -1.151977e+002 2.583971e+001 6.124426e+001
    endloop
  endfacet
  facet normal 0.000000e+000 5.536491e-002 1.478158e+000
    outer loop
      vertex   -1.171977e+002 2.583971e+001 6.124426e+001
      vertex   -1.151977e+002 2.583971e+001 6.124426e+001
      vertex   -1.151977e+002 2.613863e+001 6.123306e+001
    endloop
  endfacet
  facet normal 0.000000e+000 3.742909e-001 9.992992e+000
    outer loop
      vertex   -1.171977e+002 2.613863e+001 6.123306e+001
      vertex   -1.171977e+002 2.583971e+001 6.124426e+001
      vertex   -1.151977e+002 2.613863e+001 6.123306e+001
    endloop
  endfacet
  facet normal 0.000000e+000 9.827810e+000 1.107262e+000
    outer loop
      vertex   -1.171977e+002 2.214982e+001 6.493414e+001
      vertex   -1.151977e+002 2.218331e+001 6.463689e+001
      vertex   -1.171977e+002 2.218331e+001 6.463689e+001
    endloop
  endfacet
  facet normal 3.469447e-017 9.717591e+000 1.838612e+000
    outer loop
      vertex   -1.171977e+002 2.218331e+001 6.463689e+001
      vertex   -1.151977e+002 2.223892e+001 6.434298e+001
      vertex   -1.171977e+002 2.223892e+001 6.434298e+001
    endloop
  endfacet
  facet normal -6.938894e-017 9.553014e+000 2.559662e+000
    outer loop
      vertex   -1.171977e+002 2.223892e+001 6.434298e+001
      vertex   -1.151977e+002 2.231634e+001 6.405404e+001
      vertex   -1.171977e+002 2.231634e+001 6.405404e+001
    endloop
  endfacet
  facet normal -6.938894e-017 9.334944e+000 3.266623e+000
    outer loop
      vertex   -1.171977e+002 2.231634e+001 6.405404e+001
      vertex   -1.151977e+002 2.241514e+001 6.377170e+001
      vertex   -1.171977e+002 2.241514e+001 6.377170e+001
    endloop
  endfacet
  facet normal -6.938894e-017 9.064779e+000 3.954972e+000
    outer loop
      vertex   -1.171977e+002 2.241514e+001 6.377170e+001
      vertex   -1.151977e+002 2.253476e+001 6.349754e+001
      vertex   -1.171977e+002 2.253476e+001 6.349754e+001
    endloop
  endfacet
  facet normal 6.938894e-017 8.743996e+000 4.621087e+000
    outer loop
      vertex   -1.171977e+002 2.253476e+001 6.349754e+001
      vertex   -1.151977e+002 2.267453e+001 6.323306e+001
      vertex   -1.171977e+002 2.267453e+001 6.323306e+001
    endloop
  endfacet
  facet normal 0.000000e+000 8.374069e+000 5.261836e+000
    outer loop
      vertex   -1.171977e+002 2.267453e+001 6.323306e+001
      vertex   -1.151977e+002 2.283368e+001 6.297978e+001
      vertex   -1.171977e+002 2.283368e+001 6.297978e+001
    endloop
  endfacet
  facet normal 0.000000e+000 7.957429e+000 5.872928e+000
    outer loop
      vertex   -1.171977e+002 2.283368e+001 6.297978e+001
      vertex   -1.151977e+002 2.301131e+001 6.273910e+001
      vertex   -1.171977e+002 2.301131e+001 6.273910e+001
    endloop
  endfacet
  facet normal 0.000000e+000 7.496209e+000 6.451268e+000
    outer loop
      vertex   -1.171977e+002 2.301131e+001 6.273910e+001
      vertex   -1.151977e+002 2.320643e+001 6.251237e+001
      vertex   -1.171977e+002 2.320643e+001 6.251237e+001
    endloop
  endfacet
  facet normal 0.000000e+000 6.993327e+000 6.993247e+000
    outer loop
      vertex   -1.171977e+002 2.320643e+001 6.251237e+001
      vertex   -1.151977e+002 2.341794e+001 6.230087e+001
      vertex   -1.171977e+002 2.341794e+001 6.230087e+001
    endloop
  endfacet
  facet normal 0.000000e+000 6.451188e+000 7.496274e+000
    outer loop
      vertex   -1.171977e+002 2.341794e+001 6.230087e+001
      vertex   -1.151977e+002 2.364467e+001 6.210574e+001
      vertex   -1.171977e+002 2.364467e+001 6.210574e+001
    endloop
  endfacet
  facet normal 0.000000e+000 5.872928e+000 7.957429e+000
    outer loop
      vertex   -1.171977e+002 2.364467e+001 6.210574e+001
      vertex   -1.151977e+002 2.388535e+001 6.192811e+001
      vertex   -1.171977e+002 2.388535e+001 6.192811e+001
    endloop
  endfacet
  facet normal -1.387779e-016 5.261872e+000 8.374048e+000
    outer loop
      vertex   -1.171977e+002 2.388535e+001 6.192811e+001
      vertex   -1.151977e+002 2.413863e+001 6.176896e+001
      vertex   -1.171977e+002 2.413863e+001 6.176896e+001
    endloop
  endfacet
  facet normal 0.000000e+000 4.621120e+000 8.743979e+000
    outer loop
      vertex   -1.171977e+002 2.413863e+001 6.176896e+001
      vertex   -1.151977e+002 2.440310e+001 6.162919e+001
      vertex   -1.171977e+002 2.440310e+001 6.162919e+001
    endloop
  endfacet
  facet normal 0.000000e+000 3.954913e+000 9.064801e+000
    outer loop
      vertex   -1.171977e+002 2.440310e+001 6.162919e+001
      vertex   -1.151977e+002 2.467727e+001 6.150957e+001
      vertex   -1.171977e+002 2.467727e+001 6.150957e+001
    endloop
  endfacet
  facet normal -6.938894e-017 3.266648e+000 9.334937e+000
    outer loop
      vertex   -1.171977e+002 2.467727e+001 6.150957e+001
      vertex   -1.151977e+002 2.495961e+001 6.141077e+001
      vertex   -1.171977e+002 2.495961e+001 6.141077e+001
    endloop
  endfacet
  facet normal 6.938894e-017 2.559642e+000 9.553018e+000
    outer loop
      vertex   -1.171977e+002 2.495961e+001 6.141077e+001
      vertex   -1.151977e+002 2.524855e+001 6.133335e+001
      vertex   -1.171977e+002 2.524855e+001 6.133335e+001
    endloop
  endfacet
  facet normal -3.469447e-017 1.838612e+000 9.717591e+000
    outer loop
      vertex   -1.171977e+002 2.524855e+001 6.133335e+001
      vertex   -1.151977e+002 2.554246e+001 6.127774e+001
      vertex   -1.171977e+002 2.554246e+001 6.127774e+001
    endloop
  endfacet
  facet normal 0.000000e+000 1.107202e+000 9.827821e+000
    outer loop
      vertex   -1.171977e+002 2.554246e+001 6.127774e+001
      vertex   -1.151977e+002 2.583971e+001 6.124426e+001
      vertex   -1.171977e+002 2.583971e+001 6.124426e+001
    endloop
  endfacet
  facet normal 0.000000e+000 1.000000e+001 0.000000e+000
    outer loop
      vertex   -1.151977e+002 2.213863e+001 6.983306e+001
      vertex   -1.151977e+002 2.213863e+001 6.523306e+001
      vertex   -1.171977e+002 2.213863e+001 6.983306e+001
    endloop
  endfacet
  facet normal 0.000000e+000 3.987258e+000 0.000000e+000
    outer loop
      vertex   -1.171977e+002 2.213863e+001 6.983306e+001
      vertex   -1.151977e+002 2.213863e+001 6.523306e+001
      vertex   -1.171977e+002 2.213863e+001 6.523306e+001
    endloop
  endfacet
  facet normal 6.938894e-017 9.126950e+000 -3.828348e+000
    outer loop
      vertex   -1.151977e+002 2.239657e+001 7.124619e+001
      vertex   -1.171977e+002 2.250828e+001 7.151251e+001
      vertex   -1.151977e+002 2.250828e+001 7.151251e+001
    endloop
  endfacet
  facet normal 0.000000e+000 1.317924e+000 -5.528101e-001
    outer loop
      vertex   -1.151977e+002 2.239657e+001 7.124619e+001
      vertex   -1.171977e+002 2.239657e+001 7.124619e+001
      vertex   -1.171977e+002 2.250828e+001 7.151251e+001
    endloop
  endfacet
  facet normal 0.000000e+000 9.476563e+000 -3.192922e+000
    outer loop
      vertex   -1.151977e+002 2.239657e+001 7.124619e+001
      vertex   -1.151977e+002 2.230436e+001 7.097251e+001
      vertex   -1.171977e+002 2.239657e+001 7.124619e+001
    endloop
  endfacet
  facet normal 0.000000e+000 9.379284e+000 -3.160146e+000
    outer loop
      vertex   -1.171977e+002 2.239657e+001 7.124619e+001
      vertex   -1.151977e+002 2.230436e+001 7.097251e+001
      vertex   -1.171977e+002 2.230436e+001 7.097251e+001
    endloop
  endfacet
  facet normal 0.000000e+000 1.383829e+000 -3.574018e-001
    outer loop
      vertex   -1.171977e+002 2.230436e+001 7.097251e+001
      vertex   -1.151977e+002 2.230436e+001 7.097251e+001
      vertex   -1.151977e+002 2.223214e+001 7.069288e+001
    endloop
  endfacet
  facet normal 0.000000e+000 1.405895e+000 -2.566308e-001
    outer loop
      vertex   -1.171977e+002 2.223214e+001 7.069288e+001
      vertex   -1.151977e+002 2.223214e+001 7.069288e+001
      vertex   -1.151977e+002 2.218028e+001 7.040878e+001
    endloop
  endfacet
  facet normal 0.000000e+000 1.420807e+000 -1.545022e-001
    outer loop
      vertex   -1.171977e+002 2.218028e+001 7.040878e+001
      vertex   -1.151977e+002 2.218028e+001 7.040878e+001
      vertex   -1.151977e+002 2.214906e+001 7.012167e+001
    endloop
  endfacet
  facet normal 0.000000e+000 1.428240e+000 -5.160693e-002
    outer loop
      vertex   -1.171977e+002 2.214906e+001 7.012167e+001
      vertex   -1.151977e+002 2.214906e+001 7.012167e+001
      vertex   -1.151977e+002 2.213863e+001 6.983306e+001
    endloop
  endfacet
  facet normal 0.000000e+000 9.993478e+000 -3.610967e-001
    outer loop
      vertex   -1.171977e+002 2.213863e+001 6.983306e+001
      vertex   -1.171977e+002 2.214906e+001 7.012167e+001
      vertex   -1.151977e+002 2.213863e+001 6.983306e+001
    endloop
  endfacet
  facet normal 6.938894e-017 9.582890e+000 -2.474975e+000
    outer loop
      vertex   -1.171977e+002 2.230436e+001 7.097251e+001
      vertex   -1.151977e+002 2.223214e+001 7.069288e+001
      vertex   -1.171977e+002 2.223214e+001 7.069288e+001
    endloop
  endfacet
  facet normal -3.469447e-017 9.736470e+000 -1.777287e+000
    outer loop
      vertex   -1.171977e+002 2.223214e+001 7.069288e+001
      vertex   -1.151977e+002 2.218028e+001 7.040878e+001
      vertex   -1.171977e+002 2.218028e+001 7.040878e+001
    endloop
  endfacet
  facet normal 1.734723e-017 9.839341e+000 -1.069955e+000
    outer loop
      vertex   -1.171977e+002 2.218028e+001 7.040878e+001
      vertex   -1.151977e+002 2.214906e+001 7.012167e+001
      vertex   -1.171977e+002 2.214906e+001 7.012167e+001
    endloop
  endfacet
  facet normal 0.000000e+000 8.920872e+000 -4.518633e+000
    outer loop
      vertex   -1.171977e+002 2.250828e+001 7.151251e+001
      vertex   -1.171977e+002 2.263675e+001 7.176614e+001
      vertex   -1.151977e+002 2.250828e+001 7.151251e+001
    endloop
  endfacet
  facet normal 0.000000e+000 8.832078e+000 -4.473658e+000
    outer loop
      vertex   -1.151977e+002 2.250828e+001 7.151251e+001
      vertex   -1.171977e+002 2.263675e+001 7.176614e+001
      vertex   -1.151977e+002 2.263675e+001 7.176614e+001
    endloop
  endfacet
  facet normal 0.000000e+000 1.207208e+000 -7.235271e-001
    outer loop
      vertex   -1.151977e+002 2.263675e+001 7.176614e+001
      vertex   -1.171977e+002 2.263675e+001 7.176614e+001
      vertex   -1.171977e+002 2.278291e+001 7.201001e+001
    endloop
  endfacet
  facet normal 0.000000e+000 1.152799e+000 -8.074411e-001
    outer loop
      vertex   -1.151977e+002 2.278291e+001 7.201001e+001
      vertex   -1.171977e+002 2.278291e+001 7.201001e+001
      vertex   -1.171977e+002 2.294602e+001 7.224289e+001
    endloop
  endfacet
  facet normal 0.000000e+000 1.092466e+000 -8.873310e-001
    outer loop
      vertex   -1.151977e+002 2.294602e+001 7.224289e+001
      vertex   -1.171977e+002 2.294602e+001 7.224289e+001
      vertex   -1.171977e+002 2.312527e+001 7.246358e+001
    endloop
  endfacet
  facet normal 0.000000e+000 1.026727e+000 -9.626647e-001
    outer loop
      vertex   -1.151977e+002 2.312527e+001 7.246358e+001
      vertex   -1.171977e+002 2.312527e+001 7.246358e+001
      vertex   -1.171977e+002 2.331974e+001 7.267099e+001
    endloop
  endfacet
  facet normal 0.000000e+000 6.790710e+000 -7.340726e+000
    outer loop
      vertex   -1.151977e+002 2.331974e+001 7.267099e+001
      vertex   -1.171977e+002 2.331974e+001 7.267099e+001
      vertex   -1.151977e+002 2.352845e+001 7.286406e+001
    endloop
  endfacet
  facet normal 0.000000e+000 7.294991e+000 -6.839818e+000
    outer loop
      vertex   -1.151977e+002 2.331974e+001 7.267099e+001
      vertex   -1.151977e+002 2.312527e+001 7.246358e+001
      vertex   -1.171977e+002 2.331974e+001 7.267099e+001
    endloop
  endfacet
  facet normal 6.938894e-017 8.492051e+000 -5.089619e+000
    outer loop
      vertex   -1.151977e+002 2.263675e+001 7.176614e+001
      vertex   -1.171977e+002 2.278291e+001 7.201001e+001
      vertex   -1.151977e+002 2.278291e+001 7.201001e+001
    endloop
  endfacet
  facet normal 1.387779e-016 8.109180e+000 -5.679813e+000
    outer loop
      vertex   -1.151977e+002 2.278291e+001 7.201001e+001
      vertex   -1.171977e+002 2.294602e+001 7.224289e+001
      vertex   -1.151977e+002 2.294602e+001 7.224289e+001
    endloop
  endfacet
  facet normal 0.000000e+000 7.684913e+000 -6.241896e+000
    outer loop
      vertex   -1.151977e+002 2.294602e+001 7.224289e+001
      vertex   -1.171977e+002 2.312527e+001 7.246358e+001
      vertex   -1.151977e+002 2.312527e+001 7.246358e+001
    endloop
  endfacet
  facet normal -1.387779e-016 6.723116e+000 -7.267657e+000
    outer loop
      vertex   -1.171977e+002 2.331974e+001 7.267099e+001
      vertex   -1.171977e+002 2.352845e+001 7.286406e+001
      vertex   -1.151977e+002 2.352845e+001 7.286406e+001
    endloop
  endfacet
  facet normal 0.000000e+000 6.251878e+000 -7.804743e+000
    outer loop
      vertex   -1.151977e+002 2.352845e+001 7.286406e+001
      vertex   -1.171977e+002 2.352845e+001 7.286406e+001
      vertex   -1.151977e+002 2.375035e+001 7.304181e+001
    endloop
  endfacet
  facet normal 0.000000e+000 8.799073e-001 -1.098462e+000
    outer loop
      vertex   -1.151977e+002 2.375035e+001 7.304181e+001
      vertex   -1.171977e+002 2.352845e+001 7.286406e+001
      vertex   -1.171977e+002 2.375035e+001 7.304181e+001
    endloop
  endfacet
  facet normal -1.387779e-016 5.625550e+000 -8.146919e+000
    outer loop
      vertex   -1.171977e+002 2.398431e+001 7.320336e+001
      vertex   -1.151977e+002 2.375035e+001 7.304181e+001
      vertex   -1.171977e+002 2.375035e+001 7.304181e+001
    endloop
  endfacet
  facet normal 0.000000e+000 7.997224e-001 -1.158158e+000
    outer loop
      vertex   -1.171977e+002 2.398431e+001 7.320336e+001
      vertex   -1.151977e+002 2.398431e+001 7.320336e+001
      vertex   -1.151977e+002 2.375035e+001 7.304181e+001
    endloop
  endfacet
  facet normal 0.000000e+000 5.082619e+000 -8.612025e+000
    outer loop
      vertex   -1.171977e+002 2.398431e+001 7.320336e+001
      vertex   -1.171977e+002 2.422916e+001 7.334787e+001
      vertex   -1.151977e+002 2.398431e+001 7.320336e+001
    endloop
  endfacet
  facet normal 0.000000e+000 5.032029e+000 -8.526304e+000
    outer loop
      vertex   -1.151977e+002 2.398431e+001 7.320336e+001
      vertex   -1.171977e+002 2.422916e+001 7.334787e+001
      vertex   -1.151977e+002 2.422916e+001 7.334787e+001
    endloop
  endfacet
  facet normal 0.000000e+000 6.275039e-001 -1.259776e+000
    outer loop
      vertex   -1.151977e+002 2.422916e+001 7.334787e+001
      vertex   -1.171977e+002 2.422916e+001 7.334787e+001
      vertex   -1.171977e+002 2.448365e+001 7.347463e+001
    endloop
  endfacet
  facet normal 0.000000e+000 5.364135e-001 -1.301225e+000
    outer loop
      vertex   -1.151977e+002 2.448365e+001 7.347463e+001
      vertex   -1.171977e+002 2.448365e+001 7.347463e+001
      vertex   -1.171977e+002 2.474651e+001 7.358299e+001
    endloop
  endfacet
  facet normal 0.000000e+000 4.426327e-001 -1.336018e+000
    outer loop
      vertex   -1.151977e+002 2.474651e+001 7.358299e+001
      vertex   -1.171977e+002 2.474651e+001 7.358299e+001
      vertex   -1.171977e+002 2.501640e+001 7.367241e+001
    endloop
  endfacet
  facet normal 0.000000e+000 3.466330e-001 -1.364084e+000
    outer loop
      vertex   -1.151977e+002 2.501640e+001 7.367241e+001
      vertex   -1.171977e+002 2.501640e+001 7.367241e+001
      vertex   -1.171977e+002 2.529196e+001 7.374243e+001
    endloop
  endfacet
  facet normal 0.000000e+000 2.488392e-001 -1.385280e+000
    outer loop
      vertex   -1.151977e+002 2.529196e+001 7.374243e+001
      vertex   -1.171977e+002 2.529196e+001 7.374243e+001
      vertex   -1.171977e+002 2.557180e+001 7.379270e+001
    endloop
  endfacet
  facet normal 0.000000e+000 1.497946e-001 -1.399420e+000
    outer loop
      vertex   -1.151977e+002 2.557180e+001 7.379270e+001
      vertex   -1.171977e+002 2.557180e+001 7.379270e+001
      vertex   -1.171977e+002 2.585450e+001 7.382296e+001
    endloop
  endfacet
  facet normal 0.000000e+000 4.999448e-002 -1.406514e+000
    outer loop
      vertex   -1.151977e+002 2.585450e+001 7.382296e+001
      vertex   -1.171977e+002 2.585450e+001 7.382296e+001
      vertex   -1.171977e+002 2.613863e+001 7.383306e+001
    endloop
  endfacet
  facet normal 0.000000e+000 3.552253e-001 -9.993689e+000
    outer loop
      vertex   -1.151977e+002 2.613863e+001 7.383306e+001
      vertex   -1.151977e+002 2.585450e+001 7.382296e+001
      vertex   -1.171977e+002 2.613863e+001 7.383306e+001
    endloop
  endfacet
  facet normal 0.000000e+000 4.414201e+000 -8.861943e+000
    outer loop
      vertex   -1.151977e+002 2.422916e+001 7.334787e+001
      vertex   -1.171977e+002 2.448365e+001 7.347463e+001
      vertex   -1.151977e+002 2.448365e+001 7.347463e+001
    endloop
  endfacet
  facet normal 6.938894e-017 3.773297e+000 -9.153213e+000
    outer loop
      vertex   -1.151977e+002 2.448365e+001 7.347463e+001
      vertex   -1.171977e+002 2.474651e+001 7.358299e+001
      vertex   -1.151977e+002 2.474651e+001 7.358299e+001
    endloop
  endfacet
  facet normal 0.000000e+000 3.113660e+000 -9.398099e+000
    outer loop
      vertex   -1.151977e+002 2.474651e+001 7.358299e+001
      vertex   -1.171977e+002 2.501640e+001 7.367241e+001
      vertex   -1.151977e+002 2.501640e+001 7.367241e+001
    endloop
  endfacet
  facet normal 0.000000e+000 2.438351e+000 -9.595497e+000
    outer loop
      vertex   -1.151977e+002 2.501640e+001 7.367241e+001
      vertex   -1.171977e+002 2.529196e+001 7.374243e+001
      vertex   -1.151977e+002 2.529196e+001 7.374243e+001
    endloop
  endfacet
  facet normal 3.469447e-017 1.750412e+000 -9.744493e+000
    outer loop
      vertex   -1.151977e+002 2.529196e+001 7.374243e+001
      vertex   -1.171977e+002 2.557180e+001 7.379270e+001
      vertex   -1.151977e+002 2.557180e+001 7.379270e+001
    endloop
  endfacet
  facet normal 0.000000e+000 1.053731e+000 -9.844229e+000
    outer loop
      vertex   -1.151977e+002 2.557180e+001 7.379270e+001
      vertex   -1.171977e+002 2.585450e+001 7.382296e+001
      vertex   -1.151977e+002 2.585450e+001 7.382296e+001
    endloop
  endfacet
  facet normal 0.000000e+000 0.000000e+000 -1.000000e+001
    outer loop
      vertex   -1.151977e+002 2.613863e+001 7.383306e+001
      vertex   -1.171977e+002 2.613863e+001 7.383306e+001
      vertex   -1.151977e+002 2.617925e+001 7.383306e+001
    endloop
  endfacet
  facet normal 0.000000e+000 0.000000e+000 -2.030671e-001
    outer loop
      vertex   -1.151977e+002 2.617925e+001 7.383306e+001
      vertex   -1.171977e+002 2.613863e+001 7.383306e+001
      vertex   -1.171977e+002 2.617925e+001 7.383306e+001
    endloop
  endfacet
  facet normal 0.000000e+000 0.000000e+000 -9.889925e+000
    outer loop
      vertex   -1.151977e+002 3.954708e+001 7.383306e+001
      vertex   -1.171977e+002 2.617925e+001 7.383306e+001
      vertex   -1.171977e+002 3.954708e+001 7.383306e+001
    endloop
  endfacet
  facet normal 0.000000e+000 0.000000e+000 -9.000806e+000
    outer loop
      vertex   -1.151977e+002 4.367851e+001 7.383306e+001
      vertex   -1.171977e+002 3.954708e+001 7.383306e+001
      vertex   -1.171977e+002 4.367851e+001 7.383306e+001
    endloop
  endfacet
  facet normal 0.000000e+000 0.000000e+000 -9.260415e+000
    outer loop
      vertex   -1.151977e+002 4.858570e+001 7.383306e+001
      vertex   -1.171977e+002 4.367851e+001 7.383306e+001
      vertex   -1.171977e+002 4.858570e+001 7.383306e+001
    endloop
  endfacet
  facet normal 0.000000e+000 0.000000e+000 -5.603065e+000
    outer loop
      vertex   -1.151977e+002 4.993863e+001 7.383306e+001
      vertex   -1.171977e+002 4.858570e+001 7.383306e+001
      vertex   -1.171977e+002 4.993863e+001 7.383306e+001
    endloop
  endfacet
  facet normal 0.000000e+000 0.000000e+000 -8.282853e+000
    outer loop
      vertex   -1.151977e+002 4.993863e+001 7.383306e+001
      vertex   -1.151977e+002 4.858570e+001 7.383306e+001
      vertex   -1.171977e+002 4.858570e+001 7.383306e+001
    endloop
  endfacet
  facet normal 0.000000e+000 0.000000e+000 -1.000000e+001
    outer loop
      vertex   -1.151977e+002 2.617925e+001 7.383306e+001
      vertex   -1.171977e+002 2.617925e+001 7.383306e+001
      vertex   -1.151977e+002 3.954708e+001 7.383306e+001
    endloop
  endfacet
  facet normal 0.000000e+000 0.000000e+000 -1.000000e+001
    outer loop
      vertex   -1.151977e+002 3.954708e+001 7.383306e+001
      vertex   -1.171977e+002 3.954708e+001 7.383306e+001
      vertex   -1.151977e+002 4.367851e+001 7.383306e+001
    endloop
  endfacet
  facet normal 0.000000e+000 0.000000e+000 -1.000000e+001
    outer loop
      vertex   -1.151977e+002 4.367851e+001 7.383306e+001
      vertex   -1.171977e+002 4.367851e+001 7.383306e+001
      vertex   -1.151977e+002 4.858570e+001 7.383306e+001
    endloop
  endfacet
  facet normal 0.000000e+000 0.000000e+000 1.000000e+001
    outer loop
      vertex   -1.171977e+002 2.613863e+001 6.123306e+001
      vertex   -1.151977e+002 2.613863e+001 6.123306e+001
      vertex   -1.171977e+002 2.728761e+001 6.123306e+001
    endloop
  endfacet
  facet normal 0.000000e+000 0.000000e+000 4.981390e+000
    outer loop
      vertex   -1.171977e+002 2.728761e+001 6.123306e+001
      vertex   -1.151977e+002 2.613863e+001 6.123306e+001
      vertex   -1.151977e+002 2.728761e+001 6.123306e+001
    endloop
  endfacet
  facet normal 0.000000e+000 0.000000e+000 9.963070e+000
    outer loop
      vertex   -1.151977e+002 2.745997e+001 6.123306e+001
      vertex   -1.171977e+002 2.728761e+001 6.123306e+001
      vertex   -1.151977e+002 2.728761e+001 6.123306e+001
    endloop
  endfacet
  facet normal 0.000000e+000 0.000000e+000 9.537322e-001
    outer loop
      vertex   -1.151977e+002 2.745997e+001 6.123306e+001
      vertex   -1.171977e+002 2.747907e+001 6.123306e+001
      vertex   -1.171977e+002 2.728761e+001 6.123306e+001
    endloop
  endfacet
  facet normal 0.000000e+000 0.000000e+000 9.999544e+000
    outer loop
      vertex   -1.151977e+002 2.745997e+001 6.123306e+001
      vertex   -1.151977e+002 2.748914e+001 6.123306e+001
      vertex   -1.171977e+002 2.747907e+001 6.123306e+001
    endloop
  endfacet
  facet normal 0.000000e+000 0.000000e+000 9.999873e+000
    outer loop
      vertex   -1.171977e+002 2.747907e+001 6.123306e+001
      vertex   -1.151977e+002 2.748914e+001 6.123306e+001
      vertex   -1.171977e+002 2.748914e+001 6.123306e+001
    endloop
  endfacet
  facet normal 0.000000e+000 0.000000e+000 3.038674e-001
    outer loop
      vertex   -1.171977e+002 2.748914e+001 6.123306e+001
      vertex   -1.151977e+002 2.748914e+001 6.123306e+001
      vertex   -1.151977e+002 2.754994e+001 6.123306e+001
    endloop
  endfacet
  facet normal 0.000000e+000 0.000000e+000 8.812236e-001
    outer loop
      vertex   -1.171977e+002 2.765983e+001 6.123306e+001
      vertex   -1.151977e+002 2.754994e+001 6.123306e+001
      vertex   -1.151977e+002 2.772655e+001 6.123306e+001
    endloop
  endfacet
  facet normal 0.000000e+000 0.000000e+000 9.976519e+000
    outer loop
      vertex   -1.171977e+002 4.728763e+001 6.123306e+001
      vertex   -1.151977e+002 2.772655e+001 6.123306e+001
      vertex   -1.151977e+002 4.735435e+001 6.123306e+001
    endloop
  endfacet
  facet normal 0.000000e+000 0.000000e+000 1.000000e+001
    outer loop
      vertex   -1.171977e+002 4.735435e+001 6.123306e+001
      vertex   -1.151977e+002 4.735435e+001 6.123306e+001
      vertex   -1.171977e+002 4.738362e+001 6.123306e+001
    endloop
  endfacet
  facet normal 0.000000e+000 0.000000e+000 1.000000e+001
    outer loop
      vertex   -1.171977e+002 4.735435e+001 6.123306e+001
      vertex   -1.171977e+002 4.728763e+001 6.123306e+001
      vertex   -1.151977e+002 4.735435e+001 6.123306e+001
    endloop
  endfacet
  facet normal 0.000000e+000 0.000000e+000 9.995382e+000
    outer loop
      vertex   -1.171977e+002 2.748914e+001 6.123306e+001
      vertex   -1.151977e+002 2.754994e+001 6.123306e+001
      vertex   -1.171977e+002 2.765983e+001 6.123306e+001
    endloop
  endfacet
  facet normal 0.000000e+000 0.000000e+000 9.994440e+000
    outer loop
      vertex   -1.171977e+002 2.765983e+001 6.123306e+001
      vertex   -1.151977e+002 2.772655e+001 6.123306e+001
      vertex   -1.171977e+002 4.728763e+001 6.123306e+001
    endloop
  endfacet
  facet normal 0.000000e+000 0.000000e+000 9.998929e+000
    outer loop
      vertex   -1.151977e+002 4.735435e+001 6.123306e+001
      vertex   -1.151977e+002 4.748050e+001 6.123306e+001
      vertex   -1.171977e+002 4.738362e+001 6.123306e+001
    endloop
  endfacet
  facet normal 0.000000e+000 0.000000e+000 9.988289e+000
    outer loop
      vertex   -1.171977e+002 4.738362e+001 6.123306e+001
      vertex   -1.151977e+002 4.748050e+001 6.123306e+001
      vertex   -1.171977e+002 4.748050e+001 6.123306e+001
    endloop
  endfacet
  facet normal 0.000000e+000 0.000000e+000 1.000000e+001
    outer loop
      vertex   -1.171977e+002 4.748050e+001 6.123306e+001
      vertex   -1.151977e+002 4.748050e+001 6.123306e+001
      vertex   -1.171977e+002 4.993863e+001 6.123306e+001
    endloop
  endfacet
  facet normal 0.000000e+000 0.000000e+000 7.756863e+000
    outer loop
      vertex   -1.171977e+002 4.993863e+001 6.123306e+001
      vertex   -1.151977e+002 4.748050e+001 6.123306e+001
      vertex   -1.151977e+002 4.993863e+001 6.123306e+001
    endloop
  endfacet
  facet normal 0.000000e+000 -3.679940e-001 9.993227e+000
    outer loop
      vertex   -1.151977e+002 4.993863e+001 6.123306e+001
      vertex   -1.151977e+002 5.023257e+001 6.124388e+001
      vertex   -1.171977e+002 4.993863e+001 6.123306e+001
    endloop
  endfacet
  facet normal -8.673617e-018 -3.640777e-001 9.886873e+000
    outer loop
      vertex   -1.171977e+002 4.993863e+001 6.123306e+001
      vertex   -1.151977e+002 5.023257e+001 6.124388e+001
      vertex   -1.171977e+002 5.023257e+001 6.124388e+001
    endloop
  endfacet
  facet normal 0.000000e+000 -1.601636e-001 1.446143e+000
    outer loop
      vertex   -1.171977e+002 5.023257e+001 6.124388e+001
      vertex   -1.151977e+002 5.023257e+001 6.124388e+001
      vertex   -1.151977e+002 5.052491e+001 6.127626e+001
    endloop
  endfacet
  facet normal 0.000000e+000 -2.660509e-001 1.430457e+000
    outer loop
      vertex   -1.171977e+002 5.052491e+001 6.127626e+001
      vertex   -1.151977e+002 5.052491e+001 6.127626e+001
      vertex   -1.151977e+002 5.081408e+001 6.133004e+001
    endloop
  endfacet
  facet normal 0.000000e+000 -3.704049e-001 1.407058e+000
    outer loop
      vertex   -1.171977e+002 5.081408e+001 6.133004e+001
      vertex   -1.151977e+002 5.081408e+001 6.133004e+001
      vertex   -1.151977e+002 5.109852e+001 6.140492e+001
    endloop
  endfacet
  facet normal 0.000000e+000 -4.728245e-001 1.376062e+000
    outer loop
      vertex   -1.171977e+002 5.109852e+001 6.140492e+001
      vertex   -1.151977e+002 5.109852e+001 6.140492e+001
      vertex   -1.151977e+002 5.137669e+001 6.150050e+001
    endloop
  endfacet
  facet normal 0.000000e+000 -5.726733e-001 1.337566e+000
    outer loop
      vertex   -1.171977e+002 5.137669e+001 6.150050e+001
      vertex   -1.151977e+002 5.137669e+001 6.150050e+001
      vertex   -1.151977e+002 5.164708e+001 6.161627e+001
    endloop
  endfacet
  facet normal 0.000000e+000 -6.694081e-001 1.291899e+000
    outer loop
      vertex   -1.171977e+002 5.164708e+001 6.161627e+001
      vertex   -1.151977e+002 5.164708e+001 6.161627e+001
      vertex   -1.151977e+002 5.190824e+001 6.175159e+001
    endloop
  endfacet
  facet normal 0.000000e+000 -7.625110e-001 1.239181e+000
    outer loop
      vertex   -1.171977e+002 5.190824e+001 6.175159e+001
      vertex   -1.151977e+002 5.190824e+001 6.175159e+001
      vertex   -1.151977e+002 5.215874e+001 6.190573e+001
    endloop
  endfacet
  facet normal 0.000000e+000 -8.515325e-001 1.179809e+000
    outer loop
      vertex   -1.171977e+002 5.215874e+001 6.190573e+001
      vertex   -1.151977e+002 5.215874e+001 6.190573e+001
      vertex   -1.151977e+002 5.239724e+001 6.207787e+001
    endloop
  endfacet
  facet normal 0.000000e+000 -9.359306e-001 1.114068e+000
    outer loop
      vertex   -1.171977e+002 5.239724e+001 6.207787e+001
      vertex   -1.151977e+002 5.239724e+001 6.207787e+001
      vertex   -1.151977e+002 5.262245e+001 6.226707e+001
    endloop
  endfacet
  facet normal 0.000000e+000 -9.135208e-001 9.446955e-001
    outer loop
      vertex   -1.171977e+002 5.262245e+001 6.226707e+001
      vertex   -1.151977e+002 5.262245e+001 6.226707e+001
      vertex   -1.151977e+002 5.281304e+001 6.245137e+001
    endloop
  endfacet
  facet normal 0.000000e+000 -9.741211e-001 8.820860e-001
    outer loop
      vertex   -1.171977e+002 5.281304e+001 6.245137e+001
      vertex   -1.151977e+002 5.281304e+001 6.245137e+001
      vertex   -1.151977e+002 5.299100e+001 6.264790e+001
    endloop
  endfacet
  facet normal 0.000000e+000 -7.841115e+000 6.206200e+000
    outer loop
      vertex   -1.171977e+002 5.299100e+001 6.264790e+001
      vertex   -1.151977e+002 5.299100e+001 6.264790e+001
      vertex   -1.171977e+002 5.315554e+001 6.285578e+001
    endloop
  endfacet
  facet normal 0.000000e+000 -7.412562e+000 6.712222e+000
    outer loop
      vertex   -1.171977e+002 5.299100e+001 6.264790e+001
      vertex   -1.171977e+002 5.281304e+001 6.245137e+001
      vertex   -1.151977e+002 5.299100e+001 6.264790e+001
    endloop
  endfacet
  facet normal 0.000000e+000 -1.089078e+000 9.833459e+000
    outer loop
      vertex   -1.171977e+002 5.023257e+001 6.124388e+001
      vertex   -1.151977e+002 5.052491e+001 6.127626e+001
      vertex   -1.171977e+002 5.052491e+001 6.127626e+001
    endloop
  endfacet
  facet normal -3.469447e-017 -1.809085e+000 9.726778e+000
    outer loop
      vertex   -1.171977e+002 5.052491e+001 6.127626e+001
      vertex   -1.151977e+002 5.081408e+001 6.133004e+001
      vertex   -1.171977e+002 5.081408e+001 6.133004e+001
    endloop
  endfacet
  facet normal 0.000000e+000 -2.518656e+000 9.567621e+000
    outer loop
      vertex   -1.171977e+002 5.081408e+001 6.133004e+001
      vertex   -1.151977e+002 5.109852e+001 6.140492e+001
      vertex   -1.171977e+002 5.109852e+001 6.140492e+001
    endloop
  endfacet
  facet normal 0.000000e+000 -3.215005e+000 9.356636e+000
    outer loop
      vertex   -1.171977e+002 5.109852e+001 6.140492e+001
      vertex   -1.151977e+002 5.137669e+001 6.150050e+001
      vertex   -1.171977e+002 5.137669e+001 6.150050e+001
    endloop
  endfacet
  facet normal 0.000000e+000 -3.894001e+000 9.095038e+000
    outer loop
      vertex   -1.171977e+002 5.137669e+001 6.150050e+001
      vertex   -1.151977e+002 5.164708e+001 6.161627e+001
      vertex   -1.171977e+002 5.164708e+001 6.161627e+001
    endloop
  endfacet
  facet normal -6.938894e-017 -4.551688e+000 8.784362e+000
    outer loop
      vertex   -1.171977e+002 5.164708e+001 6.161627e+001
      vertex   -1.151977e+002 5.190824e+001 6.175159e+001
      vertex   -1.171977e+002 5.190824e+001 6.175159e+001
    endloop
  endfacet
  facet normal 0.000000e+000 -5.184898e+000 8.426141e+000
    outer loop
      vertex   -1.171977e+002 5.190824e+001 6.175159e+001
      vertex   -1.151977e+002 5.215874e+001 6.190573e+001
      vertex   -1.171977e+002 5.215874e+001 6.190573e+001
    endloop
  endfacet
  facet normal 0.000000e+000 -5.790133e+000 8.022301e+000
    outer loop
      vertex   -1.171977e+002 5.215874e+001 6.190573e+001
      vertex   -1.151977e+002 5.239724e+001 6.207787e+001
      vertex   -1.171977e+002 5.239724e+001 6.207787e+001
    endloop
  endfacet
  facet normal -1.387779e-016 -6.363922e+000 7.575182e+000
    outer loop
      vertex   -1.171977e+002 5.239724e+001 6.207787e+001
      vertex   -1.151977e+002 5.262245e+001 6.226707e+001
      vertex   -1.171977e+002 5.262245e+001 6.226707e+001
    endloop
  endfacet
  facet normal -1.387779e-016 -6.891174e+000 7.126342e+000
    outer loop
      vertex   -1.171977e+002 5.262245e+001 6.226707e+001
      vertex   -1.151977e+002 5.281304e+001 6.245137e+001
      vertex   -1.171977e+002 5.281304e+001 6.245137e+001
    endloop
  endfacet
  facet normal 0.000000e+000 -7.773118e+000 6.152381e+000
    outer loop
      vertex   -1.151977e+002 5.299100e+001 6.264790e+001
      vertex   -1.151977e+002 5.315554e+001 6.285578e+001
      vertex   -1.171977e+002 5.315554e+001 6.285578e+001
    endloop
  endfacet
  facet normal 0.000000e+000 -8.234637e+000 5.673689e+000
    outer loop
      vertex   -1.171977e+002 5.315554e+001 6.285578e+001
      vertex   -1.151977e+002 5.315554e+001 6.285578e+001
      vertex   -1.171977e+002 5.330597e+001 6.307410e+001
    endloop
  endfacet
  facet normal 0.000000e+000 -1.082134e+000 7.455934e-001
    outer loop
      vertex   -1.171977e+002 5.330597e+001 6.307410e+001
      vertex   -1.151977e+002 5.315554e+001 6.285578e+001
      vertex   -1.151977e+002 5.330597e+001 6.307410e+001
    endloop
  endfacet
  facet normal 6.938894e-017 -8.518137e+000 5.070943e+000
    outer loop
      vertex   -1.151977e+002 5.344158e+001 6.330191e+001
      vertex   -1.171977e+002 5.330597e+001 6.307410e+001
      vertex   -1.151977e+002 5.330597e+001 6.307410e+001
    endloop
  endfacet
  facet normal 0.000000e+000 -1.129168e+000 6.722066e-001
    outer loop
      vertex   -1.151977e+002 5.344158e+001 6.330191e+001
      vertex   -1.171977e+002 5.344158e+001 6.330191e+001
      vertex   -1.171977e+002 5.330597e+001 6.307410e+001
    endloop
  endfacet
  facet normal 0.000000e+000 -8.912540e+000 4.535044e+000
    outer loop
      vertex   -1.151977e+002 5.344158e+001 6.330191e+001
      vertex   -1.151977e+002 5.356182e+001 6.353821e+001
      vertex   -1.171977e+002 5.344158e+001 6.330191e+001
    endloop
  endfacet
  facet normal 0.000000e+000 -8.835243e+000 4.495712e+000
    outer loop
      vertex   -1.171977e+002 5.344158e+001 6.330191e+001
      vertex   -1.151977e+002 5.356182e+001 6.353821e+001
      vertex   -1.171977e+002 5.356182e+001 6.353821e+001
    endloop
  endfacet
  facet normal 0.000000e+000 -1.208133e+000 5.170183e-001
    outer loop
      vertex   -1.171977e+002 5.356182e+001 6.353821e+001
      vertex   -1.151977e+002 5.356182e+001 6.353821e+001
      vertex   -1.151977e+002 5.366613e+001 6.378195e+001
    endloop
  endfacet
  facet normal 0.000000e+000 -1.387340e+000 4.816434e-001
    outer loop
      vertex   -1.171977e+002 5.366613e+001 6.378195e+001
      vertex   -1.151977e+002 5.366613e+001 6.378195e+001
      vertex   -1.151977e+002 5.376351e+001 6.406246e+001
    endloop
  endfacet
  facet normal 0.000000e+000 -1.419225e+000 3.773579e-001
    outer loop
      vertex   -1.171977e+002 5.376351e+001 6.406246e+001
      vertex   -1.151977e+002 5.376351e+001 6.406246e+001
      vertex   -1.151977e+002 5.383981e+001 6.434942e+001
    endloop
  endfacet
  facet normal 0.000000e+000 -1.443350e+000 2.710202e-001
    outer loop
      vertex   -1.171977e+002 5.383981e+001 6.434942e+001
      vertex   -1.151977e+002 5.383981e+001 6.434942e+001
      vertex   -1.151977e+002 5.389461e+001 6.464125e+001
    endloop
  endfacet
  facet normal 0.000000e+000 -1.459458e+000 1.631970e-001
    outer loop
      vertex   -1.171977e+002 5.389461e+001 6.464125e+001
      vertex   -1.151977e+002 5.389461e+001 6.464125e+001
      vertex   -1.151977e+002 5.392761e+001 6.493634e+001
    endloop
  endfacet
  facet normal 0.000000e+000 -1.467524e+000 5.452480e-002
    outer loop
      vertex   -1.171977e+002 5.392761e+001 6.493634e+001
      vertex   -1.151977e+002 5.392761e+001 6.493634e+001
      vertex   -1.151977e+002 5.393863e+001 6.523306e+001
    endloop
  endfacet
  facet normal 0.000000e+000 -9.993105e+000 3.712867e-001
    outer loop
      vertex   -1.171977e+002 5.393863e+001 6.523306e+001
      vertex   -1.171977e+002 5.392761e+001 6.493634e+001
      vertex   -1.151977e+002 5.393863e+001 6.523306e+001
    endloop
  endfacet
  facet normal 6.938894e-017 -9.113797e+000 3.900233e+000
    outer loop
      vertex   -1.171977e+002 5.356182e+001 6.353821e+001
      vertex   -1.151977e+002 5.366613e+001 6.378195e+001
      vertex   -1.171977e+002 5.366613e+001 6.378195e+001
    endloop
  endfacet
  facet normal 0.000000e+000 -9.344462e+000 3.244122e+000
    outer loop
      vertex   -1.171977e+002 5.366613e+001 6.378195e+001
      vertex   -1.151977e+002 5.376351e+001 6.406246e+001
      vertex   -1.171977e+002 5.376351e+001 6.406246e+001
    endloop
  endfacet
  facet normal 0.000000e+000 -9.559439e+000 2.541760e+000
    outer loop
      vertex   -1.171977e+002 5.376351e+001 6.406246e+001
      vertex   -1.151977e+002 5.383981e+001 6.434942e+001
      vertex   -1.171977e+002 5.383981e+001 6.434942e+001
    endloop
  endfacet
  facet normal 0.000000e+000 -9.721677e+000 1.825455e+000
    outer loop
      vertex   -1.171977e+002 5.383981e+001 6.434942e+001
      vertex   -1.151977e+002 5.389461e+001 6.464125e+001
      vertex   -1.171977e+002 5.389461e+001 6.464125e+001
    endloop
  endfacet
  facet normal 3.469447e-017 -9.830313e+000 1.099229e+000
    outer loop
      vertex   -1.171977e+002 5.389461e+001 6.464125e+001
      vertex   -1.151977e+002 5.392761e+001 6.493634e+001
      vertex   -1.171977e+002 5.392761e+001 6.493634e+001
    endloop
  endfacet
  facet normal 0.000000e+000 -1.000000e+001 0.000000e+000
    outer loop
      vertex   -1.151977e+002 5.393863e+001 6.523306e+001
      vertex   -1.151977e+002 5.393863e+001 6.594200e+001
      vertex   -1.171977e+002 5.393863e+001 6.523306e+001
    endloop
  endfacet
  facet normal 0.000000e+000 -9.425375e+000 0.000000e+000
    outer loop
      vertex   -1.171977e+002 5.393863e+001 6.523306e+001
      vertex   -1.151977e+002 5.393863e+001 6.594200e+001
      vertex   -1.171977e+002 5.393863e+001 6.594200e+001
    endloop
  endfacet
  facet normal 0.000000e+000 -8.893919e+000 0.000000e+000
    outer loop
      vertex   -1.171977e+002 5.393863e+001 6.594200e+001
      vertex   -1.151977e+002 5.393863e+001 6.594200e+001
      vertex   -1.151977e+002 5.393863e+001 6.983306e+001
    endloop
  endfacet
  facet normal 0.000000e+000 -1.000000e+001 0.000000e+000
    outer loop
      vertex   -1.171977e+002 5.393863e+001 6.983306e+001
      vertex   -1.171977e+002 5.393863e+001 6.594200e+001
      vertex   -1.151977e+002 5.393863e+001 6.983306e+001
    endloop
  endfacet
  facet normal -0.000000e+000 -9.993094e+000 -3.715639e-001
    outer loop
      vertex   -1.151977e+002 5.393863e+001 6.983306e+001
      vertex   -1.151977e+002 5.392758e+001 7.013020e+001
      vertex   -1.171977e+002 5.393863e+001 6.983306e+001
    endloop
  endfacet
  facet normal 0.000000e+000 -9.884450e+000 -3.675242e-001
    outer loop
      vertex   -1.171977e+002 5.393863e+001 6.983306e+001
      vertex   -1.151977e+002 5.392758e+001 7.013020e+001
      vertex   -1.171977e+002 5.392758e+001 7.013020e+001
    endloop
  endfacet
  facet normal 0.000000e+000 -1.461372e+000 -1.636639e-001
    outer loop
      vertex   -1.171977e+002 5.392758e+001 7.013020e+001
      vertex   -1.151977e+002 5.392758e+001 7.013020e+001
      vertex   -1.151977e+002 5.389449e+001 7.042569e+001
    endloop
  endfacet
  facet normal 0.000000e+000 -1.445217e+000 -2.717668e-001
    outer loop
      vertex   -1.171977e+002 5.389449e+001 7.042569e+001
      vertex   -1.151977e+002 5.389449e+001 7.042569e+001
      vertex   -1.151977e+002 5.383954e+001 7.071791e+001
    endloop
  endfacet
  facet normal 0.000000e+000 -1.414654e+000 -3.764408e-001
    outer loop
      vertex   -1.171977e+002 5.383954e+001 7.071791e+001
      vertex   -1.151977e+002 5.383954e+001 7.071791e+001
      vertex   -1.151977e+002 5.376343e+001 7.100392e+001
    endloop
  endfacet
  facet normal 0.000000e+000 -1.382979e+000 -4.799789e-001
    outer loop
      vertex   -1.171977e+002 5.376343e+001 7.100392e+001
      vertex   -1.151977e+002 5.376343e+001 7.100392e+001
      vertex   -1.151977e+002 5.366639e+001 7.128353e+001
    endloop
  endfacet
  facet normal 0.000000e+000 -1.343709e+000 -5.809698e-001
    outer loop
      vertex   -1.171977e+002 5.366639e+001 7.128353e+001
      vertex   -1.151977e+002 5.366639e+001 7.128353e+001
      vertex   -1.151977e+002 5.354893e+001 7.155520e+001
    endloop
  endfacet
  facet normal 0.000000e+000 -1.314468e+000 -6.887105e-001
    outer loop
      vertex   -1.171977e+002 5.354893e+001 7.155520e+001
      vertex   -1.151977e+002 5.354893e+001 7.155520e+001
      vertex   -1.151977e+002 5.340965e+001 7.182104e+001
    endloop
  endfacet
  facet normal 0.000000e+000 -1.259177e+000 -7.852854e-001
    outer loop
      vertex   -1.171977e+002 5.340965e+001 7.182104e+001
      vertex   -1.151977e+002 5.340965e+001 7.182104e+001
      vertex   -1.151977e+002 5.325083e+001 7.207569e+001
    endloop
  endfacet
  facet normal 0.000000e+000 -1.196743e+000 -8.775219e-001
    outer loop
      vertex   -1.171977e+002 5.325083e+001 7.207569e+001
      vertex   -1.151977e+002 5.325083e+001 7.207569e+001
      vertex   -1.151977e+002 5.307336e+001 7.231772e+001
    endloop
  endfacet
  facet normal 0.000000e+000 -1.127589e+000 -9.648070e-001
    outer loop
      vertex   -1.171977e+002 5.307336e+001 7.231772e+001
      vertex   -1.151977e+002 5.307336e+001 7.231772e+001
      vertex   -1.151977e+002 5.287824e+001 7.254576e+001
    endloop
  endfacet
  facet normal 0.000000e+000 -1.052023e+000 -1.046576e+000
    outer loop
      vertex   -1.171977e+002 5.287824e+001 7.254576e+001
      vertex   -1.151977e+002 5.287824e+001 7.254576e+001
      vertex   -1.151977e+002 5.266658e+001 7.275852e+001
    endloop
  endfacet
  facet normal 0.000000e+000 -9.706311e-001 -1.122543e+000
    outer loop
      vertex   -1.171977e+002 5.266658e+001 7.275852e+001
      vertex   -1.151977e+002 5.266658e+001 7.275852e+001
      vertex   -1.151977e+002 5.243956e+001 7.295482e+001
    endloop
  endfacet
  facet normal 0.000000e+000 -8.837700e-001 -1.192145e+000
    outer loop
      vertex   -1.171977e+002 5.243956e+001 7.295482e+001
      vertex   -1.151977e+002 5.243956e+001 7.295482e+001
      vertex   -1.151977e+002 5.219846e+001 7.313355e+001
    endloop
  endfacet
  facet normal 0.000000e+000 -7.918402e-001 -1.255052e+000
    outer loop
      vertex   -1.171977e+002 5.219846e+001 7.313355e+001
      vertex   -1.151977e+002 5.219846e+001 7.313355e+001
      vertex   -1.151977e+002 5.194464e+001 7.329369e+001
    endloop
  endfacet
  facet normal 0.000000e+000 -6.955241e-001 -1.310930e+000
    outer loop
      vertex   -1.171977e+002 5.194464e+001 7.329369e+001
      vertex   -1.151977e+002 5.194464e+001 7.329369e+001
      vertex   -1.151977e+002 5.167952e+001 7.343436e+001
    endloop
  endfacet
  facet normal 0.000000e+000 -5.952948e-001 -1.359337e+000
    outer loop
      vertex   -1.171977e+002 5.167952e+001 7.343436e+001
      vertex   -1.151977e+002 5.167952e+001 7.343436e+001
      vertex   -1.151977e+002 5.140461e+001 7.355475e+001
    endloop
  endfacet
  facet normal 0.000000e+000 -4.916698e-001 -1.400173e+000
    outer loop
      vertex   -1.171977e+002 5.140461e+001 7.355475e+001
      vertex   -1.151977e+002 5.140461e+001 7.355475e+001
      vertex   -1.151977e+002 5.112144e+001 7.365418e+001
    endloop
  endfacet
  facet normal 0.000000e+000 -3.853100e-001 -1.433088e+000
    outer loop
      vertex   -1.171977e+002 5.112144e+001 7.365418e+001
      vertex   -1.151977e+002 5.112144e+001 7.365418e+001
      vertex   -1.151977e+002 5.083161e+001 7.373211e+001
    endloop
  endfacet
  facet normal 0.000000e+000 -2.768281e-001 -1.457939e+000
    outer loop
      vertex   -1.171977e+002 5.083161e+001 7.373211e+001
      vertex   -1.151977e+002 5.083161e+001 7.373211e+001
      vertex   -1.151977e+002 5.053676e+001 7.378809e+001
    endloop
  endfacet
  facet normal 0.000000e+000 -1.666722e-001 -1.474585e+000
    outer loop
      vertex   -1.171977e+002 5.053676e+001 7.378809e+001
      vertex   -1.151977e+002 5.053676e+001 7.378809e+001
      vertex   -1.151977e+002 5.023854e+001 7.382180e+001
    endloop
  endfacet
  facet normal 0.000000e+000 -5.566740e-002 -1.482955e+000
    outer loop
      vertex   -1.171977e+002 5.023854e+001 7.382180e+001
      vertex   -1.151977e+002 5.023854e+001 7.382180e+001
      vertex   -1.151977e+002 4.993863e+001 7.383306e+001
    endloop
  endfacet
  facet normal 0.000000e+000 -3.751174e-001 -9.992962e+000
    outer loop
      vertex   -1.171977e+002 4.993863e+001 7.383306e+001
      vertex   -1.171977e+002 5.023854e+001 7.382180e+001
      vertex   -1.151977e+002 4.993863e+001 7.383306e+001
    endloop
  endfacet
  facet normal 0.000000e+000 -9.829836e+000 -1.100876e+000
    outer loop
      vertex   -1.171977e+002 5.392758e+001 7.013020e+001
      vertex   -1.151977e+002 5.389449e+001 7.042569e+001
      vertex   -1.171977e+002 5.389449e+001 7.042569e+001
    endloop
  endfacet
  facet normal 3.469447e-017 -9.720905e+000 -1.827974e+000
    outer loop
      vertex   -1.171977e+002 5.389449e+001 7.042569e+001
      vertex   -1.151977e+002 5.383954e+001 7.071791e+001
      vertex   -1.171977e+002 5.383954e+001 7.071791e+001
    endloop
  endfacet
  facet normal 0.000000e+000 -9.559604e+000 -2.543819e+000
    outer loop
      vertex   -1.171977e+002 5.383954e+001 7.071791e+001
      vertex   -1.151977e+002 5.376343e+001 7.100392e+001
      vertex   -1.171977e+002 5.376343e+001 7.100392e+001
    endloop
  endfacet
  facet normal 6.938894e-017 -9.345431e+000 -3.243441e+000
    outer loop
      vertex   -1.171977e+002 5.376343e+001 7.100392e+001
      vertex   -1.151977e+002 5.366639e+001 7.128353e+001
      vertex   -1.171977e+002 5.366639e+001 7.128353e+001
    endloop
  endfacet
  facet normal -6.938894e-017 -9.079916e+000 -3.925817e+000
    outer loop
      vertex   -1.171977e+002 5.366639e+001 7.128353e+001
      vertex   -1.151977e+002 5.354893e+001 7.155520e+001
      vertex   -1.171977e+002 5.354893e+001 7.155520e+001
    endloop
  endfacet
  facet normal 0.000000e+000 -8.759744e+000 -4.589634e+000
    outer loop
      vertex   -1.171977e+002 5.354893e+001 7.155520e+001
      vertex   -1.151977e+002 5.340965e+001 7.182104e+001
      vertex   -1.171977e+002 5.340965e+001 7.182104e+001
    endloop
  endfacet
  facet normal 0.000000e+000 -8.391179e+000 -5.233154e+000
    outer loop
      vertex   -1.171977e+002 5.340965e+001 7.182104e+001
      vertex   -1.151977e+002 5.325083e+001 7.207569e+001
      vertex   -1.171977e+002 5.325083e+001 7.207569e+001
    endloop
  endfacet
  facet normal 0.000000e+000 -7.975045e+000 -5.847769e+000
    outer loop
      vertex   -1.171977e+002 5.325083e+001 7.207569e+001
      vertex   -1.151977e+002 5.307336e+001 7.231772e+001
      vertex   -1.171977e+002 5.307336e+001 7.231772e+001
    endloop
  endfacet
  facet normal -1.387779e-016 -7.514081e+000 -6.429329e+000
    outer loop
      vertex   -1.171977e+002 5.307336e+001 7.231772e+001
      vertex   -1.151977e+002 5.287824e+001 7.254576e+001
      vertex   -1.171977e+002 5.287824e+001 7.254576e+001
    endloop
  endfacet
  facet normal 0.000000e+000 -7.010904e+000 -6.974607e+000
    outer loop
      vertex   -1.171977e+002 5.287824e+001 7.254576e+001
      vertex   -1.151977e+002 5.266658e+001 7.275852e+001
      vertex   -1.171977e+002 5.266658e+001 7.275852e+001
    endloop
  endfacet
  facet normal -1.387779e-016 -6.468260e+000 -7.480600e+000
    outer loop
      vertex   -1.171977e+002 5.266658e+001 7.275852e+001
      vertex   -1.151977e+002 5.243956e+001 7.295482e+001
      vertex   -1.171977e+002 5.243956e+001 7.295482e+001
    endloop
  endfacet
  facet normal 0.000000e+000 -5.889378e+000 -7.944367e+000
    outer loop
      vertex   -1.171977e+002 5.243956e+001 7.295482e+001
      vertex   -1.151977e+002 5.219846e+001 7.313355e+001
      vertex   -1.171977e+002 5.219846e+001 7.313355e+001
    endloop
  endfacet
  facet normal 1.387779e-016 -5.276880e+000 -8.363753e+000
    outer loop
      vertex   -1.171977e+002 5.219846e+001 7.313355e+001
      vertex   -1.151977e+002 5.194464e+001 7.329369e+001
      vertex   -1.171977e+002 5.194464e+001 7.329369e+001
    endloop
  endfacet
  facet normal 6.938894e-017 -4.634885e+000 -8.735877e+000
    outer loop
      vertex   -1.171977e+002 5.194464e+001 7.329369e+001
      vertex   -1.151977e+002 5.167952e+001 7.343436e+001
      vertex   -1.171977e+002 5.167952e+001 7.343436e+001
    endloop
  endfacet
  facet normal 6.938894e-017 -3.967081e+000 -9.058702e+000
    outer loop
      vertex   -1.171977e+002 5.167952e+001 7.343436e+001
      vertex   -1.151977e+002 5.140461e+001 7.355475e+001
      vertex   -1.171977e+002 5.140461e+001 7.355475e+001
    endloop
  endfacet
  facet normal -6.938894e-017 -3.276478e+000 -9.330727e+000
    outer loop
      vertex   -1.171977e+002 5.140461e+001 7.355475e+001
      vertex   -1.151977e+002 5.112144e+001 7.365418e+001
      vertex   -1.171977e+002 5.112144e+001 7.365418e+001
    endloop
  endfacet
  facet normal 6.938894e-017 -2.567709e+000 -9.550113e+000
    outer loop
      vertex   -1.171977e+002 5.112144e+001 7.365418e+001
      vertex   -1.151977e+002 5.083161e+001 7.373211e+001
      vertex   -1.171977e+002 5.083161e+001 7.373211e+001
    endloop
  endfacet
  facet normal 3.469447e-017 -1.844779e+000 -9.715687e+000
    outer loop
      vertex   -1.171977e+002 5.083161e+001 7.373211e+001
      vertex   -1.151977e+002 5.053676e+001 7.378809e+001
      vertex   -1.171977e+002 5.053676e+001 7.378809e+001
    endloop
  endfacet
  facet normal 3.469447e-017 -1.110711e+000 -9.826706e+000
    outer loop
      vertex   -1.171977e+002 5.053676e+001 7.378809e+001
      vertex   -1.151977e+002 5.023854e+001 7.382180e+001
      vertex   -1.171977e+002 5.023854e+001 7.382180e+001
    endloop
  endfacet
  facet normal 9.001020e+000 0.000000e+000 0.000000e+000
    outer loop
      vertex   -1.151977e+002 2.745997e+001 6.123306e+001
      vertex   -1.151977e+002 3.102579e+001 5.386617e+001
      vertex   -1.151977e+002 2.748914e+001 6.123306e+001
    endloop
  endfacet
  facet normal 1.396022e+000 0.000000e+000 0.000000e+000
    outer loop
      vertex   -1.151977e+002 2.748914e+001 6.123306e+001
      vertex   -1.151977e+002 3.102579e+001 5.386617e+001
      vertex   -1.151977e+002 3.102579e+001 5.592391e+001
    endloop
  endfacet
  facet normal 9.001020e+000 0.000000e+000 0.000000e+000
    outer loop
      vertex   -1.151977e+002 2.745997e+001 6.123306e+001
      vertex   -1.151977e+002 2.728761e+001 6.123306e+001
      vertex   -1.151977e+002 3.102579e+001 5.386617e+001
    endloop
  endfacet
  facet normal 9.735646e+000 0.000000e+000 0.000000e+000
    outer loop
      vertex   -1.151977e+002 3.102579e+001 5.386617e+001
      vertex   -1.151977e+002 2.728761e+001 6.123306e+001
      vertex   -1.151977e+002 1.487432e+001 4.026143e+001
    endloop
  endfacet
  facet normal 8.605495e+000 0.000000e+000 0.000000e+000
    outer loop
      vertex   -1.151977e+002 2.728761e+001 6.123306e+001
      vertex   -1.151977e+002 2.613863e+001 6.123306e+001
      vertex   -1.151977e+002 1.487432e+001 4.026143e+001
    endloop
  endfacet
  facet normal 1.134665e-001 0.000000e+000 0.000000e+000
    outer loop
      vertex   -1.151977e+002 1.487432e+001 4.026143e+001
      vertex   -1.151977e+002 2.613863e+001 6.123306e+001
      vertex   -1.151977e+002 2.583971e+001 6.124426e+001
    endloop
  endfacet
  facet normal 9.367634e+000 0.000000e+000 0.000000e+000
    outer loop
      vertex   -1.151977e+002 2.554246e+001 6.127774e+001
      vertex   -1.151977e+002 1.487432e+001 4.026143e+001
      vertex   -1.151977e+002 2.583971e+001 6.124426e+001
    endloop
  endfacet
  facet normal 9.602988e+000 0.000000e+000 0.000000e+000
    outer loop
      vertex   -1.151977e+002 2.554246e+001 6.127774e+001
      vertex   -1.151977e+002 2.524855e+001 6.133335e+001
      vertex   -1.151977e+002 1.487432e+001 4.026143e+001
    endloop
  endfacet
  facet normal 1.252295e-001 0.000000e+000 0.000000e+000
    outer loop
      vertex   -1.151977e+002 1.487432e+001 4.026143e+001
      vertex   -1.151977e+002 2.524855e+001 6.133335e+001
      vertex   -1.151977e+002 2.495961e+001 6.141077e+001
    endloop
  endfacet
  facet normal 9.954302e+000 0.000000e+000 0.000000e+000
    outer loop
      vertex   -1.151977e+002 2.467727e+001 6.150957e+001
      vertex   -1.151977e+002 1.487432e+001 4.026143e+001
      vertex   -1.151977e+002 2.495961e+001 6.141077e+001
    endloop
  endfacet
  facet normal 9.997825e+000 0.000000e+000 0.000000e+000
    outer loop
      vertex   -1.151977e+002 2.467727e+001 6.150957e+001
      vertex   -1.151977e+002 2.440310e+001 6.162919e+001
      vertex   -1.151977e+002 1.487432e+001 4.026143e+001
    endloop
  endfacet
  facet normal 1.274524e-001 0.000000e+000 0.000000e+000
    outer loop
      vertex   -1.151977e+002 1.487432e+001 4.026143e+001
      vertex   -1.151977e+002 2.440310e+001 6.162919e+001
      vertex   -1.151977e+002 2.413863e+001 6.176896e+001
    endloop
  endfacet
  facet normal 9.861085e+000 0.000000e+000 0.000000e+000
    outer loop
      vertex   -1.151977e+002 2.388535e+001 6.192811e+001
      vertex   -1.151977e+002 1.487432e+001 4.026143e+001
      vertex   -1.151977e+002 2.413863e+001 6.176896e+001
    endloop
  endfacet
  facet normal 9.709390e+000 0.000000e+000 0.000000e+000
    outer loop
      vertex   -1.151977e+002 2.388535e+001 6.192811e+001
      vertex   -1.151977e+002 2.364467e+001 6.210574e+001
      vertex   -1.151977e+002 1.487432e+001 4.026143e+001
    endloop
  endfacet
  facet normal 1.197699e-001 0.000000e+000 0.000000e+000
    outer loop
      vertex   -1.151977e+002 1.487432e+001 4.026143e+001
      vertex   -1.151977e+002 2.364467e+001 6.210574e+001
      vertex   -1.151977e+002 2.341794e+001 6.230087e+001
    endloop
  endfacet
  facet normal 9.101685e+000 0.000000e+000 0.000000e+000
    outer loop
      vertex   -1.151977e+002 2.320643e+001 6.251237e+001
      vertex   -1.151977e+002 1.487432e+001 4.026143e+001
      vertex   -1.151977e+002 2.341794e+001 6.230087e+001
    endloop
  endfacet
  facet normal 8.766796e+000 0.000000e+000 0.000000e+000
    outer loop
      vertex   -1.151977e+002 2.320643e+001 6.251237e+001
      vertex   -1.151977e+002 2.301131e+001 6.273910e+001
      vertex   -1.151977e+002 1.487432e+001 4.026143e+001
    endloop
  endfacet
  facet normal 1.034169e-001 0.000000e+000 0.000000e+000
    outer loop
      vertex   -1.151977e+002 1.487432e+001 4.026143e+001
      vertex   -1.151977e+002 2.301131e+001 6.273910e+001
      vertex   -1.151977e+002 2.283368e+001 6.297978e+001
    endloop
  endfacet
  facet normal 7.760299e+000 0.000000e+000 0.000000e+000
    outer loop
      vertex   -1.151977e+002 2.267453e+001 6.323306e+001
      vertex   -1.151977e+002 1.487432e+001 4.026143e+001
      vertex   -1.151977e+002 2.283368e+001 6.297978e+001
    endloop
  endfacet
  facet normal 7.267092e+000 0.000000e+000 0.000000e+000
    outer loop
      vertex   -1.151977e+002 2.267453e+001 6.323306e+001
      vertex   -1.151977e+002 2.253476e+001 6.349754e+001
      vertex   -1.151977e+002 1.487432e+001 4.026143e+001
    endloop
  endfacet
  facet normal 8.078047e-002 0.000000e+000 0.000000e+000
    outer loop
      vertex   -1.151977e+002 1.487432e+001 4.026143e+001
      vertex   -1.151977e+002 2.253476e+001 6.349754e+001
      vertex   -1.151977e+002 2.241514e+001 6.377170e+001
    endloop
  endfacet
  facet normal 5.970055e+000 0.000000e+000 0.000000e+000
    outer loop
      vertex   -1.151977e+002 2.231634e+001 6.405404e+001
      vertex   -1.151977e+002 1.487432e+001 4.026143e+001
      vertex   -1.151977e+002 2.241514e+001 6.377170e+001
    endloop
  endfacet
  facet normal 5.353650e+000 0.000000e+000 0.000000e+000
    outer loop
      vertex   -1.151977e+002 2.231634e+001 6.405404e+001
      vertex   -1.151977e+002 2.223892e+001 6.434298e+001
      vertex   -1.151977e+002 1.487432e+001 4.026143e+001
    endloop
  endfacet
  facet normal 5.467326e-002 0.000000e+000 0.000000e+000
    outer loop
      vertex   -1.151977e+002 1.487432e+001 4.026143e+001
      vertex   -1.151977e+002 2.223892e+001 6.434298e+001
      vertex   -1.151977e+002 2.218331e+001 6.463689e+001
    endloop
  endfacet
  facet normal 3.884478e+000 0.000000e+000 0.000000e+000
    outer loop
      vertex   -1.151977e+002 2.214982e+001 6.493414e+001
      vertex   -1.151977e+002 1.487432e+001 4.026143e+001
      vertex   -1.151977e+002 2.218331e+001 6.463689e+001
    endloop
  endfacet
  facet normal 3.185196e+000 0.000000e+000 0.000000e+000
    outer loop
      vertex   -1.151977e+002 2.214982e+001 6.493414e+001
      vertex   -1.151977e+002 2.213863e+001 6.523306e+001
      vertex   -1.151977e+002 1.487432e+001 4.026143e+001
    endloop
  endfacet
  facet normal 2.793237e+000 0.000000e+000 0.000000e+000
    outer loop
      vertex   -1.151977e+002 1.487432e+001 4.026143e+001
      vertex   -1.151977e+002 2.213863e+001 6.523306e+001
      vertex   -1.151977e+002 1.487432e+001 8.736143e+001
    endloop
  endfacet
  facet normal 7.561690e-001 0.000000e+000 0.000000e+000
    outer loop
      vertex   -1.151977e+002 1.487432e+001 8.736143e+001
      vertex   -1.151977e+002 2.213863e+001 6.523306e+001
      vertex   -1.151977e+002 2.213863e+001 6.983306e+001
    endloop
  endfacet
  facet normal 4.217938e+000 0.000000e+000 0.000000e+000
    outer loop
      vertex   -1.151977e+002 2.214906e+001 7.012167e+001
      vertex   -1.151977e+002 1.487432e+001 8.736143e+001
      vertex   -1.151977e+002 2.213863e+001 6.983306e+001
    endloop
  endfacet
  facet normal 4.861008e+000 0.000000e+000 0.000000e+000
    outer loop
      vertex   -1.151977e+002 2.214906e+001 7.012167e+001
      vertex   -1.151977e+002 2.218028e+001 7.040878e+001
      vertex   -1.151977e+002 1.487432e+001 8.736143e+001
    endloop
  endfacet
  facet normal 8.784798e-002 0.000000e+000 0.000000e+000
    outer loop
      vertex   -1.151977e+002 1.487432e+001 8.736143e+001
      vertex   -1.151977e+002 2.218028e+001 7.040878e+001
      vertex   -1.151977e+002 2.223214e+001 7.069288e+001
    endloop
  endfacet
  facet normal 6.275402e+000 0.000000e+000 0.000000e+000
    outer loop
      vertex   -1.151977e+002 2.230436e+001 7.097251e+001
      vertex   -1.151977e+002 1.487432e+001 8.736143e+001
      vertex   -1.151977e+002 2.223214e+001 7.069288e+001
    endloop
  endfacet
  facet normal 6.820961e+000 0.000000e+000 0.000000e+000
    outer loop
      vertex   -1.151977e+002 2.230436e+001 7.097251e+001
      vertex   -1.151977e+002 2.239657e+001 7.124619e+001
      vertex   -1.151977e+002 1.487432e+001 8.736143e+001
    endloop
  endfacet
  facet normal 1.215740e-001 0.000000e+000 0.000000e+000
    outer loop
      vertex   -1.151977e+002 1.487432e+001 8.736143e+001
      vertex   -1.151977e+002 2.239657e+001 7.124619e+001
      vertex   -1.151977e+002 2.250828e+001 7.151251e+001
    endloop
  endfacet
  facet normal 7.942244e+000 0.000000e+000 0.000000e+000
    outer loop
      vertex   -1.151977e+002 2.250828e+001 7.151251e+001
      vertex   -1.151977e+002 2.263675e+001 7.176614e+001
      vertex   -1.151977e+002 1.487432e+001 8.736143e+001
    endloop
  endfacet
  facet normal 1.386977e-001 0.000000e+000 0.000000e+000
    outer loop
      vertex   -1.151977e+002 1.487432e+001 8.736143e+001
      vertex   -1.151977e+002 2.263675e+001 7.176614e+001
      vertex   -1.151977e+002 2.278291e+001 7.201001e+001
    endloop
  endfacet
  facet normal 8.918416e+000 0.000000e+000 0.000000e+000
    outer loop
      vertex   -1.151977e+002 2.294602e+001 7.224289e+001
      vertex   -1.151977e+002 1.487432e+001 8.736143e+001
      vertex   -1.151977e+002 2.278291e+001 7.201001e+001
    endloop
  endfacet
  facet normal 9.217409e+000 0.000000e+000 0.000000e+000
    outer loop
      vertex   -1.151977e+002 2.294602e+001 7.224289e+001
      vertex   -1.151977e+002 2.312527e+001 7.246358e+001
      vertex   -1.151977e+002 1.487432e+001 8.736143e+001
    endloop
  endfacet
  facet normal 1.596979e-001 0.000000e+000 0.000000e+000
    outer loop
      vertex   -1.151977e+002 1.487432e+001 8.736143e+001
      vertex   -1.151977e+002 2.312527e+001 7.246358e+001
      vertex   -1.151977e+002 2.331974e+001 7.267099e+001
    endloop
  endfacet
  facet normal 9.783784e+000 0.000000e+000 0.000000e+000
    outer loop
      vertex   -1.151977e+002 2.352845e+001 7.286406e+001
      vertex   -1.151977e+002 1.487432e+001 8.736143e+001
      vertex   -1.151977e+002 2.331974e+001 7.267099e+001
    endloop
  endfacet
  facet normal 9.906026e+000 0.000000e+000 0.000000e+000
    outer loop
      vertex   -1.151977e+002 2.352845e+001 7.286406e+001
      vertex   -1.151977e+002 2.375035e+001 7.304181e+001
      vertex   -1.151977e+002 1.487432e+001 8.736143e+001
    endloop
  endfacet
  facet normal 1.686709e-001 0.000000e+000 0.000000e+000
    outer loop
      vertex   -1.151977e+002 1.487432e+001 8.736143e+001
      vertex   -1.151977e+002 2.375035e+001 7.304181e+001
      vertex   -1.151977e+002 2.398431e+001 7.320336e+001
    endloop
  endfacet
  facet normal 9.984629e+000 0.000000e+000 0.000000e+000
    outer loop
      vertex   -1.151977e+002 2.422916e+001 7.334787e+001
      vertex   -1.151977e+002 1.487432e+001 8.736143e+001
      vertex   -1.151977e+002 2.398431e+001 7.320336e+001
    endloop
  endfacet
  facet normal 9.920113e+000 0.000000e+000 0.000000e+000
    outer loop
      vertex   -1.151977e+002 2.422916e+001 7.334787e+001
      vertex   -1.151977e+002 2.448365e+001 7.347463e+001
      vertex   -1.151977e+002 1.487432e+001 8.736143e+001
    endloop
  endfacet
  facet normal 1.639026e-001 0.000000e+000 0.000000e+000
    outer loop
      vertex   -1.151977e+002 1.487432e+001 8.736143e+001
      vertex   -1.151977e+002 2.448365e+001 7.347463e+001
      vertex   -1.151977e+002 2.474651e+001 7.358299e+001
    endloop
  endfacet
  facet normal 9.499501e+000 0.000000e+000 0.000000e+000
    outer loop
      vertex   -1.151977e+002 2.501640e+001 7.367241e+001
      vertex   -1.151977e+002 1.487432e+001 8.736143e+001
      vertex   -1.151977e+002 2.474651e+001 7.358299e+001
    endloop
  endfacet
  facet normal 9.253649e+000 0.000000e+000 0.000000e+000
    outer loop
      vertex   -1.151977e+002 2.501640e+001 7.367241e+001
      vertex   -1.151977e+002 2.529196e+001 7.374243e+001
      vertex   -1.151977e+002 1.487432e+001 8.736143e+001
    endloop
  endfacet
  facet normal 1.463153e-001 0.000000e+000 0.000000e+000
    outer loop
      vertex   -1.151977e+002 1.487432e+001 8.736143e+001
      vertex   -1.151977e+002 2.529196e+001 7.374243e+001
      vertex   -1.151977e+002 2.557180e+001 7.379270e+001
    endloop
  endfacet
  facet normal 8.393014e+000 0.000000e+000 0.000000e+000
    outer loop
      vertex   -1.151977e+002 2.585450e+001 7.382296e+001
      vertex   -1.151977e+002 1.487432e+001 8.736143e+001
      vertex   -1.151977e+002 2.557180e+001 7.379270e+001
    endloop
  endfacet
  facet normal 7.985561e+000 0.000000e+000 0.000000e+000
    outer loop
      vertex   -1.151977e+002 2.585450e+001 7.382296e+001
      vertex   -1.151977e+002 2.613863e+001 7.383306e+001
      vertex   -1.151977e+002 1.487432e+001 8.736143e+001
    endloop
  endfacet
  facet normal 1.770676e-002 0.000000e+000 0.000000e+000
    outer loop
      vertex   -1.151977e+002 1.487432e+001 8.736143e+001
      vertex   -1.151977e+002 2.613863e+001 7.383306e+001
      vertex   -1.151977e+002 2.617925e+001 7.383306e+001
    endloop
  endfacet
  facet normal 7.673478e+000 0.000000e+000 0.000000e+000
    outer loop
      vertex   -1.151977e+002 2.617925e+001 7.383306e+001
      vertex   -1.151977e+002 3.954708e+001 7.383306e+001
      vertex   -1.151977e+002 1.487432e+001 8.736143e+001
    endloop
  endfacet
  facet normal 6.911584e+000 0.000000e+000 0.000000e+000
    outer loop
      vertex   -1.151977e+002 4.367851e+001 7.383306e+001
      vertex   -1.151977e+002 5.782432e+001 8.736143e+001
      vertex   -1.151977e+002 3.954708e+001 7.383306e+001
    endloop
  endfacet
  facet normal 9.081025e+000 0.000000e+000 0.000000e+000
    outer loop
      vertex   -1.151977e+002 3.954708e+001 7.383306e+001
      vertex   -1.151977e+002 5.782432e+001 8.736143e+001
      vertex   -1.151977e+002 1.487432e+001 8.736143e+001
    endloop
  endfacet
  facet normal 6.911584e+000 0.000000e+000 0.000000e+000
    outer loop
      vertex   -1.151977e+002 4.367851e+001 7.383306e+001
      vertex   -1.151977e+002 4.858570e+001 7.383306e+001
      vertex   -1.151977e+002 5.782432e+001 8.736143e+001
    endloop
  endfacet
  facet normal 8.258086e+000 0.000000e+000 0.000000e+000
    outer loop
      vertex   -1.151977e+002 4.858570e+001 7.383306e+001
      vertex   -1.151977e+002 4.993863e+001 7.383306e+001
      vertex   -1.151977e+002 5.782432e+001 8.736143e+001
    endloop
  endfacet
  facet normal 1.706045e-001 0.000000e+000 0.000000e+000
    outer loop
      vertex   -1.151977e+002 5.782432e+001 8.736143e+001
      vertex   -1.151977e+002 4.993863e+001 7.383306e+001
      vertex   -1.151977e+002 5.023854e+001 7.382180e+001
    endloop
  endfacet
  facet normal 9.285979e+000 0.000000e+000 0.000000e+000
    outer loop
      vertex   -1.151977e+002 5.053676e+001 7.378809e+001
      vertex   -1.151977e+002 5.782432e+001 8.736143e+001
      vertex   -1.151977e+002 5.023854e+001 7.382180e+001
    endloop
  endfacet
  facet normal 9.538200e+000 0.000000e+000 0.000000e+000
    outer loop
      vertex   -1.151977e+002 5.053676e+001 7.378809e+001
      vertex   -1.151977e+002 5.083161e+001 7.373211e+001
      vertex   -1.151977e+002 5.782432e+001 8.736143e+001
    endloop
  endfacet
  facet normal 1.923136e-001 0.000000e+000 0.000000e+000
    outer loop
      vertex   -1.151977e+002 5.782432e+001 8.736143e+001
      vertex   -1.151977e+002 5.083161e+001 7.373211e+001
      vertex   -1.151977e+002 5.112144e+001 7.365418e+001
    endloop
  endfacet
  facet normal 9.952471e+000 0.000000e+000 0.000000e+000
    outer loop
      vertex   -1.151977e+002 5.140461e+001 7.355475e+001
      vertex   -1.151977e+002 5.782432e+001 8.736143e+001
      vertex   -1.151977e+002 5.112144e+001 7.365418e+001
    endloop
  endfacet
  facet normal 9.997478e+000 0.000000e+000 0.000000e+000
    outer loop
      vertex   -1.151977e+002 5.140461e+001 7.355475e+001
      vertex   -1.151977e+002 5.167952e+001 7.343436e+001
      vertex   -1.151977e+002 5.782432e+001 8.736143e+001
    endloop
  endfacet
  facet normal 1.963281e-001 0.000000e+000 0.000000e+000
    outer loop
      vertex   -1.151977e+002 5.782432e+001 8.736143e+001
      vertex   -1.151977e+002 5.167952e+001 7.343436e+001
      vertex   -1.151977e+002 5.194464e+001 7.329369e+001
    endloop
  endfacet
  facet normal 9.826958e+000 0.000000e+000 0.000000e+000
    outer loop
      vertex   -1.151977e+002 5.219846e+001 7.313355e+001
      vertex   -1.151977e+002 5.782432e+001 8.736143e+001
      vertex   -1.151977e+002 5.194464e+001 7.329369e+001
    endloop
  endfacet
  facet normal 9.660334e+000 0.000000e+000 0.000000e+000
    outer loop
      vertex   -1.151977e+002 5.219846e+001 7.313355e+001
      vertex   -1.151977e+002 5.243956e+001 7.295482e+001
      vertex   -1.151977e+002 5.782432e+001 8.736143e+001
    endloop
  endfacet
  facet normal 1.816881e-001 0.000000e+000 0.000000e+000
    outer loop
      vertex   -1.151977e+002 5.782432e+001 8.736143e+001
      vertex   -1.151977e+002 5.243956e+001 7.295482e+001
      vertex   -1.151977e+002 5.266658e+001 7.275852e+001
    endloop
  endfacet
  facet normal 8.934689e+000 0.000000e+000 0.000000e+000
    outer loop
      vertex   -1.151977e+002 5.287824e+001 7.254576e+001
      vertex   -1.151977e+002 5.782432e+001 8.736143e+001
      vertex   -1.151977e+002 5.266658e+001 7.275852e+001
    endloop
  endfacet
  facet normal 9.973103e+000 0.000000e+000 0.000000e+000
    outer loop
      vertex   -1.151977e+002 5.287824e+001 7.254576e+001
      vertex   -1.151977e+002 5.611716e+001 7.119325e+001
      vertex   -1.151977e+002 5.782432e+001 8.736143e+001
    endloop
  endfacet
  facet normal 4.506283e+000 0.000000e+000 0.000000e+000
    outer loop
      vertex   -1.151977e+002 5.287824e+001 7.254576e+001
      vertex   -1.151977e+002 5.307336e+001 7.231772e+001
      vertex   -1.151977e+002 5.611716e+001 7.119325e+001
    endloop
  endfacet
  facet normal 5.519385e-001 0.000000e+000 0.000000e+000
    outer loop
      vertex   -1.151977e+002 5.611716e+001 7.119325e+001
      vertex   -1.151977e+002 5.307336e+001 7.231772e+001
      vertex   -1.151977e+002 5.325083e+001 7.207569e+001
    endloop
  endfacet
  facet normal 7.070568e+000 0.000000e+000 0.000000e+000
    outer loop
      vertex   -1.151977e+002 5.340965e+001 7.182104e+001
      vertex   -1.151977e+002 5.611716e+001 7.119325e+001
      vertex   -1.151977e+002 5.325083e+001 7.207569e+001
    endloop
  endfacet
  facet normal 7.580607e+000 0.000000e+000 0.000000e+000
    outer loop
      vertex   -1.151977e+002 5.340965e+001 7.182104e+001
      vertex   -1.151977e+002 5.354893e+001 7.155520e+001
      vertex   -1.151977e+002 5.611716e+001 7.119325e+001
    endloop
  endfacet
  facet normal -5.906889e+000 0.000000e+000 0.000000e+000
    outer loop
      vertex   -1.171977e+002 4.738362e+001 6.123306e+001
      vertex   -1.171977e+002 4.013116e+001 5.592391e+001
      vertex   -1.171977e+002 4.735435e+001 6.123306e+001
    endloop
  endfacet
  facet normal -6.047429e-001 0.000000e+000 0.000000e+000
    outer loop
      vertex   -1.171977e+002 4.735435e+001 6.123306e+001
      vertex   -1.171977e+002 4.013116e+001 5.592391e+001
      vertex   -1.171977e+002 3.913174e+001 5.592391e+001
    endloop
  endfacet
  facet normal -7.957050e+000 0.000000e+000 0.000000e+000
    outer loop
      vertex   -1.171977e+002 4.748050e+001 6.123306e+001
      vertex   -1.171977e+002 4.343922e+001 5.592391e+001
      vertex   -1.171977e+002 4.738362e+001 6.123306e+001
    endloop
  endfacet
  facet normal -2.954378e+000 0.000000e+000 0.000000e+000
    outer loop
      vertex   -1.171977e+002 4.738362e+001 6.123306e+001
      vertex   -1.171977e+002 4.343922e+001 5.592391e+001
      vertex   -1.171977e+002 4.013116e+001 5.592391e+001
    endloop
  endfacet
  facet normal -7.957050e+000 0.000000e+000 0.000000e+000
    outer loop
      vertex   -1.171977e+002 4.748050e+001 6.123306e+001
      vertex   -1.171977e+002 4.993863e+001 6.123306e+001
      vertex   -1.171977e+002 4.343922e+001 5.592391e+001
    endloop
  endfacet
  facet normal -2.057967e-001 0.000000e+000 0.000000e+000
    outer loop
      vertex   -1.171977e+002 4.343922e+001 5.592391e+001
      vertex   -1.171977e+002 4.993863e+001 6.123306e+001
      vertex   -1.171977e+002 5.023257e+001 6.124388e+001
    endloop
  endfacet
  facet normal -5.112419e+000 0.000000e+000 0.000000e+000
    outer loop
      vertex   -1.171977e+002 5.052491e+001 6.127626e+001
      vertex   -1.171977e+002 4.343922e+001 5.592391e+001
      vertex   -1.171977e+002 5.023257e+001 6.124388e+001
    endloop
  endfacet
  facet normal -4.466726e+000 0.000000e+000 0.000000e+000
    outer loop
      vertex   -1.171977e+002 5.052491e+001 6.127626e+001
      vertex   -1.171977e+002 5.081408e+001 6.133004e+001
      vertex   -1.171977e+002 4.343922e+001 5.592391e+001
    endloop
  endfacet
  facet normal -1.144291e-001 0.000000e+000 0.000000e+000
    outer loop
      vertex   -1.171977e+002 4.343922e+001 5.592391e+001
      vertex   -1.171977e+002 5.081408e+001 6.133004e+001
      vertex   -1.171977e+002 5.109852e+001 6.140492e+001
    endloop
  endfacet
  facet normal -2.777753e+000 0.000000e+000 0.000000e+000
    outer loop
      vertex   -1.171977e+002 5.137669e+001 6.150050e+001
      vertex   -1.171977e+002 4.343922e+001 5.592391e+001
      vertex   -1.171977e+002 5.109852e+001 6.140492e+001
    endloop
  endfacet
  facet normal -3.241949e+000 0.000000e+000 0.000000e+000
    outer loop
      vertex   -1.171977e+002 5.137669e+001 6.150050e+001
      vertex   -1.171977e+002 5.611716e+001 6.287538e+001
      vertex   -1.171977e+002 4.343922e+001 5.592391e+001
    endloop
  endfacet
  facet normal -1.219427e+000 0.000000e+000 0.000000e+000
    outer loop
      vertex   -1.171977e+002 5.137669e+001 6.150050e+001
      vertex   -1.171977e+002 5.164708e+001 6.161627e+001
      vertex   -1.171977e+002 5.611716e+001 6.287538e+001
    endloop
  endfacet
  facet normal -1.364584e-001 0.000000e+000 0.000000e+000
    outer loop
      vertex   -1.171977e+002 5.611716e+001 6.287538e+001
      vertex   -1.171977e+002 5.164708e+001 6.161627e+001
      vertex   -1.171977e+002 5.190824e+001 6.175159e+001
    endloop
  endfacet
  facet normal -3.063829e+000 0.000000e+000 0.000000e+000
    outer loop
      vertex   -1.171977e+002 5.215874e+001 6.190573e+001
      vertex   -1.171977e+002 5.611716e+001 6.287538e+001
      vertex   -1.171977e+002 5.190824e+001 6.175159e+001
    endloop
  endfacet
  facet normal -3.755125e+000 0.000000e+000 0.000000e+000
    outer loop
      vertex   -1.171977e+002 5.215874e+001 6.190573e+001
      vertex   -1.171977e+002 5.239724e+001 6.207787e+001
      vertex   -1.171977e+002 5.611716e+001 6.287538e+001
    endloop
  endfacet
  facet normal -3.884293e-001 0.000000e+000 0.000000e+000
    outer loop
      vertex   -1.171977e+002 5.611716e+001 6.287538e+001
      vertex   -1.171977e+002 5.239724e+001 6.207787e+001
      vertex   -1.171977e+002 5.262245e+001 6.226707e+001
    endloop
  endfacet
  facet normal -5.615714e+000 0.000000e+000 0.000000e+000
    outer loop
      vertex   -1.171977e+002 5.262245e+001 6.226707e+001
      vertex   -1.171977e+002 5.281304e+001 6.245137e+001
      vertex   -1.171977e+002 5.611716e+001 6.287538e+001
    endloop
  endfacet
  facet normal -5.496337e-001 0.000000e+000 0.000000e+000
    outer loop
      vertex   -1.171977e+002 5.611716e+001 6.287538e+001
      vertex   -1.171977e+002 5.281304e+001 6.245137e+001
      vertex   -1.171977e+002 5.299100e+001 6.264790e+001
    endloop
  endfacet
  facet normal -7.799876e+000 0.000000e+000 0.000000e+000
    outer loop
      vertex   -1.171977e+002 5.315554e+001 6.285578e+001
      vertex   -1.171977e+002 5.611716e+001 6.287538e+001
      vertex   -1.171977e+002 5.299100e+001 6.264790e+001
    endloop
  endfacet
  facet normal -8.196913e+000 0.000000e+000 0.000000e+000
    outer loop
      vertex   -1.171977e+002 5.315554e+001 6.285578e+001
      vertex   -1.171977e+002 5.330597e+001 6.307410e+001
      vertex   -1.171977e+002 5.611716e+001 6.287538e+001
    endloop
  endfacet
  facet normal -8.740228e-001 0.000000e+000 0.000000e+000
    outer loop
      vertex   -1.171977e+002 5.611716e+001 6.287538e+001
      vertex   -1.171977e+002 5.330597e+001 6.307410e+001
      vertex   -1.171977e+002 5.344158e+001 6.330191e+001
    endloop
  endfacet
  facet normal -9.765701e+000 0.000000e+000 0.000000e+000
    outer loop
      vertex   -1.171977e+002 5.356182e+001 6.353821e+001
      vertex   -1.171977e+002 5.611716e+001 6.287538e+001
      vertex   -1.171977e+002 5.344158e+001 6.330191e+001
    endloop
  endfacet
  facet normal -9.886861e+000 0.000000e+000 0.000000e+000
    outer loop
      vertex   -1.171977e+002 5.356182e+001 6.353821e+001
      vertex   -1.171977e+002 5.366613e+001 6.378195e+001
      vertex   -1.171977e+002 5.611716e+001 6.287538e+001
    endloop
  endfacet
  facet normal -9.379004e+000 0.000000e+000 0.000000e+000
    outer loop
      vertex   -1.171977e+002 5.611716e+001 6.287538e+001
      vertex   -1.171977e+002 5.366613e+001 6.378195e+001
      vertex   -1.171977e+002 5.611716e+001 6.474749e+001
    endloop
  endfacet
  facet normal -7.587428e+000 0.000000e+000 0.000000e+000
    outer loop
      vertex   -1.171977e+002 5.366613e+001 6.378195e+001
      vertex   -1.171977e+002 5.376351e+001 6.406246e+001
      vertex   -1.171977e+002 5.611716e+001 6.474749e+001
    endloop
  endfacet
  facet normal -1.099544e+000 0.000000e+000 0.000000e+000
    outer loop
      vertex   -1.171977e+002 5.611716e+001 6.474749e+001
      vertex   -1.171977e+002 5.376351e+001 6.406246e+001
      vertex   -1.171977e+002 5.383981e+001 6.434942e+001
    endloop
  endfacet
  facet normal -9.728915e+000 0.000000e+000 0.000000e+000
    outer loop
      vertex   -1.171977e+002 5.389461e+001 6.464125e+001
      vertex   -1.171977e+002 5.611716e+001 6.474749e+001
      vertex   -1.171977e+002 5.383981e+001 6.434942e+001
    endloop
  endfacet
  facet normal -9.873668e+000 0.000000e+000 0.000000e+000
    outer loop
      vertex   -1.171977e+002 5.389461e+001 6.464125e+001
      vertex   -1.171977e+002 5.392761e+001 6.493634e+001
      vertex   -1.171977e+002 5.611716e+001 6.474749e+001
    endloop
  endfacet
  facet normal -1.328730e+000 0.000000e+000 0.000000e+000
    outer loop
      vertex   -1.171977e+002 5.611716e+001 6.474749e+001
      vertex   -1.171977e+002 5.392761e+001 6.493634e+001
      vertex   -1.171977e+002 5.393863e+001 6.523306e+001
    endloop
  endfacet
  facet normal -8.768408e+000 0.000000e+000 0.000000e+000
    outer loop
      vertex   -1.171977e+002 5.393863e+001 6.594200e+001
      vertex   -1.171977e+002 5.611716e+001 6.474749e+001
      vertex   -1.171977e+002 5.393863e+001 6.523306e+001
    endloop
  endfacet
  facet normal -8.768408e+000 0.000000e+000 0.000000e+000
    outer loop
      vertex   -1.171977e+002 5.393863e+001 6.594200e+001
      vertex   -1.171977e+002 5.393863e+001 6.983306e+001
      vertex   -1.171977e+002 5.611716e+001 6.474749e+001
    endloop
  endfacet
  facet normal -3.937665e+000 0.000000e+000 0.000000e+000
    outer loop
      vertex   -1.171977e+002 5.611716e+001 6.474749e+001
      vertex   -1.171977e+002 5.393863e+001 6.983306e+001
      vertex   -1.171977e+002 5.611716e+001 7.119325e+001
    endloop
  endfacet
  facet normal -1.059571e+000 0.000000e+000 0.000000e+000
    outer loop
      vertex   -1.171977e+002 5.611716e+001 7.119325e+001
      vertex   -1.171977e+002 5.393863e+001 6.983306e+001
      vertex   -1.171977e+002 5.392758e+001 7.013020e+001
    endloop
  endfacet
  facet normal -9.756827e+000 0.000000e+000 0.000000e+000
    outer loop
      vertex   -1.171977e+002 5.389449e+001 7.042569e+001
      vertex   -1.171977e+002 5.611716e+001 7.119325e+001
      vertex   -1.171977e+002 5.392758e+001 7.013020e+001
    endloop
  endfacet
  facet normal -9.892683e+000 0.000000e+000 0.000000e+000
    outer loop
      vertex   -1.171977e+002 5.389449e+001 7.042569e+001
      vertex   -1.171977e+002 5.383954e+001 7.071791e+001
      vertex   -1.171977e+002 5.611716e+001 7.119325e+001
    endloop
  endfacet
  facet normal -9.985246e+000 0.000000e+000 0.000000e+000
    outer loop
      vertex   -1.171977e+002 5.383954e+001 7.071791e+001
      vertex   -1.171977e+002 5.376343e+001 7.100392e+001
      vertex   -1.171977e+002 5.611716e+001 7.119325e+001
    endloop
  endfacet
  facet normal -1.168179e+000 0.000000e+000 0.000000e+000
    outer loop
      vertex   -1.171977e+002 5.611716e+001 7.119325e+001
      vertex   -1.171977e+002 5.376343e+001 7.100392e+001
      vertex   -1.171977e+002 5.366639e+001 7.128353e+001
    endloop
  endfacet
  facet normal -8.535155e+000 0.000000e+000 0.000000e+000
    outer loop
      vertex   -1.171977e+002 5.354893e+001 7.155520e+001
      vertex   -1.171977e+002 5.611716e+001 7.119325e+001
      vertex   -1.171977e+002 5.366639e+001 7.128353e+001
    endloop
  endfacet
  facet normal -8.123468e+000 0.000000e+000 0.000000e+000
    outer loop
      vertex   -1.171977e+002 5.354893e+001 7.155520e+001
      vertex   -1.171977e+002 5.340965e+001 7.182104e+001
      vertex   -1.171977e+002 5.611716e+001 7.119325e+001
    endloop
  endfacet
  facet normal -7.075516e-001 0.000000e+000 0.000000e+000
    outer loop
      vertex   -1.171977e+002 5.611716e+001 7.119325e+001
      vertex   -1.171977e+002 5.340965e+001 7.182104e+001
      vertex   -1.171977e+002 5.325083e+001 7.207569e+001
    endloop
  endfacet
  facet normal -5.515477e+000 0.000000e+000 0.000000e+000
    outer loop
      vertex   -1.171977e+002 5.307336e+001 7.231772e+001
      vertex   -1.171977e+002 5.611716e+001 7.119325e+001
      vertex   -1.171977e+002 5.325083e+001 7.207569e+001
    endloop
  endfacet
  facet normal -4.874448e+000 0.000000e+000 0.000000e+000
    outer loop
      vertex   -1.171977e+002 5.307336e+001 7.231772e+001
      vertex   -1.171977e+002 5.287824e+001 7.254576e+001
      vertex   -1.171977e+002 5.611716e+001 7.119325e+001
    endloop
  endfacet
  facet normal -9.581375e+000 0.000000e+000 0.000000e+000
    outer loop
      vertex   -1.171977e+002 5.611716e+001 7.119325e+001
      vertex   -1.171977e+002 5.287824e+001 7.254576e+001
      vertex   -1.171977e+002 5.782432e+001 8.736143e+001
    endloop
  endfacet
  facet normal -1.731382e-001 0.000000e+000 0.000000e+000
    outer loop
      vertex   -1.171977e+002 5.782432e+001 8.736143e+001
      vertex   -1.171977e+002 5.287824e+001 7.254576e+001
      vertex   -1.171977e+002 5.266658e+001 7.275852e+001
    endloop
  endfacet
  facet normal -9.375567e+000 0.000000e+000 0.000000e+000
    outer loop
      vertex   -1.171977e+002 5.243956e+001 7.295482e+001
      vertex   -1.171977e+002 5.782432e+001 8.736143e+001
      vertex   -1.171977e+002 5.266658e+001 7.275852e+001
    endloop
  endfacet
  facet normal -9.609903e+000 0.000000e+000 0.000000e+000
    outer loop
      vertex   -1.171977e+002 5.243956e+001 7.295482e+001
      vertex   -1.171977e+002 5.219846e+001 7.313355e+001
      vertex   -1.171977e+002 5.782432e+001 8.736143e+001
    endloop
  endfacet
  facet normal -1.934300e-001 0.000000e+000 0.000000e+000
    outer loop
      vertex   -1.171977e+002 5.782432e+001 8.736143e+001
      vertex   -1.171977e+002 5.219846e+001 7.313355e+001
      vertex   -1.171977e+002 5.194464e+001 7.329369e+001
    endloop
  endfacet
  facet normal -9.973896e+000 0.000000e+000 0.000000e+000
    outer loop
      vertex   -1.171977e+002 5.167952e+001 7.343436e+001
      vertex   -1.171977e+002 5.782432e+001 8.736143e+001
      vertex   -1.171977e+002 5.194464e+001 7.329369e+001
    endloop
  endfacet
  facet normal -9.999963e+000 0.000000e+000 0.000000e+000
    outer loop
      vertex   -1.171977e+002 5.167952e+001 7.343436e+001
      vertex   -1.171977e+002 5.140461e+001 7.355475e+001
      vertex   -1.171977e+002 5.782432e+001 8.736143e+001
    endloop
  endfacet
  facet normal -1.957579e-001 0.000000e+000 0.000000e+000
    outer loop
      vertex   -1.171977e+002 5.782432e+001 8.736143e+001
      vertex   -1.171977e+002 5.140461e+001 7.355475e+001
      vertex   -1.171977e+002 5.112144e+001 7.365418e+001
    endloop
  endfacet
  facet normal -9.777406e+000 0.000000e+000 0.000000e+000
    outer loop
      vertex   -1.171977e+002 5.083161e+001 7.373211e+001
      vertex   -1.171977e+002 5.782432e+001 8.736143e+001
      vertex   -1.171977e+002 5.112144e+001 7.365418e+001
    endloop
  endfacet
  facet normal -9.592668e+000 0.000000e+000 0.000000e+000
    outer loop
      vertex   -1.171977e+002 5.083161e+001 7.373211e+001
      vertex   -1.171977e+002 5.053676e+001 7.378809e+001
      vertex   -1.171977e+002 5.782432e+001 8.736143e+001
    endloop
  endfacet
  facet normal -1.795692e-001 0.000000e+000 0.000000e+000
    outer loop
      vertex   -1.171977e+002 5.782432e+001 8.736143e+001
      vertex   -1.171977e+002 5.053676e+001 7.378809e+001
      vertex   -1.171977e+002 5.023854e+001 7.382180e+001
    endloop
  endfacet
  facet normal -8.822243e+000 0.000000e+000 0.000000e+000
    outer loop
      vertex   -1.171977e+002 4.993863e+001 7.383306e+001
      vertex   -1.171977e+002 5.782432e+001 8.736143e+001
      vertex   -1.171977e+002 5.023854e+001 7.382180e+001
    endloop
  endfacet
  facet normal -8.639418e+000 0.000000e+000 0.000000e+000
    outer loop
      vertex   -1.171977e+002 4.993863e+001 7.383306e+001
      vertex   -1.171977e+002 4.858570e+001 7.383306e+001
      vertex   -1.171977e+002 5.782432e+001 8.736143e+001
    endloop
  endfacet
  facet normal -8.258086e+000 0.000000e+000 0.000000e+000
    outer loop
      vertex   -1.171977e+002 4.858570e+001 7.383306e+001
      vertex   -1.171977e+002 4.367851e+001 7.383306e+001
      vertex   -1.171977e+002 5.782432e+001 8.736143e+001
    endloop
  endfacet
  facet normal 0.000000e+000 -2.518650e-001 0.000000e+000
    outer loop
      vertex   -1.152073e+002 1.028969e+002 6.824289e+001
      vertex   -1.171760e+002 1.028969e+002 6.829249e+001
      vertex   -1.171957e+002 1.028969e+002 6.824289e+001
    endloop
  endfacet
  facet normal -0.000000e+000 -1.000000e+001 -0.000000e+000
    outer loop
      vertex   -1.152073e+002 1.028969e+002 6.829249e+001
      vertex   -1.171760e+002 1.028969e+002 6.829249e+001
      vertex   -1.152073e+002 1.028969e+002 6.824289e+001
    endloop
  endfacet
  facet normal 9.999674e+000 0.000000e+000 0.000000e+000
    outer loop
      vertex   -1.152073e+002 1.028973e+002 6.824289e+001
      vertex   -1.152073e+002 1.028969e+002 6.829249e+001
      vertex   -1.152073e+002 1.028969e+002 6.824289e+001
    endloop
  endfacet
  facet normal 7.029104e+000 0.000000e+000 0.000000e+000
    outer loop
      vertex   -1.152073e+002 1.028973e+002 6.829289e+001
      vertex   -1.152073e+002 1.028969e+002 6.829249e+001
      vertex   -1.152073e+002 1.028973e+002 6.824289e+001
    endloop
  endfacet
  facet normal 0.000000e+000 0.000000e+000 -2.014398e-003
    outer loop
      vertex   -1.171957e+002 1.028969e+002 6.824289e+001
      vertex   -1.152073e+002 1.028973e+002 6.824289e+001
      vertex   -1.152073e+002 1.028969e+002 6.824289e+001
    endloop
  endfacet
  facet normal 0.000000e+000 0.000000e+000 1.000000e+001
    outer loop
      vertex   -1.152073e+002 1.028973e+002 7.324289e+001
      vertex   -1.171957e+002 1.028973e+002 7.324289e+001
      vertex   -1.152073e+002 1.028969e+002 7.324289e+001
    endloop
  endfacet
  facet normal 0.000000e+000 0.000000e+000 2.014398e-003
    outer loop
      vertex   -1.152073e+002 1.028969e+002 7.324289e+001
      vertex   -1.171957e+002 1.028973e+002 7.324289e+001
      vertex   -1.171957e+002 1.028969e+002 7.324289e+001
    endloop
  endfacet
  facet normal -8.075107e-002 0.000000e+000 0.000000e+000
    outer loop
      vertex   -1.171957e+002 1.028973e+002 6.824289e+001
      vertex   -1.171957e+002 1.028969e+002 6.829249e+001
      vertex   -1.171957e+002 1.028973e+002 6.829289e+001
    endloop
  endfacet
  facet normal -1.000000e+001 0.000000e+000 0.000000e+000
    outer loop
      vertex   -1.171957e+002 1.028969e+002 6.824289e+001
      vertex   -1.171957e+002 1.028969e+002 6.829249e+001
      vertex   -1.171957e+002 1.028973e+002 6.824289e+001
    endloop
  endfacet
  facet normal -7.033295e+000 0.000000e+000 0.000000e+000
    outer loop
      vertex   -1.171957e+002 1.028702e+002 7.322002e+001
      vertex   -1.171957e+002 1.028969e+002 7.319333e+001
      vertex   -1.171957e+002 1.028969e+002 6.829249e+001
    endloop
  endfacet
  facet normal -5.417106e-002 0.000000e+000 0.000000e+000
    outer loop
      vertex   -1.171957e+002 1.028702e+002 7.322002e+001
      vertex   -1.171957e+002 1.028969e+002 6.829249e+001
      vertex   -1.171957e+002 1.028702e+002 6.826580e+001
    endloop
  endfacet
  facet normal -8.173623e-004 0.000000e+000 0.000000e+000
    outer loop
      vertex   -1.171957e+002 1.028969e+002 7.319333e+001
      vertex   -1.171957e+002 1.028973e+002 6.829289e+001
      vertex   -1.171957e+002 1.028969e+002 6.829249e+001
    endloop
  endfacet
  facet normal 0.000000e+000 0.000000e+000 -1.000000e+001
    outer loop
      vertex   -1.171957e+002 1.028973e+002 6.824289e+001
      vertex   -1.152073e+002 1.028973e+002 6.824289e+001
      vertex   -1.171957e+002 1.028969e+002 6.824289e+001
    endloop
  endfacet
  facet normal 0.000000e+000 1.471684e+000 -1.471801e+000
    outer loop
      vertex   -1.171957e+002 1.028973e+002 6.824289e+001
      vertex   -1.152073e+002 1.031965e+002 6.854207e+001
      vertex   -1.152073e+002 1.028973e+002 6.824289e+001
    endloop
  endfacet
  facet normal 6.349064e-001 0.000000e+000 0.000000e+000
    outer loop
      vertex   -1.152073e+002 1.031465e+002 6.932802e+001
      vertex   -1.152073e+002 1.031465e+002 6.854207e+001
      vertex   -1.152073e+002 1.031965e+002 6.854207e+001
    endloop
  endfacet
  facet normal 7.683648e+000 0.000000e+000 0.000000e+000
    outer loop
      vertex   -1.152073e+002 1.031465e+002 6.854207e+001
      vertex   -1.152073e+002 1.028973e+002 6.824289e+001
      vertex   -1.152073e+002 1.031965e+002 6.854207e+001
    endloop
  endfacet
  facet normal 7.071474e+000 0.000000e+000 0.000000e+000
    outer loop
      vertex   -1.152073e+002 1.028973e+002 6.829289e+001
      vertex   -1.152073e+002 1.028973e+002 6.824289e+001
      vertex   -1.152073e+002 1.031465e+002 6.854207e+001
    endloop
  endfacet
  facet normal 0.000000e+000 1.471477e+000 1.471806e+000
    outer loop
      vertex   -1.152073e+002 1.028973e+002 7.324289e+001
      vertex   -1.171957e+002 1.031965e+002 7.294375e+001
      vertex   -1.171957e+002 1.028973e+002 7.324289e+001
    endloop
  endfacet
  facet normal 0.000000e+000 7.070279e+000 7.071857e+000
    outer loop
      vertex   -1.152073e+002 1.031965e+002 7.294375e+001
      vertex   -1.171957e+002 1.031965e+002 7.294375e+001
      vertex   -1.152073e+002 1.028973e+002 7.324289e+001
    endloop
  endfacet
  facet normal 9.072742e-001 0.000000e+000 0.000000e+000
    outer loop
      vertex   -1.152073e+002 1.031465e+002 7.294375e+001
      vertex   -1.152073e+002 1.028973e+002 7.324289e+001
      vertex   -1.152073e+002 1.029007e+002 7.318953e+001
    endloop
  endfacet
  facet normal 7.070279e+000 0.000000e+000 0.000000e+000
    outer loop
      vertex   -1.152073e+002 1.031965e+002 7.294375e+001
      vertex   -1.152073e+002 1.028973e+002 7.324289e+001
      vertex   -1.152073e+002 1.031465e+002 7.294375e+001
    endloop
  endfacet
  facet normal 7.728412e-001 0.000000e+000 0.000000e+000
    outer loop
      vertex   -1.152073e+002 1.031465e+002 6.932802e+001
      vertex   -1.152073e+002 1.031965e+002 6.854207e+001
      vertex   -1.152073e+002 1.031965e+002 7.294375e+001
    endloop
  endfacet
  facet normal 1.382745e-001 0.000000e+000 0.000000e+000
    outer loop
      vertex   -1.152073e+002 1.031465e+002 6.932802e+001
      vertex   -1.152073e+002 1.031965e+002 7.294375e+001
      vertex   -1.152073e+002 1.031465e+002 7.294375e+001
    endloop
  endfacet
  facet normal -7.684260e+000 0.000000e+000 0.000000e+000
    outer loop
      vertex   -1.171957e+002 1.028973e+002 6.829289e+001
      vertex   -1.171957e+002 1.031965e+002 6.854207e+001
      vertex   -1.171957e+002 1.028973e+002 6.824289e+001
    endloop
  endfacet
  facet normal -6.352118e-001 0.000000e+000 0.000000e+000
    outer loop
      vertex   -1.171957e+002 1.028973e+002 7.324289e+001
      vertex   -1.171957e+002 1.031965e+002 6.854207e+001
      vertex   -1.171957e+002 1.028973e+002 6.829289e+001
    endloop
  endfacet
  facet normal 0.000000e+000 7.070786e+000 -7.071350e+000
    outer loop
      vertex   -1.171957e+002 1.031965e+002 6.854207e+001
      vertex   -1.152073e+002 1.031965e+002 6.854207e+001
      vertex   -1.171957e+002 1.028973e+002 6.824289e+001
    endloop
  endfacet
  facet normal 0.000000e+000 4.116807e+000 0.000000e+000
    outer loop
      vertex   -1.152073e+002 1.031965e+002 6.854207e+001
      vertex   -1.171957e+002 1.031965e+002 7.294375e+001
      vertex   -1.152073e+002 1.031965e+002 7.294375e+001
    endloop
  endfacet
  facet normal 0.000000e+000 1.000000e+001 0.000000e+000
    outer loop
      vertex   -1.171957e+002 1.031965e+002 6.854207e+001
      vertex   -1.171957e+002 1.031965e+002 7.294375e+001
      vertex   -1.152073e+002 1.031965e+002 6.854207e+001
    endloop
  endfacet
  facet normal 0.000000e+000 0.000000e+000 0.000000e+000
    outer loop
      vertex   -1.152073e+002 1.255993e+001 6.009227e+001
      vertex   -1.152073e+002 1.255993e+001 5.656021e+001
      vertex   -1.152073e+002 1.255993e+001 5.569059e+001
    endloop
  endfacet
  facet normal -2.008827e-003 0.000000e+000 0.000000e+000
    outer loop
      vertex   -1.152073e+002 1.277542e+001 6.030776e+001
      vertex   -1.152073e+002 1.255993e+001 6.009227e+001
      vertex   -1.152073e+002 1.277847e+001 6.031081e+001
    endloop
  endfacet
  facet normal 7.071087e+000 0.000000e+000 0.000000e+000
    outer loop
      vertex   -1.152073e+002 1.277847e+001 6.031081e+001
      vertex   -1.152073e+002 1.255993e+001 6.009227e+001
      vertex   -1.152073e+002 1.277847e+001 6.027945e+001
    endloop
  endfacet
  facet normal 7.276971e+000 0.000000e+000 0.000000e+000
    outer loop
      vertex   -1.152073e+002 1.277847e+001 6.027945e+001
      vertex   -1.152073e+002 1.255993e+001 6.009227e+001
      vertex   -1.152073e+002 1.255993e+001 5.569059e+001
    endloop
  endfacet
  facet normal 7.071087e+000 0.000000e+000 0.000000e+000
    outer loop
      vertex   -1.152073e+002 1.277847e+001 5.547205e+001
      vertex   -1.152073e+002 1.277847e+001 6.027945e+001
      vertex   -1.152073e+002 1.255993e+001 5.569059e+001
    endloop
  endfacet
  facet normal 5.740137e-001 0.000000e+000 0.000000e+000
    outer loop
      vertex   -1.152073e+002 1.255993e+001 5.656021e+001
      vertex   -1.152073e+002 1.250993e+001 5.569059e+001
      vertex   -1.152073e+002 1.255993e+001 5.569059e+001
    endloop
  endfacet
  facet normal 7.756061e+000 0.000000e+000 0.000000e+000
    outer loop
      vertex   -1.152073e+002 1.255993e+001 5.569059e+001
      vertex   -1.152073e+002 1.250993e+001 5.569059e+001
      vertex   -1.152073e+002 1.277847e+001 5.542206e+001
    endloop
  endfacet
  facet normal 7.071087e+000 0.000000e+000 0.000000e+000
    outer loop
      vertex   -1.152073e+002 1.277847e+001 5.547205e+001
      vertex   -1.152073e+002 1.255993e+001 5.569059e+001
      vertex   -1.152073e+002 1.277847e+001 5.542206e+001
    endloop
  endfacet
  facet normal 6.651991e+000 0.000000e+000 0.000000e+000
    outer loop
      vertex   -1.152073e+002 1.277542e+001 6.030776e+001
      vertex   -1.152073e+002 1.277847e+001 6.031081e+001
      vertex   -1.152073e+002 1.277847e+001 6.036081e+001
    endloop
  endfacet
  facet normal 0.000000e+000 -3.832599e-003 0.000000e+000
    outer loop
      vertex   -1.152073e+002 1.277847e+001 6.036081e+001
      vertex   -1.152073e+002 1.277847e+001 6.031081e+001
      vertex   -1.151977e+002 1.277847e+001 8.539333e+001
    endloop
  endfacet
  facet normal 0.000000e+000 -3.824960e-003 0.000000e+000
    outer loop
      vertex   -1.151977e+002 1.277847e+001 8.539333e+001
      vertex   -1.152073e+002 1.277847e+001 6.031081e+001
      vertex   -1.151977e+002 1.277847e+001 4.222957e+001
    endloop
  endfacet
  facet normal 0.000000e+000 -9.219203e-006 0.000000e+000
    outer loop
      vertex   -1.151977e+002 1.277847e+001 4.222957e+001
      vertex   -1.152073e+002 1.277847e+001 6.031081e+001
      vertex   -1.152073e+002 1.277847e+001 6.027945e+001
    endloop
  endfacet
  facet normal 0.000000e+000 -7.244838e-003 0.000000e+000
    outer loop
      vertex   -1.152073e+002 1.277847e+001 5.547205e+001
      vertex   -1.152073e+002 1.277847e+001 5.542206e+001
      vertex   -1.151977e+002 1.277847e+001 4.222957e+001
    endloop
  endfacet
  facet normal 0.000000e+000 -5.315250e-003 0.000000e+000
    outer loop
      vertex   -1.152073e+002 1.277847e+001 6.027945e+001
      vertex   -1.152073e+002 1.277847e+001 5.547205e+001
      vertex   -1.151977e+002 1.277847e+001 4.222957e+001
    endloop
  endfacet
  facet normal -5.740583e-001 0.000000e+000 0.000000e+000
    outer loop
      vertex   -1.171957e+002 1.250993e+001 6.009227e+001
      vertex   -1.171957e+002 1.277847e+001 5.542206e+001
      vertex   -1.171957e+002 1.250993e+001 5.569059e+001
    endloop
  endfacet
  facet normal -2.198978e-003 0.000000e+000 0.000000e+000
    outer loop
      vertex   -1.152073e+002 1.277847e+001 7.316224e+001
      vertex   -1.152073e+002 1.277542e+001 7.315919e+001
      vertex   -1.152073e+002 1.255993e+001 7.294371e+001
    endloop
  endfacet
  facet normal 0.000000e+000 0.000000e+000 0.000000e+000
    outer loop
      vertex   -1.152073e+002 1.255993e+001 7.294371e+001
      vertex   -1.152073e+002 1.255993e+001 6.941164e+001
      vertex   -1.152073e+002 1.255993e+001 6.854202e+001
    endloop
  endfacet
  facet normal 7.071241e+000 0.000000e+000 0.000000e+000
    outer loop
      vertex   -1.152073e+002 1.277847e+001 7.316224e+001
      vertex   -1.152073e+002 1.255993e+001 7.294371e+001
      vertex   -1.152073e+002 1.277847e+001 6.835031e+001
    endloop
  endfacet
  facet normal 7.195527e+000 0.000000e+000 0.000000e+000
    outer loop
      vertex   -1.152073e+002 1.277847e+001 6.835031e+001
      vertex   -1.152073e+002 1.255993e+001 7.294371e+001
      vertex   -1.152073e+002 1.255993e+001 6.854202e+001
    endloop
  endfacet
  facet normal 7.071164e+000 0.000000e+000 0.000000e+000
    outer loop
      vertex   -1.152073e+002 1.277847e+001 6.832349e+001
      vertex   -1.152073e+002 1.277847e+001 6.835031e+001
      vertex   -1.152073e+002 1.255993e+001 6.854202e+001
    endloop
  endfacet
  facet normal -7.071194e+000 0.000000e+000 0.000000e+000
    outer loop
      vertex   -1.171957e+002 1.277847e+001 7.321224e+001
      vertex   -1.171957e+002 1.277847e+001 6.827349e+001
      vertex   -1.171957e+002 1.250993e+001 7.294371e+001
    endloop
  endfacet
  facet normal -5.740577e-001 0.000000e+000 0.000000e+000
    outer loop
      vertex   -1.171957e+002 1.250993e+001 7.294371e+001
      vertex   -1.171957e+002 1.277847e+001 6.827349e+001
      vertex   -1.171957e+002 1.250993e+001 6.854202e+001
    endloop
  endfacet
  facet normal 0.000000e+000 -5.629261e-003 0.000000e+000
    outer loop
      vertex   -1.152073e+002 1.277847e+001 6.835031e+001
      vertex   -1.152073e+002 1.277847e+001 6.832349e+001
      vertex   -1.151977e+002 1.277847e+001 8.539333e+001
    endloop
  endfacet
  facet normal 0.000000e+000 -1.787817e-003 0.000000e+000
    outer loop
      vertex   -1.151977e+002 1.277847e+001 8.539333e+001
      vertex   -1.152073e+002 1.277847e+001 6.832349e+001
      vertex   -1.152073e+002 1.277847e+001 6.036081e+001
    endloop
  endfacet
  facet normal 0.000000e+000 0.000000e+000 0.000000e+000
    outer loop
      vertex   -1.152073e+002 1.277847e+001 6.036081e+001
      vertex   -1.152073e+002 1.277847e+001 6.832349e+001
      vertex   -1.152073e+002 1.277847e+001 6.827349e+001
    endloop
  endfacet
  facet normal 5.740200e-001 0.000000e+000 0.000000e+000
    outer loop
      vertex   -1.152073e+002 1.255993e+001 6.941164e+001
      vertex   -1.152073e+002 1.250993e+001 6.854202e+001
      vertex   -1.152073e+002 1.255993e+001 6.854202e+001
    endloop
  endfacet
  facet normal 7.756061e+000 0.000000e+000 0.000000e+000
    outer loop
      vertex   -1.152073e+002 1.255993e+001 6.854202e+001
      vertex   -1.152073e+002 1.250993e+001 6.854202e+001
      vertex   -1.152073e+002 1.277847e+001 6.827349e+001
    endloop
  endfacet
  facet normal 7.071164e+000 0.000000e+000 0.000000e+000
    outer loop
      vertex   -1.152073e+002 1.277847e+001 6.832349e+001
      vertex   -1.152073e+002 1.255993e+001 6.854202e+001
      vertex   -1.152073e+002 1.277847e+001 6.827349e+001
    endloop
  endfacet
  facet normal 0.000000e+000 -7.876109e-003 0.000000e+000
    outer loop
      vertex   -1.152073e+002 1.277847e+001 7.321224e+001
      vertex   -1.152073e+002 1.277847e+001 7.316224e+001
      vertex   -1.151977e+002 1.277847e+001 8.539333e+001
    endloop
  endfacet
  facet normal 0.000000e+000 -2.214651e-003 0.000000e+000
    outer loop
      vertex   -1.151977e+002 1.277847e+001 8.539333e+001
      vertex   -1.152073e+002 1.277847e+001 7.316224e+001
      vertex   -1.152073e+002 1.277847e+001 6.835031e+001
    endloop
  endfacet
  facet normal 0.000000e+000 -2.125729e+000 -2.125804e+000
    outer loop
      vertex   -1.171957e+002 1.250993e+001 6.854202e+001
      vertex   -1.159909e+002 1.277847e+001 6.827349e+001
      vertex   -1.152073e+002 1.250993e+001 6.854202e+001
    endloop
  endfacet
  facet normal 0.000000e+000 -7.070942e+000 -7.071194e+000
    outer loop
      vertex   -1.171957e+002 1.277847e+001 6.827349e+001
      vertex   -1.159909e+002 1.277847e+001 6.827349e+001
      vertex   -1.171957e+002 1.250993e+001 6.854202e+001
    endloop
  endfacet
  facet normal 2.775558e-016 -6.363039e+000 -6.363265e+000
    outer loop
      vertex   -1.152073e+002 1.250993e+001 6.854202e+001
      vertex   -1.159909e+002 1.277847e+001 6.827349e+001
      vertex   -1.152073e+002 1.277847e+001 6.827349e+001
    endloop
  endfacet
  facet normal 0.000000e+000 -4.116799e+000 0.000000e+000
    outer loop
      vertex   -1.152073e+002 1.250993e+001 7.294371e+001
      vertex   -1.171957e+002 1.250993e+001 6.854202e+001
      vertex   -1.152073e+002 1.250993e+001 6.854202e+001
    endloop
  endfacet
  facet normal 0.000000e+000 -1.000000e+001 0.000000e+000
    outer loop
      vertex   -1.171957e+002 1.250993e+001 7.294371e+001
      vertex   -1.171957e+002 1.250993e+001 6.854202e+001
      vertex   -1.152073e+002 1.250993e+001 7.294371e+001
    endloop
  endfacet
  facet normal 0.000000e+000 -1.512532e+000 0.000000e+000
    outer loop
      vertex   -1.163576e+002 1.277847e+001 6.036081e+001
      vertex   -1.159909e+002 1.277847e+001 6.827349e+001
      vertex   -1.171957e+002 1.277847e+001 6.827349e+001
    endloop
  endfacet
  facet normal 0.000000e+000 -9.989279e+000 0.000000e+000
    outer loop
      vertex   -1.163576e+002 1.277847e+001 6.036081e+001
      vertex   -1.152073e+002 1.277847e+001 6.036081e+001
      vertex   -1.159909e+002 1.277847e+001 6.827349e+001
    endloop
  endfacet
  facet normal 0.000000e+000 -9.951323e+000 0.000000e+000
    outer loop
      vertex   -1.159909e+002 1.277847e+001 6.827349e+001
      vertex   -1.152073e+002 1.277847e+001 6.036081e+001
      vertex   -1.152073e+002 1.277847e+001 6.827349e+001
    endloop
  endfacet
  facet normal 6.652030e+000 0.000000e+000 0.000000e+000
    outer loop
      vertex   -1.152073e+002 1.277542e+001 7.315919e+001
      vertex   -1.152073e+002 1.277847e+001 7.316224e+001
      vertex   -1.152073e+002 1.277847e+001 7.321224e+001
    endloop
  endfacet
  facet normal 6.653695e+000 0.000000e+000 0.000000e+000
    outer loop
      vertex   -1.152073e+002 1.277542e+001 7.315919e+001
      vertex   -1.152073e+002 1.277847e+001 7.321224e+001
      vertex   -1.152073e+002 1.255993e+001 7.294371e+001
    endloop
  endfacet
  facet normal 7.756061e+000 0.000000e+000 0.000000e+000
    outer loop
      vertex   -1.152073e+002 1.255993e+001 7.294371e+001
      vertex   -1.152073e+002 1.277847e+001 7.321224e+001
      vertex   -1.152073e+002 1.250993e+001 7.294371e+001
    endloop
  endfacet
  facet normal 7.152746e-001 0.000000e+000 0.000000e+000
    outer loop
      vertex   -1.152073e+002 1.255993e+001 6.941164e+001
      vertex   -1.152073e+002 1.250993e+001 7.294371e+001
      vertex   -1.152073e+002 1.250993e+001 6.854202e+001
    endloop
  endfacet
  facet normal 1.415455e-001 0.000000e+000 0.000000e+000
    outer loop
      vertex   -1.152073e+002 1.255993e+001 6.941164e+001
      vertex   -1.152073e+002 1.255993e+001 7.294371e+001
      vertex   -1.152073e+002 1.250993e+001 7.294371e+001
    endloop
  endfacet
  facet normal 0.000000e+000 -9.944374e+000 0.000000e+000
    outer loop
      vertex   -1.163576e+002 1.277847e+001 6.036081e+001
      vertex   -1.171957e+002 1.277847e+001 6.827349e+001
      vertex   -1.171957e+002 1.277847e+001 6.036081e+001
    endloop
  endfacet
  facet normal 0.000000e+000 -8.000456e-004 0.000000e+000
    outer loop
      vertex   -1.171957e+002 1.277847e+001 6.036081e+001
      vertex   -1.171957e+002 1.277847e+001 6.827349e+001
      vertex   -1.171977e+002 1.277847e+001 8.539333e+001
    endloop
  endfacet
  facet normal 0.000000e+000 -1.169822e-003 0.000000e+000
    outer loop
      vertex   -1.171957e+002 1.277847e+001 6.827349e+001
      vertex   -1.171957e+002 1.277847e+001 7.321224e+001
      vertex   -1.171977e+002 1.277847e+001 8.539333e+001
    endloop
  endfacet
  facet normal 1.387779e-016 -5.355019e+000 5.355208e+000
    outer loop
      vertex   -1.157621e+002 1.277847e+001 7.321224e+001
      vertex   -1.171957e+002 1.250993e+001 7.294371e+001
      vertex   -1.152073e+002 1.250993e+001 7.294371e+001
    endloop
  endfacet
  facet normal 0.000000e+000 -7.070942e+000 7.071194e+000
    outer loop
      vertex   -1.152073e+002 1.277847e+001 7.321224e+001
      vertex   -1.157621e+002 1.277847e+001 7.321224e+001
      vertex   -1.152073e+002 1.250993e+001 7.294371e+001
    endloop
  endfacet
  facet normal 0.000000e+000 -7.070942e+000 7.071194e+000
    outer loop
      vertex   -1.171957e+002 1.277847e+001 7.321224e+001
      vertex   -1.171957e+002 1.250993e+001 7.294371e+001
      vertex   -1.157621e+002 1.277847e+001 7.321224e+001
    endloop
  endfacet
  facet normal 0.000000e+000 -7.071005e+000 7.071131e+000
    outer loop
      vertex   -1.152073e+002 1.277847e+001 6.036081e+001
      vertex   -1.163576e+002 1.277847e+001 6.036081e+001
      vertex   -1.152073e+002 1.250993e+001 6.009227e+001
    endloop
  endfacet
  facet normal 0.000000e+000 -2.216789e+000 2.216828e+000
    outer loop
      vertex   -1.152073e+002 1.250993e+001 6.009227e+001
      vertex   -1.163576e+002 1.277847e+001 6.036081e+001
      vertex   -1.171957e+002 1.250993e+001 6.009227e+001
    endloop
  endfacet
  facet normal 0.000000e+000 -6.440629e+000 6.440743e+000
    outer loop
      vertex   -1.171957e+002 1.250993e+001 6.009227e+001
      vertex   -1.163576e+002 1.277847e+001 6.036081e+001
      vertex   -1.171957e+002 1.277847e+001 6.036081e+001
    endloop
  endfacet
  facet normal 6.653491e+000 0.000000e+000 0.000000e+000
    outer loop
      vertex   -1.152073e+002 1.277542e+001 6.030776e+001
      vertex   -1.152073e+002 1.277847e+001 6.036081e+001
      vertex   -1.152073e+002 1.255993e+001 6.009227e+001
    endloop
  endfacet
  facet normal 7.756116e+000 0.000000e+000 0.000000e+000
    outer loop
      vertex   -1.152073e+002 1.255993e+001 6.009227e+001
      vertex   -1.152073e+002 1.277847e+001 6.036081e+001
      vertex   -1.152073e+002 1.250993e+001 6.009227e+001
    endloop
  endfacet
  facet normal 7.152689e-001 0.000000e+000 0.000000e+000
    outer loop
      vertex   -1.152073e+002 1.255993e+001 5.656021e+001
      vertex   -1.152073e+002 1.250993e+001 6.009227e+001
      vertex   -1.152073e+002 1.250993e+001 5.569059e+001
    endloop
  endfacet
  facet normal 1.415461e-001 0.000000e+000 0.000000e+000
    outer loop
      vertex   -1.152073e+002 1.255993e+001 5.656021e+001
      vertex   -1.152073e+002 1.255993e+001 6.009227e+001
      vertex   -1.152073e+002 1.250993e+001 6.009227e+001
    endloop
  endfacet
  facet normal 0.000000e+000 -9.999997e+000 0.000000e+000
    outer loop
      vertex   -1.152073e+002 1.277847e+001 7.321224e+001
      vertex   -1.151977e+002 1.277847e+001 8.539333e+001
      vertex   -1.157621e+002 1.277847e+001 7.321224e+001
    endloop
  endfacet
  facet normal 0.000000e+000 -4.135065e-004 0.000000e+000
    outer loop
      vertex   -1.171977e+002 1.277847e+001 4.222957e+001
      vertex   -1.171957e+002 1.277847e+001 5.542206e+001
      vertex   -1.171957e+002 1.277847e+001 6.036081e+001
    endloop
  endfacet
  facet normal -5.740583e-001 0.000000e+000 0.000000e+000
    outer loop
      vertex   -1.171957e+002 1.277847e+001 5.542206e+001
      vertex   -1.171957e+002 1.250993e+001 6.009227e+001
      vertex   -1.171957e+002 1.277847e+001 6.036081e+001
    endloop
  endfacet
  facet normal 0.000000e+000 -1.104567e-003 0.000000e+000
    outer loop
      vertex   -1.171977e+002 1.277847e+001 4.222957e+001
      vertex   -1.171957e+002 1.277847e+001 6.036081e+001
      vertex   -1.171977e+002 1.277847e+001 8.539333e+001
    endloop
  endfacet
  facet normal 0.000000e+000 -1.168818e+000 0.000000e+000
    outer loop
      vertex   -1.171977e+002 1.277847e+001 8.539333e+001
      vertex   -1.171957e+002 1.277847e+001 7.321224e+001
      vertex   -1.157621e+002 1.277847e+001 7.321224e+001
    endloop
  endfacet
  facet normal 0.000000e+000 -9.836023e+000 1.242636e+000
    outer loop
      vertex   -1.151977e+002 1.281152e+001 8.565494e+001
      vertex   -1.171977e+002 1.277847e+001 8.539333e+001
      vertex   -1.151977e+002 1.277847e+001 8.539333e+001
    endloop
  endfacet
  facet normal 0.000000e+000 -9.836023e+000 1.242636e+000
    outer loop
      vertex   -1.171977e+002 1.277847e+001 8.539333e+001
      vertex   -1.151977e+002 1.281152e+001 8.565494e+001
      vertex   -1.171977e+002 1.281152e+001 8.565494e+001
    endloop
  endfacet
  facet normal 0.000000e+000 -9.989283e+000 0.000000e+000
    outer loop
      vertex   -1.151977e+002 1.277847e+001 8.539333e+001
      vertex   -1.171977e+002 1.277847e+001 8.539333e+001
      vertex   -1.157621e+002 1.277847e+001 7.321224e+001
    endloop
  endfacet
  facet normal -6.280000e-001 0.000000e+000 0.000000e+000
    outer loop
      vertex   -1.171977e+002 1.287710e+001 8.591033e+001
      vertex   -1.171977e+002 1.277847e+001 8.539333e+001
      vertex   -1.171977e+002 1.281152e+001 8.565494e+001
    endloop
  endfacet
  facet normal -1.253029e+000 0.000000e+000 0.000000e+000
    outer loop
      vertex   -1.171977e+002 1.297418e+001 8.615554e+001
      vertex   -1.171977e+002 1.277847e+001 8.539333e+001
      vertex   -1.171977e+002 1.287710e+001 8.591033e+001
    endloop
  endfacet
  facet normal -1.873811e+000 0.000000e+000 0.000000e+000
    outer loop
      vertex   -1.171977e+002 1.310123e+001 8.638663e+001
      vertex   -1.171977e+002 1.277847e+001 8.539333e+001
      vertex   -1.171977e+002 1.297418e+001 8.615554e+001
    endloop
  endfacet
  facet normal -2.485978e+000 0.000000e+000 0.000000e+000
    outer loop
      vertex   -1.171977e+002 1.325624e+001 8.660003e+001
      vertex   -1.171977e+002 1.277847e+001 8.539333e+001
      vertex   -1.171977e+002 1.310123e+001 8.638663e+001
    endloop
  endfacet
  facet normal -3.091046e+000 0.000000e+000 0.000000e+000
    outer loop
      vertex   -1.171977e+002 1.343677e+001 8.679223e+001
      vertex   -1.171977e+002 1.277847e+001 8.539333e+001
      vertex   -1.171977e+002 1.325624e+001 8.660003e+001
    endloop
  endfacet
  facet normal -7.289749e+000 0.000000e+000 0.000000e+000
    outer loop
      vertex   -1.171977e+002 1.277847e+001 8.539333e+001
      vertex   -1.171977e+002 1.487432e+001 8.736143e+001
      vertex   -1.171977e+002 1.277847e+001 4.222957e+001
    endloop
  endfacet
  facet normal -3.681248e+000 0.000000e+000 0.000000e+000
    outer loop
      vertex   -1.171977e+002 1.363997e+001 8.696033e+001
      vertex   -1.171977e+002 1.277847e+001 8.539333e+001
      vertex   -1.171977e+002 1.343677e+001 8.679223e+001
    endloop
  endfacet
  facet normal -6.373433e+000 0.000000e+000 0.000000e+000
    outer loop
      vertex   -1.171977e+002 1.487432e+001 8.736143e+001
      vertex   -1.171977e+002 1.277847e+001 8.539333e+001
      vertex   -1.171977e+002 1.461112e+001 8.734485e+001
    endloop
  endfacet
  facet normal -4.257755e+000 0.000000e+000 0.000000e+000
    outer loop
      vertex   -1.171977e+002 1.386264e+001 8.710163e+001
      vertex   -1.171977e+002 1.277847e+001 8.539333e+001
      vertex   -1.171977e+002 1.363997e+001 8.696033e+001
    endloop
  endfacet
  facet normal -5.878214e+000 0.000000e+000 0.000000e+000
    outer loop
      vertex   -1.171977e+002 1.461112e+001 8.734485e+001
      vertex   -1.171977e+002 1.277847e+001 8.539333e+001
      vertex   -1.171977e+002 1.435207e+001 8.729545e+001
    endloop
  endfacet
  facet normal -4.817099e+000 0.000000e+000 0.000000e+000
    outer loop
      vertex   -1.171977e+002 1.410126e+001 8.721393e+001
      vertex   -1.171977e+002 1.277847e+001 8.539333e+001
      vertex   -1.171977e+002 1.386264e+001 8.710163e+001
    endloop
  endfacet
  facet normal -5.357347e+000 0.000000e+000 0.000000e+000
    outer loop
      vertex   -1.171977e+002 1.435207e+001 8.729545e+001
      vertex   -1.171977e+002 1.277847e+001 8.539333e+001
      vertex   -1.171977e+002 1.410126e+001 8.721393e+001
    endloop
  endfacet
  facet normal 7.289674e+000 0.000000e+000 0.000000e+000
    outer loop
      vertex   -1.151977e+002 1.277847e+001 4.222957e+001
      vertex   -1.151977e+002 1.487432e+001 4.026143e+001
      vertex   -1.151977e+002 1.277847e+001 8.539333e+001
    endloop
  endfacet
  facet normal 7.289749e+000 0.000000e+000 0.000000e+000
    outer loop
      vertex   -1.151977e+002 1.487432e+001 8.736143e+001
      vertex   -1.151977e+002 1.277847e+001 8.539333e+001
      vertex   -1.151977e+002 1.487432e+001 4.026143e+001
    endloop
  endfacet
  facet normal 6.278421e-001 0.000000e+000 0.000000e+000
    outer loop
      vertex   -1.151977e+002 1.277847e+001 8.539333e+001
      vertex   -1.151977e+002 1.487432e+001 8.736143e+001
      vertex   -1.151977e+002 1.461112e+001 8.734485e+001
    endloop
  endfacet
  facet normal 6.279507e-001 0.000000e+000 0.000000e+000
    outer loop
      vertex   -1.151977e+002 1.277847e+001 8.539333e+001
      vertex   -1.151977e+002 1.461112e+001 8.734485e+001
      vertex   -1.151977e+002 1.435207e+001 8.729545e+001
    endloop
  endfacet
  facet normal 6.279946e-001 0.000000e+000 0.000000e+000
    outer loop
      vertex   -1.151977e+002 1.277847e+001 8.539333e+001
      vertex   -1.151977e+002 1.287710e+001 8.591033e+001
      vertex   -1.151977e+002 1.281152e+001 8.565494e+001
    endloop
  endfacet
  facet normal 6.278265e-001 0.000000e+000 0.000000e+000
    outer loop
      vertex   -1.151977e+002 1.277847e+001 8.539333e+001
      vertex   -1.151977e+002 1.435207e+001 8.729545e+001
      vertex   -1.151977e+002 1.410126e+001 8.721393e+001
    endloop
  endfacet
  facet normal 6.278628e-001 0.000000e+000 0.000000e+000
    outer loop
      vertex   -1.151977e+002 1.277847e+001 8.539333e+001
      vertex   -1.151977e+002 1.297418e+001 8.615554e+001
      vertex   -1.151977e+002 1.287710e+001 8.591033e+001
    endloop
  endfacet
  facet normal 6.278776e-001 0.000000e+000 0.000000e+000
    outer loop
      vertex   -1.151977e+002 1.277847e+001 8.539333e+001
      vertex   -1.151977e+002 1.410126e+001 8.721393e+001
      vertex   -1.151977e+002 1.386264e+001 8.710163e+001
    endloop
  endfacet
  facet normal 6.279521e-001 0.000000e+000 0.000000e+000
    outer loop
      vertex   -1.151977e+002 1.277847e+001 8.539333e+001
      vertex   -1.151977e+002 1.310123e+001 8.638663e+001
      vertex   -1.151977e+002 1.297418e+001 8.615554e+001
    endloop
  endfacet
  facet normal 6.279331e-001 0.000000e+000 0.000000e+000
    outer loop
      vertex   -1.151977e+002 1.277847e+001 8.539333e+001
      vertex   -1.151977e+002 1.386264e+001 8.710163e+001
      vertex   -1.151977e+002 1.363997e+001 8.696033e+001
    endloop
  endfacet
  facet normal 6.277943e-001 0.000000e+000 0.000000e+000
    outer loop
      vertex   -1.151977e+002 1.277847e+001 8.539333e+001
      vertex   -1.151977e+002 1.325624e+001 8.660003e+001
      vertex   -1.151977e+002 1.310123e+001 8.638663e+001
    endloop
  endfacet
  facet normal 6.279237e-001 0.000000e+000 0.000000e+000
    outer loop
      vertex   -1.151977e+002 1.277847e+001 8.539333e+001
      vertex   -1.151977e+002 1.363997e+001 8.696033e+001
      vertex   -1.151977e+002 1.343677e+001 8.679223e+001
    endloop
  endfacet
  facet normal 6.280341e-001 0.000000e+000 0.000000e+000
    outer loop
      vertex   -1.151977e+002 1.277847e+001 8.539333e+001
      vertex   -1.151977e+002 1.343677e+001 8.679223e+001
      vertex   -1.151977e+002 1.325624e+001 8.660003e+001
    endloop
  endfacet
  facet normal 0.000000e+000 -1.000000e+001 0.000000e+000
    outer loop
      vertex   -1.171957e+002 1.250993e+001 6.009227e+001
      vertex   -1.171957e+002 1.250993e+001 5.569059e+001
      vertex   -1.152073e+002 1.250993e+001 6.009227e+001
    endloop
  endfacet
  facet normal 0.000000e+000 -4.116803e+000 0.000000e+000
    outer loop
      vertex   -1.152073e+002 1.250993e+001 6.009227e+001
      vertex   -1.171957e+002 1.250993e+001 5.569059e+001
      vertex   -1.152073e+002 1.250993e+001 5.569059e+001
    endloop
  endfacet
  facet normal 0.000000e+000 -9.945053e+000 0.000000e+000
    outer loop
      vertex   -1.165864e+002 1.277847e+001 5.542206e+001
      vertex   -1.151977e+002 1.277847e+001 4.222957e+001
      vertex   -1.152073e+002 1.277847e+001 5.542206e+001
    endloop
  endfacet
  facet normal 0.000000e+000 -9.836021e+000 -1.242454e+000
    outer loop
      vertex   -1.171977e+002 1.281152e+001 4.196793e+001
      vertex   -1.151977e+002 1.277847e+001 4.222957e+001
      vertex   -1.171977e+002 1.277847e+001 4.222957e+001
    endloop
  endfacet
  facet normal 0.000000e+000 -9.836021e+000 -1.242454e+000
    outer loop
      vertex   -1.151977e+002 1.277847e+001 4.222957e+001
      vertex   -1.171977e+002 1.281152e+001 4.196793e+001
      vertex   -1.151977e+002 1.281152e+001 4.196793e+001
    endloop
  endfacet
  facet normal 0.000000e+000 -1.506067e+000 0.000000e+000
    outer loop
      vertex   -1.165864e+002 1.277847e+001 5.542206e+001
      vertex   -1.171977e+002 1.277847e+001 4.222957e+001
      vertex   -1.151977e+002 1.277847e+001 4.222957e+001
    endloop
  endfacet
  facet normal 6.278562e-001 0.000000e+000 0.000000e+000
    outer loop
      vertex   -1.151977e+002 1.287710e+001 4.171249e+001
      vertex   -1.151977e+002 1.277847e+001 4.222957e+001
      vertex   -1.151977e+002 1.281152e+001 4.196793e+001
    endloop
  endfacet
  facet normal 1.253400e+000 0.000000e+000 0.000000e+000
    outer loop
      vertex   -1.151977e+002 1.297418e+001 4.146729e+001
      vertex   -1.151977e+002 1.277847e+001 4.222957e+001
      vertex   -1.151977e+002 1.287710e+001 4.171249e+001
    endloop
  endfacet
  facet normal 1.873961e+000 0.000000e+000 0.000000e+000
    outer loop
      vertex   -1.151977e+002 1.310123e+001 4.123619e+001
      vertex   -1.151977e+002 1.277847e+001 4.222957e+001
      vertex   -1.151977e+002 1.297418e+001 4.146729e+001
    endloop
  endfacet
  facet normal 2.487009e+000 0.000000e+000 0.000000e+000
    outer loop
      vertex   -1.151977e+002 1.325624e+001 4.102284e+001
      vertex   -1.151977e+002 1.277847e+001 4.222957e+001
      vertex   -1.151977e+002 1.310123e+001 4.123619e+001
    endloop
  endfacet
  facet normal 3.090409e+000 0.000000e+000 0.000000e+000
    outer loop
      vertex   -1.151977e+002 1.343677e+001 4.083060e+001
      vertex   -1.151977e+002 1.277847e+001 4.222957e+001
      vertex   -1.151977e+002 1.325624e+001 4.102284e+001
    endloop
  endfacet
  facet normal 6.374212e+000 0.000000e+000 0.000000e+000
    outer loop
      vertex   -1.151977e+002 1.487432e+001 4.026143e+001
      vertex   -1.151977e+002 1.277847e+001 4.222957e+001
      vertex   -1.151977e+002 1.461112e+001 4.027799e+001
    endloop
  endfacet
  facet normal 3.681075e+000 0.000000e+000 0.000000e+000
    outer loop
      vertex   -1.151977e+002 1.363997e+001 4.066249e+001
      vertex   -1.151977e+002 1.277847e+001 4.222957e+001
      vertex   -1.151977e+002 1.343677e+001 4.083060e+001
    endloop
  endfacet
  facet normal 5.877777e+000 0.000000e+000 0.000000e+000
    outer loop
      vertex   -1.151977e+002 1.461112e+001 4.027799e+001
      vertex   -1.151977e+002 1.277847e+001 4.222957e+001
      vertex   -1.151977e+002 1.435207e+001 4.032741e+001
    endloop
  endfacet
  facet normal 4.258087e+000 0.000000e+000 0.000000e+000
    outer loop
      vertex   -1.151977e+002 1.386264e+001 4.052119e+001
      vertex   -1.151977e+002 1.277847e+001 4.222957e+001
      vertex   -1.151977e+002 1.363997e+001 4.066249e+001
    endloop
  endfacet
  facet normal 5.358322e+000 0.000000e+000 0.000000e+000
    outer loop
      vertex   -1.151977e+002 1.435207e+001 4.032741e+001
      vertex   -1.151977e+002 1.277847e+001 4.222957e+001
      vertex   -1.151977e+002 1.410126e+001 4.040890e+001
    endloop
  endfacet
  facet normal 4.817417e+000 0.000000e+000 0.000000e+000
    outer loop
      vertex   -1.151977e+002 1.410126e+001 4.040890e+001
      vertex   -1.151977e+002 1.277847e+001 4.222957e+001
      vertex   -1.151977e+002 1.386264e+001 4.052119e+001
    endloop
  endfacet
  facet normal -0.000000e+000 -7.070942e+000 -7.071194e+000
    outer loop
      vertex   -1.152073e+002 1.277847e+001 5.542206e+001
      vertex   -1.152073e+002 1.250993e+001 5.569059e+001
      vertex   -1.165864e+002 1.277847e+001 5.542206e+001
    endloop
  endfacet
  facet normal 1.387779e-016 -5.199127e+000 -5.199311e+000
    outer loop
      vertex   -1.165864e+002 1.277847e+001 5.542206e+001
      vertex   -1.152073e+002 1.250993e+001 5.569059e+001
      vertex   -1.171957e+002 1.250993e+001 5.569059e+001
    endloop
  endfacet
  facet normal 0.000000e+000 -4.613534e-001 0.000000e+000
    outer loop
      vertex   -1.171977e+002 1.277847e+001 4.222957e+001
      vertex   -1.165864e+002 1.277847e+001 5.542206e+001
      vertex   -1.171957e+002 1.277847e+001 5.542206e+001
    endloop
  endfacet
  facet normal -6.278706e-001 0.000000e+000 0.000000e+000
    outer loop
      vertex   -1.171977e+002 1.277847e+001 4.222957e+001
      vertex   -1.171977e+002 1.287710e+001 4.171249e+001
      vertex   -1.171977e+002 1.281152e+001 4.196793e+001
    endloop
  endfacet
  facet normal -6.279271e-001 0.000000e+000 0.000000e+000
    outer loop
      vertex   -1.171977e+002 1.277847e+001 4.222957e+001
      vertex   -1.171977e+002 1.297418e+001 4.146729e+001
      vertex   -1.171977e+002 1.287710e+001 4.171249e+001
    endloop
  endfacet
  facet normal -6.279534e-001 0.000000e+000 0.000000e+000
    outer loop
      vertex   -1.171977e+002 1.277847e+001 4.222957e+001
      vertex   -1.171977e+002 1.310123e+001 4.123619e+001
      vertex   -1.171977e+002 1.297418e+001 4.146729e+001
    endloop
  endfacet
  facet normal -7.289674e+000 0.000000e+000 0.000000e+000
    outer loop
      vertex   -1.171977e+002 1.487432e+001 4.026143e+001
      vertex   -1.171977e+002 1.277847e+001 4.222957e+001
      vertex   -1.171977e+002 1.487432e+001 8.736143e+001
    endloop
  endfacet
  facet normal -6.279256e-001 0.000000e+000 0.000000e+000
    outer loop
      vertex   -1.171977e+002 1.277847e+001 4.222957e+001
      vertex   -1.171977e+002 1.325624e+001 4.102284e+001
      vertex   -1.171977e+002 1.310123e+001 4.123619e+001
    endloop
  endfacet
  facet normal -6.279039e-001 0.000000e+000 0.000000e+000
    outer loop
      vertex   -1.171977e+002 1.277847e+001 4.222957e+001
      vertex   -1.171977e+002 1.487432e+001 4.026143e+001
      vertex   -1.171977e+002 1.461112e+001 4.027799e+001
    endloop
  endfacet
  facet normal -6.279455e-001 0.000000e+000 0.000000e+000
    outer loop
      vertex   -1.171977e+002 1.277847e+001 4.222957e+001
      vertex   -1.171977e+002 1.343677e+001 4.083060e+001
      vertex   -1.171977e+002 1.325624e+001 4.102284e+001
    endloop
  endfacet
  facet normal -6.279033e-001 0.000000e+000 0.000000e+000
    outer loop
      vertex   -1.171977e+002 1.277847e+001 4.222957e+001
      vertex   -1.171977e+002 1.461112e+001 4.027799e+001
      vertex   -1.171977e+002 1.435207e+001 4.032741e+001
    endloop
  endfacet
  facet normal -6.278895e-001 0.000000e+000 0.000000e+000
    outer loop
      vertex   -1.171977e+002 1.277847e+001 4.222957e+001
      vertex   -1.171977e+002 1.363997e+001 4.066249e+001
      vertex   -1.171977e+002 1.343677e+001 4.083060e+001
    endloop
  endfacet
  facet normal -6.279024e-001 0.000000e+000 0.000000e+000
    outer loop
      vertex   -1.171977e+002 1.277847e+001 4.222957e+001
      vertex   -1.171977e+002 1.435207e+001 4.032741e+001
      vertex   -1.171977e+002 1.410126e+001 4.040890e+001
    endloop
  endfacet
  facet normal -6.279496e-001 0.000000e+000 0.000000e+000
    outer loop
      vertex   -1.171977e+002 1.277847e+001 4.222957e+001
      vertex   -1.171977e+002 1.386264e+001 4.052119e+001
      vertex   -1.171977e+002 1.363997e+001 4.066249e+001
    endloop
  endfacet
  facet normal -6.278929e-001 0.000000e+000 0.000000e+000
    outer loop
      vertex   -1.171977e+002 1.277847e+001 4.222957e+001
      vertex   -1.171977e+002 1.410126e+001 4.040890e+001
      vertex   -1.171977e+002 1.386264e+001 4.052119e+001
    endloop
  endfacet
  facet normal 0.000000e+000 -7.070942e+000 -7.071194e+000
    outer loop
      vertex   -1.171957e+002 1.277847e+001 5.542206e+001
      vertex   -1.165864e+002 1.277847e+001 5.542206e+001
      vertex   -1.171957e+002 1.250993e+001 5.569059e+001
    endloop
  endfacet
  facet normal 0.000000e+000 -9.602675e+000 2.465795e+000
    outer loop
      vertex   -1.151977e+002 1.287710e+001 8.591033e+001
      vertex   -1.171977e+002 1.281152e+001 8.565494e+001
      vertex   -1.151977e+002 1.281152e+001 8.565494e+001
    endloop
  endfacet
  facet normal 0.000000e+000 -9.602675e+000 2.465795e+000
    outer loop
      vertex   -1.171977e+002 1.281152e+001 8.565494e+001
      vertex   -1.151977e+002 1.287710e+001 8.591033e+001
      vertex   -1.171977e+002 1.287710e+001 8.591033e+001
    endloop
  endfacet
  facet normal 6.938894e-017 -9.218043e+000 3.649466e+000
    outer loop
      vertex   -1.151977e+002 1.297418e+001 8.615554e+001
      vertex   -1.171977e+002 1.287710e+001 8.591033e+001
      vertex   -1.151977e+002 1.287710e+001 8.591033e+001
    endloop
  endfacet
  facet normal 6.938894e-017 -9.218043e+000 3.649466e+000
    outer loop
      vertex   -1.171977e+002 1.287710e+001 8.591033e+001
      vertex   -1.151977e+002 1.297418e+001 8.615554e+001
      vertex   -1.171977e+002 1.297418e+001 8.615554e+001
    endloop
  endfacet
  facet normal 6.938894e-017 -8.687795e+000 4.776324e+000
    outer loop
      vertex   -1.151977e+002 1.310123e+001 8.638663e+001
      vertex   -1.171977e+002 1.297418e+001 8.615554e+001
      vertex   -1.151977e+002 1.297418e+001 8.615554e+001
    endloop
  endfacet
  facet normal 6.938894e-017 -8.687795e+000 4.776324e+000
    outer loop
      vertex   -1.171977e+002 1.297418e+001 8.615554e+001
      vertex   -1.151977e+002 1.310123e+001 8.638663e+001
      vertex   -1.171977e+002 1.310123e+001 8.638663e+001
    endloop
  endfacet
  facet normal 0.000000e+000 -8.021256e+000 5.826667e+000
    outer loop
      vertex   -1.151977e+002 1.325624e+001 8.660003e+001
      vertex   -1.171977e+002 1.310123e+001 8.638663e+001
      vertex   -1.151977e+002 1.310123e+001 8.638663e+001
    endloop
  endfacet
  facet normal 0.000000e+000 -8.021256e+000 5.826667e+000
    outer loop
      vertex   -1.171977e+002 1.310123e+001 8.638663e+001
      vertex   -1.151977e+002 1.325624e+001 8.660003e+001
      vertex   -1.171977e+002 1.325624e+001 8.660003e+001
    endloop
  endfacet
  facet normal 0.000000e+000 -7.226401e+000 6.787525e+000
    outer loop
      vertex   -1.151977e+002 1.343677e+001 8.679223e+001
      vertex   -1.171977e+002 1.325624e+001 8.660003e+001
      vertex   -1.151977e+002 1.325624e+001 8.660003e+001
    endloop
  endfacet
  facet normal 0.000000e+000 -7.226401e+000 6.787525e+000
    outer loop
      vertex   -1.171977e+002 1.325624e+001 8.660003e+001
      vertex   -1.151977e+002 1.343677e+001 8.679223e+001
      vertex   -1.171977e+002 1.343677e+001 8.679223e+001
    endloop
  endfacet
  facet normal 0.000000e+000 -8.332615e-001 1.007279e+000
    outer loop
      vertex   -1.151977e+002 1.343677e+001 8.679223e+001
      vertex   -1.171977e+002 1.363997e+001 8.696033e+001
      vertex   -1.171977e+002 1.343677e+001 8.679223e+001
    endloop
  endfacet
  facet normal 0.000000e+000 -8.221044e-002 1.304706e+000
    outer loop
      vertex   -1.171977e+002 1.487432e+001 8.736143e+001
      vertex   -1.151977e+002 1.461112e+001 8.734485e+001
      vertex   -1.151977e+002 1.487432e+001 8.736143e+001
    endloop
  endfacet
  facet normal 0.000000e+000 -8.221044e-002 1.304706e+000
    outer loop
      vertex   -1.151977e+002 1.461112e+001 8.734485e+001
      vertex   -1.171977e+002 1.487432e+001 8.736143e+001
      vertex   -1.171977e+002 1.461112e+001 8.734485e+001
    endloop
  endfacet
  facet normal 0.000000e+000 0.000000e+000 9.997291e+000
    outer loop
      vertex   -1.151977e+002 1.487432e+001 8.736143e+001
      vertex   -1.161977e+002 5.782432e+001 8.736143e+001
      vertex   -1.171977e+002 1.487432e+001 8.736143e+001
    endloop
  endfacet
  facet normal 0.000000e+000 0.000000e+000 2.327667e-001
    outer loop
      vertex   -1.171977e+002 1.487432e+001 8.736143e+001
      vertex   -1.161977e+002 5.782432e+001 8.736143e+001
      vertex   -1.171977e+002 5.782432e+001 8.736143e+001
    endloop
  endfacet
  facet normal -6.911584e+000 0.000000e+000 0.000000e+000
    outer loop
      vertex   -1.171977e+002 4.367851e+001 7.383306e+001
      vertex   -1.171977e+002 3.954708e+001 7.383306e+001
      vertex   -1.171977e+002 5.782432e+001 8.736143e+001
    endloop
  endfacet
  facet normal -5.949343e+000 0.000000e+000 0.000000e+000
    outer loop
      vertex   -1.171977e+002 5.782432e+001 8.736143e+001
      vertex   -1.171977e+002 3.954708e+001 7.383306e+001
      vertex   -1.171977e+002 1.487432e+001 8.736143e+001
    endloop
  endfacet
  facet normal -4.807820e+000 0.000000e+000 0.000000e+000
    outer loop
      vertex   -1.171977e+002 3.954708e+001 7.383306e+001
      vertex   -1.171977e+002 2.617925e+001 7.383306e+001
      vertex   -1.171977e+002 1.487432e+001 8.736143e+001
    endloop
  endfacet
  facet normal -8.605495e+000 0.000000e+000 0.000000e+000
    outer loop
      vertex   -1.171977e+002 2.728761e+001 6.123306e+001
      vertex   -1.171977e+002 1.487432e+001 4.026143e+001
      vertex   -1.171977e+002 2.613863e+001 6.123306e+001
    endloop
  endfacet
  facet normal -8.980570e+000 0.000000e+000 0.000000e+000
    outer loop
      vertex   -1.171977e+002 2.613863e+001 6.123306e+001
      vertex   -1.171977e+002 1.487432e+001 4.026143e+001
      vertex   -1.171977e+002 2.583971e+001 6.124426e+001
    endloop
  endfacet
  facet normal -9.325557e+000 0.000000e+000 0.000000e+000
    outer loop
      vertex   -1.171977e+002 2.583971e+001 6.124426e+001
      vertex   -1.171977e+002 1.487432e+001 4.026143e+001
      vertex   -1.171977e+002 2.554246e+001 6.127774e+001
    endloop
  endfacet
  facet normal -9.602988e+000 0.000000e+000 0.000000e+000
    outer loop
      vertex   -1.171977e+002 2.554246e+001 6.127774e+001
      vertex   -1.171977e+002 1.487432e+001 4.026143e+001
      vertex   -1.171977e+002 2.524855e+001 6.133335e+001
    endloop
  endfacet
  facet normal -9.809123e+000 0.000000e+000 0.000000e+000
    outer loop
      vertex   -1.171977e+002 2.524855e+001 6.133335e+001
      vertex   -1.171977e+002 1.487432e+001 4.026143e+001
      vertex   -1.171977e+002 2.495961e+001 6.141077e+001
    endloop
  endfacet
  facet normal -9.941363e+000 0.000000e+000 0.000000e+000
    outer loop
      vertex   -1.171977e+002 2.495961e+001 6.141077e+001
      vertex   -1.171977e+002 1.487432e+001 4.026143e+001
      vertex   -1.171977e+002 2.467727e+001 6.150957e+001
    endloop
  endfacet
  facet normal -9.997825e+000 0.000000e+000 0.000000e+000
    outer loop
      vertex   -1.171977e+002 2.467727e+001 6.150957e+001
      vertex   -1.171977e+002 1.487432e+001 4.026143e+001
      vertex   -1.171977e+002 2.440310e+001 6.162919e+001
    endloop
  endfacet
  facet normal -9.977759e+000 0.000000e+000 0.000000e+000
    outer loop
      vertex   -1.171977e+002 2.440310e+001 6.162919e+001
      vertex   -1.171977e+002 1.487432e+001 4.026143e+001
      vertex   -1.171977e+002 2.413863e+001 6.176896e+001
    endloop
  endfacet
  facet normal -9.881226e+000 0.000000e+000 0.000000e+000
    outer loop
      vertex   -1.171977e+002 2.413863e+001 6.176896e+001
      vertex   -1.171977e+002 1.487432e+001 4.026143e+001
      vertex   -1.171977e+002 2.388535e+001 6.192811e+001
    endloop
  endfacet
  facet normal -9.709390e+000 0.000000e+000 0.000000e+000
    outer loop
      vertex   -1.171977e+002 2.388535e+001 6.192811e+001
      vertex   -1.171977e+002 1.487432e+001 4.026143e+001
      vertex   -1.171977e+002 2.364467e+001 6.210574e+001
    endloop
  endfacet
  facet normal -9.464258e+000 0.000000e+000 0.000000e+000
    outer loop
      vertex   -1.171977e+002 2.364467e+001 6.210574e+001
      vertex   -1.171977e+002 1.487432e+001 4.026143e+001
      vertex   -1.171977e+002 2.341794e+001 6.230087e+001
    endloop
  endfacet
  facet normal -9.148792e+000 0.000000e+000 0.000000e+000
    outer loop
      vertex   -1.171977e+002 2.341794e+001 6.230087e+001
      vertex   -1.171977e+002 1.487432e+001 4.026143e+001
      vertex   -1.171977e+002 2.320643e+001 6.251237e+001
    endloop
  endfacet
  facet normal -8.766796e+000 0.000000e+000 0.000000e+000
    outer loop
      vertex   -1.171977e+002 2.320643e+001 6.251237e+001
      vertex   -1.171977e+002 1.487432e+001 4.026143e+001
      vertex   -1.171977e+002 2.301131e+001 6.273910e+001
    endloop
  endfacet
  facet normal -8.322383e+000 0.000000e+000 0.000000e+000
    outer loop
      vertex   -1.171977e+002 2.301131e+001 6.273910e+001
      vertex   -1.171977e+002 1.487432e+001 4.026143e+001
      vertex   -1.171977e+002 2.283368e+001 6.297978e+001
    endloop
  endfacet
  facet normal -7.820758e+000 0.000000e+000 0.000000e+000
    outer loop
      vertex   -1.171977e+002 2.283368e+001 6.297978e+001
      vertex   -1.171977e+002 1.487432e+001 4.026143e+001
      vertex   -1.171977e+002 2.267453e+001 6.323306e+001
    endloop
  endfacet
  facet normal -7.267092e+000 0.000000e+000 0.000000e+000
    outer loop
      vertex   -1.171977e+002 2.267453e+001 6.323306e+001
      vertex   -1.171977e+002 1.487432e+001 4.026143e+001
      vertex   -1.171977e+002 2.253476e+001 6.349754e+001
    endloop
  endfacet
  facet normal -6.667661e+000 0.000000e+000 0.000000e+000
    outer loop
      vertex   -1.171977e+002 2.253476e+001 6.349754e+001
      vertex   -1.171977e+002 1.487432e+001 4.026143e+001
      vertex   -1.171977e+002 2.241514e+001 6.377170e+001
    endloop
  endfacet
  facet normal -6.027924e+000 0.000000e+000 0.000000e+000
    outer loop
      vertex   -1.171977e+002 2.241514e+001 6.377170e+001
      vertex   -1.171977e+002 1.487432e+001 4.026143e+001
      vertex   -1.171977e+002 2.231634e+001 6.405404e+001
    endloop
  endfacet
  facet normal -5.353650e+000 0.000000e+000 0.000000e+000
    outer loop
      vertex   -1.171977e+002 2.231634e+001 6.405404e+001
      vertex   -1.171977e+002 1.487432e+001 4.026143e+001
      vertex   -1.171977e+002 2.223892e+001 6.434298e+001
    endloop
  endfacet
  facet normal -4.651296e+000 0.000000e+000 0.000000e+000
    outer loop
      vertex   -1.171977e+002 2.223892e+001 6.434298e+001
      vertex   -1.171977e+002 1.487432e+001 4.026143e+001
      vertex   -1.171977e+002 2.218331e+001 6.463689e+001
    endloop
  endfacet
  facet normal -3.926513e+000 0.000000e+000 0.000000e+000
    outer loop
      vertex   -1.171977e+002 2.218331e+001 6.463689e+001
      vertex   -1.171977e+002 1.487432e+001 4.026143e+001
      vertex   -1.171977e+002 2.214982e+001 6.493414e+001
    endloop
  endfacet
  facet normal -3.185196e+000 0.000000e+000 0.000000e+000
    outer loop
      vertex   -1.171977e+002 2.214982e+001 6.493414e+001
      vertex   -1.171977e+002 1.487432e+001 4.026143e+001
      vertex   -1.171977e+002 2.213863e+001 6.523306e+001
    endloop
  endfacet
  facet normal -5.648784e+000 0.000000e+000 0.000000e+000
    outer loop
      vertex   -1.171977e+002 2.213863e+001 6.523306e+001
      vertex   -1.171977e+002 1.487432e+001 4.026143e+001
      vertex   -1.171977e+002 1.487432e+001 8.736143e+001
    endloop
  endfacet
  facet normal -4.159642e+000 0.000000e+000 0.000000e+000
    outer loop
      vertex   -1.171977e+002 2.213863e+001 6.983306e+001
      vertex   -1.171977e+002 1.487432e+001 8.736143e+001
      vertex   -1.171977e+002 2.214906e+001 7.012167e+001
    endloop
  endfacet
  facet normal -3.828554e+000 -0.000000e+000 -0.000000e+000
    outer loop
      vertex   -1.171977e+002 2.213863e+001 6.983306e+001
      vertex   -1.171977e+002 2.213863e+001 6.523306e+001
      vertex   -1.171977e+002 1.487432e+001 8.736143e+001
    endloop
  endfacet
  facet normal -7.486622e+000 0.000000e+000 0.000000e+000
    outer loop
      vertex   -1.171977e+002 2.250828e+001 7.151251e+001
      vertex   -1.171977e+002 2.239657e+001 7.124619e+001
      vertex   -1.171977e+002 1.487432e+001 8.736143e+001
    endloop
  endfacet
  facet normal -1.107642e-001 0.000000e+000 0.000000e+000
    outer loop
      vertex   -1.171977e+002 1.487432e+001 8.736143e+001
      vertex   -1.171977e+002 2.239657e+001 7.124619e+001
      vertex   -1.171977e+002 2.230436e+001 7.097251e+001
    endloop
  endfacet
  facet normal -6.197643e+000 0.000000e+000 0.000000e+000
    outer loop
      vertex   -1.171977e+002 2.223214e+001 7.069288e+001
      vertex   -1.171977e+002 1.487432e+001 8.736143e+001
      vertex   -1.171977e+002 2.230436e+001 7.097251e+001
    endloop
  endfacet
  facet normal -5.615407e+000 0.000000e+000 0.000000e+000
    outer loop
      vertex   -1.171977e+002 2.223214e+001 7.069288e+001
      vertex   -1.171977e+002 2.218028e+001 7.040878e+001
      vertex   -1.171977e+002 1.487432e+001 8.736143e+001
    endloop
  endfacet
  facet normal -7.604920e-002 0.000000e+000 0.000000e+000
    outer loop
      vertex   -1.171977e+002 1.487432e+001 8.736143e+001
      vertex   -1.171977e+002 2.218028e+001 7.040878e+001
      vertex   -1.171977e+002 2.214906e+001 7.012167e+001
    endloop
  endfacet
  facet normal -7.673478e+000 0.000000e+000 0.000000e+000
    outer loop
      vertex   -1.171977e+002 2.617925e+001 7.383306e+001
      vertex   -1.171977e+002 2.613863e+001 7.383306e+001
      vertex   -1.171977e+002 1.487432e+001 8.736143e+001
    endloop
  endfacet
  facet normal -1.289691e-001 0.000000e+000 0.000000e+000
    outer loop
      vertex   -1.171977e+002 1.487432e+001 8.736143e+001
      vertex   -1.171977e+002 2.613863e+001 7.383306e+001
      vertex   -1.171977e+002 2.585450e+001 7.382296e+001
    endloop
  endfacet
  facet normal -8.467297e+000 0.000000e+000 0.000000e+000
    outer loop
      vertex   -1.171977e+002 2.557180e+001 7.379270e+001
      vertex   -1.171977e+002 1.487432e+001 8.736143e+001
      vertex   -1.171977e+002 2.585450e+001 7.382296e+001
    endloop
  endfacet
  facet normal -8.823858e+000 0.000000e+000 0.000000e+000
    outer loop
      vertex   -1.171977e+002 2.557180e+001 7.379270e+001
      vertex   -1.171977e+002 2.529196e+001 7.374243e+001
      vertex   -1.171977e+002 1.487432e+001 8.736143e+001
    endloop
  endfacet
  facet normal -1.534403e-001 0.000000e+000 0.000000e+000
    outer loop
      vertex   -1.171977e+002 1.487432e+001 8.736143e+001
      vertex   -1.171977e+002 2.529196e+001 7.374243e+001
      vertex   -1.171977e+002 2.501640e+001 7.367241e+001
    endloop
  endfacet
  facet normal -9.548074e+000 0.000000e+000 0.000000e+000
    outer loop
      vertex   -1.171977e+002 2.474651e+001 7.358299e+001
      vertex   -1.171977e+002 1.487432e+001 8.736143e+001
      vertex   -1.171977e+002 2.501640e+001 7.367241e+001
    endloop
  endfacet
  facet normal -9.735065e+000 0.000000e+000 0.000000e+000
    outer loop
      vertex   -1.171977e+002 2.474651e+001 7.358299e+001
      vertex   -1.171977e+002 2.448365e+001 7.347463e+001
      vertex   -1.171977e+002 1.487432e+001 8.736143e+001
    endloop
  endfacet
  facet normal -1.670126e-001 0.000000e+000 0.000000e+000
    outer loop
      vertex   -1.171977e+002 1.487432e+001 8.736143e+001
      vertex   -1.171977e+002 2.448365e+001 7.347463e+001
      vertex   -1.171977e+002 2.422916e+001 7.334787e+001
    endloop
  endfacet
  facet normal -9.992555e+000 0.000000e+000 0.000000e+000
    outer loop
      vertex   -1.171977e+002 2.398431e+001 7.320336e+001
      vertex   -1.171977e+002 1.487432e+001 8.736143e+001
      vertex   -1.171977e+002 2.422916e+001 7.334787e+001
    endloop
  endfacet
  facet normal -9.994696e+000 0.000000e+000 0.000000e+000
    outer loop
      vertex   -1.171977e+002 2.398431e+001 7.320336e+001
      vertex   -1.171977e+002 2.375035e+001 7.304181e+001
      vertex   -1.171977e+002 1.487432e+001 8.736143e+001
    endloop
  endfacet
  facet normal -1.671732e-001 0.000000e+000 0.000000e+000
    outer loop
      vertex   -1.171977e+002 1.487432e+001 8.736143e+001
      vertex   -1.171977e+002 2.375035e+001 7.304181e+001
      vertex   -1.171977e+002 2.352845e+001 7.286406e+001
    endloop
  endfacet
  facet normal -9.748514e+000 0.000000e+000 0.000000e+000
    outer loop
      vertex   -1.171977e+002 2.331974e+001 7.267099e+001
      vertex   -1.171977e+002 1.487432e+001 8.736143e+001
      vertex   -1.171977e+002 2.352845e+001 7.286406e+001
    endloop
  endfacet
  facet normal -9.565588e+000 0.000000e+000 0.000000e+000
    outer loop
      vertex   -1.171977e+002 2.331974e+001 7.267099e+001
      vertex   -1.171977e+002 2.312527e+001 7.246358e+001
      vertex   -1.171977e+002 1.487432e+001 8.736143e+001
    endloop
  endfacet
  facet normal -1.538829e-001 0.000000e+000 0.000000e+000
    outer loop
      vertex   -1.171977e+002 1.487432e+001 8.736143e+001
      vertex   -1.171977e+002 2.312527e+001 7.246358e+001
      vertex   -1.171977e+002 2.294602e+001 7.224289e+001
    endloop
  endfacet
  facet normal -8.851033e+000 0.000000e+000 0.000000e+000
    outer loop
      vertex   -1.171977e+002 2.278291e+001 7.201001e+001
      vertex   -1.171977e+002 1.487432e+001 8.736143e+001
      vertex   -1.171977e+002 2.294602e+001 7.224289e+001
    endloop
  endfacet
  facet normal -8.498198e+000 0.000000e+000 0.000000e+000
    outer loop
      vertex   -1.171977e+002 2.278291e+001 7.201001e+001
      vertex   -1.171977e+002 2.263675e+001 7.176614e+001
      vertex   -1.171977e+002 1.487432e+001 8.736143e+001
    endloop
  endfacet
  facet normal -1.296222e-001 0.000000e+000 0.000000e+000
    outer loop
      vertex   -1.171977e+002 1.487432e+001 8.736143e+001
      vertex   -1.171977e+002 2.263675e+001 7.176614e+001
      vertex   -1.171977e+002 2.250828e+001 7.151251e+001
    endloop
  endfacet
  facet normal 0.000000e+000 -8.332615e-001 1.007279e+000
    outer loop
      vertex   -1.171977e+002 1.363997e+001 8.696033e+001
      vertex   -1.151977e+002 1.343677e+001 8.679223e+001
      vertex   -1.151977e+002 1.363997e+001 8.696033e+001
    endloop
  endfacet
  facet normal 0.000000e+000 -7.004669e-001 1.103801e+000
    outer loop
      vertex   -1.151977e+002 1.363997e+001 8.696033e+001
      vertex   -1.171977e+002 1.386264e+001 8.710163e+001
      vertex   -1.171977e+002 1.363997e+001 8.696033e+001
    endloop
  endfacet
  facet normal 0.000000e+000 -2.448822e-001 1.284137e+000
    outer loop
      vertex   -1.171977e+002 1.461112e+001 8.734485e+001
      vertex   -1.151977e+002 1.435207e+001 8.729545e+001
      vertex   -1.151977e+002 1.461112e+001 8.734485e+001
    endloop
  endfacet
  facet normal 0.000000e+000 -2.448822e-001 1.284137e+000
    outer loop
      vertex   -1.151977e+002 1.435207e+001 8.729545e+001
      vertex   -1.171977e+002 1.461112e+001 8.734485e+001
      vertex   -1.171977e+002 1.435207e+001 8.729545e+001
    endloop
  endfacet
  facet normal 0.000000e+000 -7.004669e-001 1.103801e+000
    outer loop
      vertex   -1.171977e+002 1.386264e+001 8.710163e+001
      vertex   -1.151977e+002 1.363997e+001 8.696033e+001
      vertex   -1.151977e+002 1.386264e+001 8.710163e+001
    endloop
  endfacet
  facet normal 0.000000e+000 -5.566577e-001 1.182862e+000
    outer loop
      vertex   -1.151977e+002 1.386264e+001 8.710163e+001
      vertex   -1.171977e+002 1.410126e+001 8.721393e+001
      vertex   -1.171977e+002 1.386264e+001 8.710163e+001
    endloop
  endfacet
  facet normal 0.000000e+000 -4.041027e-001 1.243285e+000
    outer loop
      vertex   -1.171977e+002 1.435207e+001 8.729545e+001
      vertex   -1.151977e+002 1.410126e+001 8.721393e+001
      vertex   -1.151977e+002 1.435207e+001 8.729545e+001
    endloop
  endfacet
  facet normal 0.000000e+000 -4.041027e-001 1.243285e+000
    outer loop
      vertex   -1.151977e+002 1.410126e+001 8.721393e+001
      vertex   -1.171977e+002 1.435207e+001 8.729545e+001
      vertex   -1.171977e+002 1.410126e+001 8.721393e+001
    endloop
  endfacet
  facet normal 0.000000e+000 -5.566577e-001 1.182862e+000
    outer loop
      vertex   -1.171977e+002 1.410126e+001 8.721393e+001
      vertex   -1.151977e+002 1.386264e+001 8.710163e+001
      vertex   -1.151977e+002 1.410126e+001 8.721393e+001
    endloop
  endfacet
  facet normal -0.000000e+000 -8.209226e-002 -1.304707e+000
    outer loop
      vertex   -1.151977e+002 1.487432e+001 4.026143e+001
      vertex   -1.171977e+002 1.461112e+001 4.027799e+001
      vertex   -1.171977e+002 1.487432e+001 4.026143e+001
    endloop
  endfacet
  facet normal 0.000000e+000 -8.209226e-002 -1.304707e+000
    outer loop
      vertex   -1.171977e+002 1.461112e+001 4.027799e+001
      vertex   -1.151977e+002 1.487432e+001 4.026143e+001
      vertex   -1.151977e+002 1.461112e+001 4.027799e+001
    endloop
  endfacet
  facet normal 0.000000e+000 0.000000e+000 -9.997291e+000
    outer loop
      vertex   -1.171977e+002 1.487432e+001 4.026143e+001
      vertex   -1.161977e+002 5.782432e+001 4.026143e+001
      vertex   -1.151977e+002 1.487432e+001 4.026143e+001
    endloop
  endfacet
  facet normal 0.000000e+000 0.000000e+000 -2.327645e-001
    outer loop
      vertex   -1.151977e+002 1.487432e+001 4.026143e+001
      vertex   -1.161977e+002 5.782432e+001 4.026143e+001
      vertex   -1.151977e+002 5.782432e+001 4.026143e+001
    endloop
  endfacet
  facet normal 2.327463e+000 0.000000e+000 0.000000e+000
    outer loop
      vertex   -1.151977e+002 5.782432e+001 4.026143e+001
      vertex   -1.151977e+002 3.925528e+001 4.470535e+001
      vertex   -1.151977e+002 1.487432e+001 4.026143e+001
    endloop
  endfacet
  facet normal 8.809134e-001 0.000000e+000 0.000000e+000
    outer loop
      vertex   -1.151977e+002 1.487432e+001 4.026143e+001
      vertex   -1.151977e+002 3.925528e+001 4.470535e+001
      vertex   -1.151977e+002 3.102579e+001 4.470535e+001
    endloop
  endfacet
  facet normal 9.555050e+000 0.000000e+000 0.000000e+000
    outer loop
      vertex   -1.151977e+002 3.102579e+001 4.524757e+001
      vertex   -1.151977e+002 1.487432e+001 4.026143e+001
      vertex   -1.151977e+002 3.102579e+001 4.470535e+001
    endloop
  endfacet
  facet normal 9.555050e+000 0.000000e+000 0.000000e+000
    outer loop
      vertex   -1.151977e+002 3.102579e+001 4.524757e+001
      vertex   -1.151977e+002 3.102579e+001 4.566493e+001
      vertex   -1.151977e+002 1.487432e+001 4.026143e+001
    endloop
  endfacet
  facet normal 7.648294e+000 0.000000e+000 0.000000e+000
    outer loop
      vertex   -1.151977e+002 3.102579e+001 5.386617e+001
      vertex   -1.151977e+002 1.487432e+001 4.026143e+001
      vertex   -1.151977e+002 3.102579e+001 5.220955e+001
    endloop
  endfacet
  facet normal 5.425933e-001 0.000000e+000 0.000000e+000
    outer loop
      vertex   -1.151977e+002 1.487432e+001 4.026143e+001
      vertex   -1.151977e+002 3.102579e+001 4.566493e+001
      vertex   -1.151977e+002 3.102579e+001 4.665889e+001
    endloop
  endfacet
  facet normal 2.488915e-002 0.000000e+000 0.000000e+000
    outer loop
      vertex   -1.151977e+002 1.487432e+001 4.026143e+001
      vertex   -1.151977e+002 3.102579e+001 5.214746e+001
      vertex   -1.151977e+002 3.102579e+001 5.220955e+001
    endloop
  endfacet
  facet normal 9.053174e+000 0.000000e+000 0.000000e+000
    outer loop
      vertex   -1.151977e+002 3.102579e+001 4.783900e+001
      vertex   -1.151977e+002 1.487432e+001 4.026143e+001
      vertex   -1.151977e+002 3.102579e+001 4.665889e+001
    endloop
  endfacet
  facet normal 8.400989e+000 0.000000e+000 0.000000e+000
    outer loop
      vertex   -1.151977e+002 3.102579e+001 5.069008e+001
      vertex   -1.151977e+002 3.102579e+001 5.214746e+001
      vertex   -1.151977e+002 1.487432e+001 4.026143e+001
    endloop
  endfacet
  facet normal 9.053174e+000 0.000000e+000 0.000000e+000
    outer loop
      vertex   -1.151977e+002 3.102579e+001 4.783900e+001
      vertex   -1.151977e+002 3.102579e+001 4.862295e+001
      vertex   -1.151977e+002 1.487432e+001 4.026143e+001
    endloop
  endfacet
  facet normal 8.768399e+000 0.000000e+000 0.000000e+000
    outer loop
      vertex   -1.151977e+002 3.102579e+001 4.911749e+001
      vertex   -1.151977e+002 3.102579e+001 5.069008e+001
      vertex   -1.151977e+002 1.487432e+001 4.026143e+001
    endloop
  endfacet
  facet normal 8.880535e+000 0.000000e+000 0.000000e+000
    outer loop
      vertex   -1.151977e+002 3.102579e+001 4.862295e+001
      vertex   -1.151977e+002 3.102579e+001 4.911749e+001
      vertex   -1.151977e+002 1.487432e+001 4.026143e+001
    endloop
  endfacet
  facet normal 0.000000e+000 0.000000e+000 1.000000e+001
    outer loop
      vertex   -1.151977e+002 5.782432e+001 8.736143e+001
      vertex   -1.161977e+002 5.782432e+001 8.736143e+001
      vertex   -1.151977e+002 1.487432e+001 8.736143e+001
    endloop
  endfacet
  facet normal 0.000000e+000 -9.602757e+000 -2.465356e+000
    outer loop
      vertex   -1.171977e+002 1.287710e+001 4.171249e+001
      vertex   -1.151977e+002 1.281152e+001 4.196793e+001
      vertex   -1.171977e+002 1.281152e+001 4.196793e+001
    endloop
  endfacet
  facet normal 0.000000e+000 -9.602757e+000 -2.465356e+000
    outer loop
      vertex   -1.151977e+002 1.281152e+001 4.196793e+001
      vertex   -1.171977e+002 1.287710e+001 4.171249e+001
      vertex   -1.151977e+002 1.287710e+001 4.171249e+001
    endloop
  endfacet
  facet normal 0.000000e+000 -9.217999e+000 -3.649591e+000
    outer loop
      vertex   -1.171977e+002 1.297418e+001 4.146729e+001
      vertex   -1.151977e+002 1.287710e+001 4.171249e+001
      vertex   -1.171977e+002 1.287710e+001 4.171249e+001
    endloop
  endfacet
  facet normal 0.000000e+000 -9.217999e+000 -3.649591e+000
    outer loop
      vertex   -1.151977e+002 1.287710e+001 4.171249e+001
      vertex   -1.171977e+002 1.297418e+001 4.146729e+001
      vertex   -1.151977e+002 1.297418e+001 4.146729e+001
    endloop
  endfacet
  facet normal 6.938894e-017 -8.687834e+000 -4.776248e+000
    outer loop
      vertex   -1.171977e+002 1.310123e+001 4.123619e+001
      vertex   -1.151977e+002 1.297418e+001 4.146729e+001
      vertex   -1.171977e+002 1.297418e+001 4.146729e+001
    endloop
  endfacet
  facet normal 6.938894e-017 -8.687834e+000 -4.776248e+000
    outer loop
      vertex   -1.151977e+002 1.297418e+001 4.146729e+001
      vertex   -1.171977e+002 1.310123e+001 4.123619e+001
      vertex   -1.151977e+002 1.310123e+001 4.123619e+001
    endloop
  endfacet
  facet normal 6.938894e-017 -8.020717e+000 -5.827447e+000
    outer loop
      vertex   -1.171977e+002 1.325624e+001 4.102284e+001
      vertex   -1.151977e+002 1.310123e+001 4.123619e+001
      vertex   -1.171977e+002 1.310123e+001 4.123619e+001
    endloop
  endfacet
  facet normal 6.938894e-017 -8.020717e+000 -5.827447e+000
    outer loop
      vertex   -1.151977e+002 1.310123e+001 4.123619e+001
      vertex   -1.171977e+002 1.325624e+001 4.102284e+001
      vertex   -1.151977e+002 1.325624e+001 4.102284e+001
    endloop
  endfacet
  facet normal 0.000000e+000 -7.226978e+000 -6.786888e+000
    outer loop
      vertex   -1.171977e+002 1.343677e+001 4.083060e+001
      vertex   -1.151977e+002 1.325624e+001 4.102284e+001
      vertex   -1.171977e+002 1.325624e+001 4.102284e+001
    endloop
  endfacet
  facet normal 0.000000e+000 -7.226978e+000 -6.786888e+000
    outer loop
      vertex   -1.151977e+002 1.325624e+001 4.102284e+001
      vertex   -1.171977e+002 1.343677e+001 4.083060e+001
      vertex   -1.151977e+002 1.343677e+001 4.083060e+001
    endloop
  endfacet
  facet normal 0.000000e+000 -8.333319e-001 -1.007278e+000
    outer loop
      vertex   -1.171977e+002 1.343677e+001 4.083060e+001
      vertex   -1.151977e+002 1.363997e+001 4.066249e+001
      vertex   -1.151977e+002 1.343677e+001 4.083060e+001
    endloop
  endfacet
  facet normal -0.000000e+000 -2.449767e-001 -1.284136e+000
    outer loop
      vertex   -1.151977e+002 1.461112e+001 4.027799e+001
      vertex   -1.171977e+002 1.435207e+001 4.032741e+001
      vertex   -1.171977e+002 1.461112e+001 4.027799e+001
    endloop
  endfacet
  facet normal 0.000000e+000 -2.449767e-001 -1.284136e+000
    outer loop
      vertex   -1.171977e+002 1.435207e+001 4.032741e+001
      vertex   -1.151977e+002 1.461112e+001 4.027799e+001
      vertex   -1.151977e+002 1.435207e+001 4.032741e+001
    endloop
  endfacet
  facet normal -0.000000e+000 -8.333319e-001 -1.007278e+000
    outer loop
      vertex   -1.151977e+002 1.363997e+001 4.066249e+001
      vertex   -1.171977e+002 1.343677e+001 4.083060e+001
      vertex   -1.171977e+002 1.363997e+001 4.066249e+001
    endloop
  endfacet
  facet normal 0.000000e+000 -7.004433e-001 -1.103802e+000
    outer loop
      vertex   -1.171977e+002 1.363997e+001 4.066249e+001
      vertex   -1.151977e+002 1.386264e+001 4.052119e+001
      vertex   -1.151977e+002 1.363997e+001 4.066249e+001
    endloop
  endfacet
  facet normal -0.000000e+000 -4.039611e-001 -1.243286e+000
    outer loop
      vertex   -1.151977e+002 1.435207e+001 4.032741e+001
      vertex   -1.171977e+002 1.410126e+001 4.040890e+001
      vertex   -1.171977e+002 1.435207e+001 4.032741e+001
    endloop
  endfacet
  facet normal 0.000000e+000 -4.039611e-001 -1.243286e+000
    outer loop
      vertex   -1.171977e+002 1.410126e+001 4.040890e+001
      vertex   -1.151977e+002 1.435207e+001 4.032741e+001
      vertex   -1.151977e+002 1.410126e+001 4.040890e+001
    endloop
  endfacet
  facet normal -0.000000e+000 -7.004433e-001 -1.103802e+000
    outer loop
      vertex   -1.151977e+002 1.386264e+001 4.052119e+001
      vertex   -1.171977e+002 1.363997e+001 4.066249e+001
      vertex   -1.171977e+002 1.386264e+001 4.052119e+001
    endloop
  endfacet
  facet normal 0.000000e+000 -5.566341e-001 -1.182862e+000
    outer loop
      vertex   -1.171977e+002 1.386264e+001 4.052119e+001
      vertex   -1.151977e+002 1.410126e+001 4.040890e+001
      vertex   -1.151977e+002 1.386264e+001 4.052119e+001
    endloop
  endfacet
  facet normal -0.000000e+000 -5.566341e-001 -1.182862e+000
    outer loop
      vertex   -1.151977e+002 1.410126e+001 4.040890e+001
      vertex   -1.171977e+002 1.386264e+001 4.052119e+001
      vertex   -1.171977e+002 1.410126e+001 4.040890e+001
    endloop
  endfacet
  facet normal -8.562557e+000 -0.000000e+000 -0.000000e+000
    outer loop
      vertex   -1.171977e+002 2.747907e+001 6.123306e+001
      vertex   -1.171977e+002 3.102579e+001 5.535389e+001
      vertex   -1.171977e+002 2.728761e+001 6.123306e+001
    endloop
  endfacet
  facet normal -8.915707e+000 0.000000e+000 0.000000e+000
    outer loop
      vertex   -1.171977e+002 2.728761e+001 6.123306e+001
      vertex   -1.171977e+002 3.102579e+001 5.535389e+001
      vertex   -1.171977e+002 1.487432e+001 4.026143e+001
    endloop
  endfacet
  facet normal -8.397819e+000 0.000000e+000 0.000000e+000
    outer loop
      vertex   -1.171977e+002 3.102579e+001 5.070345e+001
      vertex   -1.171977e+002 1.487432e+001 4.026143e+001
      vertex   -1.171977e+002 3.102579e+001 5.535389e+001
    endloop
  endfacet
  facet normal 0.000000e+000 0.000000e+000 -1.000000e+001
    outer loop
      vertex   -1.171977e+002 5.782432e+001 4.026143e+001
      vertex   -1.161977e+002 5.782432e+001 4.026143e+001
      vertex   -1.171977e+002 1.487432e+001 4.026143e+001
    endloop
  endfacet
  facet normal -8.400989e+000 0.000000e+000 0.000000e+000
    outer loop
      vertex   -1.171977e+002 3.102579e+001 5.069008e+001
      vertex   -1.171977e+002 1.487432e+001 4.026143e+001
      vertex   -1.171977e+002 3.102579e+001 5.070345e+001
    endloop
  endfacet
  facet normal -4.028188e+000 0.000000e+000 0.000000e+000
    outer loop
      vertex   -1.171977e+002 3.356662e+001 4.470535e+001
      vertex   -1.171977e+002 5.782432e+001 4.026143e+001
      vertex   -1.171977e+002 1.487432e+001 4.026143e+001
    endloop
  endfacet
  facet normal -8.439094e+000 0.000000e+000 0.000000e+000
    outer loop
      vertex   -1.171977e+002 3.102579e+001 5.052916e+001
      vertex   -1.171977e+002 1.487432e+001 4.026143e+001
      vertex   -1.171977e+002 3.102579e+001 5.069008e+001
    endloop
  endfacet
  facet normal -2.652821e+000 0.000000e+000 0.000000e+000
    outer loop
      vertex   -1.171977e+002 3.102579e+001 4.470535e+001
      vertex   -1.171977e+002 3.356662e+001 4.470535e+001
      vertex   -1.171977e+002 1.487432e+001 4.026143e+001
    endloop
  endfacet
  facet normal -8.768399e+000 0.000000e+000 0.000000e+000
    outer loop
      vertex   -1.171977e+002 3.102579e+001 4.911749e+001
      vertex   -1.171977e+002 1.487432e+001 4.026143e+001
      vertex   -1.171977e+002 3.102579e+001 5.052916e+001
    endloop
  endfacet
  facet normal -9.641708e+000 0.000000e+000 0.000000e+000
    outer loop
      vertex   -1.171977e+002 3.102579e+001 4.470535e+001
      vertex   -1.171977e+002 1.487432e+001 4.026143e+001
      vertex   -1.171977e+002 3.102579e+001 4.487276e+001
    endloop
  endfacet
  facet normal -8.832815e+000 0.000000e+000 0.000000e+000
    outer loop
      vertex   -1.171977e+002 3.102579e+001 4.883458e+001
      vertex   -1.171977e+002 1.487432e+001 4.026143e+001
      vertex   -1.171977e+002 3.102579e+001 4.911749e+001
    endloop
  endfacet
  facet normal -6.566823e-001 0.000000e+000 0.000000e+000
    outer loop
      vertex   -1.171977e+002 1.487432e+001 4.026143e+001
      vertex   -1.171977e+002 3.102579e+001 4.604435e+001
      vertex   -1.171977e+002 3.102579e+001 4.487276e+001
    endloop
  endfacet
  facet normal -8.880535e+000 0.000000e+000 0.000000e+000
    outer loop
      vertex   -1.171977e+002 3.102579e+001 4.862295e+001
      vertex   -1.171977e+002 1.487432e+001 4.026143e+001
      vertex   -1.171977e+002 3.102579e+001 4.883458e+001
    endloop
  endfacet
  facet normal -9.053174e+000 0.000000e+000 0.000000e+000
    outer loop
      vertex   -1.171977e+002 3.102579e+001 4.783900e+001
      vertex   -1.171977e+002 3.102579e+001 4.604435e+001
      vertex   -1.171977e+002 1.487432e+001 4.026143e+001
    endloop
  endfacet
  facet normal -8.880535e+000 0.000000e+000 0.000000e+000
    outer loop
      vertex   -1.171977e+002 3.102579e+001 4.862295e+001
      vertex   -1.171977e+002 3.102579e+001 4.783900e+001
      vertex   -1.171977e+002 1.487432e+001 4.026143e+001
    endloop
  endfacet
  facet normal 0.000000e+000 0.000000e+000 2.327646e-001
    outer loop
      vertex   -1.151977e+002 1.007743e+002 8.736143e+001
      vertex   -1.161977e+002 5.782432e+001 8.736143e+001
      vertex   -1.151977e+002 5.782432e+001 8.736143e+001
    endloop
  endfacet
  facet normal 0.000000e+000 0.000000e+000 9.997291e+000
    outer loop
      vertex   -1.171977e+002 1.007743e+002 8.736143e+001
      vertex   -1.161977e+002 5.782432e+001 8.736143e+001
      vertex   -1.151977e+002 1.007743e+002 8.736143e+001
    endloop
  endfacet
  facet normal 0.000000e+000 0.000000e+000 1.000000e+001
    outer loop
      vertex   -1.171977e+002 5.782432e+001 8.736143e+001
      vertex   -1.161977e+002 5.782432e+001 8.736143e+001
      vertex   -1.171977e+002 1.007743e+002 8.736143e+001
    endloop
  endfacet
  facet normal -9.230256e+000 0.000000e+000 0.000000e+000
    outer loop
      vertex   -1.171977e+002 7.529943e+001 7.339325e+001
      vertex   -1.171977e+002 5.782432e+001 8.736143e+001
      vertex   -1.171977e+002 1.007743e+002 8.736143e+001
    endloop
  endfacet
  facet normal -6.243705e+000 0.000000e+000 0.000000e+000
    outer loop
      vertex   -1.171977e+002 7.529943e+001 7.339325e+001
      vertex   -1.171977e+002 6.788243e+001 7.339325e+001
      vertex   -1.171977e+002 5.782432e+001 8.736143e+001
    endloop
  endfacet
  facet normal -1.000000e+001 0.000000e+000 0.000000e+000
    outer loop
      vertex   -1.171977e+002 5.782432e+001 7.119325e+001
      vertex   -1.171977e+002 5.611716e+001 7.119325e+001
      vertex   -1.171977e+002 5.782432e+001 8.736143e+001
    endloop
  endfacet
  facet normal -9.176248e+000 0.000000e+000 0.000000e+000
    outer loop
      vertex   -1.171977e+002 6.788243e+001 7.339325e+001
      vertex   -1.171977e+002 5.782432e+001 7.119325e+001
      vertex   -1.171977e+002 5.782432e+001 8.736143e+001
    endloop
  endfacet
  facet normal -5.000700e+000 0.000000e+000 0.000000e+000
    outer loop
      vertex   -1.171977e+002 2.765983e+001 6.123306e+001
      vertex   -1.171977e+002 4.728763e+001 6.123306e+001
      vertex   -1.171977e+002 3.685383e+001 5.592391e+001
    endloop
  endfacet
  facet normal -8.322516e+000 0.000000e+000 0.000000e+000
    outer loop
      vertex   -1.171977e+002 2.748914e+001 6.123306e+001
      vertex   -1.171977e+002 2.765983e+001 6.123306e+001
      vertex   -1.171977e+002 3.102579e+001 5.592391e+001
    endloop
  endfacet
  facet normal -8.445675e+000 0.000000e+000 0.000000e+000
    outer loop
      vertex   -1.171977e+002 3.102579e+001 5.592391e+001
      vertex   -1.171977e+002 2.765983e+001 6.123306e+001
      vertex   -1.171977e+002 3.685383e+001 5.592391e+001
    endloop
  endfacet
  facet normal -8.562557e+000 0.000000e+000 0.000000e+000
    outer loop
      vertex   -1.171977e+002 2.747907e+001 6.123306e+001
      vertex   -1.171977e+002 2.748914e+001 6.123306e+001
      vertex   -1.171977e+002 3.102579e+001 5.535389e+001
    endloop
  endfacet
  facet normal -5.154758e+000 0.000000e+000 0.000000e+000
    outer loop
      vertex   -1.171977e+002 3.102579e+001 5.535389e+001
      vertex   -1.171977e+002 2.748914e+001 6.123306e+001
      vertex   -1.171977e+002 3.102579e+001 5.592391e+001
    endloop
  endfacet
  facet normal 0.000000e+000 0.000000e+000 -2.327668e-001
    outer loop
      vertex   -1.171977e+002 1.007743e+002 4.026143e+001
      vertex   -1.161977e+002 5.782432e+001 4.026143e+001
      vertex   -1.171977e+002 5.782432e+001 4.026143e+001
    endloop
  endfacet
  facet normal 0.000000e+000 0.000000e+000 -9.997291e+000
    outer loop
      vertex   -1.151977e+002 1.007743e+002 4.026143e+001
      vertex   -1.161977e+002 5.782432e+001 4.026143e+001
      vertex   -1.171977e+002 1.007743e+002 4.026143e+001
    endloop
  endfacet
  facet normal 0.000000e+000 0.000000e+000 -1.000000e+001
    outer loop
      vertex   -1.151977e+002 5.782432e+001 4.026143e+001
      vertex   -1.161977e+002 5.782432e+001 4.026143e+001
      vertex   -1.151977e+002 1.007743e+002 4.026143e+001
    endloop
  endfacet
  facet normal 9.959528e+000 0.000000e+000 0.000000e+000
    outer loop
      vertex   -1.151977e+002 5.742329e+001 4.470535e+001
      vertex   -1.151977e+002 4.558972e+001 4.470535e+001
      vertex   -1.151977e+002 5.782432e+001 4.026143e+001
    endloop
  endfacet
  facet normal 1.000000e+001 0.000000e+000 0.000000e+000
    outer loop
      vertex   -1.151977e+002 5.782432e+001 4.470535e+001
      vertex   -1.151977e+002 5.742329e+001 4.470535e+001
      vertex   -1.151977e+002 5.782432e+001 4.026143e+001
    endloop
  endfacet
  facet normal 1.132638e+000 0.000000e+000 0.000000e+000
    outer loop
      vertex   -1.151977e+002 5.782432e+001 4.026143e+001
      vertex   -1.151977e+002 4.558972e+001 4.470535e+001
      vertex   -1.151977e+002 3.925528e+001 4.470535e+001
    endloop
  endfacet
  facet normal 9.291335e+000 0.000000e+000 0.000000e+000
    outer loop
      vertex   -1.151977e+002 5.959276e+001 4.470535e+001
      vertex   -1.151977e+002 5.782432e+001 4.470535e+001
      vertex   -1.151977e+002 5.782432e+001 4.026143e+001
    endloop
  endfacet
  facet normal 9.291335e+000 0.000000e+000 0.000000e+000
    outer loop
      vertex   -1.151977e+002 5.959276e+001 4.470535e+001
      vertex   -1.151977e+002 5.782432e+001 4.026143e+001
      vertex   -1.151977e+002 6.235294e+001 4.470535e+001
    endloop
  endfacet
  facet normal 7.004004e+000 0.000000e+000 0.000000e+000
    outer loop
      vertex   -1.151977e+002 6.235294e+001 4.470535e+001
      vertex   -1.151977e+002 5.782432e+001 4.026143e+001
      vertex   -1.151977e+002 6.557834e+001 4.470535e+001
    endloop
  endfacet
  facet normal 6.020062e+000 0.000000e+000 0.000000e+000
    outer loop
      vertex   -1.151977e+002 6.557834e+001 4.470535e+001
      vertex   -1.151977e+002 5.782432e+001 4.026143e+001
      vertex   -1.151977e+002 1.007743e+002 4.026143e+001
    endloop
  endfacet
  facet normal 0.000000e+000 0.000000e+000 3.316749e+000
    outer loop
      vertex   -1.151977e+002 3.925528e+001 4.470535e+001
      vertex   -1.151977e+002 4.558972e+001 4.470535e+001
      vertex   -1.171977e+002 3.356662e+001 4.470535e+001
    endloop
  endfacet
  facet normal 0.000000e+000 0.000000e+000 3.316749e+000
    outer loop
      vertex   -1.151977e+002 3.925528e+001 4.470535e+001
      vertex   -1.171977e+002 3.356662e+001 4.470535e+001
      vertex   -1.151977e+002 3.102579e+001 4.470535e+001
    endloop
  endfacet
  facet normal 0.000000e+000 9.828893e+000 0.000000e+000
    outer loop
      vertex   -1.151977e+002 3.102579e+001 4.524757e+001
      vertex   -1.151977e+002 3.102579e+001 4.470535e+001
      vertex   -1.171977e+002 3.102579e+001 4.487276e+001
    endloop
  endfacet
  facet normal 0.000000e+000 0.000000e+000 7.857726e+000
    outer loop
      vertex   -1.151977e+002 3.102579e+001 4.470535e+001
      vertex   -1.171977e+002 3.356662e+001 4.470535e+001
      vertex   -1.171977e+002 3.102579e+001 4.470535e+001
    endloop
  endfacet
  facet normal 0.000000e+000 9.965149e+000 0.000000e+000
    outer loop
      vertex   -1.171977e+002 3.102579e+001 4.487276e+001
      vertex   -1.151977e+002 3.102579e+001 4.470535e+001
      vertex   -1.171977e+002 3.102579e+001 4.470535e+001
    endloop
  endfacet
  facet normal 5.424327e+000 0.000000e+000 0.000000e+000
    outer loop
      vertex   -1.151977e+002 4.735435e+001 6.123306e+001
      vertex   -1.151977e+002 2.772655e+001 6.123306e+001
      vertex   -1.151977e+002 3.913174e+001 5.592391e+001
    endloop
  endfacet
  facet normal 6.911247e+000 0.000000e+000 0.000000e+000
    outer loop
      vertex   -1.151977e+002 2.754994e+001 6.123306e+001
      vertex   -1.151977e+002 3.310192e+001 5.592391e+001
      vertex   -1.151977e+002 2.772655e+001 6.123306e+001
    endloop
  endfacet
  facet normal 3.368122e+000 0.000000e+000 0.000000e+000
    outer loop
      vertex   -1.151977e+002 2.772655e+001 6.123306e+001
      vertex   -1.151977e+002 3.310192e+001 5.592391e+001
      vertex   -1.151977e+002 3.913174e+001 5.592391e+001
    endloop
  endfacet
  facet normal 8.322516e+000 0.000000e+000 0.000000e+000
    outer loop
      vertex   -1.151977e+002 2.748914e+001 6.123306e+001
      vertex   -1.151977e+002 3.102579e+001 5.592391e+001
      vertex   -1.151977e+002 2.754994e+001 6.123306e+001
    endloop
  endfacet
  facet normal 2.261145e+000 0.000000e+000 0.000000e+000
    outer loop
      vertex   -1.151977e+002 2.754994e+001 6.123306e+001
      vertex   -1.151977e+002 3.102579e+001 5.592391e+001
      vertex   -1.151977e+002 3.310192e+001 5.592391e+001
    endloop
  endfacet
  facet normal 0.000000e+000 9.828893e+000 0.000000e+000
    outer loop
      vertex   -1.151977e+002 3.102579e+001 4.524757e+001
      vertex   -1.171977e+002 3.102579e+001 4.487276e+001
      vertex   -1.151977e+002 3.102579e+001 4.566493e+001
    endloop
  endfacet
  facet normal 0.000000e+000 8.023587e+000 0.000000e+000
    outer loop
      vertex   -1.151977e+002 3.102579e+001 5.386617e+001
      vertex   -1.171977e+002 3.102579e+001 5.535389e+001
      vertex   -1.151977e+002 3.102579e+001 5.592391e+001
    endloop
  endfacet
  facet normal 0.000000e+000 8.023587e+000 0.000000e+000
    outer loop
      vertex   -1.151977e+002 3.102579e+001 5.386617e+001
      vertex   -1.151977e+002 3.102579e+001 5.220955e+001
      vertex   -1.171977e+002 3.102579e+001 5.535389e+001
    endloop
  endfacet
  facet normal 0.000000e+000 9.824767e+000 0.000000e+000
    outer loop
      vertex   -1.151977e+002 3.102579e+001 4.566493e+001
      vertex   -1.171977e+002 3.102579e+001 4.604435e+001
      vertex   -1.151977e+002 3.102579e+001 4.665889e+001
    endloop
  endfacet
  facet normal 0.000000e+000 5.350854e+000 0.000000e+000
    outer loop
      vertex   -1.151977e+002 3.102579e+001 4.566493e+001
      vertex   -1.171977e+002 3.102579e+001 4.487276e+001
      vertex   -1.171977e+002 3.102579e+001 4.604435e+001
    endloop
  endfacet
  facet normal 0.000000e+000 7.988297e+000 0.000000e+000
    outer loop
      vertex   -1.151977e+002 3.102579e+001 5.220955e+001
      vertex   -1.151977e+002 3.102579e+001 5.214746e+001
      vertex   -1.171977e+002 3.102579e+001 5.070345e+001
    endloop
  endfacet
  facet normal 0.000000e+000 5.366942e+000 0.000000e+000
    outer loop
      vertex   -1.171977e+002 3.102579e+001 5.535389e+001
      vertex   -1.151977e+002 3.102579e+001 5.220955e+001
      vertex   -1.171977e+002 3.102579e+001 5.070345e+001
    endloop
  endfacet
  facet normal 0.000000e+000 6.767568e+000 0.000000e+000
    outer loop
      vertex   -1.151977e+002 3.102579e+001 4.665889e+001
      vertex   -1.171977e+002 3.102579e+001 4.883458e+001
      vertex   -1.151977e+002 3.102579e+001 4.783900e+001
    endloop
  endfacet
  facet normal 0.000000e+000 7.387340e+000 0.000000e+000
    outer loop
      vertex   -1.151977e+002 3.102579e+001 4.665889e+001
      vertex   -1.171977e+002 3.102579e+001 4.604435e+001
      vertex   -1.171977e+002 3.102579e+001 4.783900e+001
    endloop
  endfacet
  facet normal 0.000000e+000 7.134883e+000 0.000000e+000
    outer loop
      vertex   -1.171977e+002 3.102579e+001 4.862295e+001
      vertex   -1.171977e+002 3.102579e+001 4.883458e+001
      vertex   -1.151977e+002 3.102579e+001 4.665889e+001
    endloop
  endfacet
  facet normal 0.000000e+000 7.134883e+000 0.000000e+000
    outer loop
      vertex   -1.171977e+002 3.102579e+001 4.862295e+001
      vertex   -1.151977e+002 3.102579e+001 4.665889e+001
      vertex   -1.171977e+002 3.102579e+001 4.783900e+001
    endloop
  endfacet
  facet normal 0.000000e+000 5.646502e+000 0.000000e+000
    outer loop
      vertex   -1.171977e+002 3.102579e+001 5.052916e+001
      vertex   -1.151977e+002 3.102579e+001 5.214746e+001
      vertex   -1.151977e+002 3.102579e+001 5.069008e+001
    endloop
  endfacet
  facet normal 0.000000e+000 8.081904e+000 0.000000e+000
    outer loop
      vertex   -1.171977e+002 3.102579e+001 5.069008e+001
      vertex   -1.151977e+002 3.102579e+001 5.214746e+001
      vertex   -1.171977e+002 3.102579e+001 5.052916e+001
    endloop
  endfacet
  facet normal 0.000000e+000 8.107624e+000 0.000000e+000
    outer loop
      vertex   -1.171977e+002 3.102579e+001 5.070345e+001
      vertex   -1.151977e+002 3.102579e+001 5.214746e+001
      vertex   -1.171977e+002 3.102579e+001 5.069008e+001
    endloop
  endfacet
  facet normal 0.000000e+000 8.952172e+000 0.000000e+000
    outer loop
      vertex   -1.151977e+002 3.102579e+001 4.783900e+001
      vertex   -1.171977e+002 3.102579e+001 4.883458e+001
      vertex   -1.151977e+002 3.102579e+001 4.862295e+001
    endloop
  endfacet
  facet normal 0.000000e+000 6.403241e+000 0.000000e+000
    outer loop
      vertex   -1.171977e+002 3.102579e+001 5.052916e+001
      vertex   -1.151977e+002 3.102579e+001 5.069008e+001
      vertex   -1.151977e+002 3.102579e+001 4.911749e+001
    endloop
  endfacet
  facet normal 0.000000e+000 9.944482e+000 0.000000e+000
    outer loop
      vertex   -1.151977e+002 3.102579e+001 4.862295e+001
      vertex   -1.171977e+002 3.102579e+001 4.883458e+001
      vertex   -1.151977e+002 3.102579e+001 4.911749e+001
    endloop
  endfacet
  facet normal 0.000000e+000 1.400573e+000 0.000000e+000
    outer loop
      vertex   -1.151977e+002 3.102579e+001 4.911749e+001
      vertex   -1.171977e+002 3.102579e+001 4.883458e+001
      vertex   -1.171977e+002 3.102579e+001 4.911749e+001
    endloop
  endfacet
  facet normal 0.000000e+000 8.169846e+000 0.000000e+000
    outer loop
      vertex   -1.171977e+002 3.102579e+001 5.052916e+001
      vertex   -1.151977e+002 3.102579e+001 4.911749e+001
      vertex   -1.171977e+002 3.102579e+001 4.911749e+001
    endloop
  endfacet
  facet normal 9.769043e+000 0.000000e+000 0.000000e+000
    outer loop
      vertex   -1.151977e+002 5.782432e+001 7.119325e+001
      vertex   -1.151977e+002 6.788243e+001 7.339325e+001
      vertex   -1.151977e+002 5.782432e+001 8.736143e+001
    endloop
  endfacet
  facet normal 1.000000e+001 0.000000e+000 0.000000e+000
    outer loop
      vertex   -1.151977e+002 5.782432e+001 7.119325e+001
      vertex   -1.151977e+002 5.782432e+001 8.736143e+001
      vertex   -1.151977e+002 5.611716e+001 7.119325e+001
    endloop
  endfacet
  facet normal 2.690435e+000 0.000000e+000 0.000000e+000
    outer loop
      vertex   -1.151977e+002 5.782432e+001 8.736143e+001
      vertex   -1.151977e+002 6.788243e+001 7.339325e+001
      vertex   -1.151977e+002 7.529943e+001 7.339325e+001
    endloop
  endfacet
  facet normal 4.807821e+000 0.000000e+000 0.000000e+000
    outer loop
      vertex   -1.151977e+002 1.007743e+002 8.736143e+001
      vertex   -1.151977e+002 5.782432e+001 8.736143e+001
      vertex   -1.151977e+002 7.529943e+001 7.339325e+001
    endloop
  endfacet
  facet normal 0.000000e+000 2.740954e+000 0.000000e+000
    outer loop
      vertex   -1.151977e+002 3.102579e+001 5.592391e+001
      vertex   -1.171977e+002 3.102579e+001 5.535389e+001
      vertex   -1.171977e+002 3.102579e+001 5.592391e+001
    endloop
  endfacet
  facet normal -1.000000e+001 0.000000e+000 0.000000e+000
    outer loop
      vertex   -1.171977e+002 5.782432e+001 4.470535e+001
      vertex   -1.171977e+002 5.959276e+001 4.470535e+001
      vertex   -1.171977e+002 5.782432e+001 4.026143e+001
    endloop
  endfacet
  facet normal -9.959528e+000 0.000000e+000 0.000000e+000
    outer loop
      vertex   -1.171977e+002 5.742329e+001 4.470535e+001
      vertex   -1.171977e+002 5.782432e+001 4.470535e+001
      vertex   -1.171977e+002 5.782432e+001 4.026143e+001
    endloop
  endfacet
  facet normal -9.291335e+000 0.000000e+000 0.000000e+000
    outer loop
      vertex   -1.171977e+002 5.959276e+001 4.470535e+001
      vertex   -1.171977e+002 6.557834e+001 4.470535e+001
      vertex   -1.171977e+002 5.782432e+001 4.026143e+001
    endloop
  endfacet
  facet normal -9.959528e+000 -0.000000e+000 -0.000000e+000
    outer loop
      vertex   -1.171977e+002 5.742329e+001 4.470535e+001
      vertex   -1.171977e+002 5.782432e+001 4.026143e+001
      vertex   -1.171977e+002 5.652408e+001 4.470535e+001
    endloop
  endfacet
  facet normal -4.972392e+000 0.000000e+000 0.000000e+000
    outer loop
      vertex   -1.171977e+002 5.782432e+001 4.026143e+001
      vertex   -1.171977e+002 6.557834e+001 4.470535e+001
      vertex   -1.171977e+002 1.007743e+002 4.026143e+001
    endloop
  endfacet
  facet normal -9.597618e+000 -0.000000e+000 -0.000000e+000
    outer loop
      vertex   -1.171977e+002 5.652408e+001 4.470535e+001
      vertex   -1.171977e+002 5.782432e+001 4.026143e+001
      vertex   -1.171977e+002 5.134848e+001 4.470535e+001
    endloop
  endfacet
  facet normal -5.658177e+000 -0.000000e+000 -0.000000e+000
    outer loop
      vertex   -1.171977e+002 5.134848e+001 4.470535e+001
      vertex   -1.171977e+002 5.782432e+001 4.026143e+001
      vertex   -1.171977e+002 3.356662e+001 4.470535e+001
    endloop
  endfacet
  facet normal 0.000000e+000 0.000000e+000 1.640914e+000
    outer loop
      vertex   -1.171977e+002 3.356662e+001 4.470535e+001
      vertex   -1.151977e+002 4.558972e+001 4.470535e+001
      vertex   -1.171977e+002 5.134848e+001 4.470535e+001
    endloop
  endfacet
  facet normal 0.000000e+000 8.221041e-002 1.304730e+000
    outer loop
      vertex   -1.151977e+002 1.007743e+002 8.736143e+001
      vertex   -1.171977e+002 1.010375e+002 8.734485e+001
      vertex   -1.171977e+002 1.007743e+002 8.736143e+001
    endloop
  endfacet
  facet normal 0.000000e+000 8.221041e-002 1.304730e+000
    outer loop
      vertex   -1.171977e+002 1.010375e+002 8.734485e+001
      vertex   -1.151977e+002 1.007743e+002 8.736143e+001
      vertex   -1.151977e+002 1.010375e+002 8.734485e+001
    endloop
  endfacet
  facet normal 6.269968e-001 0.000000e+000 0.000000e+000
    outer loop
      vertex   -1.151977e+002 1.007743e+002 8.736143e+001
      vertex   -1.151977e+002 1.012966e+002 8.729545e+001
      vertex   -1.151977e+002 1.010375e+002 8.734485e+001
    endloop
  endfacet
  facet normal 6.282073e-001 0.000000e+000 0.000000e+000
    outer loop
      vertex   -1.151977e+002 1.007743e+002 8.736143e+001
      vertex   -1.151977e+002 1.015474e+002 8.721393e+001
      vertex   -1.151977e+002 1.012966e+002 8.729545e+001
    endloop
  endfacet
  facet normal 6.279218e-001 0.000000e+000 0.000000e+000
    outer loop
      vertex   -1.151977e+002 1.007743e+002 8.736143e+001
      vertex   -1.151977e+002 1.017860e+002 8.710163e+001
      vertex   -1.151977e+002 1.015474e+002 8.721393e+001
    endloop
  endfacet
  facet normal 5.378891e+000 0.000000e+000 0.000000e+000
    outer loop
      vertex   -1.151977e+002 7.888243e+001 7.339325e+001
      vertex   -1.151977e+002 1.007743e+002 8.736143e+001
      vertex   -1.151977e+002 7.529943e+001 7.339325e+001
    endloop
  endfacet
  facet normal 6.279666e-001 0.000000e+000 0.000000e+000
    outer loop
      vertex   -1.151977e+002 1.007743e+002 8.736143e+001
      vertex   -1.151977e+002 1.020086e+002 8.696033e+001
      vertex   -1.151977e+002 1.017860e+002 8.710163e+001
    endloop
  endfacet
  facet normal 6.474580e+000 0.000000e+000 0.000000e+000
    outer loop
      vertex   -1.151977e+002 7.888243e+001 6.159325e+001
      vertex   -1.151977e+002 1.007743e+002 8.736143e+001
      vertex   -1.151977e+002 7.888243e+001 7.339325e+001
    endloop
  endfacet
  facet normal 6.275610e-001 0.000000e+000 0.000000e+000
    outer loop
      vertex   -1.151977e+002 1.007743e+002 8.736143e+001
      vertex   -1.151977e+002 1.022119e+002 8.679223e+001
      vertex   -1.151977e+002 1.020086e+002 8.696033e+001
    endloop
  endfacet
  facet normal 7.162086e+000 0.000000e+000 0.000000e+000
    outer loop
      vertex   -1.151977e+002 1.007743e+002 4.026143e+001
      vertex   -1.151977e+002 1.007743e+002 8.736143e+001
      vertex   -1.151977e+002 7.888243e+001 6.159325e+001
    endloop
  endfacet
  facet normal 6.277332e-001 0.000000e+000 0.000000e+000
    outer loop
      vertex   -1.151977e+002 1.007743e+002 8.736143e+001
      vertex   -1.151977e+002 1.023924e+002 8.660003e+001
      vertex   -1.151977e+002 1.022119e+002 8.679223e+001
    endloop
  endfacet
  facet normal 7.289772e+000 0.000000e+000 0.000000e+000
    outer loop
      vertex   -1.151977e+002 1.007743e+002 4.026143e+001
      vertex   -1.151977e+002 1.028702e+002 4.222957e+001
      vertex   -1.151977e+002 1.007743e+002 8.736143e+001
    endloop
  endfacet
  facet normal 6.281065e-001 0.000000e+000 0.000000e+000
    outer loop
      vertex   -1.151977e+002 1.007743e+002 8.736143e+001
      vertex   -1.151977e+002 1.025474e+002 8.638663e+001
      vertex   -1.151977e+002 1.023924e+002 8.660003e+001
    endloop
  endfacet
  facet normal 7.289846e+000 0.000000e+000 0.000000e+000
    outer loop
      vertex   -1.151977e+002 1.028702e+002 8.539333e+001
      vertex   -1.151977e+002 1.007743e+002 8.736143e+001
      vertex   -1.151977e+002 1.028702e+002 4.222957e+001
    endloop
  endfacet
  facet normal 6.280003e-001 0.000000e+000 0.000000e+000
    outer loop
      vertex   -1.151977e+002 1.007743e+002 8.736143e+001
      vertex   -1.151977e+002 1.026744e+002 8.615554e+001
      vertex   -1.151977e+002 1.025474e+002 8.638663e+001
    endloop
  endfacet
  facet normal 6.276703e-001 0.000000e+000 0.000000e+000
    outer loop
      vertex   -1.151977e+002 1.007743e+002 8.736143e+001
      vertex   -1.151977e+002 1.028702e+002 8.539333e+001
      vertex   -1.151977e+002 1.028371e+002 8.565494e+001
    endloop
  endfacet
  facet normal 6.278669e-001 0.000000e+000 0.000000e+000
    outer loop
      vertex   -1.151977e+002 1.007743e+002 8.736143e+001
      vertex   -1.151977e+002 1.027715e+002 8.591033e+001
      vertex   -1.151977e+002 1.026744e+002 8.615554e+001
    endloop
  endfacet
  facet normal 6.277511e-001 0.000000e+000 0.000000e+000
    outer loop
      vertex   -1.151977e+002 1.007743e+002 8.736143e+001
      vertex   -1.151977e+002 1.028371e+002 8.565494e+001
      vertex   -1.151977e+002 1.027715e+002 8.591033e+001
    endloop
  endfacet
  facet normal -6.268910e-001 0.000000e+000 0.000000e+000
    outer loop
      vertex   -1.171977e+002 1.012966e+002 8.729545e+001
      vertex   -1.171977e+002 1.007743e+002 8.736143e+001
      vertex   -1.171977e+002 1.010375e+002 8.734485e+001
    endloop
  endfacet
  facet normal -1.254111e+000 0.000000e+000 0.000000e+000
    outer loop
      vertex   -1.171977e+002 1.015474e+002 8.721393e+001
      vertex   -1.171977e+002 1.007743e+002 8.736143e+001
      vertex   -1.171977e+002 1.012966e+002 8.729545e+001
    endloop
  endfacet
  facet normal -1.874093e+000 0.000000e+000 0.000000e+000
    outer loop
      vertex   -1.171977e+002 1.017860e+002 8.710163e+001
      vertex   -1.171977e+002 1.007743e+002 8.736143e+001
      vertex   -1.171977e+002 1.015474e+002 8.721393e+001
    endloop
  endfacet
  facet normal -2.487784e+000 0.000000e+000 0.000000e+000
    outer loop
      vertex   -1.171977e+002 1.020086e+002 8.696033e+001
      vertex   -1.171977e+002 1.007743e+002 8.736143e+001
      vertex   -1.171977e+002 1.017860e+002 8.710163e+001
    endloop
  endfacet
  facet normal -3.087511e+000 0.000000e+000 0.000000e+000
    outer loop
      vertex   -1.171977e+002 1.022119e+002 8.679223e+001
      vertex   -1.171977e+002 1.007743e+002 8.736143e+001
      vertex   -1.171977e+002 1.020086e+002 8.696033e+001
    endloop
  endfacet
  facet normal -4.807821e+000 0.000000e+000 0.000000e+000
    outer loop
      vertex   -1.171977e+002 7.529943e+001 7.339325e+001
      vertex   -1.171977e+002 1.007743e+002 8.736143e+001
      vertex   -1.171977e+002 7.888243e+001 7.339325e+001
    endloop
  endfacet
  facet normal -3.681062e+000 0.000000e+000 0.000000e+000
    outer loop
      vertex   -1.171977e+002 1.023924e+002 8.660003e+001
      vertex   -1.171977e+002 1.007743e+002 8.736143e+001
      vertex   -1.171977e+002 1.022119e+002 8.679223e+001
    endloop
  endfacet
  facet normal -2.942025e+000 0.000000e+000 0.000000e+000
    outer loop
      vertex   -1.171977e+002 1.007743e+002 8.736143e+001
      vertex   -1.171977e+002 7.888243e+001 6.159325e+001
      vertex   -1.171977e+002 7.888243e+001 7.339325e+001
    endloop
  endfacet
  facet normal -4.258792e+000 0.000000e+000 0.000000e+000
    outer loop
      vertex   -1.171977e+002 1.025474e+002 8.638663e+001
      vertex   -1.171977e+002 1.007743e+002 8.736143e+001
      vertex   -1.171977e+002 1.023924e+002 8.660003e+001
    endloop
  endfacet
  facet normal -7.162086e+000 0.000000e+000 0.000000e+000
    outer loop
      vertex   -1.171977e+002 1.007743e+002 4.026143e+001
      vertex   -1.171977e+002 7.888243e+001 6.159325e+001
      vertex   -1.171977e+002 1.007743e+002 8.736143e+001
    endloop
  endfacet
  facet normal -4.818936e+000 0.000000e+000 0.000000e+000
    outer loop
      vertex   -1.171977e+002 1.026744e+002 8.615554e+001
      vertex   -1.171977e+002 1.007743e+002 8.736143e+001
      vertex   -1.171977e+002 1.025474e+002 8.638663e+001
    endloop
  endfacet
  facet normal -7.289846e+000 0.000000e+000 0.000000e+000
    outer loop
      vertex   -1.171977e+002 1.007743e+002 8.736143e+001
      vertex   -1.171977e+002 1.028702e+002 8.539333e+001
      vertex   -1.171977e+002 1.007743e+002 4.026143e+001
    endloop
  endfacet
  facet normal -5.357597e+000 0.000000e+000 0.000000e+000
    outer loop
      vertex   -1.171977e+002 1.027715e+002 8.591033e+001
      vertex   -1.171977e+002 1.007743e+002 8.736143e+001
      vertex   -1.171977e+002 1.026744e+002 8.615554e+001
    endloop
  endfacet
  facet normal -6.372579e+000 0.000000e+000 0.000000e+000
    outer loop
      vertex   -1.171977e+002 1.028702e+002 8.539333e+001
      vertex   -1.171977e+002 1.007743e+002 8.736143e+001
      vertex   -1.171977e+002 1.028371e+002 8.565494e+001
    endloop
  endfacet
  facet normal -5.877265e+000 0.000000e+000 0.000000e+000
    outer loop
      vertex   -1.171977e+002 1.028371e+002 8.565494e+001
      vertex   -1.171977e+002 1.007743e+002 8.736143e+001
      vertex   -1.171977e+002 1.027715e+002 8.591033e+001
    endloop
  endfacet
  facet normal 0.000000e+000 0.000000e+000 -1.000000e+001
    outer loop
      vertex   -1.171977e+002 7.888243e+001 7.339325e+001
      vertex   -1.151977e+002 7.888243e+001 7.339325e+001
      vertex   -1.171977e+002 7.529943e+001 7.339325e+001
    endloop
  endfacet
  facet normal 0.000000e+000 0.000000e+000 -8.731787e+000
    outer loop
      vertex   -1.171977e+002 7.529943e+001 7.339325e+001
      vertex   -1.151977e+002 7.888243e+001 7.339325e+001
      vertex   -1.151977e+002 7.529943e+001 7.339325e+001
    endloop
  endfacet
  facet normal 0.000000e+000 0.000000e+000 -2.603514e+000
    outer loop
      vertex   -1.171977e+002 6.788243e+001 7.339325e+001
      vertex   -1.171977e+002 7.529943e+001 7.339325e+001
      vertex   -1.151977e+002 7.529943e+001 7.339325e+001
    endloop
  endfacet
  facet normal 0.000000e+000 9.550814e+000 0.000000e+000
    outer loop
      vertex   -1.151977e+002 5.611716e+001 6.474749e+001
      vertex   -1.171977e+002 5.611716e+001 6.474749e+001
      vertex   -1.171977e+002 5.611716e+001 7.119325e+001
    endloop
  endfacet
  facet normal 0.000000e+000 1.000000e+001 0.000000e+000
    outer loop
      vertex   -1.151977e+002 5.611716e+001 7.119325e+001
      vertex   -1.151977e+002 5.611716e+001 6.474749e+001
      vertex   -1.171977e+002 5.611716e+001 7.119325e+001
    endloop
  endfacet
  facet normal 0.000000e+000 0.000000e+000 -6.492277e+000
    outer loop
      vertex   -1.151977e+002 5.782432e+001 7.119325e+001
      vertex   -1.171977e+002 5.611716e+001 7.119325e+001
      vertex   -1.171977e+002 5.782432e+001 7.119325e+001
    endloop
  endfacet
  facet normal 0.000000e+000 0.000000e+000 -1.000000e+001
    outer loop
      vertex   -1.151977e+002 5.611716e+001 7.119325e+001
      vertex   -1.171977e+002 5.611716e+001 7.119325e+001
      vertex   -1.151977e+002 5.782432e+001 7.119325e+001
    endloop
  endfacet
  facet normal 0.000000e+000 1.000000e+001 0.000000e+000
    outer loop
      vertex   -1.151977e+002 6.788243e+001 7.339325e+001
      vertex   -1.151977e+002 6.788243e+001 7.119325e+001
      vertex   -1.171977e+002 6.788243e+001 7.339325e+001
    endloop
  endfacet
  facet normal 0.000000e+000 6.726728e+000 0.000000e+000
    outer loop
      vertex   -1.171977e+002 6.788243e+001 7.339325e+001
      vertex   -1.151977e+002 6.788243e+001 7.119325e+001
      vertex   -1.171977e+002 6.788243e+001 7.119325e+001
    endloop
  endfacet
  facet normal 0.000000e+000 0.000000e+000 -9.655139e+000
    outer loop
      vertex   -1.171977e+002 6.788243e+001 7.339325e+001
      vertex   -1.151977e+002 7.529943e+001 7.339325e+001
      vertex   -1.151977e+002 6.788243e+001 7.339325e+001
    endloop
  endfacet
  facet normal -1.000000e+001 0.000000e+000 0.000000e+000
    outer loop
      vertex   -1.171977e+002 6.788243e+001 7.119325e+001
      vertex   -1.171977e+002 5.782432e+001 7.119325e+001
      vertex   -1.171977e+002 6.788243e+001 7.339325e+001
    endloop
  endfacet
  facet normal 0.000000e+000 0.000000e+000 -1.950261e+000
    outer loop
      vertex   -1.151977e+002 6.788243e+001 7.119325e+001
      vertex   -1.151977e+002 5.782432e+001 7.119325e+001
      vertex   -1.171977e+002 5.782432e+001 7.119325e+001
    endloop
  endfacet
  facet normal 0.000000e+000 0.000000e+000 -9.807981e+000
    outer loop
      vertex   -1.151977e+002 6.788243e+001 7.119325e+001
      vertex   -1.171977e+002 5.782432e+001 7.119325e+001
      vertex   -1.171977e+002 6.788243e+001 7.119325e+001
    endloop
  endfacet
  facet normal 8.535155e+000 0.000000e+000 0.000000e+000
    outer loop
      vertex   -1.151977e+002 5.354893e+001 7.155520e+001
      vertex   -1.151977e+002 5.366639e+001 7.128353e+001
      vertex   -1.151977e+002 5.611716e+001 7.119325e+001
    endloop
  endfacet
  facet normal 1.168179e+000 0.000000e+000 0.000000e+000
    outer loop
      vertex   -1.151977e+002 5.611716e+001 7.119325e+001
      vertex   -1.151977e+002 5.366639e+001 7.128353e+001
      vertex   -1.151977e+002 5.376343e+001 7.100392e+001
    endloop
  endfacet
  facet normal 9.985246e+000 0.000000e+000 0.000000e+000
    outer loop
      vertex   -1.151977e+002 5.383954e+001 7.071791e+001
      vertex   -1.151977e+002 5.611716e+001 7.119325e+001
      vertex   -1.151977e+002 5.376343e+001 7.100392e+001
    endloop
  endfacet
  facet normal -5.424327e+000 0.000000e+000 0.000000e+000
    outer loop
      vertex   -1.171977e+002 4.735435e+001 6.123306e+001
      vertex   -1.171977e+002 3.913174e+001 5.592391e+001
      vertex   -1.171977e+002 4.728763e+001 6.123306e+001
    endloop
  endfacet
  facet normal -1.061531e+000 0.000000e+000 0.000000e+000
    outer loop
      vertex   -1.171977e+002 4.728763e+001 6.123306e+001
      vertex   -1.171977e+002 3.913174e+001 5.592391e+001
      vertex   -1.171977e+002 3.685383e+001 5.592391e+001
    endloop
  endfacet
  facet normal 0.000000e+000 0.000000e+000 -7.514600e+000
    outer loop
      vertex   -1.151977e+002 3.913174e+001 5.592391e+001
      vertex   -1.171977e+002 3.685383e+001 5.592391e+001
      vertex   -1.171977e+002 3.913174e+001 5.592391e+001
    endloop
  endfacet
  facet normal 0.000000e+000 0.000000e+000 -9.510042e+000
    outer loop
      vertex   -1.151977e+002 3.310192e+001 5.592391e+001
      vertex   -1.171977e+002 3.102579e+001 5.592391e+001
      vertex   -1.171977e+002 3.685383e+001 5.592391e+001
    endloop
  endfacet
  facet normal 0.000000e+000 0.000000e+000 -4.704016e+000
    outer loop
      vertex   -1.151977e+002 3.310192e+001 5.592391e+001
      vertex   -1.171977e+002 3.685383e+001 5.592391e+001
      vertex   -1.151977e+002 3.913174e+001 5.592391e+001
    endloop
  endfacet
  facet normal 0.000000e+000 0.000000e+000 -1.000000e+001
    outer loop
      vertex   -1.151977e+002 3.102579e+001 5.592391e+001
      vertex   -1.171977e+002 3.102579e+001 5.592391e+001
      vertex   -1.151977e+002 3.310192e+001 5.592391e+001
    endloop
  endfacet
  facet normal 0.000000e+000 8.209223e-002 -1.304730e+000
    outer loop
      vertex   -1.151977e+002 1.010375e+002 4.027799e+001
      vertex   -1.171977e+002 1.007743e+002 4.026143e+001
      vertex   -1.171977e+002 1.010375e+002 4.027799e+001
    endloop
  endfacet
  facet normal 0.000000e+000 8.209223e-002 -1.304730e+000
    outer loop
      vertex   -1.171977e+002 1.007743e+002 4.026143e+001
      vertex   -1.151977e+002 1.010375e+002 4.027799e+001
      vertex   -1.151977e+002 1.007743e+002 4.026143e+001
    endloop
  endfacet
  facet normal -6.278075e-001 0.000000e+000 0.000000e+000
    outer loop
      vertex   -1.171977e+002 1.007743e+002 4.026143e+001
      vertex   -1.171977e+002 1.012966e+002 4.032741e+001
      vertex   -1.171977e+002 1.010375e+002 4.027799e+001
    endloop
  endfacet
  facet normal -6.278812e-001 0.000000e+000 0.000000e+000
    outer loop
      vertex   -1.171977e+002 1.007743e+002 4.026143e+001
      vertex   -1.171977e+002 1.015474e+002 4.040890e+001
      vertex   -1.171977e+002 1.012966e+002 4.032741e+001
    endloop
  endfacet
  facet normal -6.279845e-001 0.000000e+000 0.000000e+000
    outer loop
      vertex   -1.171977e+002 1.007743e+002 4.026143e+001
      vertex   -1.171977e+002 1.017860e+002 4.052119e+001
      vertex   -1.171977e+002 1.015474e+002 4.040890e+001
    endloop
  endfacet
  facet normal -6.280057e-001 0.000000e+000 0.000000e+000
    outer loop
      vertex   -1.171977e+002 1.007743e+002 4.026143e+001
      vertex   -1.171977e+002 1.020086e+002 4.066249e+001
      vertex   -1.171977e+002 1.017860e+002 4.052119e+001
    endloop
  endfacet
  facet normal -1.364553e+000 0.000000e+000 0.000000e+000
    outer loop
      vertex   -1.171977e+002 1.007743e+002 4.026143e+001
      vertex   -1.171977e+002 6.557834e+001 4.470535e+001
      vertex   -1.171977e+002 7.882277e+001 4.615934e+001
    endloop
  endfacet
  facet normal -6.277031e-001 0.000000e+000 0.000000e+000
    outer loop
      vertex   -1.171977e+002 1.007743e+002 4.026143e+001
      vertex   -1.171977e+002 1.022119e+002 4.083060e+001
      vertex   -1.171977e+002 1.020086e+002 4.066249e+001
    endloop
  endfacet
  facet normal -9.582282e+000 0.000000e+000 0.000000e+000
    outer loop
      vertex   -1.171977e+002 7.882277e+001 4.681336e+001
      vertex   -1.171977e+002 1.007743e+002 4.026143e+001
      vertex   -1.171977e+002 7.882277e+001 4.615934e+001
    endloop
  endfacet
  facet normal -6.279290e-001 0.000000e+000 0.000000e+000
    outer loop
      vertex   -1.171977e+002 1.007743e+002 4.026143e+001
      vertex   -1.171977e+002 1.023924e+002 4.102284e+001
      vertex   -1.171977e+002 1.022119e+002 4.083060e+001
    endloop
  endfacet
  facet normal -9.582282e+000 0.000000e+000 0.000000e+000
    outer loop
      vertex   -1.171977e+002 7.882277e+001 4.681336e+001
      vertex   -1.171977e+002 7.882277e+001 4.718721e+001
      vertex   -1.171977e+002 1.007743e+002 4.026143e+001
    endloop
  endfacet
  facet normal -6.279176e-001 0.000000e+000 0.000000e+000
    outer loop
      vertex   -1.171977e+002 1.007743e+002 4.026143e+001
      vertex   -1.171977e+002 1.025474e+002 4.123619e+001
      vertex   -1.171977e+002 1.023924e+002 4.102284e+001
    endloop
  endfacet
  facet normal -9.615500e-001 0.000000e+000 0.000000e+000
    outer loop
      vertex   -1.171977e+002 1.007743e+002 4.026143e+001
      vertex   -1.171977e+002 7.882277e+001 4.718721e+001
      vertex   -1.171977e+002 7.882277e+001 4.959217e+001
    endloop
  endfacet
  facet normal -6.280401e-001 0.000000e+000 0.000000e+000
    outer loop
      vertex   -1.171977e+002 1.007743e+002 4.026143e+001
      vertex   -1.171977e+002 1.026744e+002 4.146729e+001
      vertex   -1.171977e+002 1.025474e+002 4.123619e+001
    endloop
  endfacet
  facet normal -9.150733e+000 0.000000e+000 0.000000e+000
    outer loop
      vertex   -1.171977e+002 7.882277e+001 4.993582e+001
      vertex   -1.171977e+002 1.007743e+002 4.026143e+001
      vertex   -1.171977e+002 7.882277e+001 4.959217e+001
    endloop
  endfacet
  facet normal -6.278515e-001 0.000000e+000 0.000000e+000
    outer loop
      vertex   -1.171977e+002 1.007743e+002 4.026143e+001
      vertex   -1.171977e+002 1.027715e+002 4.171249e+001
      vertex   -1.171977e+002 1.026744e+002 4.146729e+001
    endloop
  endfacet
  facet normal -9.150733e+000 0.000000e+000 0.000000e+000
    outer loop
      vertex   -1.171977e+002 7.882277e+001 4.993582e+001
      vertex   -1.171977e+002 7.882277e+001 5.026196e+001
      vertex   -1.171977e+002 1.007743e+002 4.026143e+001
    endloop
  endfacet
  facet normal -6.279051e-001 0.000000e+000 0.000000e+000
    outer loop
      vertex   -1.171977e+002 1.007743e+002 4.026143e+001
      vertex   -1.171977e+002 1.028371e+002 4.196793e+001
      vertex   -1.171977e+002 1.027715e+002 4.171249e+001
    endloop
  endfacet
  facet normal -2.131060e-001 0.000000e+000 0.000000e+000
    outer loop
      vertex   -1.171977e+002 1.007743e+002 4.026143e+001
      vertex   -1.171977e+002 7.882277e+001 5.026196e+001
      vertex   -1.171977e+002 7.882277e+001 5.083252e+001
    endloop
  endfacet
  facet normal -6.277652e-001 0.000000e+000 0.000000e+000
    outer loop
      vertex   -1.171977e+002 1.007743e+002 4.026143e+001
      vertex   -1.171977e+002 1.028702e+002 4.222957e+001
      vertex   -1.171977e+002 1.028371e+002 4.196793e+001
    endloop
  endfacet
  facet normal -8.950583e+000 0.000000e+000 0.000000e+000
    outer loop
      vertex   -1.171977e+002 7.882277e+001 5.119845e+001
      vertex   -1.171977e+002 1.007743e+002 4.026143e+001
      vertex   -1.171977e+002 7.882277e+001 5.083252e+001
    endloop
  endfacet
  facet normal -7.289772e+000 0.000000e+000 0.000000e+000
    outer loop
      vertex   -1.171977e+002 1.028702e+002 4.222957e+001
      vertex   -1.171977e+002 1.007743e+002 4.026143e+001
      vertex   -1.171977e+002 1.028702e+002 8.539333e+001
    endloop
  endfacet
  facet normal -8.950583e+000 0.000000e+000 0.000000e+000
    outer loop
      vertex   -1.171977e+002 7.882277e+001 5.119845e+001
      vertex   -1.171977e+002 7.882277e+001 5.229773e+001
      vertex   -1.171977e+002 1.007743e+002 4.026143e+001
    endloop
  endfacet
  facet normal -8.768399e+000 0.000000e+000 0.000000e+000
    outer loop
      vertex   -1.171977e+002 7.882277e+001 5.229773e+001
      vertex   -1.171977e+002 7.882277e+001 5.304556e+001
      vertex   -1.171977e+002 1.007743e+002 4.026143e+001
    endloop
  endfacet
  facet normal -8.641373e+000 0.000000e+000 0.000000e+000
    outer loop
      vertex   -1.171977e+002 7.882277e+001 5.304556e+001
      vertex   -1.171977e+002 7.882277e+001 5.367611e+001
      vertex   -1.171977e+002 1.007743e+002 4.026143e+001
    endloop
  endfacet
  facet normal -6.296606e-001 0.000000e+000 0.000000e+000
    outer loop
      vertex   -1.171977e+002 1.007743e+002 4.026143e+001
      vertex   -1.171977e+002 7.882277e+001 5.910781e+001
      vertex   -1.171977e+002 7.888243e+001 6.159325e+001
    endloop
  endfacet
  facet normal -3.409247e-001 0.000000e+000 0.000000e+000
    outer loop
      vertex   -1.171977e+002 1.007743e+002 4.026143e+001
      vertex   -1.171977e+002 7.882277e+001 5.367611e+001
      vertex   -1.171977e+002 7.882277e+001 5.472646e+001
    endloop
  endfacet
  facet normal -7.948580e+000 0.000000e+000 0.000000e+000
    outer loop
      vertex   -1.171977e+002 7.882277e+001 5.701925e+001
      vertex   -1.171977e+002 7.882277e+001 5.910781e+001
      vertex   -1.171977e+002 1.007743e+002 4.026143e+001
    endloop
  endfacet
  facet normal -7.948580e+000 0.000000e+000 0.000000e+000
    outer loop
      vertex   -1.171977e+002 7.882277e+001 5.701925e+001
      vertex   -1.171977e+002 1.007743e+002 4.026143e+001
      vertex   -1.171977e+002 7.882277e+001 5.472646e+001
    endloop
  endfacet
  facet normal 1.253500e+000 0.000000e+000 0.000000e+000
    outer loop
      vertex   -1.151977e+002 1.015474e+002 4.040890e+001
      vertex   -1.151977e+002 1.007743e+002 4.026143e+001
      vertex   -1.151977e+002 1.012966e+002 4.032741e+001
    endloop
  endfacet
  facet normal 6.276896e-001 0.000000e+000 0.000000e+000
    outer loop
      vertex   -1.151977e+002 1.012966e+002 4.032741e+001
      vertex   -1.151977e+002 1.007743e+002 4.026143e+001
      vertex   -1.151977e+002 1.010375e+002 4.027799e+001
    endloop
  endfacet
  facet normal 1.874280e+000 0.000000e+000 0.000000e+000
    outer loop
      vertex   -1.151977e+002 1.017860e+002 4.052119e+001
      vertex   -1.151977e+002 1.007743e+002 4.026143e+001
      vertex   -1.151977e+002 1.015474e+002 4.040890e+001
    endloop
  endfacet
  facet normal 2.487940e+000 0.000000e+000 0.000000e+000
    outer loop
      vertex   -1.151977e+002 1.020086e+002 4.066249e+001
      vertex   -1.151977e+002 1.007743e+002 4.026143e+001
      vertex   -1.151977e+002 1.017860e+002 4.052119e+001
    endloop
  endfacet
  facet normal 3.088072e+000 0.000000e+000 0.000000e+000
    outer loop
      vertex   -1.151977e+002 1.022119e+002 4.083060e+001
      vertex   -1.151977e+002 1.007743e+002 4.026143e+001
      vertex   -1.151977e+002 1.020086e+002 4.066249e+001
    endloop
  endfacet
  facet normal 3.681845e+000 0.000000e+000 0.000000e+000
    outer loop
      vertex   -1.151977e+002 1.023924e+002 4.102284e+001
      vertex   -1.151977e+002 1.007743e+002 4.026143e+001
      vertex   -1.151977e+002 1.022119e+002 4.083060e+001
    endloop
  endfacet
  facet normal 4.258076e+000 0.000000e+000 0.000000e+000
    outer loop
      vertex   -1.151977e+002 1.025474e+002 4.123619e+001
      vertex   -1.151977e+002 1.007743e+002 4.026143e+001
      vertex   -1.151977e+002 1.023924e+002 4.102284e+001
    endloop
  endfacet
  facet normal 3.633148e+000 0.000000e+000 0.000000e+000
    outer loop
      vertex   -1.151977e+002 7.882277e+001 4.615934e+001
      vertex   -1.151977e+002 6.557834e+001 4.470535e+001
      vertex   -1.151977e+002 1.007743e+002 4.026143e+001
    endloop
  endfacet
  facet normal 4.819122e+000 0.000000e+000 0.000000e+000
    outer loop
      vertex   -1.151977e+002 1.026744e+002 4.146729e+001
      vertex   -1.151977e+002 1.007743e+002 4.026143e+001
      vertex   -1.151977e+002 1.025474e+002 4.123619e+001
    endloop
  endfacet
  facet normal 9.657495e+000 0.000000e+000 0.000000e+000
    outer loop
      vertex   -1.151977e+002 7.882277e+001 4.615934e+001
      vertex   -1.151977e+002 1.007743e+002 4.026143e+001
      vertex   -1.151977e+002 7.882277e+001 4.639232e+001
    endloop
  endfacet
  facet normal 5.357603e+000 0.000000e+000 0.000000e+000
    outer loop
      vertex   -1.151977e+002 1.027715e+002 4.171249e+001
      vertex   -1.151977e+002 1.007743e+002 4.026143e+001
      vertex   -1.151977e+002 1.026744e+002 4.146729e+001
    endloop
  endfacet
  facet normal 9.483644e+000 0.000000e+000 0.000000e+000
    outer loop
      vertex   -1.151977e+002 7.882277e+001 4.760318e+001
      vertex   -1.151977e+002 7.882277e+001 4.639232e+001
      vertex   -1.151977e+002 1.007743e+002 4.026143e+001
    endloop
  endfacet
  facet normal 5.877618e+000 0.000000e+000 0.000000e+000
    outer loop
      vertex   -1.151977e+002 1.028371e+002 4.196793e+001
      vertex   -1.151977e+002 1.007743e+002 4.026143e+001
      vertex   -1.151977e+002 1.027715e+002 4.171249e+001
    endloop
  endfacet
  facet normal 9.483644e+000 0.000000e+000 0.000000e+000
    outer loop
      vertex   -1.151977e+002 7.882277e+001 4.760318e+001
      vertex   -1.151977e+002 1.007743e+002 4.026143e+001
      vertex   -1.151977e+002 7.882277e+001 4.845990e+001
    endloop
  endfacet
  facet normal 6.372635e+000 0.000000e+000 0.000000e+000
    outer loop
      vertex   -1.151977e+002 1.028702e+002 4.222957e+001
      vertex   -1.151977e+002 1.007743e+002 4.026143e+001
      vertex   -1.151977e+002 1.028371e+002 4.196793e+001
    endloop
  endfacet
  facet normal 4.372785e-001 0.000000e+000 0.000000e+000
    outer loop
      vertex   -1.151977e+002 1.007743e+002 4.026143e+001
      vertex   -1.151977e+002 7.882277e+001 4.957293e+001
      vertex   -1.151977e+002 7.882277e+001 4.845990e+001
    endloop
  endfacet
  facet normal 9.042194e+000 0.000000e+000 0.000000e+000
    outer loop
      vertex   -1.151977e+002 7.882277e+001 5.062927e+001
      vertex   -1.151977e+002 7.882277e+001 4.957293e+001
      vertex   -1.151977e+002 1.007743e+002 4.026143e+001
    endloop
  endfacet
  facet normal 9.042194e+000 0.000000e+000 0.000000e+000
    outer loop
      vertex   -1.151977e+002 7.882277e+001 5.062927e+001
      vertex   -1.151977e+002 1.007743e+002 4.026143e+001
      vertex   -1.151977e+002 7.882277e+001 5.083252e+001
    endloop
  endfacet
  facet normal 7.741442e+000 0.000000e+000 0.000000e+000
    outer loop
      vertex   -1.151977e+002 7.882277e+001 5.910781e+001
      vertex   -1.151977e+002 1.007743e+002 4.026143e+001
      vertex   -1.151977e+002 7.888243e+001 6.159325e+001
    endloop
  endfacet
  facet normal 4.288251e-001 0.000000e+000 0.000000e+000
    outer loop
      vertex   -1.151977e+002 1.007743e+002 4.026143e+001
      vertex   -1.151977e+002 7.882277e+001 5.201772e+001
      vertex   -1.151977e+002 7.882277e+001 5.083252e+001
    endloop
  endfacet
  facet normal 7.771755e+000 0.000000e+000 0.000000e+000
    outer loop
      vertex   -1.151977e+002 7.882277e+001 5.803572e+001
      vertex   -1.151977e+002 1.007743e+002 4.026143e+001
      vertex   -1.151977e+002 7.882277e+001 5.910781e+001
    endloop
  endfacet
  facet normal 8.768399e+000 0.000000e+000 0.000000e+000
    outer loop
      vertex   -1.151977e+002 7.882277e+001 5.229773e+001
      vertex   -1.151977e+002 7.882277e+001 5.201772e+001
      vertex   -1.151977e+002 1.007743e+002 4.026143e+001
    endloop
  endfacet
  facet normal 8.074018e+000 0.000000e+000 0.000000e+000
    outer loop
      vertex   -1.151977e+002 7.882277e+001 5.630232e+001
      vertex   -1.151977e+002 1.007743e+002 4.026143e+001
      vertex   -1.151977e+002 7.882277e+001 5.803572e+001
    endloop
  endfacet
  facet normal 8.768399e+000 0.000000e+000 0.000000e+000
    outer loop
      vertex   -1.151977e+002 7.882277e+001 5.229773e+001
      vertex   -1.151977e+002 1.007743e+002 4.026143e+001
      vertex   -1.151977e+002 7.882277e+001 5.290033e+001
    endloop
  endfacet
  facet normal 8.641373e+000 0.000000e+000 0.000000e+000
    outer loop
      vertex   -1.151977e+002 7.882277e+001 5.304556e+001
      vertex   -1.151977e+002 1.007743e+002 4.026143e+001
      vertex   -1.151977e+002 7.882277e+001 5.630232e+001
    endloop
  endfacet
  facet normal 8.666201e+000 0.000000e+000 0.000000e+000
    outer loop
      vertex   -1.151977e+002 7.882277e+001 5.290033e+001
      vertex   -1.151977e+002 1.007743e+002 4.026143e+001
      vertex   -1.151977e+002 7.882277e+001 5.304556e+001
    endloop
  endfacet
  facet normal 0.000000e+000 0.000000e+000 3.280746e+000
    outer loop
      vertex   -1.151977e+002 4.558972e+001 4.470535e+001
      vertex   -1.151977e+002 5.742329e+001 4.470535e+001
      vertex   -1.171977e+002 5.134848e+001 4.470535e+001
    endloop
  endfacet
  facet normal 0.000000e+000 0.000000e+000 1.533269e+000
    outer loop
      vertex   -1.171977e+002 5.652408e+001 4.470535e+001
      vertex   -1.151977e+002 5.742329e+001 4.470535e+001
      vertex   -1.151977e+002 5.782432e+001 4.470535e+001
    endloop
  endfacet
  facet normal 0.000000e+000 0.000000e+000 3.127162e+000
    outer loop
      vertex   -1.171977e+002 5.134848e+001 4.470535e+001
      vertex   -1.151977e+002 5.742329e+001 4.470535e+001
      vertex   -1.171977e+002 5.652408e+001 4.470535e+001
    endloop
  endfacet
  facet normal 0.000000e+000 0.000000e+000 5.460164e+000
    outer loop
      vertex   -1.151977e+002 5.959276e+001 4.470535e+001
      vertex   -1.171977e+002 5.652408e+001 4.470535e+001
      vertex   -1.151977e+002 5.782432e+001 4.470535e+001
    endloop
  endfacet
  facet normal 0.000000e+000 0.000000e+000 5.460164e+000
    outer loop
      vertex   -1.151977e+002 5.959276e+001 4.470535e+001
      vertex   -1.151977e+002 6.235294e+001 4.470535e+001
      vertex   -1.171977e+002 5.652408e+001 4.470535e+001
    endloop
  endfacet
  facet normal 0.000000e+000 0.000000e+000 1.000000e+001
    outer loop
      vertex   -1.151977e+002 6.557834e+001 4.470535e+001
      vertex   -1.171977e+002 6.557834e+001 4.470535e+001
      vertex   -1.151977e+002 6.235294e+001 4.470535e+001
    endloop
  endfacet
  facet normal 0.000000e+000 0.000000e+000 5.485730e-001
    outer loop
      vertex   -1.151977e+002 6.235294e+001 4.470535e+001
      vertex   -1.171977e+002 5.742329e+001 4.470535e+001
      vertex   -1.171977e+002 5.652408e+001 4.470535e+001
    endloop
  endfacet
  facet normal 0.000000e+000 0.000000e+000 9.254003e+000
    outer loop
      vertex   -1.151977e+002 6.235294e+001 4.470535e+001
      vertex   -1.171977e+002 6.557834e+001 4.470535e+001
      vertex   -1.171977e+002 5.959276e+001 4.470535e+001
    endloop
  endfacet
  facet normal 0.000000e+000 0.000000e+000 4.039916e+000
    outer loop
      vertex   -1.171977e+002 5.782432e+001 4.470535e+001
      vertex   -1.171977e+002 5.742329e+001 4.470535e+001
      vertex   -1.151977e+002 6.235294e+001 4.470535e+001
    endloop
  endfacet
  facet normal 0.000000e+000 0.000000e+000 4.039916e+000
    outer loop
      vertex   -1.171977e+002 5.782432e+001 4.470535e+001
      vertex   -1.151977e+002 6.235294e+001 4.470535e+001
      vertex   -1.171977e+002 5.959276e+001 4.470535e+001
    endloop
  endfacet
  facet normal 0.000000e+000 -9.893621e+000 0.000000e+000
    outer loop
      vertex   -1.151977e+002 6.557834e+001 4.513076e+001
      vertex   -1.171977e+002 6.557834e+001 4.483669e+001
      vertex   -1.151977e+002 6.557834e+001 4.470535e+001
    endloop
  endfacet
  facet normal 9.872784e+000 0.000000e+000 0.000000e+000
    outer loop
      vertex   -1.151977e+002 6.557834e+001 4.513076e+001
      vertex   -1.151977e+002 6.557834e+001 4.470535e+001
      vertex   -1.151977e+002 7.196502e+001 4.615934e+001
    endloop
  endfacet
  facet normal 0.000000e+000 -6.552893e-001 0.000000e+000
    outer loop
      vertex   -1.151977e+002 6.557834e+001 4.470535e+001
      vertex   -1.171977e+002 6.557834e+001 4.483669e+001
      vertex   -1.171977e+002 6.557834e+001 4.470535e+001
    endloop
  endfacet
  facet normal 6.983069e-001 0.000000e+000 0.000000e+000
    outer loop
      vertex   -1.151977e+002 6.557834e+001 4.470535e+001
      vertex   -1.151977e+002 7.494773e+001 4.615934e+001
      vertex   -1.151977e+002 7.196502e+001 4.615934e+001
    endloop
  endfacet
  facet normal 1.091257e+000 0.000000e+000 0.000000e+000
    outer loop
      vertex   -1.151977e+002 7.882277e+001 4.615934e+001
      vertex   -1.151977e+002 7.494773e+001 4.615934e+001
      vertex   -1.151977e+002 6.557834e+001 4.470535e+001
    endloop
  endfacet
  facet normal 8.768408e+000 0.000000e+000 0.000000e+000
    outer loop
      vertex   -1.151977e+002 5.393863e+001 6.594200e+001
      vertex   -1.151977e+002 5.393863e+001 6.523306e+001
      vertex   -1.151977e+002 5.611716e+001 6.474749e+001
    endloop
  endfacet
  facet normal 1.328730e+000 0.000000e+000 0.000000e+000
    outer loop
      vertex   -1.151977e+002 5.611716e+001 6.474749e+001
      vertex   -1.151977e+002 5.393863e+001 6.523306e+001
      vertex   -1.151977e+002 5.392761e+001 6.493634e+001
    endloop
  endfacet
  facet normal 9.873668e+000 0.000000e+000 0.000000e+000
    outer loop
      vertex   -1.151977e+002 5.389461e+001 6.464125e+001
      vertex   -1.151977e+002 5.611716e+001 6.474749e+001
      vertex   -1.151977e+002 5.392761e+001 6.493634e+001
    endloop
  endfacet
  facet normal 9.728915e+000 0.000000e+000 0.000000e+000
    outer loop
      vertex   -1.151977e+002 5.389461e+001 6.464125e+001
      vertex   -1.151977e+002 5.383981e+001 6.434942e+001
      vertex   -1.151977e+002 5.611716e+001 6.474749e+001
    endloop
  endfacet
  facet normal 1.099544e+000 0.000000e+000 0.000000e+000
    outer loop
      vertex   -1.151977e+002 5.611716e+001 6.474749e+001
      vertex   -1.151977e+002 5.383981e+001 6.434942e+001
      vertex   -1.151977e+002 5.376351e+001 6.406246e+001
    endloop
  endfacet
  facet normal 7.587428e+000 0.000000e+000 0.000000e+000
    outer loop
      vertex   -1.151977e+002 5.366613e+001 6.378195e+001
      vertex   -1.151977e+002 5.611716e+001 6.474749e+001
      vertex   -1.151977e+002 5.376351e+001 6.406246e+001
    endloop
  endfacet
  facet normal 7.957050e+000 0.000000e+000 0.000000e+000
    outer loop
      vertex   -1.151977e+002 4.748050e+001 6.123306e+001
      vertex   -1.151977e+002 4.735435e+001 6.123306e+001
      vertex   -1.151977e+002 4.343922e+001 5.592391e+001
    endloop
  endfacet
  facet normal 8.048295e+000 0.000000e+000 0.000000e+000
    outer loop
      vertex   -1.151977e+002 4.343922e+001 5.592391e+001
      vertex   -1.151977e+002 4.735435e+001 6.123306e+001
      vertex   -1.151977e+002 3.913174e+001 5.592391e+001
    endloop
  endfacet
  facet normal 9.304111e+000 0.000000e+000 0.000000e+000
    outer loop
      vertex   -1.151977e+002 5.611716e+001 6.474749e+001
      vertex   -1.151977e+002 5.366613e+001 6.378195e+001
      vertex   -1.151977e+002 5.611716e+001 6.287538e+001
    endloop
  endfacet
  facet normal 1.003023e+000 0.000000e+000 0.000000e+000
    outer loop
      vertex   -1.151977e+002 5.611716e+001 6.287538e+001
      vertex   -1.151977e+002 5.366613e+001 6.378195e+001
      vertex   -1.151977e+002 5.356182e+001 6.353821e+001
    endloop
  endfacet
  facet normal 9.515349e+000 0.000000e+000 0.000000e+000
    outer loop
      vertex   -1.151977e+002 5.344158e+001 6.330191e+001
      vertex   -1.151977e+002 5.611716e+001 6.287538e+001
      vertex   -1.151977e+002 5.356182e+001 6.353821e+001
    endloop
  endfacet
  facet normal 9.290799e+000 0.000000e+000 0.000000e+000
    outer loop
      vertex   -1.151977e+002 5.344158e+001 6.330191e+001
      vertex   -1.151977e+002 5.330597e+001 6.307410e+001
      vertex   -1.151977e+002 5.611716e+001 6.287538e+001
    endloop
  endfacet
  facet normal 7.711259e-001 0.000000e+000 0.000000e+000
    outer loop
      vertex   -1.151977e+002 5.611716e+001 6.287538e+001
      vertex   -1.151977e+002 5.330597e+001 6.307410e+001
      vertex   -1.151977e+002 5.315554e+001 6.285578e+001
    endloop
  endfacet
  facet normal 7.370024e+000 0.000000e+000 0.000000e+000
    outer loop
      vertex   -1.151977e+002 5.299100e+001 6.264790e+001
      vertex   -1.151977e+002 5.611716e+001 6.287538e+001
      vertex   -1.151977e+002 5.315554e+001 6.285578e+001
    endloop
  endfacet
  facet normal 6.905878e+000 0.000000e+000 0.000000e+000
    outer loop
      vertex   -1.151977e+002 5.299100e+001 6.264790e+001
      vertex   -1.151977e+002 5.281304e+001 6.245137e+001
      vertex   -1.151977e+002 5.611716e+001 6.287538e+001
    endloop
  endfacet
  facet normal 4.469482e-001 0.000000e+000 0.000000e+000
    outer loop
      vertex   -1.151977e+002 5.611716e+001 6.287538e+001
      vertex   -1.151977e+002 5.281304e+001 6.245137e+001
      vertex   -1.151977e+002 5.262245e+001 6.226707e+001
    endloop
  endfacet
  facet normal 7.957050e+000 0.000000e+000 0.000000e+000
    outer loop
      vertex   -1.151977e+002 4.748050e+001 6.123306e+001
      vertex   -1.151977e+002 4.343922e+001 5.592391e+001
      vertex   -1.151977e+002 4.993863e+001 6.123306e+001
    endloop
  endfacet
  facet normal 6.036992e+000 0.000000e+000 0.000000e+000
    outer loop
      vertex   -1.151977e+002 4.993863e+001 6.123306e+001
      vertex   -1.151977e+002 4.343922e+001 5.592391e+001
      vertex   -1.151977e+002 5.023257e+001 6.124388e+001
    endloop
  endfacet
  facet normal 5.261416e+000 0.000000e+000 0.000000e+000
    outer loop
      vertex   -1.151977e+002 5.023257e+001 6.124388e+001
      vertex   -1.151977e+002 4.343922e+001 5.592391e+001
      vertex   -1.151977e+002 5.052491e+001 6.127626e+001
    endloop
  endfacet
  facet normal 4.466726e+000 0.000000e+000 0.000000e+000
    outer loop
      vertex   -1.151977e+002 5.052491e+001 6.127626e+001
      vertex   -1.151977e+002 4.343922e+001 5.592391e+001
      vertex   -1.151977e+002 5.081408e+001 6.133004e+001
    endloop
  endfacet
  facet normal 3.664176e+000 0.000000e+000 0.000000e+000
    outer loop
      vertex   -1.151977e+002 5.081408e+001 6.133004e+001
      vertex   -1.151977e+002 4.343922e+001 5.592391e+001
      vertex   -1.151977e+002 5.109852e+001 6.140492e+001
    endloop
  endfacet
  facet normal 2.860983e+000 0.000000e+000 0.000000e+000
    outer loop
      vertex   -1.151977e+002 5.109852e+001 6.140492e+001
      vertex   -1.151977e+002 4.343922e+001 5.592391e+001
      vertex   -1.151977e+002 5.137669e+001 6.150050e+001
    endloop
  endfacet
  facet normal 3.241949e+000 0.000000e+000 0.000000e+000
    outer loop
      vertex   -1.151977e+002 5.137669e+001 6.150050e+001
      vertex   -1.151977e+002 4.343922e+001 5.592391e+001
      vertex   -1.151977e+002 5.611716e+001 6.287538e+001
    endloop
  endfacet
  facet normal 2.021048e+000 0.000000e+000 0.000000e+000
    outer loop
      vertex   -1.151977e+002 5.164708e+001 6.161627e+001
      vertex   -1.151977e+002 5.611716e+001 6.287538e+001
      vertex   -1.151977e+002 5.190824e+001 6.175159e+001
    endloop
  endfacet
  facet normal 1.296047e+000 0.000000e+000 0.000000e+000
    outer loop
      vertex   -1.151977e+002 5.164708e+001 6.161627e+001
      vertex   -1.151977e+002 5.137669e+001 6.150050e+001
      vertex   -1.151977e+002 5.611716e+001 6.287538e+001
    endloop
  endfacet
  facet normal 5.024067e+000 0.000000e+000 0.000000e+000
    outer loop
      vertex   -1.151977e+002 5.262245e+001 6.226707e+001
      vertex   -1.151977e+002 5.239724e+001 6.207787e+001
      vertex   -1.151977e+002 5.611716e+001 6.287538e+001
    endloop
  endfacet
  facet normal 2.903186e-001 0.000000e+000 0.000000e+000
    outer loop
      vertex   -1.151977e+002 5.611716e+001 6.287538e+001
      vertex   -1.151977e+002 5.239724e+001 6.207787e+001
      vertex   -1.151977e+002 5.215874e+001 6.190573e+001
    endloop
  endfacet
  facet normal 2.866262e+000 0.000000e+000 0.000000e+000
    outer loop
      vertex   -1.151977e+002 5.190824e+001 6.175159e+001
      vertex   -1.151977e+002 5.611716e+001 6.287538e+001
      vertex   -1.151977e+002 5.215874e+001 6.190573e+001
    endloop
  endfacet
  facet normal 0.000000e+000 0.000000e+000 -9.967724e+000
    outer loop
      vertex   -1.171977e+002 4.013116e+001 5.592391e+001
      vertex   -1.151977e+002 4.343922e+001 5.592391e+001
      vertex   -1.151977e+002 3.913174e+001 5.592391e+001
    endloop
  endfacet
  facet normal 0.000000e+000 0.000000e+000 -8.945304e+000
    outer loop
      vertex   -1.171977e+002 4.013116e+001 5.592391e+001
      vertex   -1.151977e+002 3.913174e+001 5.592391e+001
      vertex   -1.171977e+002 3.913174e+001 5.592391e+001
    endloop
  endfacet
  facet normal 1.000000e+001 0.000000e+000 0.000000e+000
    outer loop
      vertex   -1.151977e+002 6.788243e+001 7.119325e+001
      vertex   -1.151977e+002 6.788243e+001 7.339325e+001
      vertex   -1.151977e+002 5.782432e+001 7.119325e+001
    endloop
  endfacet
  facet normal 8.768408e+000 0.000000e+000 0.000000e+000
    outer loop
      vertex   -1.151977e+002 5.393863e+001 6.594200e+001
      vertex   -1.151977e+002 5.611716e+001 6.474749e+001
      vertex   -1.151977e+002 5.393863e+001 6.983306e+001
    endloop
  endfacet
  facet normal 9.882552e+000 0.000000e+000 0.000000e+000
    outer loop
      vertex   -1.151977e+002 5.393863e+001 6.983306e+001
      vertex   -1.151977e+002 5.611716e+001 6.474749e+001
      vertex   -1.151977e+002 5.611716e+001 7.119325e+001
    endloop
  endfacet
  facet normal 9.426031e+000 0.000000e+000 0.000000e+000
    outer loop
      vertex   -1.151977e+002 5.392758e+001 7.013020e+001
      vertex   -1.151977e+002 5.611716e+001 7.119325e+001
      vertex   -1.151977e+002 5.389449e+001 7.042569e+001
    endloop
  endfacet
  facet normal 9.151898e+000 0.000000e+000 0.000000e+000
    outer loop
      vertex   -1.151977e+002 5.392758e+001 7.013020e+001
      vertex   -1.151977e+002 5.393863e+001 6.983306e+001
      vertex   -1.151977e+002 5.611716e+001 7.119325e+001
    endloop
  endfacet
  facet normal 1.264243e+000 0.000000e+000 0.000000e+000
    outer loop
      vertex   -1.151977e+002 5.611716e+001 7.119325e+001
      vertex   -1.151977e+002 5.383954e+001 7.071791e+001
      vertex   -1.151977e+002 5.389449e+001 7.042569e+001
    endloop
  endfacet
  facet normal -3.678933e+000 0.000000e+000 0.000000e+000
    outer loop
      vertex   -1.171977e+002 6.925337e+001 4.615934e+001
      vertex   -1.171977e+002 7.762636e+001 4.615934e+001
      vertex   -1.171977e+002 6.557834e+001 4.470535e+001
    endloop
  endfacet
  facet normal -1.075853e-001 0.000000e+000 0.000000e+000
    outer loop
      vertex   -1.171977e+002 6.557834e+001 4.470535e+001
      vertex   -1.171977e+002 7.762636e+001 4.615934e+001
      vertex   -1.171977e+002 7.882277e+001 4.615934e+001
    endloop
  endfacet
  facet normal -9.409168e+000 0.000000e+000 0.000000e+000
    outer loop
      vertex   -1.171977e+002 6.557834e+001 4.483669e+001
      vertex   -1.171977e+002 6.925337e+001 4.615934e+001
      vertex   -1.171977e+002 6.557834e+001 4.470535e+001
    endloop
  endfacet
  facet normal 0.000000e+000 2.448814e-001 1.284398e+000
    outer loop
      vertex   -1.151977e+002 1.010375e+002 8.734485e+001
      vertex   -1.171977e+002 1.012966e+002 8.729545e+001
      vertex   -1.171977e+002 1.010375e+002 8.734485e+001
    endloop
  endfacet
  facet normal 0.000000e+000 2.448814e-001 1.284398e+000
    outer loop
      vertex   -1.171977e+002 1.012966e+002 8.729545e+001
      vertex   -1.151977e+002 1.010375e+002 8.734485e+001
      vertex   -1.151977e+002 1.012966e+002 8.729545e+001
    endloop
  endfacet
  facet normal 0.000000e+000 4.041030e-001 1.243227e+000
    outer loop
      vertex   -1.151977e+002 1.012966e+002 8.729545e+001
      vertex   -1.171977e+002 1.015474e+002 8.721393e+001
      vertex   -1.171977e+002 1.012966e+002 8.729545e+001
    endloop
  endfacet
  facet normal 0.000000e+000 4.041030e-001 1.243227e+000
    outer loop
      vertex   -1.171977e+002 1.015474e+002 8.721393e+001
      vertex   -1.151977e+002 1.012966e+002 8.729545e+001
      vertex   -1.151977e+002 1.015474e+002 8.721393e+001
    endloop
  endfacet
  facet normal 0.000000e+000 5.566584e-001 1.182763e+000
    outer loop
      vertex   -1.151977e+002 1.015474e+002 8.721393e+001
      vertex   -1.171977e+002 1.017860e+002 8.710163e+001
      vertex   -1.171977e+002 1.015474e+002 8.721393e+001
    endloop
  endfacet
  facet normal 0.000000e+000 5.566584e-001 1.182763e+000
    outer loop
      vertex   -1.171977e+002 1.017860e+002 8.710163e+001
      vertex   -1.151977e+002 1.015474e+002 8.721393e+001
      vertex   -1.151977e+002 1.017860e+002 8.710163e+001
    endloop
  endfacet
  facet normal 0.000000e+000 7.004697e-001 1.103439e+000
    outer loop
      vertex   -1.151977e+002 1.017860e+002 8.710163e+001
      vertex   -1.171977e+002 1.020086e+002 8.696033e+001
      vertex   -1.171977e+002 1.017860e+002 8.710163e+001
    endloop
  endfacet
  facet normal 0.000000e+000 7.004697e-001 1.103439e+000
    outer loop
      vertex   -1.171977e+002 1.020086e+002 8.696033e+001
      vertex   -1.151977e+002 1.017860e+002 8.710163e+001
      vertex   -1.151977e+002 1.020086e+002 8.696033e+001
    endloop
  endfacet
  facet normal 0.000000e+000 -1.671081e+000 0.000000e+000
    outer loop
      vertex   -1.171977e+002 7.888243e+001 6.159325e+001
      vertex   -1.151977e+002 7.888243e+001 7.339325e+001
      vertex   -1.171977e+002 7.888243e+001 7.339325e+001
    endloop
  endfacet
  facet normal 0.000000e+000 -1.000000e+001 0.000000e+000
    outer loop
      vertex   -1.151977e+002 7.888243e+001 6.159325e+001
      vertex   -1.151977e+002 7.888243e+001 7.339325e+001
      vertex   -1.171977e+002 7.888243e+001 6.159325e+001
    endloop
  endfacet
  facet normal 0.000000e+000 8.332571e-001 1.007794e+000
    outer loop
      vertex   -1.151977e+002 1.020086e+002 8.696033e+001
      vertex   -1.171977e+002 1.022119e+002 8.679223e+001
      vertex   -1.171977e+002 1.020086e+002 8.696033e+001
    endloop
  endfacet
  facet normal 0.000000e+000 8.332571e-001 1.007794e+000
    outer loop
      vertex   -1.171977e+002 1.022119e+002 8.679223e+001
      vertex   -1.151977e+002 1.020086e+002 8.696033e+001
      vertex   -1.151977e+002 1.022119e+002 8.679223e+001
    endloop
  endfacet
  facet normal 4.794788e+000 0.000000e+000 0.000000e+000
    outer loop
      vertex   -1.151977e+002 7.323182e+001 5.910781e+001
      vertex   -1.151977e+002 7.888243e+001 6.159325e+001
      vertex   -1.151977e+002 6.757977e+001 5.959325e+001
    endloop
  endfacet
  facet normal 1.000000e+001 0.000000e+000 0.000000e+000
    outer loop
      vertex   -1.151977e+002 6.757977e+001 6.159325e+001
      vertex   -1.151977e+002 6.757977e+001 5.959325e+001
      vertex   -1.151977e+002 7.888243e+001 6.159325e+001
    endloop
  endfacet
  facet normal 6.082503e+000 0.000000e+000 0.000000e+000
    outer loop
      vertex   -1.151977e+002 7.563902e+001 5.910781e+001
      vertex   -1.151977e+002 7.888243e+001 6.159325e+001
      vertex   -1.151977e+002 7.323182e+001 5.910781e+001
    endloop
  endfacet
  facet normal 0.000000e+000 0.000000e+000 1.000000e+001
    outer loop
      vertex   -1.151977e+002 7.888243e+001 6.159325e+001
      vertex   -1.171977e+002 7.888243e+001 6.159325e+001
      vertex   -1.151977e+002 6.757977e+001 6.159325e+001
    endloop
  endfacet
  facet normal 8.862773e+000 0.000000e+000 0.000000e+000
    outer loop
      vertex   -1.151977e+002 7.758358e+001 5.910781e+001
      vertex   -1.151977e+002 7.888243e+001 6.159325e+001
      vertex   -1.151977e+002 7.563902e+001 5.910781e+001
    endloop
  endfacet
  facet normal 8.862773e+000 0.000000e+000 0.000000e+000
    outer loop
      vertex   -1.151977e+002 7.758358e+001 5.910781e+001
      vertex   -1.151977e+002 7.882277e+001 5.910781e+001
      vertex   -1.151977e+002 7.888243e+001 6.159325e+001
    endloop
  endfacet
  facet normal -1.387779e-016 7.226947e+000 6.786962e+000
    outer loop
      vertex   -1.151977e+002 1.023924e+002 8.660003e+001
      vertex   -1.171977e+002 1.022119e+002 8.679223e+001
      vertex   -1.151977e+002 1.022119e+002 8.679223e+001
    endloop
  endfacet
  facet normal -1.387779e-016 7.226947e+000 6.786962e+000
    outer loop
      vertex   -1.171977e+002 1.022119e+002 8.679223e+001
      vertex   -1.151977e+002 1.023924e+002 8.660003e+001
      vertex   -1.171977e+002 1.023924e+002 8.660003e+001
    endloop
  endfacet
  facet normal 6.938894e-017 8.021429e+000 5.826435e+000
    outer loop
      vertex   -1.151977e+002 1.025474e+002 8.638663e+001
      vertex   -1.171977e+002 1.023924e+002 8.660003e+001
      vertex   -1.151977e+002 1.023924e+002 8.660003e+001
    endloop
  endfacet
  facet normal 0.000000e+000 9.835727e+000 -1.244747e+000
    outer loop
      vertex   -1.151977e+002 1.028371e+002 4.196793e+001
      vertex   -1.171977e+002 1.028702e+002 4.222957e+001
      vertex   -1.151977e+002 1.028702e+002 4.222957e+001
    endloop
  endfacet
  facet normal -6.938894e-017 8.688738e+000 4.774646e+000
    outer loop
      vertex   -1.151977e+002 1.026744e+002 8.615554e+001
      vertex   -1.171977e+002 1.025474e+002 8.638663e+001
      vertex   -1.151977e+002 1.025474e+002 8.638663e+001
    endloop
  endfacet
  facet normal 6.938894e-017 8.021429e+000 5.826435e+000
    outer loop
      vertex   -1.171977e+002 1.023924e+002 8.660003e+001
      vertex   -1.151977e+002 1.025474e+002 8.638663e+001
      vertex   -1.171977e+002 1.025474e+002 8.638663e+001
    endloop
  endfacet
  facet normal 0.000000e+000 9.835728e+000 1.244929e+000
    outer loop
      vertex   -1.171977e+002 1.028371e+002 8.565494e+001
      vertex   -1.151977e+002 1.028702e+002 8.539333e+001
      vertex   -1.171977e+002 1.028702e+002 8.539333e+001
    endloop
  endfacet
  facet normal 0.000000e+000 9.835728e+000 1.244929e+000
    outer loop
      vertex   -1.151977e+002 1.028702e+002 8.539333e+001
      vertex   -1.171977e+002 1.028371e+002 8.565494e+001
      vertex   -1.151977e+002 1.028371e+002 8.565494e+001
    endloop
  endfacet
  facet normal -6.938894e-017 9.217731e+000 3.650239e+000
    outer loop
      vertex   -1.151977e+002 1.027715e+002 8.591033e+001
      vertex   -1.171977e+002 1.026744e+002 8.615554e+001
      vertex   -1.151977e+002 1.026744e+002 8.615554e+001
    endloop
  endfacet
  facet normal -6.938894e-017 8.688738e+000 4.774646e+000
    outer loop
      vertex   -1.171977e+002 1.025474e+002 8.638663e+001
      vertex   -1.151977e+002 1.026744e+002 8.615554e+001
      vertex   -1.171977e+002 1.026744e+002 8.615554e+001
    endloop
  endfacet
  facet normal 0.000000e+000 9.602554e+000 2.466257e+000
    outer loop
      vertex   -1.171977e+002 1.027715e+002 8.591033e+001
      vertex   -1.151977e+002 1.028371e+002 8.565494e+001
      vertex   -1.171977e+002 1.028371e+002 8.565494e+001
    endloop
  endfacet
  facet normal 0.000000e+000 9.602554e+000 2.466257e+000
    outer loop
      vertex   -1.151977e+002 1.028371e+002 8.565494e+001
      vertex   -1.171977e+002 1.027715e+002 8.591033e+001
      vertex   -1.151977e+002 1.027715e+002 8.591033e+001
    endloop
  endfacet
  facet normal -6.938894e-017 9.217731e+000 3.650239e+000
    outer loop
      vertex   -1.171977e+002 1.026744e+002 8.615554e+001
      vertex   -1.151977e+002 1.027715e+002 8.591033e+001
      vertex   -1.171977e+002 1.027715e+002 8.591033e+001
    endloop
  endfacet
  facet normal 0.000000e+000 0.000000e+000 9.847028e+000
    outer loop
      vertex   -1.151977e+002 6.757977e+001 6.159325e+001
      vertex   -1.171977e+002 7.888243e+001 6.159325e+001
      vertex   -1.171977e+002 6.757977e+001 6.159325e+001
    endloop
  endfacet
  facet normal -9.847028e+000 0.000000e+000 0.000000e+000
    outer loop
      vertex   -1.171977e+002 6.757977e+001 5.959325e+001
      vertex   -1.171977e+002 6.757977e+001 6.159325e+001
      vertex   -1.171977e+002 7.888243e+001 6.159325e+001
    endloop
  endfacet
  facet normal -1.750922e+000 0.000000e+000 0.000000e+000
    outer loop
      vertex   -1.171977e+002 7.888243e+001 6.159325e+001
      vertex   -1.171977e+002 7.882277e+001 5.910781e+001
      vertex   -1.171977e+002 7.837861e+001 5.910781e+001
    endloop
  endfacet
  facet normal -4.390677e+000 0.000000e+000 0.000000e+000
    outer loop
      vertex   -1.171977e+002 7.193481e+001 5.910781e+001
      vertex   -1.171977e+002 6.757977e+001 5.959325e+001
      vertex   -1.171977e+002 7.888243e+001 6.159325e+001
    endloop
  endfacet
  facet normal -8.521581e+000 0.000000e+000 0.000000e+000
    outer loop
      vertex   -1.171977e+002 7.735620e+001 5.910781e+001
      vertex   -1.171977e+002 7.888243e+001 6.159325e+001
      vertex   -1.171977e+002 7.837861e+001 5.910781e+001
    endloop
  endfacet
  facet normal -3.368344e+000 0.000000e+000 0.000000e+000
    outer loop
      vertex   -1.171977e+002 7.193481e+001 5.910781e+001
      vertex   -1.171977e+002 7.888243e+001 6.159325e+001
      vertex   -1.171977e+002 7.350443e+001 5.910781e+001
    endloop
  endfacet
  facet normal -8.521581e+000 0.000000e+000 0.000000e+000
    outer loop
      vertex   -1.171977e+002 7.735620e+001 5.910781e+001
      vertex   -1.171977e+002 7.702234e+001 5.910781e+001
      vertex   -1.171977e+002 7.888243e+001 6.159325e+001
    endloop
  endfacet
  facet normal -4.029117e+000 0.000000e+000 0.000000e+000
    outer loop
      vertex   -1.171977e+002 7.888243e+001 6.159325e+001
      vertex   -1.171977e+002 7.668847e+001 5.910781e+001
      vertex   -1.171977e+002 7.350443e+001 5.910781e+001
    endloop
  endfacet
  facet normal -6.790248e-002 0.000000e+000 0.000000e+000
    outer loop
      vertex   -1.171977e+002 7.888243e+001 6.159325e+001
      vertex   -1.171977e+002 7.702234e+001 5.910781e+001
      vertex   -1.171977e+002 7.699587e+001 5.910781e+001
    endloop
  endfacet
  facet normal -7.937098e+000 0.000000e+000 0.000000e+000
    outer loop
      vertex   -1.171977e+002 7.697760e+001 5.910781e+001
      vertex   -1.171977e+002 7.668847e+001 5.910781e+001
      vertex   -1.171977e+002 7.888243e+001 6.159325e+001
    endloop
  endfacet
  facet normal -7.937098e+000 0.000000e+000 0.000000e+000
    outer loop
      vertex   -1.171977e+002 7.697760e+001 5.910781e+001
      vertex   -1.171977e+002 7.888243e+001 6.159325e+001
      vertex   -1.171977e+002 7.699587e+001 5.910781e+001
    endloop
  endfacet
  facet normal 0.000000e+000 1.000000e+001 0.000000e+000
    outer loop
      vertex   -1.171977e+002 5.611716e+001 6.287538e+001
      vertex   -1.171977e+002 5.611716e+001 6.474749e+001
      vertex   -1.151977e+002 5.611716e+001 6.287538e+001
    endloop
  endfacet
  facet normal 0.000000e+000 7.300630e+000 0.000000e+000
    outer loop
      vertex   -1.151977e+002 5.611716e+001 6.287538e+001
      vertex   -1.171977e+002 5.611716e+001 6.474749e+001
      vertex   -1.151977e+002 5.611716e+001 6.474749e+001
    endloop
  endfacet
  facet normal 0.000000e+000 5.396898e+000 0.000000e+000
    outer loop
      vertex   -1.151977e+002 5.611716e+001 6.159325e+001
      vertex   -1.171977e+002 5.611716e+001 6.159325e+001
      vertex   -1.171977e+002 5.611716e+001 6.287538e+001
    endloop
  endfacet
  facet normal 0.000000e+000 8.418640e+000 0.000000e+000
    outer loop
      vertex   -1.151977e+002 5.611716e+001 6.159325e+001
      vertex   -1.171977e+002 5.611716e+001 6.287538e+001
      vertex   -1.151977e+002 5.611716e+001 6.287538e+001
    endloop
  endfacet
  facet normal -1.000000e+001 0.000000e+000 0.000000e+000
    outer loop
      vertex   -1.171977e+002 5.611716e+001 6.159325e+001
      vertex   -1.171977e+002 5.607977e+001 6.159325e+001
      vertex   -1.171977e+002 5.611716e+001 6.287538e+001
    endloop
  endfacet
  facet normal -8.374938e-001 0.000000e+000 0.000000e+000
    outer loop
      vertex   -1.171977e+002 4.447533e+001 5.592391e+001
      vertex   -1.171977e+002 5.611716e+001 6.287538e+001
      vertex   -1.171977e+002 5.607977e+001 6.159325e+001
    endloop
  endfacet
  facet normal -4.807821e+000 0.000000e+000 0.000000e+000
    outer loop
      vertex   -1.171977e+002 4.343922e+001 5.592391e+001
      vertex   -1.171977e+002 5.611716e+001 6.287538e+001
      vertex   -1.171977e+002 4.447533e+001 5.592391e+001
    endloop
  endfacet
  facet normal 0.000000e+000 0.000000e+000 -9.905042e+000
    outer loop
      vertex   -1.171977e+002 4.343922e+001 5.592391e+001
      vertex   -1.171977e+002 4.447533e+001 5.592391e+001
      vertex   -1.151977e+002 4.371682e+001 5.592391e+001
    endloop
  endfacet
  facet normal 0.000000e+000 0.000000e+000 -9.905042e+000
    outer loop
      vertex   -1.171977e+002 4.343922e+001 5.592391e+001
      vertex   -1.151977e+002 4.371682e+001 5.592391e+001
      vertex   -1.171977e+002 4.013116e+001 5.592391e+001
    endloop
  endfacet
  facet normal 0.000000e+000 0.000000e+000 -3.498145e-001
    outer loop
      vertex   -1.171977e+002 4.013116e+001 5.592391e+001
      vertex   -1.151977e+002 4.371682e+001 5.592391e+001
      vertex   -1.151977e+002 4.343922e+001 5.592391e+001
    endloop
  endfacet
  facet normal 0.000000e+000 2.449758e-001 -1.284398e+000
    outer loop
      vertex   -1.171977e+002 1.010375e+002 4.027799e+001
      vertex   -1.151977e+002 1.012966e+002 4.032741e+001
      vertex   -1.151977e+002 1.010375e+002 4.027799e+001
    endloop
  endfacet
  facet normal 0.000000e+000 2.449758e-001 -1.284398e+000
    outer loop
      vertex   -1.151977e+002 1.012966e+002 4.032741e+001
      vertex   -1.171977e+002 1.010375e+002 4.027799e+001
      vertex   -1.171977e+002 1.012966e+002 4.032741e+001
    endloop
  endfacet
  facet normal 0.000000e+000 4.039614e-001 -1.243227e+000
    outer loop
      vertex   -1.171977e+002 1.012966e+002 4.032741e+001
      vertex   -1.151977e+002 1.015474e+002 4.040890e+001
      vertex   -1.151977e+002 1.012966e+002 4.032741e+001
    endloop
  endfacet
  facet normal 0.000000e+000 4.039614e-001 -1.243227e+000
    outer loop
      vertex   -1.151977e+002 1.015474e+002 4.040890e+001
      vertex   -1.171977e+002 1.012966e+002 4.032741e+001
      vertex   -1.171977e+002 1.015474e+002 4.040890e+001
    endloop
  endfacet
  facet normal 0.000000e+000 5.566348e-001 -1.182763e+000
    outer loop
      vertex   -1.171977e+002 1.015474e+002 4.040890e+001
      vertex   -1.151977e+002 1.017860e+002 4.052119e+001
      vertex   -1.151977e+002 1.015474e+002 4.040890e+001
    endloop
  endfacet
  facet normal 0.000000e+000 5.566348e-001 -1.182763e+000
    outer loop
      vertex   -1.151977e+002 1.017860e+002 4.052119e+001
      vertex   -1.171977e+002 1.015474e+002 4.040890e+001
      vertex   -1.171977e+002 1.017860e+002 4.052119e+001
    endloop
  endfacet
  facet normal 0.000000e+000 7.004461e-001 -1.103440e+000
    outer loop
      vertex   -1.171977e+002 1.017860e+002 4.052119e+001
      vertex   -1.151977e+002 1.020086e+002 4.066249e+001
      vertex   -1.151977e+002 1.017860e+002 4.052119e+001
    endloop
  endfacet
  facet normal 0.000000e+000 7.004461e-001 -1.103440e+000
    outer loop
      vertex   -1.151977e+002 1.020086e+002 4.066249e+001
      vertex   -1.171977e+002 1.017860e+002 4.052119e+001
      vertex   -1.171977e+002 1.020086e+002 4.066249e+001
    endloop
  endfacet
  facet normal 0.000000e+000 8.333275e-001 -1.007793e+000
    outer loop
      vertex   -1.171977e+002 1.020086e+002 4.066249e+001
      vertex   -1.151977e+002 1.022119e+002 4.083060e+001
      vertex   -1.151977e+002 1.020086e+002 4.066249e+001
    endloop
  endfacet
  facet normal 0.000000e+000 8.333275e-001 -1.007793e+000
    outer loop
      vertex   -1.151977e+002 1.022119e+002 4.083060e+001
      vertex   -1.171977e+002 1.020086e+002 4.066249e+001
      vertex   -1.171977e+002 1.022119e+002 4.083060e+001
    endloop
  endfacet
  facet normal 0.000000e+000 0.000000e+000 8.581710e+000
    outer loop
      vertex   -1.171977e+002 7.762636e+001 4.615934e+001
      vertex   -1.151977e+002 7.882277e+001 4.615934e+001
      vertex   -1.171977e+002 7.882277e+001 4.615934e+001
    endloop
  endfacet
  facet normal 0.000000e+000 -1.000000e+001 0.000000e+000
    outer loop
      vertex   -1.151977e+002 7.882277e+001 4.615934e+001
      vertex   -1.151977e+002 7.882277e+001 4.639232e+001
      vertex   -1.171977e+002 7.882277e+001 4.615934e+001
    endloop
  endfacet
  facet normal 0.000000e+000 -9.932832e+000 0.000000e+000
    outer loop
      vertex   -1.171977e+002 7.882277e+001 4.615934e+001
      vertex   -1.151977e+002 7.882277e+001 4.639232e+001
      vertex   -1.171977e+002 7.882277e+001 4.681336e+001
    endloop
  endfacet
  facet normal 0.000000e+000 7.227524e+000 -6.786325e+000
    outer loop
      vertex   -1.171977e+002 1.023924e+002 4.102284e+001
      vertex   -1.151977e+002 1.022119e+002 4.083060e+001
      vertex   -1.171977e+002 1.022119e+002 4.083060e+001
    endloop
  endfacet
  facet normal 0.000000e+000 -9.300996e+000 0.000000e+000
    outer loop
      vertex   -1.171977e+002 7.882277e+001 4.681336e+001
      vertex   -1.151977e+002 7.882277e+001 4.760318e+001
      vertex   -1.171977e+002 7.882277e+001 4.718721e+001
    endloop
  endfacet
  facet normal 0.000000e+000 -9.785512e+000 0.000000e+000
    outer loop
      vertex   -1.151977e+002 7.882277e+001 4.639232e+001
      vertex   -1.151977e+002 7.882277e+001 4.760318e+001
      vertex   -1.171977e+002 7.882277e+001 4.681336e+001
    endloop
  endfacet
  facet normal 0.000000e+000 7.227524e+000 -6.786325e+000
    outer loop
      vertex   -1.151977e+002 1.022119e+002 4.083060e+001
      vertex   -1.171977e+002 1.023924e+002 4.102284e+001
      vertex   -1.151977e+002 1.023924e+002 4.102284e+001
    endloop
  endfacet
  facet normal -6.938894e-017 8.020890e+000 -5.827215e+000
    outer loop
      vertex   -1.171977e+002 1.025474e+002 4.123619e+001
      vertex   -1.151977e+002 1.023924e+002 4.102284e+001
      vertex   -1.171977e+002 1.023924e+002 4.102284e+001
    endloop
  endfacet
  facet normal 0.000000e+000 -8.436679e+000 0.000000e+000
    outer loop
      vertex   -1.171977e+002 7.882277e+001 4.718721e+001
      vertex   -1.151977e+002 7.882277e+001 4.845990e+001
      vertex   -1.171977e+002 7.882277e+001 4.959217e+001
    endloop
  endfacet
  facet normal 0.000000e+000 -9.790481e+000 0.000000e+000
    outer loop
      vertex   -1.151977e+002 7.882277e+001 4.760318e+001
      vertex   -1.151977e+002 7.882277e+001 4.845990e+001
      vertex   -1.171977e+002 7.882277e+001 4.718721e+001
    endloop
  endfacet
  facet normal -6.938894e-017 8.020890e+000 -5.827215e+000
    outer loop
      vertex   -1.151977e+002 1.023924e+002 4.102284e+001
      vertex   -1.171977e+002 1.025474e+002 4.123619e+001
      vertex   -1.151977e+002 1.025474e+002 4.123619e+001
    endloop
  endfacet
  facet normal -1.387779e-016 8.688777e+000 -4.774570e+000
    outer loop
      vertex   -1.171977e+002 1.026744e+002 4.146729e+001
      vertex   -1.151977e+002 1.025474e+002 4.123619e+001
      vertex   -1.171977e+002 1.025474e+002 4.123619e+001
    endloop
  endfacet
  facet normal 0.000000e+000 -9.999537e+000 0.000000e+000
    outer loop
      vertex   -1.171977e+002 7.882277e+001 4.959217e+001
      vertex   -1.151977e+002 7.882277e+001 4.957293e+001
      vertex   -1.171977e+002 7.882277e+001 4.993582e+001
    endloop
  endfacet
  facet normal 0.000000e+000 -8.702206e+000 0.000000e+000
    outer loop
      vertex   -1.151977e+002 7.882277e+001 4.845990e+001
      vertex   -1.151977e+002 7.882277e+001 4.957293e+001
      vertex   -1.171977e+002 7.882277e+001 4.959217e+001
    endloop
  endfacet
  facet normal -1.387779e-016 8.688777e+000 -4.774570e+000
    outer loop
      vertex   -1.151977e+002 1.025474e+002 4.123619e+001
      vertex   -1.171977e+002 1.026744e+002 4.146729e+001
      vertex   -1.151977e+002 1.026744e+002 4.146729e+001
    endloop
  endfacet
  facet normal -6.938894e-017 9.217688e+000 -3.650364e+000
    outer loop
      vertex   -1.171977e+002 1.027715e+002 4.171249e+001
      vertex   -1.151977e+002 1.026744e+002 4.146729e+001
      vertex   -1.171977e+002 1.026744e+002 4.146729e+001
    endloop
  endfacet
  facet normal 0.000000e+000 -1.516988e+000 0.000000e+000
    outer loop
      vertex   -1.151977e+002 7.882277e+001 4.957293e+001
      vertex   -1.171977e+002 7.882277e+001 5.026196e+001
      vertex   -1.171977e+002 7.882277e+001 4.993582e+001
    endloop
  endfacet
  facet normal -6.938894e-017 9.217688e+000 -3.650364e+000
    outer loop
      vertex   -1.151977e+002 1.026744e+002 4.146729e+001
      vertex   -1.171977e+002 1.027715e+002 4.171249e+001
      vertex   -1.151977e+002 1.027715e+002 4.171249e+001
    endloop
  endfacet
  facet normal 0.000000e+000 9.602636e+000 -2.465818e+000
    outer loop
      vertex   -1.171977e+002 1.028371e+002 4.196793e+001
      vertex   -1.151977e+002 1.027715e+002 4.171249e+001
      vertex   -1.171977e+002 1.027715e+002 4.171249e+001
    endloop
  endfacet
  facet normal 0.000000e+000 -2.791495e+000 0.000000e+000
    outer loop
      vertex   -1.151977e+002 7.882277e+001 5.062927e+001
      vertex   -1.171977e+002 7.882277e+001 5.083252e+001
      vertex   -1.171977e+002 7.882277e+001 5.026196e+001
    endloop
  endfacet
  facet normal 0.000000e+000 -9.835505e+000 0.000000e+000
    outer loop
      vertex   -1.151977e+002 7.882277e+001 5.062927e+001
      vertex   -1.171977e+002 7.882277e+001 5.026196e+001
      vertex   -1.151977e+002 7.882277e+001 4.957293e+001
    endloop
  endfacet
  facet normal 0.000000e+000 9.602636e+000 -2.465818e+000
    outer loop
      vertex   -1.151977e+002 1.027715e+002 4.171249e+001
      vertex   -1.171977e+002 1.028371e+002 4.196793e+001
      vertex   -1.151977e+002 1.028371e+002 4.196793e+001
    endloop
  endfacet
  facet normal 0.000000e+000 9.835727e+000 -1.244747e+000
    outer loop
      vertex   -1.171977e+002 1.028702e+002 4.222957e+001
      vertex   -1.151977e+002 1.028371e+002 4.196793e+001
      vertex   -1.171977e+002 1.028371e+002 4.196793e+001
    endloop
  endfacet
  facet normal 0.000000e+000 -1.799773e+000 0.000000e+000
    outer loop
      vertex   -1.151977e+002 7.882277e+001 5.083252e+001
      vertex   -1.171977e+002 7.882277e+001 5.119845e+001
      vertex   -1.171977e+002 7.882277e+001 5.083252e+001
    endloop
  endfacet
  facet normal -0.000000e+000 -1.000000e+001 -0.000000e+000
    outer loop
      vertex   -1.151977e+002 7.882277e+001 5.083252e+001
      vertex   -1.171977e+002 7.882277e+001 5.083252e+001
      vertex   -1.151977e+002 7.882277e+001 5.062927e+001
    endloop
  endfacet
  facet normal 0.000000e+000 -9.253698e+000 0.000000e+000
    outer loop
      vertex   -1.171977e+002 7.882277e+001 5.119845e+001
      vertex   -1.151977e+002 7.882277e+001 5.201772e+001
      vertex   -1.171977e+002 7.882277e+001 5.229773e+001
    endloop
  endfacet
  facet normal 0.000000e+000 -9.253698e+000 0.000000e+000
    outer loop
      vertex   -1.151977e+002 7.882277e+001 5.201772e+001
      vertex   -1.171977e+002 7.882277e+001 5.119845e+001
      vertex   -1.151977e+002 7.882277e+001 5.083252e+001
    endloop
  endfacet
  facet normal 0.000000e+000 -1.386520e+000 0.000000e+000
    outer loop
      vertex   -1.171977e+002 7.882277e+001 5.229773e+001
      vertex   -1.151977e+002 7.882277e+001 5.201772e+001
      vertex   -1.151977e+002 7.882277e+001 5.229773e+001
    endloop
  endfacet
  facet normal 0.000000e+000 -9.574832e+000 0.000000e+000
    outer loop
      vertex   -1.151977e+002 7.882277e+001 5.290033e+001
      vertex   -1.171977e+002 7.882277e+001 5.229773e+001
      vertex   -1.151977e+002 7.882277e+001 5.229773e+001
    endloop
  endfacet
  facet normal 0.000000e+000 -3.570768e+000 0.000000e+000
    outer loop
      vertex   -1.151977e+002 7.882277e+001 5.290033e+001
      vertex   -1.171977e+002 7.882277e+001 5.304556e+001
      vertex   -1.171977e+002 7.882277e+001 5.229773e+001
    endloop
  endfacet
  facet normal 0.000000e+000 -2.931633e+000 0.000000e+000
    outer loop
      vertex   -1.151977e+002 7.882277e+001 5.290033e+001
      vertex   -1.171977e+002 7.882277e+001 5.367611e+001
      vertex   -1.171977e+002 7.882277e+001 5.304556e+001
    endloop
  endfacet
  facet normal 0.000000e+000 -9.537240e+000 0.000000e+000
    outer loop
      vertex   -1.171977e+002 7.882277e+001 5.367611e+001
      vertex   -1.151977e+002 7.882277e+001 5.304556e+001
      vertex   -1.171977e+002 7.882277e+001 5.472646e+001
    endloop
  endfacet
  facet normal 0.000000e+000 -9.323195e+000 0.000000e+000
    outer loop
      vertex   -1.151977e+002 7.882277e+001 5.290033e+001
      vertex   -1.151977e+002 7.882277e+001 5.304556e+001
      vertex   -1.171977e+002 7.882277e+001 5.367611e+001
    endloop
  endfacet
  facet normal 0.000000e+000 0.000000e+000 -8.140750e+000
    outer loop
      vertex   -1.171977e+002 7.837861e+001 5.910781e+001
      vertex   -1.171977e+002 7.882277e+001 5.910781e+001
      vertex   -1.165751e+002 7.882277e+001 5.910781e+001
    endloop
  endfacet
  facet normal 0.000000e+000 -1.000000e+001 0.000000e+000
    outer loop
      vertex   -1.171977e+002 7.882277e+001 5.910781e+001
      vertex   -1.171977e+002 7.882277e+001 5.701925e+001
      vertex   -1.165751e+002 7.882277e+001 5.910781e+001
    endloop
  endfacet
  facet normal 0.000000e+000 -7.854726e+000 0.000000e+000
    outer loop
      vertex   -1.171977e+002 7.882277e+001 5.472646e+001
      vertex   -1.151977e+002 7.882277e+001 5.630232e+001
      vertex   -1.171977e+002 7.882277e+001 5.701925e+001
    endloop
  endfacet
  facet normal 0.000000e+000 -9.791557e+000 0.000000e+000
    outer loop
      vertex   -1.171977e+002 7.882277e+001 5.472646e+001
      vertex   -1.151977e+002 7.882277e+001 5.304556e+001
      vertex   -1.151977e+002 7.882277e+001 5.630232e+001
    endloop
  endfacet
  facet normal 0.000000e+000 -9.317166e+000 0.000000e+000
    outer loop
      vertex   -1.165751e+002 7.882277e+001 5.910781e+001
      vertex   -1.171977e+002 7.882277e+001 5.701925e+001
      vertex   -1.151977e+002 7.882277e+001 5.803572e+001
    endloop
  endfacet
  facet normal 0.000000e+000 -7.273221e+000 0.000000e+000
    outer loop
      vertex   -1.171977e+002 7.882277e+001 5.701925e+001
      vertex   -1.151977e+002 7.882277e+001 5.630232e+001
      vertex   -1.151977e+002 7.882277e+001 5.803572e+001
    endloop
  endfacet
  facet normal 0.000000e+000 0.000000e+000 5.982814e+000
    outer loop
      vertex   -1.151977e+002 7.494773e+001 4.615934e+001
      vertex   -1.151977e+002 7.882277e+001 4.615934e+001
      vertex   -1.171977e+002 7.762636e+001 4.615934e+001
    endloop
  endfacet
  facet normal -0.000000e+000 -0.000000e+000 -1.000000e+001
    outer loop
      vertex   -1.151977e+002 7.882277e+001 5.910781e+001
      vertex   -1.151977e+002 7.758358e+001 5.910781e+001
      vertex   -1.165751e+002 7.882277e+001 5.910781e+001
    endloop
  endfacet
  facet normal 0.000000e+000 -7.891356e+000 0.000000e+000
    outer loop
      vertex   -1.151977e+002 7.882277e+001 5.803572e+001
      vertex   -1.151977e+002 7.882277e+001 5.910781e+001
      vertex   -1.165751e+002 7.882277e+001 5.910781e+001
    endloop
  endfacet
  facet normal 0.000000e+000 -9.893621e+000 0.000000e+000
    outer loop
      vertex   -1.151977e+002 6.557834e+001 4.513076e+001
      vertex   -1.151977e+002 6.557834e+001 4.545820e+001
      vertex   -1.171977e+002 6.557834e+001 4.483669e+001
    endloop
  endfacet
  facet normal 9.872784e+000 0.000000e+000 0.000000e+000
    outer loop
      vertex   -1.151977e+002 6.557834e+001 4.513076e+001
      vertex   -1.151977e+002 7.196502e+001 4.615934e+001
      vertex   -1.151977e+002 6.557834e+001 4.545820e+001
    endloop
  endfacet
  facet normal 0.000000e+000 -9.549532e+000 0.000000e+000
    outer loop
      vertex   -1.171977e+002 6.557834e+001 4.483669e+001
      vertex   -1.151977e+002 6.557834e+001 4.545820e+001
      vertex   -1.171977e+002 6.557834e+001 4.575589e+001
    endloop
  endfacet
  facet normal -8.226303e+000 0.000000e+000 0.000000e+000
    outer loop
      vertex   -1.171977e+002 6.557834e+001 4.483669e+001
      vertex   -1.171977e+002 6.557834e+001 4.575589e+001
      vertex   -1.171977e+002 6.749198e+001 4.615934e+001
    endloop
  endfacet
  facet normal -2.564097e+000 0.000000e+000 0.000000e+000
    outer loop
      vertex   -1.171977e+002 6.557834e+001 4.483669e+001
      vertex   -1.171977e+002 6.749198e+001 4.615934e+001
      vertex   -1.171977e+002 6.925337e+001 4.615934e+001
    endloop
  endfacet
  facet normal 0.000000e+000 0.000000e+000 5.935723e+000
    outer loop
      vertex   -1.151977e+002 7.196502e+001 4.615934e+001
      vertex   -1.171977e+002 6.925337e+001 4.615934e+001
      vertex   -1.151977e+002 6.626004e+001 4.615934e+001
    endloop
  endfacet
  facet normal 1.091262e+000 0.000000e+000 0.000000e+000
    outer loop
      vertex   -1.151977e+002 7.196502e+001 4.615934e+001
      vertex   -1.151977e+002 6.626004e+001 4.615934e+001
      vertex   -1.151977e+002 6.557834e+001 4.545820e+001
    endloop
  endfacet
  facet normal 0.000000e+000 0.000000e+000 8.277458e+000
    outer loop
      vertex   -1.151977e+002 7.196502e+001 4.615934e+001
      vertex   -1.171977e+002 7.762636e+001 4.615934e+001
      vertex   -1.171977e+002 6.925337e+001 4.615934e+001
    endloop
  endfacet
  facet normal 0.000000e+000 0.000000e+000 5.982814e+000
    outer loop
      vertex   -1.151977e+002 7.494773e+001 4.615934e+001
      vertex   -1.171977e+002 7.762636e+001 4.615934e+001
      vertex   -1.151977e+002 7.196502e+001 4.615934e+001
    endloop
  endfacet
  facet normal 4.807821e+000 0.000000e+000 0.000000e+000
    outer loop
      vertex   -1.151977e+002 4.343922e+001 5.592391e+001
      vertex   -1.151977e+002 4.371682e+001 5.592391e+001
      vertex   -1.151977e+002 5.611716e+001 6.287538e+001
    endloop
  endfacet
  facet normal 8.742733e+000 0.000000e+000 0.000000e+000
    outer loop
      vertex   -1.151977e+002 5.607977e+001 6.159325e+001
      vertex   -1.151977e+002 5.611716e+001 6.287538e+001
      vertex   -1.151977e+002 4.512863e+001 5.592391e+001
    endloop
  endfacet
  facet normal 2.915281e-001 0.000000e+000 0.000000e+000
    outer loop
      vertex   -1.151977e+002 5.611716e+001 6.287538e+001
      vertex   -1.151977e+002 5.607977e+001 6.159325e+001
      vertex   -1.151977e+002 5.611716e+001 6.159325e+001
    endloop
  endfacet
  facet normal 5.309392e-001 0.000000e+000 0.000000e+000
    outer loop
      vertex   -1.151977e+002 5.611716e+001 6.287538e+001
      vertex   -1.151977e+002 4.371682e+001 5.592391e+001
      vertex   -1.151977e+002 4.512863e+001 5.592391e+001
    endloop
  endfacet
  facet normal 0.000000e+000 0.000000e+000 4.165853e+000
    outer loop
      vertex   -1.151977e+002 6.626004e+001 4.615934e+001
      vertex   -1.171977e+002 6.925337e+001 4.615934e+001
      vertex   -1.171977e+002 6.749198e+001 4.615934e+001
    endloop
  endfacet
  facet normal 2.664331e+000 0.000000e+000 0.000000e+000
    outer loop
      vertex   -1.151977e+002 6.933591e+001 5.910781e+001
      vertex   -1.151977e+002 7.323182e+001 5.910781e+001
      vertex   -1.151977e+002 6.757977e+001 5.959325e+001
    endloop
  endfacet
  facet normal 0.000000e+000 0.000000e+000 -9.967556e+000
    outer loop
      vertex   -1.171977e+002 7.193481e+001 5.910781e+001
      vertex   -1.151977e+002 7.323182e+001 5.910781e+001
      vertex   -1.151977e+002 6.933591e+001 5.910781e+001
    endloop
  endfacet
  facet normal 0.000000e+000 0.000000e+000 -9.908378e+000
    outer loop
      vertex   -1.171977e+002 7.350443e+001 5.910781e+001
      vertex   -1.151977e+002 7.323182e+001 5.910781e+001
      vertex   -1.171977e+002 7.193481e+001 5.910781e+001
    endloop
  endfacet
  facet normal 0.000000e+000 0.000000e+000 -9.908378e+000
    outer loop
      vertex   -1.151977e+002 7.323182e+001 5.910781e+001
      vertex   -1.171977e+002 7.350443e+001 5.910781e+001
      vertex   -1.151977e+002 7.563902e+001 5.910781e+001
    endloop
  endfacet
  facet normal 3.876668e+000 0.000000e+000 0.000000e+000
    outer loop
      vertex   -1.151977e+002 6.857419e+001 5.886537e+001
      vertex   -1.151977e+002 6.757977e+001 5.959325e+001
      vertex   -1.151977e+002 6.551735e+001 5.959325e+001
    endloop
  endfacet
  facet normal 0.000000e+000 0.000000e+000 7.178882e+000
    outer loop
      vertex   -1.171977e+002 6.757977e+001 5.959325e+001
      vertex   -1.151977e+002 6.551735e+001 5.959325e+001
      vertex   -1.151977e+002 6.757977e+001 5.959325e+001
    endloop
  endfacet
  facet normal 8.641388e+000 0.000000e+000 0.000000e+000
    outer loop
      vertex   -1.151977e+002 6.857419e+001 5.901413e+001
      vertex   -1.151977e+002 6.757977e+001 5.959325e+001
      vertex   -1.151977e+002 6.857419e+001 5.886537e+001
    endloop
  endfacet
  facet normal 0.000000e+000 -1.000000e+001 0.000000e+000
    outer loop
      vertex   -1.151977e+002 6.757977e+001 5.959325e+001
      vertex   -1.151977e+002 6.757977e+001 6.159325e+001
      vertex   -1.171977e+002 6.757977e+001 5.959325e+001
    endloop
  endfacet
  facet normal 7.315906e-001 0.000000e+000 0.000000e+000
    outer loop
      vertex   -1.151977e+002 6.757977e+001 5.959325e+001
      vertex   -1.151977e+002 6.857419e+001 5.901413e+001
      vertex   -1.151977e+002 6.857419e+001 5.910781e+001
    endloop
  endfacet
  facet normal 2.664331e+000 0.000000e+000 0.000000e+000
    outer loop
      vertex   -1.151977e+002 6.933591e+001 5.910781e+001
      vertex   -1.151977e+002 6.757977e+001 5.959325e+001
      vertex   -1.151977e+002 6.857419e+001 5.910781e+001
    endloop
  endfacet
  facet normal 0.000000e+000 -7.071068e+000 0.000000e+000
    outer loop
      vertex   -1.171977e+002 6.757977e+001 5.959325e+001
      vertex   -1.151977e+002 6.757977e+001 6.159325e+001
      vertex   -1.171977e+002 6.757977e+001 6.159325e+001
    endloop
  endfacet
  facet normal -0.000000e+000 -0.000000e+000 -7.434206e+000
    outer loop
      vertex   -1.151977e+002 7.758358e+001 5.910781e+001
      vertex   -1.151977e+002 7.563902e+001 5.910781e+001
      vertex   -1.165751e+002 7.882277e+001 5.910781e+001
    endloop
  endfacet
  facet normal 0.000000e+000 0.000000e+000 -6.381972e+000
    outer loop
      vertex   -1.165751e+002 7.882277e+001 5.910781e+001
      vertex   -1.151977e+002 7.563902e+001 5.910781e+001
      vertex   -1.171977e+002 7.668847e+001 5.910781e+001
    endloop
  endfacet
  facet normal 0.000000e+000 0.000000e+000 -9.638705e+000
    outer loop
      vertex   -1.151977e+002 7.563902e+001 5.910781e+001
      vertex   -1.171977e+002 7.350443e+001 5.910781e+001
      vertex   -1.171977e+002 7.668847e+001 5.910781e+001
    endloop
  endfacet
  facet normal -6.610825e+000 -0.000000e+000 -0.000000e+000
    outer loop
      vertex   -1.171977e+002 6.757977e+001 5.959325e+001
      vertex   -1.171977e+002 6.857419e+001 5.871710e+001
      vertex   -1.171977e+002 6.551735e+001 5.959325e+001
    endloop
  endfacet
  facet normal 0.000000e+000 0.000000e+000 6.961584e+000
    outer loop
      vertex   -1.171977e+002 6.757977e+001 5.959325e+001
      vertex   -1.171977e+002 6.551735e+001 5.959325e+001
      vertex   -1.151977e+002 6.551735e+001 5.959325e+001
    endloop
  endfacet
  facet normal -8.641388e+000 -0.000000e+000 -0.000000e+000
    outer loop
      vertex   -1.171977e+002 6.857419e+001 5.901413e+001
      vertex   -1.171977e+002 6.857419e+001 5.871710e+001
      vertex   -1.171977e+002 6.757977e+001 5.959325e+001
    endloop
  endfacet
  facet normal -8.986407e+000 -0.000000e+000 -0.000000e+000
    outer loop
      vertex   -1.171977e+002 6.857419e+001 5.910781e+001
      vertex   -1.171977e+002 6.857419e+001 5.901413e+001
      vertex   -1.171977e+002 6.757977e+001 5.959325e+001
    endloop
  endfacet
  facet normal -4.386855e+000 0.000000e+000 0.000000e+000
    outer loop
      vertex   -1.171977e+002 6.857419e+001 5.910781e+001
      vertex   -1.171977e+002 6.757977e+001 5.959325e+001
      vertex   -1.171977e+002 6.910690e+001 5.910781e+001
    endloop
  endfacet
  facet normal -1.007348e+000 0.000000e+000 0.000000e+000
    outer loop
      vertex   -1.171977e+002 6.757977e+001 5.959325e+001
      vertex   -1.171977e+002 6.989279e+001 5.910781e+001
      vertex   -1.171977e+002 6.910690e+001 5.910781e+001
    endloop
  endfacet
  facet normal -1.107801e+000 0.000000e+000 0.000000e+000
    outer loop
      vertex   -1.171977e+002 7.193481e+001 5.910781e+001
      vertex   -1.171977e+002 6.989279e+001 5.910781e+001
      vertex   -1.171977e+002 6.757977e+001 5.959325e+001
    endloop
  endfacet
  facet normal 0.000000e+000 0.000000e+000 -3.907709e+000
    outer loop
      vertex   -1.171977e+002 7.735620e+001 5.910781e+001
      vertex   -1.171977e+002 7.837861e+001 5.910781e+001
      vertex   -1.165751e+002 7.882277e+001 5.910781e+001
    endloop
  endfacet
  facet normal 0.000000e+000 0.000000e+000 -4.670142e+000
    outer loop
      vertex   -1.171977e+002 7.193481e+001 5.910781e+001
      vertex   -1.154228e+002 6.857419e+001 5.910781e+001
      vertex   -1.171977e+002 6.989279e+001 5.910781e+001
    endloop
  endfacet
  facet normal 0.000000e+000 0.000000e+000 -6.984604e+000
    outer loop
      vertex   -1.154228e+002 6.857419e+001 5.910781e+001
      vertex   -1.171977e+002 7.193481e+001 5.910781e+001
      vertex   -1.151977e+002 6.933591e+001 5.910781e+001
    endloop
  endfacet
  facet normal 0.000000e+000 0.000000e+000 -3.268153e+000
    outer loop
      vertex   -1.171977e+002 7.702234e+001 5.910781e+001
      vertex   -1.171977e+002 7.735620e+001 5.910781e+001
      vertex   -1.165751e+002 7.882277e+001 5.910781e+001
    endloop
  endfacet
  facet normal 0.000000e+000 0.000000e+000 -3.225770e+000
    outer loop
      vertex   -1.171977e+002 7.699587e+001 5.910781e+001
      vertex   -1.171977e+002 7.702234e+001 5.910781e+001
      vertex   -1.165751e+002 7.882277e+001 5.910781e+001
    endloop
  endfacet
  facet normal 0.000000e+000 0.000000e+000 -2.800385e+000
    outer loop
      vertex   -1.171977e+002 7.668847e+001 5.910781e+001
      vertex   -1.171977e+002 7.697760e+001 5.910781e+001
      vertex   -1.165751e+002 7.882277e+001 5.910781e+001
    endloop
  endfacet
  facet normal 0.000000e+000 0.000000e+000 -3.197105e+000
    outer loop
      vertex   -1.171977e+002 7.697760e+001 5.910781e+001
      vertex   -1.171977e+002 7.699587e+001 5.910781e+001
      vertex   -1.165751e+002 7.882277e+001 5.910781e+001
    endloop
  endfacet
  facet normal 0.000000e+000 0.000000e+000 -1.869354e-001
    outer loop
      vertex   -1.151977e+002 5.611716e+001 6.159325e+001
      vertex   -1.171977e+002 5.607977e+001 6.159325e+001
      vertex   -1.171977e+002 5.611716e+001 6.159325e+001
    endloop
  endfacet
  facet normal 0.000000e+000 0.000000e+000 -1.000000e+001
    outer loop
      vertex   -1.151977e+002 5.607977e+001 6.159325e+001
      vertex   -1.171977e+002 5.607977e+001 6.159325e+001
      vertex   -1.151977e+002 5.611716e+001 6.159325e+001
    endloop
  endfacet
  facet normal 0.000000e+000 1.000000e+001 0.000000e+000
    outer loop
      vertex   -1.151977e+002 5.607977e+001 6.159325e+001
      vertex   -1.151977e+002 5.607977e+001 5.959325e+001
      vertex   -1.171977e+002 5.607977e+001 6.159325e+001
    endloop
  endfacet
  facet normal 0.000000e+000 7.071068e+000 0.000000e+000
    outer loop
      vertex   -1.171977e+002 5.607977e+001 6.159325e+001
      vertex   -1.151977e+002 5.607977e+001 5.959325e+001
      vertex   -1.171977e+002 5.607977e+001 5.959325e+001
    endloop
  endfacet
  facet normal -1.743602e+000 0.000000e+000 0.000000e+000
    outer loop
      vertex   -1.171977e+002 4.710216e+001 5.592391e+001
      vertex   -1.171977e+002 5.607977e+001 6.159325e+001
      vertex   -1.171977e+002 5.607977e+001 5.959325e+001
    endloop
  endfacet
  facet normal -4.597402e+000 0.000000e+000 0.000000e+000
    outer loop
      vertex   -1.171977e+002 4.512863e+001 5.592391e+001
      vertex   -1.171977e+002 5.607977e+001 6.159325e+001
      vertex   -1.171977e+002 4.710216e+001 5.592391e+001
    endloop
  endfacet
  facet normal -4.597402e+000 0.000000e+000 0.000000e+000
    outer loop
      vertex   -1.171977e+002 4.512863e+001 5.592391e+001
      vertex   -1.171977e+002 4.484983e+001 5.592391e+001
      vertex   -1.171977e+002 5.607977e+001 6.159325e+001
    endloop
  endfacet
  facet normal -4.391059e+000 0.000000e+000 0.000000e+000
    outer loop
      vertex   -1.171977e+002 4.447998e+001 5.592391e+001
      vertex   -1.171977e+002 4.447533e+001 5.592391e+001
      vertex   -1.171977e+002 5.607977e+001 6.159325e+001
    endloop
  endfacet
  facet normal -4.197802e-002 0.000000e+000 0.000000e+000
    outer loop
      vertex   -1.171977e+002 5.607977e+001 6.159325e+001
      vertex   -1.171977e+002 4.484983e+001 5.592391e+001
      vertex   -1.171977e+002 4.473167e+001 5.592391e+001
    endloop
  endfacet
  facet normal -4.391059e+000 0.000000e+000 0.000000e+000
    outer loop
      vertex   -1.171977e+002 4.447998e+001 5.592391e+001
      vertex   -1.171977e+002 5.607977e+001 6.159325e+001
      vertex   -1.171977e+002 4.448121e+001 5.592391e+001
    endloop
  endfacet
  facet normal -4.459437e+000 0.000000e+000 0.000000e+000
    outer loop
      vertex   -1.171977e+002 4.470074e+001 5.592391e+001
      vertex   -1.171977e+002 5.607977e+001 6.159325e+001
      vertex   -1.171977e+002 4.473167e+001 5.592391e+001
    endloop
  endfacet
  facet normal -1.575642e-002 0.000000e+000 0.000000e+000
    outer loop
      vertex   -1.171977e+002 5.607977e+001 6.159325e+001
      vertex   -1.171977e+002 4.452738e+001 5.592391e+001
      vertex   -1.171977e+002 4.448121e+001 5.592391e+001
    endloop
  endfacet
  facet normal -4.459437e+000 0.000000e+000 0.000000e+000
    outer loop
      vertex   -1.171977e+002 4.470074e+001 5.592391e+001
      vertex   -1.171977e+002 4.452738e+001 5.592391e+001
      vertex   -1.171977e+002 5.607977e+001 6.159325e+001
    endloop
  endfacet
  facet normal 0.000000e+000 0.000000e+000 -9.309636e+000
    outer loop
      vertex   -1.171977e+002 4.447998e+001 5.592391e+001
      vertex   -1.151977e+002 4.526435e+001 5.592391e+001
      vertex   -1.171977e+002 4.447533e+001 5.592391e+001
    endloop
  endfacet
  facet normal 0.000000e+000 0.000000e+000 -9.302267e+000
    outer loop
      vertex   -1.151977e+002 4.526435e+001 5.592391e+001
      vertex   -1.151977e+002 4.512863e+001 5.592391e+001
      vertex   -1.171977e+002 4.447533e+001 5.592391e+001
    endloop
  endfacet
  facet normal 0.000000e+000 0.000000e+000 -6.274079e+000
    outer loop
      vertex   -1.171977e+002 4.447533e+001 5.592391e+001
      vertex   -1.151977e+002 4.512863e+001 5.592391e+001
      vertex   -1.151977e+002 4.371682e+001 5.592391e+001
    endloop
  endfacet
  facet normal 6.970971e+000 0.000000e+000 0.000000e+000
    outer loop
      vertex   -1.151977e+002 6.557834e+001 4.545820e+001
      vertex   -1.151977e+002 6.626004e+001 4.615934e+001
      vertex   -1.151977e+002 6.557834e+001 4.608450e+001
    endloop
  endfacet
  facet normal 0.000000e+000 -9.891030e+000 0.000000e+000
    outer loop
      vertex   -1.151977e+002 6.557834e+001 4.545820e+001
      vertex   -1.151977e+002 6.557834e+001 4.608450e+001
      vertex   -1.171977e+002 6.557834e+001 4.575589e+001
    endloop
  endfacet
  facet normal -9.828507e-001 0.000000e+000 0.000000e+000
    outer loop
      vertex   -1.171977e+002 6.749198e+001 4.615934e+001
      vertex   -1.171977e+002 6.557834e+001 4.575589e+001
      vertex   -1.171977e+002 6.557834e+001 4.594926e+001
    endloop
  endfacet
  facet normal 0.000000e+000 -9.867694e+000 0.000000e+000
    outer loop
      vertex   -1.171977e+002 6.557834e+001 4.575589e+001
      vertex   -1.151977e+002 6.557834e+001 4.608450e+001
      vertex   -1.171977e+002 6.557834e+001 4.594926e+001
    endloop
  endfacet
  facet normal 0.000000e+000 0.000000e+000 9.465271e+000
    outer loop
      vertex   -1.171977e+002 6.557834e+001 4.615934e+001
      vertex   -1.151977e+002 6.626004e+001 4.615934e+001
      vertex   -1.171977e+002 6.749198e+001 4.615934e+001
    endloop
  endfacet
  facet normal -1.000000e+001 0.000000e+000 0.000000e+000
    outer loop
      vertex   -1.171977e+002 6.557834e+001 4.615934e+001
      vertex   -1.171977e+002 6.749198e+001 4.615934e+001
      vertex   -1.171977e+002 6.557834e+001 4.594926e+001
    endloop
  endfacet
  facet normal 9.940277e+000 0.000000e+000 0.000000e+000
    outer loop
      vertex   -1.151977e+002 6.557834e+001 4.608450e+001
      vertex   -1.151977e+002 6.626004e+001 4.615934e+001
      vertex   -1.151977e+002 6.557834e+001 4.615934e+001
    endloop
  endfacet
  facet normal 0.000000e+000 0.000000e+000 1.000000e+001
    outer loop
      vertex   -1.151977e+002 6.557834e+001 4.615934e+001
      vertex   -1.151977e+002 6.626004e+001 4.615934e+001
      vertex   -1.171977e+002 6.557834e+001 4.615934e+001
    endloop
  endfacet
  facet normal 4.597402e+000 0.000000e+000 0.000000e+000
    outer loop
      vertex   -1.151977e+002 4.512863e+001 5.592391e+001
      vertex   -1.151977e+002 4.526435e+001 5.592391e+001
      vertex   -1.151977e+002 5.607977e+001 6.159325e+001
    endloop
  endfacet
  facet normal 6.255374e-004 0.000000e+000 0.000000e+000
    outer loop
      vertex   -1.151977e+002 5.607977e+001 6.159325e+001
      vertex   -1.151977e+002 4.526435e+001 5.592391e+001
      vertex   -1.151977e+002 4.526600e+001 5.592391e+001
    endloop
  endfacet
  facet normal 4.643423e+000 0.000000e+000 0.000000e+000
    outer loop
      vertex   -1.151977e+002 4.526644e+001 5.592391e+001
      vertex   -1.151977e+002 5.607977e+001 6.159325e+001
      vertex   -1.151977e+002 4.526600e+001 5.592391e+001
    endloop
  endfacet
  facet normal 9.053172e+000 0.000000e+000 0.000000e+000
    outer loop
      vertex   -1.151977e+002 5.607977e+001 5.959325e+001
      vertex   -1.151977e+002 5.607977e+001 6.159325e+001
      vertex   -1.151977e+002 4.825863e+001 5.592391e+001
    endloop
  endfacet
  facet normal 4.643423e+000 0.000000e+000 0.000000e+000
    outer loop
      vertex   -1.151977e+002 4.526644e+001 5.592391e+001
      vertex   -1.151977e+002 4.528289e+001 5.592391e+001
      vertex   -1.151977e+002 5.607977e+001 6.159325e+001
    endloop
  endfacet
  facet normal 1.217906e+000 0.000000e+000 0.000000e+000
    outer loop
      vertex   -1.151977e+002 5.607977e+001 6.159325e+001
      vertex   -1.151977e+002 4.582751e+001 5.592391e+001
      vertex   -1.151977e+002 4.825863e+001 5.592391e+001
    endloop
  endfacet
  facet normal 2.365039e-002 0.000000e+000 0.000000e+000
    outer loop
      vertex   -1.151977e+002 5.607977e+001 6.159325e+001
      vertex   -1.151977e+002 4.528289e+001 5.592391e+001
      vertex   -1.151977e+002 4.534465e+001 5.592391e+001
    endloop
  endfacet
  facet normal 4.704186e+000 0.000000e+000 0.000000e+000
    outer loop
      vertex   -1.151977e+002 4.544483e+001 5.592391e+001
      vertex   -1.151977e+002 4.582751e+001 5.592391e+001
      vertex   -1.151977e+002 5.607977e+001 6.159325e+001
    endloop
  endfacet
  facet normal 4.704186e+000 0.000000e+000 0.000000e+000
    outer loop
      vertex   -1.151977e+002 4.544483e+001 5.592391e+001
      vertex   -1.151977e+002 5.607977e+001 6.159325e+001
      vertex   -1.151977e+002 4.534465e+001 5.592391e+001
    endloop
  endfacet
  facet normal 0.000000e+000 0.000000e+000 -2.833953e+000
    outer loop
      vertex   -1.151977e+002 6.933591e+001 5.910781e+001
      vertex   -1.151977e+002 6.857419e+001 5.910781e+001
      vertex   -1.154228e+002 6.857419e+001 5.910781e+001
    endloop
  endfacet
  facet normal 8.830612e+000 0.000000e+000 0.000000e+000
    outer loop
      vertex   -1.151977e+002 6.856186e+001 5.792391e+001
      vertex   -1.151977e+002 6.857419e+001 5.886537e+001
      vertex   -1.151977e+002 6.551735e+001 5.959325e+001
    endloop
  endfacet
  facet normal 0.000000e+000 4.385810e+000 0.000000e+000
    outer loop
      vertex   -1.171977e+002 6.857419e+001 5.811202e+001
      vertex   -1.151977e+002 6.857419e+001 5.886537e+001
      vertex   -1.151977e+002 6.857419e+001 5.792391e+001
    endloop
  endfacet
  facet normal 9.999143e+000 0.000000e+000 0.000000e+000
    outer loop
      vertex   -1.151977e+002 6.856186e+001 5.792391e+001
      vertex   -1.151977e+002 6.857419e+001 5.792391e+001
      vertex   -1.151977e+002 6.857419e+001 5.886537e+001
    endloop
  endfacet
  facet normal 0.000000e+000 9.720394e+000 0.000000e+000
    outer loop
      vertex   -1.154228e+002 6.857419e+001 5.910781e+001
      vertex   -1.151977e+002 6.857419e+001 5.886537e+001
      vertex   -1.171977e+002 6.857419e+001 5.811202e+001
    endloop
  endfacet
  facet normal 0.000000e+000 4.151373e+000 0.000000e+000
    outer loop
      vertex   -1.154228e+002 6.857419e+001 5.910781e+001
      vertex   -1.151977e+002 6.857419e+001 5.901413e+001
      vertex   -1.151977e+002 6.857419e+001 5.886537e+001
    endloop
  endfacet
  facet normal 5.814121e+000 0.000000e+000 0.000000e+000
    outer loop
      vertex   -1.151977e+002 5.782432e+001 5.959325e+001
      vertex   -1.151977e+002 6.295908e+001 5.592391e+001
      vertex   -1.151977e+002 6.551735e+001 5.959325e+001
    endloop
  endfacet
  facet normal 0.000000e+000 0.000000e+000 9.678284e+000
    outer loop
      vertex   -1.171977e+002 6.551735e+001 5.959325e+001
      vertex   -1.151977e+002 5.782432e+001 5.959325e+001
      vertex   -1.151977e+002 6.551735e+001 5.959325e+001
    endloop
  endfacet
  facet normal 2.280864e+000 0.000000e+000 0.000000e+000
    outer loop
      vertex   -1.151977e+002 6.551735e+001 5.959325e+001
      vertex   -1.151977e+002 6.295908e+001 5.592391e+001
      vertex   -1.151977e+002 6.405715e+001 5.592391e+001
    endloop
  endfacet
  facet normal 4.000097e+000 0.000000e+000 0.000000e+000
    outer loop
      vertex   -1.151977e+002 6.551735e+001 5.959325e+001
      vertex   -1.151977e+002 6.405715e+001 5.592391e+001
      vertex   -1.151977e+002 6.557211e+001 5.792391e+001
    endloop
  endfacet
  facet normal 5.799085e+000 0.000000e+000 0.000000e+000
    outer loop
      vertex   -1.151977e+002 6.786252e+001 5.792391e+001
      vertex   -1.151977e+002 6.551735e+001 5.959325e+001
      vertex   -1.151977e+002 6.557211e+001 5.792391e+001
    endloop
  endfacet
  facet normal 5.799085e+000 0.000000e+000 0.000000e+000
    outer loop
      vertex   -1.151977e+002 6.786252e+001 5.792391e+001
      vertex   -1.151977e+002 6.856186e+001 5.792391e+001
      vertex   -1.151977e+002 6.551735e+001 5.959325e+001
    endloop
  endfacet
  facet normal 0.000000e+000 1.000000e+001 0.000000e+000
    outer loop
      vertex   -1.151977e+002 6.857419e+001 5.910781e+001
      vertex   -1.151977e+002 6.857419e+001 5.901413e+001
      vertex   -1.154228e+002 6.857419e+001 5.910781e+001
    endloop
  endfacet
  facet normal -5.444665e-001 0.000000e+000 0.000000e+000
    outer loop
      vertex   -1.171977e+002 6.551735e+001 5.959325e+001
      vertex   -1.171977e+002 6.857419e+001 5.871710e+001
      vertex   -1.171977e+002 6.857419e+001 5.853386e+001
    endloop
  endfacet
  facet normal 0.000000e+000 4.817183e+000 0.000000e+000
    outer loop
      vertex   -1.171977e+002 6.857419e+001 5.853386e+001
      vertex   -1.171977e+002 6.857419e+001 5.871710e+001
      vertex   -1.168822e+002 6.857419e+001 5.910781e+001
    endloop
  endfacet
  facet normal 0.000000e+000 9.586311e+000 0.000000e+000
    outer loop
      vertex   -1.171977e+002 6.857419e+001 5.901413e+001
      vertex   -1.168822e+002 6.857419e+001 5.910781e+001
      vertex   -1.171977e+002 6.857419e+001 5.871710e+001
    endloop
  endfacet
  facet normal 0.000000e+000 0.000000e+000 1.000000e+001
    outer loop
      vertex   -1.171977e+002 5.782432e+001 5.959325e+001
      vertex   -1.151977e+002 5.782432e+001 5.959325e+001
      vertex   -1.171977e+002 6.551735e+001 5.959325e+001
    endloop
  endfacet
  facet normal -9.999100e+000 0.000000e+000 0.000000e+000
    outer loop
      vertex   -1.171977e+002 6.036303e+001 5.592391e+001
      vertex   -1.171977e+002 5.782432e+001 5.959325e+001
      vertex   -1.171977e+002 6.551735e+001 5.959325e+001
    endloop
  endfacet
  facet normal -8.728286e+000 0.000000e+000 0.000000e+000
    outer loop
      vertex   -1.171977e+002 6.346570e+001 5.592391e+001
      vertex   -1.171977e+002 6.036303e+001 5.592391e+001
      vertex   -1.171977e+002 6.551735e+001 5.959325e+001
    endloop
  endfacet
  facet normal -8.728286e+000 0.000000e+000 0.000000e+000
    outer loop
      vertex   -1.171977e+002 6.346570e+001 5.592391e+001
      vertex   -1.171977e+002 6.551735e+001 5.959325e+001
      vertex   -1.171977e+002 6.405715e+001 5.592391e+001
    endloop
  endfacet
  facet normal -8.999148e+000 0.000000e+000 0.000000e+000
    outer loop
      vertex   -1.171977e+002 6.857419e+001 5.811202e+001
      vertex   -1.171977e+002 6.551735e+001 5.959325e+001
      vertex   -1.171977e+002 6.857419e+001 5.853386e+001
    endloop
  endfacet
  facet normal -4.000097e+000 0.000000e+000 0.000000e+000
    outer loop
      vertex   -1.171977e+002 6.551735e+001 5.959325e+001
      vertex   -1.171977e+002 6.557211e+001 5.792391e+001
      vertex   -1.171977e+002 6.405715e+001 5.592391e+001
    endloop
  endfacet
  facet normal -9.265111e+000 0.000000e+000 0.000000e+000
    outer loop
      vertex   -1.171977e+002 6.857419e+001 5.811202e+001
      vertex   -1.171977e+002 6.856186e+001 5.792391e+001
      vertex   -1.171977e+002 6.551735e+001 5.959325e+001
    endloop
  endfacet
  facet normal -8.540517e+000 0.000000e+000 0.000000e+000
    outer loop
      vertex   -1.171977e+002 6.551735e+001 5.959325e+001
      vertex   -1.171977e+002 6.847201e+001 5.792391e+001
      vertex   -1.171977e+002 6.557211e+001 5.792391e+001
    endloop
  endfacet
  facet normal -4.807828e+000 0.000000e+000 0.000000e+000
    outer loop
      vertex   -1.171977e+002 6.856186e+001 5.792391e+001
      vertex   -1.171977e+002 6.847201e+001 5.792391e+001
      vertex   -1.171977e+002 6.551735e+001 5.959325e+001
    endloop
  endfacet
  facet normal 0.000000e+000 1.000000e+001 0.000000e+000
    outer loop
      vertex   -1.171977e+002 6.857419e+001 5.910781e+001
      vertex   -1.168822e+002 6.857419e+001 5.910781e+001
      vertex   -1.171977e+002 6.857419e+001 5.901413e+001
    endloop
  endfacet
  facet normal 0.000000e+000 0.000000e+000 -1.000000e+001
    outer loop
      vertex   -1.171977e+002 6.857419e+001 5.910781e+001
      vertex   -1.171977e+002 6.910690e+001 5.910781e+001
      vertex   -1.168822e+002 6.857419e+001 5.910781e+001
    endloop
  endfacet
  facet normal 0.000000e+000 0.000000e+000 -5.095900e+000
    outer loop
      vertex   -1.171977e+002 6.910690e+001 5.910781e+001
      vertex   -1.171977e+002 6.989279e+001 5.910781e+001
      vertex   -1.168822e+002 6.857419e+001 5.910781e+001
    endloop
  endfacet
  facet normal 0.000000e+000 0.000000e+000 -6.419115e+000
    outer loop
      vertex   -1.171977e+002 6.989279e+001 5.910781e+001
      vertex   -1.154228e+002 6.857419e+001 5.910781e+001
      vertex   -1.168822e+002 6.857419e+001 5.910781e+001
    endloop
  endfacet
  facet normal 0.000000e+000 8.721187e+000 0.000000e+000
    outer loop
      vertex   -1.171977e+002 6.857419e+001 5.811202e+001
      vertex   -1.171977e+002 6.857419e+001 5.853386e+001
      vertex   -1.154228e+002 6.857419e+001 5.910781e+001
    endloop
  endfacet
  facet normal 0.000000e+000 3.076851e+000 0.000000e+000
    outer loop
      vertex   -1.154228e+002 6.857419e+001 5.910781e+001
      vertex   -1.171977e+002 6.857419e+001 5.853386e+001
      vertex   -1.168822e+002 6.857419e+001 5.910781e+001
    endloop
  endfacet
  facet normal 4.247360e+000 0.000000e+000 0.000000e+000
    outer loop
      vertex   -1.151977e+002 4.825863e+001 5.592391e+001
      vertex   -1.151977e+002 5.312259e+001 5.592391e+001
      vertex   -1.151977e+002 5.607977e+001 5.959325e+001
    endloop
  endfacet
  facet normal 6.949394e+000 0.000000e+000 0.000000e+000
    outer loop
      vertex   -1.151977e+002 5.607977e+001 5.959325e+001
      vertex   -1.151977e+002 5.312259e+001 5.592391e+001
      vertex   -1.151977e+002 5.641090e+001 5.592391e+001
    endloop
  endfacet
  facet normal 0.000000e+000 0.000000e+000 1.000000e+001
    outer loop
      vertex   -1.171977e+002 5.607977e+001 5.959325e+001
      vertex   -1.151977e+002 5.607977e+001 5.959325e+001
      vertex   -1.171977e+002 5.782432e+001 5.959325e+001
    endloop
  endfacet
  facet normal 9.959528e+000 0.000000e+000 0.000000e+000
    outer loop
      vertex   -1.151977e+002 5.641090e+001 5.592391e+001
      vertex   -1.151977e+002 5.718557e+001 5.592391e+001
      vertex   -1.151977e+002 5.607977e+001 5.959325e+001
    endloop
  endfacet
  facet normal 0.000000e+000 0.000000e+000 6.573415e+000
    outer loop
      vertex   -1.171977e+002 5.782432e+001 5.959325e+001
      vertex   -1.151977e+002 5.607977e+001 5.959325e+001
      vertex   -1.151977e+002 5.782432e+001 5.959325e+001
    endloop
  endfacet
  facet normal 9.574667e+000 0.000000e+000 0.000000e+000
    outer loop
      vertex   -1.151977e+002 5.607977e+001 5.959325e+001
      vertex   -1.151977e+002 5.718557e+001 5.592391e+001
      vertex   -1.151977e+002 5.782432e+001 5.959325e+001
    endloop
  endfacet
  facet normal -9.331635e+000 0.000000e+000 0.000000e+000
    outer loop
      vertex   -1.171977e+002 5.782432e+001 5.959325e+001
      vertex   -1.171977e+002 5.641090e+001 5.592391e+001
      vertex   -1.171977e+002 5.607977e+001 5.959325e+001
    endloop
  endfacet
  facet normal -9.959528e+000 0.000000e+000 0.000000e+000
    outer loop
      vertex   -1.171977e+002 5.641090e+001 5.592391e+001
      vertex   -1.171977e+002 4.825863e+001 5.592391e+001
      vertex   -1.171977e+002 5.607977e+001 5.959325e+001
    endloop
  endfacet
  facet normal -4.247360e+000 0.000000e+000 0.000000e+000
    outer loop
      vertex   -1.171977e+002 4.825863e+001 5.592391e+001
      vertex   -1.171977e+002 4.710216e+001 5.592391e+001
      vertex   -1.171977e+002 5.607977e+001 5.959325e+001
    endloop
  endfacet
  facet normal 0.000000e+000 0.000000e+000 -3.152611e+000
    outer loop
      vertex   -1.171977e+002 4.710216e+001 5.592391e+001
      vertex   -1.171977e+002 4.825863e+001 5.592391e+001
      vertex   -1.151977e+002 5.312259e+001 5.592391e+001
    endloop
  endfacet
  facet normal 0.000000e+000 0.000000e+000 -3.152611e+000
    outer loop
      vertex   -1.151977e+002 5.312259e+001 5.592391e+001
      vertex   -1.151977e+002 4.825863e+001 5.592391e+001
      vertex   -1.171977e+002 4.710216e+001 5.592391e+001
    endloop
  endfacet
  facet normal 0.000000e+000 0.000000e+000 -8.874002e+000
    outer loop
      vertex   -1.171977e+002 4.710216e+001 5.592391e+001
      vertex   -1.151977e+002 4.825863e+001 5.592391e+001
      vertex   -1.151977e+002 4.582751e+001 5.592391e+001
    endloop
  endfacet
  facet normal 0.000000e+000 0.000000e+000 -9.440228e+000
    outer loop
      vertex   -1.171977e+002 4.512863e+001 5.592391e+001
      vertex   -1.171977e+002 4.710216e+001 5.592391e+001
      vertex   -1.151977e+002 4.582751e+001 5.592391e+001
    endloop
  endfacet
  facet normal 0.000000e+000 0.000000e+000 -9.440228e+000
    outer loop
      vertex   -1.171977e+002 4.512863e+001 5.592391e+001
      vertex   -1.151977e+002 4.582751e+001 5.592391e+001
      vertex   -1.171977e+002 4.484983e+001 5.592391e+001
    endloop
  endfacet
  facet normal 0.000000e+000 0.000000e+000 -9.584829e+000
    outer loop
      vertex   -1.171977e+002 4.484983e+001 5.592391e+001
      vertex   -1.151977e+002 4.544483e+001 5.592391e+001
      vertex   -1.171977e+002 4.473167e+001 5.592391e+001
    endloop
  endfacet
  facet normal 0.000000e+000 0.000000e+000 -8.984010e+000
    outer loop
      vertex   -1.151977e+002 4.582751e+001 5.592391e+001
      vertex   -1.151977e+002 4.544483e+001 5.592391e+001
      vertex   -1.171977e+002 4.484983e+001 5.592391e+001
    endloop
  endfacet
  facet normal 0.000000e+000 0.000000e+000 -9.307033e+000
    outer loop
      vertex   -1.151977e+002 4.526600e+001 5.592391e+001
      vertex   -1.151977e+002 4.526435e+001 5.592391e+001
      vertex   -1.171977e+002 4.447998e+001 5.592391e+001
    endloop
  endfacet
  facet normal 0.000000e+000 0.000000e+000 -9.308980e+000
    outer loop
      vertex   -1.171977e+002 4.448121e+001 5.592391e+001
      vertex   -1.151977e+002 4.526600e+001 5.592391e+001
      vertex   -1.171977e+002 4.447998e+001 5.592391e+001
    endloop
  endfacet
  facet normal 0.000000e+000 0.000000e+000 -9.561009e+000
    outer loop
      vertex   -1.171977e+002 4.473167e+001 5.592391e+001
      vertex   -1.151977e+002 4.534465e+001 5.592391e+001
      vertex   -1.171977e+002 4.470074e+001 5.592391e+001
    endloop
  endfacet
  facet normal 0.000000e+000 0.000000e+000 -9.419092e+000
    outer loop
      vertex   -1.151977e+002 4.544483e+001 5.592391e+001
      vertex   -1.151977e+002 4.534465e+001 5.592391e+001
      vertex   -1.171977e+002 4.473167e+001 5.592391e+001
    endloop
  endfacet
  facet normal 0.000000e+000 0.000000e+000 -9.380053e+000
    outer loop
      vertex   -1.171977e+002 4.452738e+001 5.592391e+001
      vertex   -1.151977e+002 4.526644e+001 5.592391e+001
      vertex   -1.171977e+002 4.448121e+001 5.592391e+001
    endloop
  endfacet
  facet normal 0.000000e+000 0.000000e+000 -9.308278e+000
    outer loop
      vertex   -1.151977e+002 4.526644e+001 5.592391e+001
      vertex   -1.151977e+002 4.526600e+001 5.592391e+001
      vertex   -1.171977e+002 4.448121e+001 5.592391e+001
    endloop
  endfacet
  facet normal 0.000000e+000 0.000000e+000 -9.601523e+000
    outer loop
      vertex   -1.171977e+002 4.470074e+001 5.592391e+001
      vertex   -1.151977e+002 4.528289e+001 5.592391e+001
      vertex   -1.171977e+002 4.452738e+001 5.592391e+001
    endloop
  endfacet
  facet normal 0.000000e+000 0.000000e+000 -9.518822e+000
    outer loop
      vertex   -1.151977e+002 4.534465e+001 5.592391e+001
      vertex   -1.151977e+002 4.528289e+001 5.592391e+001
      vertex   -1.171977e+002 4.470074e+001 5.592391e+001
    endloop
  endfacet
  facet normal 0.000000e+000 0.000000e+000 -9.354790e+000
    outer loop
      vertex   -1.151977e+002 4.528289e+001 5.592391e+001
      vertex   -1.151977e+002 4.526644e+001 5.592391e+001
      vertex   -1.171977e+002 4.452738e+001 5.592391e+001
    endloop
  endfacet
  facet normal -0.000000e+000 -1.000000e+001 -0.000000e+000
    outer loop
      vertex   -1.151977e+002 6.557834e+001 4.615934e+001
      vertex   -1.171977e+002 6.557834e+001 4.615934e+001
      vertex   -1.151977e+002 6.557834e+001 4.608450e+001
    endloop
  endfacet
  facet normal 0.000000e+000 -1.047252e+000 0.000000e+000
    outer loop
      vertex   -1.151977e+002 6.557834e+001 4.608450e+001
      vertex   -1.171977e+002 6.557834e+001 4.615934e+001
      vertex   -1.171977e+002 6.557834e+001 4.594926e+001
    endloop
  endfacet
  facet normal 0.000000e+000 0.000000e+000 -6.165393e-002
    outer loop
      vertex   -1.171977e+002 6.856186e+001 5.792391e+001
      vertex   -1.151977e+002 6.857419e+001 5.792391e+001
      vertex   -1.151977e+002 6.856186e+001 5.792391e+001
    endloop
  endfacet
  facet normal 0.000000e+000 0.000000e+000 -9.989923e+000
    outer loop
      vertex   -1.171977e+002 6.847201e+001 5.792391e+001
      vertex   -1.171977e+002 6.856186e+001 5.792391e+001
      vertex   -1.151977e+002 6.856186e+001 5.792391e+001
    endloop
  endfacet
  facet normal 0.000000e+000 0.000000e+000 -3.341459e+000
    outer loop
      vertex   -1.171977e+002 6.847201e+001 5.792391e+001
      vertex   -1.151977e+002 6.856186e+001 5.792391e+001
      vertex   -1.151977e+002 6.786252e+001 5.792391e+001
    endloop
  endfacet
  facet normal 0.000000e+000 1.000000e+001 0.000000e+000
    outer loop
      vertex   -1.171977e+002 6.857419e+001 5.792391e+001
      vertex   -1.171977e+002 6.857419e+001 5.811202e+001
      vertex   -1.151977e+002 6.857419e+001 5.792391e+001
    endloop
  endfacet
  facet normal -6.541095e-001 0.000000e+000 0.000000e+000
    outer loop
      vertex   -1.171977e+002 6.857419e+001 5.811202e+001
      vertex   -1.171977e+002 6.857419e+001 5.792391e+001
      vertex   -1.171977e+002 6.856186e+001 5.792391e+001
    endloop
  endfacet
  facet normal 0.000000e+000 0.000000e+000 -1.000000e+001
    outer loop
      vertex   -1.171977e+002 6.857419e+001 5.792391e+001
      vertex   -1.151977e+002 6.857419e+001 5.792391e+001
      vertex   -1.171977e+002 6.856186e+001 5.792391e+001
    endloop
  endfacet
  facet normal 1.000000e+001 0.000000e+000 0.000000e+000
    outer loop
      vertex   -1.151977e+002 5.782432e+001 5.592391e+001
      vertex   -1.151977e+002 6.295908e+001 5.592391e+001
      vertex   -1.151977e+002 5.782432e+001 5.959325e+001
    endloop
  endfacet
  facet normal 1.630054e-002 0.000000e+000 0.000000e+000
    outer loop
      vertex   -1.151977e+002 5.782432e+001 5.959325e+001
      vertex   -1.151977e+002 5.718557e+001 5.592391e+001
      vertex   -1.151977e+002 5.719173e+001 5.592391e+001
    endloop
  endfacet
  facet normal 9.864792e+000 0.000000e+000 0.000000e+000
    outer loop
      vertex   -1.151977e+002 5.721472e+001 5.592391e+001
      vertex   -1.151977e+002 5.782432e+001 5.959325e+001
      vertex   -1.151977e+002 5.719173e+001 5.592391e+001
    endloop
  endfacet
  facet normal 9.864792e+000 0.000000e+000 0.000000e+000
    outer loop
      vertex   -1.151977e+002 5.721472e+001 5.592391e+001
      vertex   -1.151977e+002 5.782432e+001 5.592391e+001
      vertex   -1.151977e+002 5.782432e+001 5.959325e+001
    endloop
  endfacet
  facet normal 0.000000e+000 0.000000e+000 -5.103781e+000
    outer loop
      vertex   -1.171977e+002 6.346570e+001 5.592391e+001
      vertex   -1.151977e+002 6.405715e+001 5.592391e+001
      vertex   -1.151977e+002 6.295908e+001 5.592391e+001
    endloop
  endfacet
  facet normal 0.000000e+000 0.000000e+000 -6.102929e+000
    outer loop
      vertex   -1.151977e+002 6.295908e+001 5.592391e+001
      vertex   -1.151977e+002 5.782432e+001 5.592391e+001
      vertex   -1.171977e+002 6.036303e+001 5.592391e+001
    endloop
  endfacet
  facet normal 0.000000e+000 0.000000e+000 -6.102929e+000
    outer loop
      vertex   -1.171977e+002 6.036303e+001 5.592391e+001
      vertex   -1.171977e+002 6.346570e+001 5.592391e+001
      vertex   -1.151977e+002 6.295908e+001 5.592391e+001
    endloop
  endfacet
  facet normal 0.000000e+000 0.000000e+000 -9.580047e+000
    outer loop
      vertex   -1.151977e+002 6.406435e+001 5.592391e+001
      vertex   -1.151977e+002 6.405715e+001 5.592391e+001
      vertex   -1.171977e+002 6.346570e+001 5.592391e+001
    endloop
  endfacet
  facet normal 7.971287e+000 0.000000e+000 0.000000e+000
    outer loop
      vertex   -1.151977e+002 6.405715e+001 5.592391e+001
      vertex   -1.151977e+002 6.406435e+001 5.592391e+001
      vertex   -1.151977e+002 6.557211e+001 5.792391e+001
    endloop
  endfacet
  facet normal 2.415299e+000 0.000000e+000 0.000000e+000
    outer loop
      vertex   -1.151977e+002 6.557211e+001 5.792391e+001
      vertex   -1.151977e+002 6.406435e+001 5.592391e+001
      vertex   -1.151977e+002 6.472171e+001 5.592391e+001
    endloop
  endfacet
  facet normal 3.912972e+000 0.000000e+000 0.000000e+000
    outer loop
      vertex   -1.151977e+002 6.557211e+001 5.792391e+001
      vertex   -1.151977e+002 6.472171e+001 5.592391e+001
      vertex   -1.151977e+002 6.557211e+001 5.647837e+001
    endloop
  endfacet
  facet normal 0.000000e+000 1.000000e+001 0.000000e+000
    outer loop
      vertex   -1.151977e+002 6.557211e+001 5.792391e+001
      vertex   -1.151977e+002 6.557211e+001 5.647837e+001
      vertex   -1.171977e+002 6.557211e+001 5.792391e+001
    endloop
  endfacet
  facet normal 0.000000e+000 0.000000e+000 -1.000000e+001
    outer loop
      vertex   -1.151977e+002 6.557211e+001 5.792391e+001
      vertex   -1.171977e+002 6.557211e+001 5.792391e+001
      vertex   -1.151977e+002 6.786252e+001 5.792391e+001
    endloop
  endfacet
  facet normal 0.000000e+000 0.000000e+000 -9.122677e+000
    outer loop
      vertex   -1.151977e+002 6.786252e+001 5.792391e+001
      vertex   -1.171977e+002 6.557211e+001 5.792391e+001
      vertex   -1.171977e+002 6.847201e+001 5.792391e+001
    endloop
  endfacet
  facet normal -1.000000e+001 0.000000e+000 0.000000e+000
    outer loop
      vertex   -1.171977e+002 5.782432e+001 5.592391e+001
      vertex   -1.171977e+002 5.641090e+001 5.592391e+001
      vertex   -1.171977e+002 5.782432e+001 5.959325e+001
    endloop
  endfacet
  facet normal -9.789428e+000 0.000000e+000 0.000000e+000
    outer loop
      vertex   -1.171977e+002 5.858947e+001 5.592391e+001
      vertex   -1.171977e+002 5.782432e+001 5.959325e+001
      vertex   -1.171977e+002 6.036303e+001 5.592391e+001
    endloop
  endfacet
  facet normal -1.000000e+001 0.000000e+000 0.000000e+000
    outer loop
      vertex   -1.171977e+002 5.782432e+001 5.592391e+001
      vertex   -1.171977e+002 5.782432e+001 5.959325e+001
      vertex   -1.171977e+002 5.850763e+001 5.592391e+001
    endloop
  endfacet
  facet normal -9.822549e+000 0.000000e+000 0.000000e+000
    outer loop
      vertex   -1.171977e+002 5.852494e+001 5.592391e+001
      vertex   -1.171977e+002 5.782432e+001 5.959325e+001
      vertex   -1.171977e+002 5.858947e+001 5.592391e+001
    endloop
  endfacet
  facet normal -9.830992e+000 0.000000e+000 0.000000e+000
    outer loop
      vertex   -1.171977e+002 5.850763e+001 5.592391e+001
      vertex   -1.171977e+002 5.782432e+001 5.959325e+001
      vertex   -1.171977e+002 5.852494e+001 5.592391e+001
    endloop
  endfacet
  facet normal 0.000000e+000 0.000000e+000 -5.125413e+000
    outer loop
      vertex   -1.151977e+002 5.782432e+001 5.592391e+001
      vertex   -1.171977e+002 5.858947e+001 5.592391e+001
      vertex   -1.171977e+002 6.036303e+001 5.592391e+001
    endloop
  endfacet
  facet normal 0.000000e+000 0.000000e+000 -9.580047e+000
    outer loop
      vertex   -1.171977e+002 6.346570e+001 5.592391e+001
      vertex   -1.171977e+002 6.405715e+001 5.592391e+001
      vertex   -1.151977e+002 6.406435e+001 5.592391e+001
    endloop
  endfacet
  facet normal -7.249168e+000 0.000000e+000 0.000000e+000
    outer loop
      vertex   -1.171977e+002 6.405715e+001 5.592391e+001
      vertex   -1.171977e+002 6.557211e+001 5.792391e+001
      vertex   -1.171977e+002 6.557211e+001 5.609370e+001
    endloop
  endfacet
  facet normal -5.451740e+000 0.000000e+000 0.000000e+000
    outer loop
      vertex   -1.171977e+002 6.531102e+001 5.592391e+001
      vertex   -1.171977e+002 6.405715e+001 5.592391e+001
      vertex   -1.171977e+002 6.557211e+001 5.609370e+001
    endloop
  endfacet
  facet normal 0.000000e+000 0.000000e+000 -3.119136e+000
    outer loop
      vertex   -1.171977e+002 6.405715e+001 5.592391e+001
      vertex   -1.151977e+002 6.472171e+001 5.592391e+001
      vertex   -1.151977e+002 6.406435e+001 5.592391e+001
    endloop
  endfacet
  facet normal 0.000000e+000 0.000000e+000 -9.592259e+000
    outer loop
      vertex   -1.171977e+002 6.531102e+001 5.592391e+001
      vertex   -1.151977e+002 6.472171e+001 5.592391e+001
      vertex   -1.171977e+002 6.405715e+001 5.592391e+001
    endloop
  endfacet
  facet normal 0.000000e+000 8.104689e+000 0.000000e+000
    outer loop
      vertex   -1.171977e+002 6.557211e+001 5.792391e+001
      vertex   -1.151977e+002 6.557211e+001 5.647837e+001
      vertex   -1.171977e+002 6.557211e+001 5.609370e+001
    endloop
  endfacet
  facet normal -0.000000e+000 -0.000000e+000 -1.000000e+001
    outer loop
      vertex   -1.151977e+002 5.641090e+001 5.592391e+001
      vertex   -1.151977e+002 5.312259e+001 5.592391e+001
      vertex   -1.171977e+002 5.641090e+001 5.592391e+001
    endloop
  endfacet
  facet normal 0.000000e+000 0.000000e+000 -8.055192e+000
    outer loop
      vertex   -1.151977e+002 5.312259e+001 5.592391e+001
      vertex   -1.171977e+002 4.825863e+001 5.592391e+001
      vertex   -1.171977e+002 5.641090e+001 5.592391e+001
    endloop
  endfacet
  facet normal 0.000000e+000 0.000000e+000 -9.324932e+000
    outer loop
      vertex   -1.151977e+002 5.718557e+001 5.592391e+001
      vertex   -1.151977e+002 5.641090e+001 5.592391e+001
      vertex   -1.171977e+002 5.641090e+001 5.592391e+001
    endloop
  endfacet
  facet normal 0.000000e+000 0.000000e+000 -8.342140e+000
    outer loop
      vertex   -1.151977e+002 5.718557e+001 5.592391e+001
      vertex   -1.171977e+002 5.850763e+001 5.592391e+001
      vertex   -1.151977e+002 5.719173e+001 5.592391e+001
    endloop
  endfacet
  facet normal 0.000000e+000 0.000000e+000 -9.525965e+000
    outer loop
      vertex   -1.171977e+002 5.782432e+001 5.592391e+001
      vertex   -1.171977e+002 5.850763e+001 5.592391e+001
      vertex   -1.151977e+002 5.718557e+001 5.592391e+001
    endloop
  endfacet
  facet normal 0.000000e+000 0.000000e+000 -9.525965e+000
    outer loop
      vertex   -1.171977e+002 5.782432e+001 5.592391e+001
      vertex   -1.151977e+002 5.718557e+001 5.592391e+001
      vertex   -1.171977e+002 5.641090e+001 5.592391e+001
    endloop
  endfacet
  facet normal 0.000000e+000 0.000000e+000 -8.240897e+000
    outer loop
      vertex   -1.151977e+002 5.721472e+001 5.592391e+001
      vertex   -1.171977e+002 5.858947e+001 5.592391e+001
      vertex   -1.151977e+002 5.782432e+001 5.592391e+001
    endloop
  endfacet
  facet normal 0.000000e+000 0.000000e+000 -8.320732e+000
    outer loop
      vertex   -1.151977e+002 5.719173e+001 5.592391e+001
      vertex   -1.171977e+002 5.852494e+001 5.592391e+001
      vertex   -1.151977e+002 5.721472e+001 5.592391e+001
    endloop
  endfacet
  facet normal 0.000000e+000 0.000000e+000 -6.017562e-002
    outer loop
      vertex   -1.151977e+002 5.719173e+001 5.592391e+001
      vertex   -1.171977e+002 5.850763e+001 5.592391e+001
      vertex   -1.171977e+002 5.852494e+001 5.592391e+001
    endloop
  endfacet
  facet normal 0.000000e+000 0.000000e+000 -2.224166e-001
    outer loop
      vertex   -1.151977e+002 5.721472e+001 5.592391e+001
      vertex   -1.171977e+002 5.852494e+001 5.592391e+001
      vertex   -1.171977e+002 5.858947e+001 5.592391e+001
    endloop
  endfacet
  facet normal 1.026158e-004 0.000000e+000 0.000000e+000
    outer loop
      vertex   -1.151977e+002 6.557211e+001 5.647837e+001
      vertex   -1.151977e+002 6.472171e+001 5.592391e+001
      vertex   -1.151977e+002 6.472173e+001 5.592391e+001
    endloop
  endfacet
  facet normal 0.000000e+000 0.000000e+000 -9.592259e+000
    outer loop
      vertex   -1.151977e+002 6.472171e+001 5.592391e+001
      vertex   -1.171977e+002 6.531102e+001 5.592391e+001
      vertex   -1.151977e+002 6.472173e+001 5.592391e+001
    endloop
  endfacet
  facet normal 5.639360e+000 0.000000e+000 0.000000e+000
    outer loop
      vertex   -1.151977e+002 6.476017e+001 5.592391e+001
      vertex   -1.151977e+002 6.557211e+001 5.647837e+001
      vertex   -1.151977e+002 6.472173e+001 5.592391e+001
    endloop
  endfacet
  facet normal 5.639360e+000 0.000000e+000 0.000000e+000
    outer loop
      vertex   -1.151977e+002 6.476017e+001 5.592391e+001
      vertex   -1.151977e+002 6.476030e+001 5.592391e+001
      vertex   -1.151977e+002 6.557211e+001 5.647837e+001
    endloop
  endfacet
  facet normal 9.321483e-001 0.000000e+000 0.000000e+000
    outer loop
      vertex   -1.151977e+002 6.557211e+001 5.647837e+001
      vertex   -1.151977e+002 6.476030e+001 5.592391e+001
      vertex   -1.151977e+002 6.490382e+001 5.592391e+001
    endloop
  endfacet
  facet normal 0.000000e+000 9.820015e+000 0.000000e+000
    outer loop
      vertex   -1.151977e+002 6.557211e+001 5.647837e+001
      vertex   -1.151977e+002 6.557211e+001 5.592391e+001
      vertex   -1.171977e+002 6.557211e+001 5.609370e+001
    endloop
  endfacet
  facet normal 6.385160e+000 0.000000e+000 0.000000e+000
    outer loop
      vertex   -1.151977e+002 6.490382e+001 5.592391e+001
      vertex   -1.151977e+002 6.492227e+001 5.592391e+001
      vertex   -1.151977e+002 6.557211e+001 5.647837e+001
    endloop
  endfacet
  facet normal 6.907935e+000 0.000000e+000 0.000000e+000
    outer loop
      vertex   -1.151977e+002 6.499176e+001 5.592391e+001
      vertex   -1.151977e+002 6.557211e+001 5.592391e+001
      vertex   -1.151977e+002 6.557211e+001 5.647837e+001
    endloop
  endfacet
  facet normal 4.710319e-004 0.000000e+000 0.000000e+000
    outer loop
      vertex   -1.151977e+002 6.557211e+001 5.647837e+001
      vertex   -1.151977e+002 6.492227e+001 5.592391e+001
      vertex   -1.151977e+002 6.492233e+001 5.592391e+001
    endloop
  endfacet
  facet normal 6.907935e+000 0.000000e+000 0.000000e+000
    outer loop
      vertex   -1.151977e+002 6.499176e+001 5.592391e+001
      vertex   -1.151977e+002 6.557211e+001 5.647837e+001
      vertex   -1.151977e+002 6.492233e+001 5.592391e+001
    endloop
  endfacet
  facet normal -5.636025e+000 0.000000e+000 0.000000e+000
    outer loop
      vertex   -1.171977e+002 6.532326e+001 5.592391e+001
      vertex   -1.171977e+002 6.532289e+001 5.592391e+001
      vertex   -1.171977e+002 6.557211e+001 5.609370e+001
    endloop
  endfacet
  facet normal -2.133912e-001 0.000000e+000 0.000000e+000
    outer loop
      vertex   -1.171977e+002 6.557211e+001 5.609370e+001
      vertex   -1.171977e+002 6.532289e+001 5.592391e+001
      vertex   -1.171977e+002 6.531109e+001 5.592391e+001
    endloop
  endfacet
  facet normal -5.636025e+000 0.000000e+000 0.000000e+000
    outer loop
      vertex   -1.171977e+002 6.532326e+001 5.592391e+001
      vertex   -1.171977e+002 6.557211e+001 5.609370e+001
      vertex   -1.171977e+002 6.536725e+001 5.592391e+001
    endloop
  endfacet
  facet normal -5.451740e+000 0.000000e+000 0.000000e+000
    outer loop
      vertex   -1.171977e+002 6.531102e+001 5.592391e+001
      vertex   -1.171977e+002 6.557211e+001 5.609370e+001
      vertex   -1.171977e+002 6.531109e+001 5.592391e+001
    endloop
  endfacet
  facet normal -9.149596e-004 0.000000e+000 0.000000e+000
    outer loop
      vertex   -1.171977e+002 6.557211e+001 5.609370e+001
      vertex   -1.171977e+002 6.536729e+001 5.592391e+001
      vertex   -1.171977e+002 6.536725e+001 5.592391e+001
    endloop
  endfacet
  facet normal -6.487425e+000 0.000000e+000 0.000000e+000
    outer loop
      vertex   -1.171977e+002 6.537294e+001 5.592391e+001
      vertex   -1.171977e+002 6.536729e+001 5.592391e+001
      vertex   -1.171977e+002 6.557211e+001 5.609370e+001
    endloop
  endfacet
  facet normal -6.487425e+000 0.000000e+000 0.000000e+000
    outer loop
      vertex   -1.171977e+002 6.537294e+001 5.592391e+001
      vertex   -1.171977e+002 6.557211e+001 5.609370e+001
      vertex   -1.171977e+002 6.537313e+001 5.592391e+001
    endloop
  endfacet
  facet normal -5.613668e-001 0.000000e+000 0.000000e+000
    outer loop
      vertex   -1.171977e+002 6.557211e+001 5.609370e+001
      vertex   -1.171977e+002 6.539439e+001 5.592391e+001
      vertex   -1.171977e+002 6.537313e+001 5.592391e+001
    endloop
  endfacet
  facet normal -1.000000e+001 0.000000e+000 0.000000e+000
    outer loop
      vertex   -1.171977e+002 6.557211e+001 5.592391e+001
      vertex   -1.171977e+002 6.539439e+001 5.592391e+001
      vertex   -1.171977e+002 6.557211e+001 5.609370e+001
    endloop
  endfacet
  facet normal 0.000000e+000 9.964157e+000 0.000000e+000
    outer loop
      vertex   -1.171977e+002 6.557211e+001 5.609370e+001
      vertex   -1.151977e+002 6.557211e+001 5.592391e+001
      vertex   -1.171977e+002 6.557211e+001 5.592391e+001
    endloop
  endfacet
  facet normal 0.000000e+000 0.000000e+000 -3.071204e-004
    outer loop
      vertex   -1.151977e+002 6.472173e+001 5.592391e+001
      vertex   -1.171977e+002 6.531102e+001 5.592391e+001
      vertex   -1.171977e+002 6.531109e+001 5.592391e+001
    endloop
  endfacet
  facet normal 0.000000e+000 0.000000e+000 -9.592197e+000
    outer loop
      vertex   -1.151977e+002 6.472173e+001 5.592391e+001
      vertex   -1.171977e+002 6.531109e+001 5.592391e+001
      vertex   -1.151977e+002 6.476017e+001 5.592391e+001
    endloop
  endfacet
  facet normal 0.000000e+000 0.000000e+000 -9.626232e+000
    outer loop
      vertex   -1.151977e+002 6.476017e+001 5.592391e+001
      vertex   -1.171977e+002 6.532289e+001 5.592391e+001
      vertex   -1.151977e+002 6.476030e+001 5.592391e+001
    endloop
  endfacet
  facet normal 0.000000e+000 0.000000e+000 -5.476341e-002
    outer loop
      vertex   -1.151977e+002 6.476017e+001 5.592391e+001
      vertex   -1.171977e+002 6.531109e+001 5.592391e+001
      vertex   -1.171977e+002 6.532289e+001 5.592391e+001
    endloop
  endfacet
  facet normal 0.000000e+000 0.000000e+000 -9.625933e+000
    outer loop
      vertex   -1.151977e+002 6.476030e+001 5.592391e+001
      vertex   -1.171977e+002 6.532326e+001 5.592391e+001
      vertex   -1.151977e+002 6.490382e+001 5.592391e+001
    endloop
  endfacet
  facet normal 0.000000e+000 0.000000e+000 -1.701131e-003
    outer loop
      vertex   -1.151977e+002 6.476030e+001 5.592391e+001
      vertex   -1.171977e+002 6.532289e+001 5.592391e+001
      vertex   -1.171977e+002 6.532326e+001 5.592391e+001
    endloop
  endfacet
  facet normal 0.000000e+000 0.000000e+000 -9.741844e+000
    outer loop
      vertex   -1.151977e+002 6.490382e+001 5.592391e+001
      vertex   -1.171977e+002 6.536729e+001 5.592391e+001
      vertex   -1.151977e+002 6.492227e+001 5.592391e+001
    endloop
  endfacet
  facet normal 0.000000e+000 0.000000e+000 -1.810151e-004
    outer loop
      vertex   -1.151977e+002 6.490382e+001 5.592391e+001
      vertex   -1.171977e+002 6.536725e+001 5.592391e+001
      vertex   -1.171977e+002 6.536729e+001 5.592391e+001
    endloop
  endfacet
  facet normal 0.000000e+000 0.000000e+000 -2.097251e-001
    outer loop
      vertex   -1.151977e+002 6.490382e+001 5.592391e+001
      vertex   -1.171977e+002 6.532326e+001 5.592391e+001
      vertex   -1.171977e+002 6.536725e+001 5.592391e+001
    endloop
  endfacet
  facet normal 0.000000e+000 0.000000e+000 -9.803323e+000
    outer loop
      vertex   -1.151977e+002 6.499176e+001 5.592391e+001
      vertex   -1.171977e+002 6.539439e+001 5.592391e+001
      vertex   -1.151977e+002 6.557211e+001 5.592391e+001
    endloop
  endfacet
  facet normal 0.000000e+000 0.000000e+000 -8.851466e-001
    outer loop
      vertex   -1.151977e+002 6.557211e+001 5.592391e+001
      vertex   -1.171977e+002 6.539439e+001 5.592391e+001
      vertex   -1.171977e+002 6.557211e+001 5.592391e+001
    endloop
  endfacet
  facet normal 0.000000e+000 0.000000e+000 -9.755399e+000
    outer loop
      vertex   -1.151977e+002 6.492227e+001 5.592391e+001
      vertex   -1.171977e+002 6.537294e+001 5.592391e+001
      vertex   -1.151977e+002 6.492233e+001 5.592391e+001
    endloop
  endfacet
  facet normal 0.000000e+000 0.000000e+000 -2.690361e-002
    outer loop
      vertex   -1.151977e+002 6.492227e+001 5.592391e+001
      vertex   -1.171977e+002 6.536729e+001 5.592391e+001
      vertex   -1.171977e+002 6.537294e+001 5.592391e+001
    endloop
  endfacet
  facet normal 0.000000e+000 0.000000e+000 -1.023525e-001
    outer loop
      vertex   -1.151977e+002 6.499176e+001 5.592391e+001
      vertex   -1.171977e+002 6.537313e+001 5.592391e+001
      vertex   -1.171977e+002 6.539439e+001 5.592391e+001
    endloop
  endfacet
  facet normal 0.000000e+000 0.000000e+000 -9.755264e+000
    outer loop
      vertex   -1.151977e+002 6.492233e+001 5.592391e+001
      vertex   -1.171977e+002 6.537313e+001 5.592391e+001
      vertex   -1.151977e+002 6.499176e+001 5.592391e+001
    endloop
  endfacet
  facet normal 0.000000e+000 0.000000e+000 -9.075852e-004
    outer loop
      vertex   -1.151977e+002 6.492233e+001 5.592391e+001
      vertex   -1.171977e+002 6.537294e+001 5.592391e+001
      vertex   -1.171977e+002 6.537313e+001 5.592391e+001
    endloop
  endfacet
  facet normal 0.000000e+000 -2.518650e-001 0.000000e+000
    outer loop
      vertex   -1.152073e+002 1.028969e+002 5.539145e+001
      vertex   -1.171760e+002 1.028969e+002 5.544105e+001
      vertex   -1.171957e+002 1.028969e+002 5.539145e+001
    endloop
  endfacet
  facet normal -0.000000e+000 -1.000000e+001 -0.000000e+000
    outer loop
      vertex   -1.152073e+002 1.028969e+002 5.544105e+001
      vertex   -1.171760e+002 1.028969e+002 5.544105e+001
      vertex   -1.152073e+002 1.028969e+002 5.539145e+001
    endloop
  endfacet
  facet normal 9.999674e+000 0.000000e+000 0.000000e+000
    outer loop
      vertex   -1.152073e+002 1.028973e+002 5.539145e+001
      vertex   -1.152073e+002 1.028969e+002 5.544105e+001
      vertex   -1.152073e+002 1.028969e+002 5.539145e+001
    endloop
  endfacet
  facet normal 7.071068e+000 0.000000e+000 0.000000e+000
    outer loop
      vertex   -1.152073e+002 1.028973e+002 5.544145e+001
      vertex   -1.152073e+002 1.028969e+002 5.544105e+001
      vertex   -1.152073e+002 1.028973e+002 5.539145e+001
    endloop
  endfacet
  facet normal 0.000000e+000 0.000000e+000 -2.014398e-003
    outer loop
      vertex   -1.171957e+002 1.028969e+002 5.539145e+001
      vertex   -1.152073e+002 1.028973e+002 5.539145e+001
      vertex   -1.152073e+002 1.028969e+002 5.539145e+001
    endloop
  endfacet
  facet normal 0.000000e+000 0.000000e+000 1.000000e+001
    outer loop
      vertex   -1.152073e+002 1.028973e+002 6.039145e+001
      vertex   -1.171957e+002 1.028973e+002 6.039145e+001
      vertex   -1.152073e+002 1.028969e+002 6.039145e+001
    endloop
  endfacet
  facet normal 0.000000e+000 0.000000e+000 2.014398e-003
    outer loop
      vertex   -1.152073e+002 1.028969e+002 6.039145e+001
      vertex   -1.171957e+002 1.028973e+002 6.039145e+001
      vertex   -1.171957e+002 1.028969e+002 6.039145e+001
    endloop
  endfacet
  facet normal -8.075107e-002 0.000000e+000 0.000000e+000
    outer loop
      vertex   -1.171957e+002 1.028973e+002 5.539145e+001
      vertex   -1.171957e+002 1.028969e+002 5.544105e+001
      vertex   -1.171957e+002 1.028973e+002 5.544145e+001
    endloop
  endfacet
  facet normal -1.000000e+001 0.000000e+000 0.000000e+000
    outer loop
      vertex   -1.171957e+002 1.028969e+002 5.539145e+001
      vertex   -1.171957e+002 1.028969e+002 5.544105e+001
      vertex   -1.171957e+002 1.028973e+002 5.539145e+001
    endloop
  endfacet
  facet normal -7.033295e+000 0.000000e+000 0.000000e+000
    outer loop
      vertex   -1.171957e+002 1.028702e+002 6.036859e+001
      vertex   -1.171957e+002 1.028969e+002 6.034190e+001
      vertex   -1.171957e+002 1.028969e+002 5.544105e+001
    endloop
  endfacet
  facet normal -5.417095e-002 0.000000e+000 0.000000e+000
    outer loop
      vertex   -1.171957e+002 1.028702e+002 6.036859e+001
      vertex   -1.171957e+002 1.028969e+002 5.544105e+001
      vertex   -1.171957e+002 1.028702e+002 5.541436e+001
    endloop
  endfacet
  facet normal -8.173600e-004 0.000000e+000 0.000000e+000
    outer loop
      vertex   -1.171957e+002 1.028969e+002 6.034190e+001
      vertex   -1.171957e+002 1.028973e+002 5.544145e+001
      vertex   -1.171957e+002 1.028969e+002 5.544105e+001
    endloop
  endfacet
  facet normal 0.000000e+000 0.000000e+000 -1.000000e+001
    outer loop
      vertex   -1.171957e+002 1.028973e+002 5.539145e+001
      vertex   -1.152073e+002 1.028973e+002 5.539145e+001
      vertex   -1.171957e+002 1.028969e+002 5.539145e+001
    endloop
  endfacet
  facet normal 0.000000e+000 1.471730e+000 -1.471800e+000
    outer loop
      vertex   -1.171957e+002 1.028973e+002 5.539145e+001
      vertex   -1.152073e+002 1.031965e+002 5.569064e+001
      vertex   -1.152073e+002 1.028973e+002 5.539145e+001
    endloop
  endfacet
  facet normal 6.349064e-001 0.000000e+000 0.000000e+000
    outer loop
      vertex   -1.152073e+002 1.031465e+002 5.647659e+001
      vertex   -1.152073e+002 1.031465e+002 5.569064e+001
      vertex   -1.152073e+002 1.031965e+002 5.569064e+001
    endloop
  endfacet
  facet normal 7.683749e+000 0.000000e+000 0.000000e+000
    outer loop
      vertex   -1.152073e+002 1.031465e+002 5.569064e+001
      vertex   -1.152073e+002 1.028973e+002 5.539145e+001
      vertex   -1.152073e+002 1.031965e+002 5.569064e+001
    endloop
  endfacet
  facet normal 7.071271e+000 0.000000e+000 0.000000e+000
    outer loop
      vertex   -1.152073e+002 1.028973e+002 5.544145e+001
      vertex   -1.152073e+002 1.028973e+002 5.539145e+001
      vertex   -1.152073e+002 1.031465e+002 5.569064e+001
    endloop
  endfacet
  facet normal 0.000000e+000 1.471431e+000 1.471807e+000
    outer loop
      vertex   -1.152073e+002 1.028973e+002 6.039145e+001
      vertex   -1.171957e+002 1.031965e+002 6.009232e+001
      vertex   -1.171957e+002 1.028973e+002 6.039145e+001
    endloop
  endfacet
  facet normal 0.000000e+000 7.070166e+000 7.071970e+000
    outer loop
      vertex   -1.152073e+002 1.031965e+002 6.009232e+001
      vertex   -1.171957e+002 1.031965e+002 6.009232e+001
      vertex   -1.152073e+002 1.028973e+002 6.039145e+001
    endloop
  endfacet
  facet normal 9.071182e-001 0.000000e+000 0.000000e+000
    outer loop
      vertex   -1.152073e+002 1.031465e+002 6.009232e+001
      vertex   -1.152073e+002 1.028973e+002 6.039145e+001
      vertex   -1.152073e+002 1.029007e+002 6.033810e+001
    endloop
  endfacet
  facet normal 7.070166e+000 0.000000e+000 0.000000e+000
    outer loop
      vertex   -1.152073e+002 1.031965e+002 6.009232e+001
      vertex   -1.152073e+002 1.028973e+002 6.039145e+001
      vertex   -1.152073e+002 1.031465e+002 6.009232e+001
    endloop
  endfacet
  facet normal 7.728412e-001 0.000000e+000 0.000000e+000
    outer loop
      vertex   -1.152073e+002 1.031465e+002 5.647659e+001
      vertex   -1.152073e+002 1.031965e+002 5.569064e+001
      vertex   -1.152073e+002 1.031965e+002 6.009232e+001
    endloop
  endfacet
  facet normal 1.382745e-001 0.000000e+000 0.000000e+000
    outer loop
      vertex   -1.152073e+002 1.031465e+002 5.647659e+001
      vertex   -1.152073e+002 1.031965e+002 6.009232e+001
      vertex   -1.152073e+002 1.031465e+002 6.009232e+001
    endloop
  endfacet
  facet normal -7.684079e+000 0.000000e+000 0.000000e+000
    outer loop
      vertex   -1.171957e+002 1.028973e+002 5.544145e+001
      vertex   -1.171957e+002 1.031965e+002 5.569064e+001
      vertex   -1.171957e+002 1.028973e+002 5.539145e+001
    endloop
  endfacet
  facet normal -6.352131e-001 0.000000e+000 0.000000e+000
    outer loop
      vertex   -1.171957e+002 1.028973e+002 6.039145e+001
      vertex   -1.171957e+002 1.031965e+002 5.569064e+001
      vertex   -1.171957e+002 1.028973e+002 5.544145e+001
    endloop
  endfacet
  facet normal 0.000000e+000 7.070899e+000 -7.071237e+000
    outer loop
      vertex   -1.171957e+002 1.031965e+002 5.569064e+001
      vertex   -1.152073e+002 1.031965e+002 5.569064e+001
      vertex   -1.171957e+002 1.028973e+002 5.539145e+001
    endloop
  endfacet
  facet normal 0.000000e+000 4.116807e+000 0.000000e+000
    outer loop
      vertex   -1.152073e+002 1.031965e+002 5.569064e+001
      vertex   -1.171957e+002 1.031965e+002 6.009232e+001
      vertex   -1.152073e+002 1.031965e+002 6.009232e+001
    endloop
  endfacet
  facet normal 0.000000e+000 1.000000e+001 0.000000e+000
    outer loop
      vertex   -1.171957e+002 1.031965e+002 5.569064e+001
      vertex   -1.171957e+002 1.031965e+002 6.009232e+001
      vertex   -1.152073e+002 1.031965e+002 5.569064e+001
    endloop
  endfacet
  facet normal 7.071068e+000 0.000000e+000 0.000000e+000
    outer loop
      vertex   -1.152073e+002 1.028973e+002 7.319293e+001
      vertex   -1.152073e+002 1.029007e+002 7.318953e+001
      vertex   -1.152073e+002 1.028973e+002 7.324289e+001
    endloop
  endfacet
  facet normal 8.082099e-002 0.000000e+000 0.000000e+000
    outer loop
      vertex   -1.152073e+002 1.028969e+002 7.319333e+001
      vertex   -1.152073e+002 1.028973e+002 7.324289e+001
      vertex   -1.152073e+002 1.028969e+002 7.324289e+001
    endloop
  endfacet
  facet normal 7.113282e+000 0.000000e+000 0.000000e+000
    outer loop
      vertex   -1.152073e+002 1.028973e+002 7.319293e+001
      vertex   -1.152073e+002 1.028973e+002 7.324289e+001
      vertex   -1.152073e+002 1.028969e+002 7.319333e+001
    endloop
  endfacet
  facet normal 0.000000e+000 -9.292516e+000 0.000000e+000
    outer loop
      vertex   -1.152270e+002 1.028969e+002 7.319333e+001
      vertex   -1.152073e+002 1.028969e+002 7.319333e+001
      vertex   -1.152073e+002 1.028969e+002 7.324289e+001
    endloop
  endfacet
  facet normal 0.000000e+000 -9.294226e+000 0.000000e+000
    outer loop
      vertex   -1.171760e+002 1.028969e+002 6.829249e+001
      vertex   -1.171957e+002 1.028969e+002 6.829249e+001
      vertex   -1.171957e+002 1.028969e+002 6.824289e+001
    endloop
  endfacet
  facet normal 0.000000e+000 -2.516485e-001 0.000000e+000
    outer loop
      vertex   -1.171957e+002 1.028969e+002 7.324289e+001
      vertex   -1.152270e+002 1.028969e+002 7.319333e+001
      vertex   -1.152073e+002 1.028969e+002 7.324289e+001
    endloop
  endfacet
  facet normal 0.000000e+000 -1.000000e+001 0.000000e+000
    outer loop
      vertex   -1.171957e+002 1.028969e+002 7.319333e+001
      vertex   -1.152270e+002 1.028969e+002 7.319333e+001
      vertex   -1.171957e+002 1.028969e+002 7.324289e+001
    endloop
  endfacet
  facet normal -8.163833e-002 0.000000e+000 0.000000e+000
    outer loop
      vertex   -1.171957e+002 1.028969e+002 7.319333e+001
      vertex   -1.171957e+002 1.028973e+002 7.324289e+001
      vertex   -1.171957e+002 1.028973e+002 6.829289e+001
    endloop
  endfacet
  facet normal -1.000000e+001 0.000000e+000 0.000000e+000
    outer loop
      vertex   -1.171957e+002 1.028969e+002 7.324289e+001
      vertex   -1.171957e+002 1.028973e+002 7.324289e+001
      vertex   -1.171957e+002 1.028969e+002 7.319333e+001
    endloop
  endfacet
  facet normal -6.352118e-001 0.000000e+000 0.000000e+000
    outer loop
      vertex   -1.171957e+002 1.031965e+002 6.854207e+001
      vertex   -1.171957e+002 1.028973e+002 7.324289e+001
      vertex   -1.171957e+002 1.031965e+002 7.294375e+001
    endloop
  endfacet
  facet normal 0.000000e+000 9.989285e+000 0.000000e+000
    outer loop
      vertex   -1.171977e+002 1.028702e+002 8.539333e+001
      vertex   -1.151977e+002 1.028702e+002 8.539333e+001
      vertex   -1.166337e+002 1.028702e+002 7.322002e+001
    endloop
  endfacet
  facet normal 0.000000e+000 1.163676e+000 0.000000e+000
    outer loop
      vertex   -1.151977e+002 1.028702e+002 8.539333e+001
      vertex   -1.152073e+002 1.028702e+002 7.322002e+001
      vertex   -1.166337e+002 1.028702e+002 7.322002e+001
    endloop
  endfacet
  facet normal 0.000000e+000 5.601485e-003 0.000000e+000
    outer loop
      vertex   -1.152073e+002 1.028702e+002 6.826580e+001
      vertex   -1.152073e+002 1.028702e+002 7.322002e+001
      vertex   -1.151977e+002 1.028702e+002 8.539333e+001
    endloop
  endfacet
  facet normal 0.000000e+000 4.555678e-001 0.000000e+000
    outer loop
      vertex   -1.151977e+002 1.028702e+002 4.222957e+001
      vertex   -1.158086e+002 1.028702e+002 5.541436e+001
      vertex   -1.152073e+002 1.028702e+002 5.541436e+001
    endloop
  endfacet
  facet normal 0.000000e+000 1.987407e-003 0.000000e+000
    outer loop
      vertex   -1.151977e+002 1.028702e+002 4.222957e+001
      vertex   -1.152073e+002 1.028702e+002 5.541436e+001
      vertex   -1.152073e+002 1.028702e+002 6.036859e+001
    endloop
  endfacet
  facet normal 0.000000e+000 5.289130e-003 0.000000e+000
    outer loop
      vertex   -1.151977e+002 1.028702e+002 4.222957e+001
      vertex   -1.152073e+002 1.028702e+002 6.036859e+001
      vertex   -1.151977e+002 1.028702e+002 8.539333e+001
    endloop
  endfacet
  facet normal 0.000000e+000 3.833791e-003 0.000000e+000
    outer loop
      vertex   -1.152073e+002 1.028702e+002 6.036859e+001
      vertex   -1.152073e+002 1.028702e+002 6.826580e+001
      vertex   -1.151977e+002 1.028702e+002 8.539333e+001
    endloop
  endfacet
  facet normal 0.000000e+000 1.505543e+000 0.000000e+000
    outer loop
      vertex   -1.160382e+002 1.028702e+002 6.036859e+001
      vertex   -1.164041e+002 1.028702e+002 6.826580e+001
      vertex   -1.152073e+002 1.028702e+002 6.826580e+001
    endloop
  endfacet
  facet normal 0.000000e+000 9.945106e+000 0.000000e+000
    outer loop
      vertex   -1.160382e+002 1.028702e+002 6.036859e+001
      vertex   -1.152073e+002 1.028702e+002 6.826580e+001
      vertex   -1.152073e+002 1.028702e+002 6.036859e+001
    endloop
  endfacet
  facet normal 0.000000e+000 4.738179e-001 4.739026e-001
    outer loop
      vertex   -1.166337e+002 1.028702e+002 7.322002e+001
      vertex   -1.171957e+002 1.028969e+002 7.319333e+001
      vertex   -1.171957e+002 1.028702e+002 7.322002e+001
    endloop
  endfacet
  facet normal 0.000000e+000 1.896567e-001 1.896906e-001
    outer loop
      vertex   -1.152270e+002 1.028969e+002 7.319333e+001
      vertex   -1.171957e+002 1.028969e+002 7.319333e+001
      vertex   -1.166337e+002 1.028702e+002 7.322002e+001
    endloop
  endfacet
  facet normal 1.045953e-003 0.000000e+000 0.000000e+000
    outer loop
      vertex   -1.152073e+002 1.028702e+002 7.322002e+001
      vertex   -1.152073e+002 1.031465e+002 7.294375e+001
      vertex   -1.152073e+002 1.029007e+002 7.318953e+001
    endloop
  endfacet
  facet normal 1.965318e-004 0.000000e+000 0.000000e+000
    outer loop
      vertex   -1.152073e+002 1.028702e+002 7.322002e+001
      vertex   -1.152073e+002 1.029007e+002 7.318953e+001
      vertex   -1.152073e+002 1.028973e+002 7.319293e+001
    endloop
  endfacet
  facet normal -8.669975e-004 0.000000e+000 0.000000e+000
    outer loop
      vertex   -1.152073e+002 1.028702e+002 7.322002e+001
      vertex   -1.152073e+002 1.028973e+002 7.319293e+001
      vertex   -1.152073e+002 1.028969e+002 7.319333e+001
    endloop
  endfacet
  facet normal -5.551115e-016 3.271714e+000 3.272299e+000
    outer loop
      vertex   -1.152073e+002 1.028702e+002 7.322002e+001
      vertex   -1.152073e+002 1.028969e+002 7.319333e+001
      vertex   -1.152270e+002 1.028969e+002 7.319333e+001
    endloop
  endfacet
  facet normal 0.000000e+000 6.267930e+000 6.269050e+000
    outer loop
      vertex   -1.152073e+002 1.028702e+002 7.322002e+001
      vertex   -1.152270e+002 1.028969e+002 7.319333e+001
      vertex   -1.166337e+002 1.028702e+002 7.322002e+001
    endloop
  endfacet
  facet normal 5.896128e-001 0.000000e+000 0.000000e+000
    outer loop
      vertex   -1.152073e+002 1.031465e+002 7.294375e+001
      vertex   -1.152073e+002 1.028702e+002 6.826580e+001
      vertex   -1.152073e+002 1.031465e+002 6.854207e+001
    endloop
  endfacet
  facet normal 7.071434e+000 0.000000e+000 0.000000e+000
    outer loop
      vertex   -1.152073e+002 1.028702e+002 7.322002e+001
      vertex   -1.152073e+002 1.028702e+002 6.826580e+001
      vertex   -1.152073e+002 1.031465e+002 7.294375e+001
    endloop
  endfacet
  facet normal 0.000000e+000 0.000000e+000 0.000000e+000
    outer loop
      vertex   -1.152073e+002 1.031465e+002 6.854207e+001
      vertex   -1.152073e+002 1.031465e+002 6.932802e+001
      vertex   -1.152073e+002 1.031465e+002 7.294375e+001
    endloop
  endfacet
  facet normal -5.177681e-004 0.000000e+000 0.000000e+000
    outer loop
      vertex   -1.152073e+002 1.028702e+002 6.826580e+001
      vertex   -1.152073e+002 1.028973e+002 6.829289e+001
      vertex   -1.152073e+002 1.031465e+002 6.854207e+001
    endloop
  endfacet
  facet normal 6.006380e-002 0.000000e+000 0.000000e+000
    outer loop
      vertex   -1.152073e+002 1.028969e+002 6.829249e+001
      vertex   -1.152073e+002 1.028973e+002 6.829289e+001
      vertex   -1.152073e+002 1.028702e+002 6.826580e+001
    endloop
  endfacet
  facet normal 0.000000e+000 6.268580e+000 -6.269700e+000
    outer loop
      vertex   -1.171760e+002 1.028969e+002 6.829249e+001
      vertex   -1.171957e+002 1.028702e+002 6.826580e+001
      vertex   -1.171957e+002 1.028969e+002 6.829249e+001
    endloop
  endfacet
  facet normal 0.000000e+000 3.453373e-001 -3.453990e-001
    outer loop
      vertex   -1.164041e+002 1.028702e+002 6.826580e+001
      vertex   -1.171957e+002 1.028702e+002 6.826580e+001
      vertex   -1.171760e+002 1.028969e+002 6.829249e+001
    endloop
  endfacet
  facet normal 0.000000e+000 5.677875e-001 -5.678890e-001
    outer loop
      vertex   -1.164041e+002 1.028702e+002 6.826580e+001
      vertex   -1.171760e+002 1.028969e+002 6.829249e+001
      vertex   -1.152073e+002 1.028969e+002 6.829249e+001
    endloop
  endfacet
  facet normal 0.000000e+000 2.228879e-001 -2.229277e-001
    outer loop
      vertex   -1.164041e+002 1.028702e+002 6.826580e+001
      vertex   -1.152073e+002 1.028969e+002 6.829249e+001
      vertex   -1.152073e+002 1.028702e+002 6.826580e+001
    endloop
  endfacet
  facet normal 7.076021e+000 0.000000e+000 0.000000e+000
    outer loop
      vertex   -1.152073e+002 1.028973e+002 6.034150e+001
      vertex   -1.152073e+002 1.029007e+002 6.033810e+001
      vertex   -1.152073e+002 1.028973e+002 6.039145e+001
    endloop
  endfacet
  facet normal 8.083655e-002 0.000000e+000 0.000000e+000
    outer loop
      vertex   -1.152073e+002 1.028969e+002 6.034190e+001
      vertex   -1.152073e+002 1.028973e+002 6.039145e+001
      vertex   -1.152073e+002 1.028969e+002 6.039145e+001
    endloop
  endfacet
  facet normal 7.071068e+000 0.000000e+000 0.000000e+000
    outer loop
      vertex   -1.152073e+002 1.028973e+002 6.034150e+001
      vertex   -1.152073e+002 1.028973e+002 6.039145e+001
      vertex   -1.152073e+002 1.028969e+002 6.034190e+001
    endloop
  endfacet
  facet normal 0.000000e+000 -9.292272e+000 0.000000e+000
    outer loop
      vertex   -1.152270e+002 1.028969e+002 6.034190e+001
      vertex   -1.152073e+002 1.028969e+002 6.034190e+001
      vertex   -1.152073e+002 1.028969e+002 6.039145e+001
    endloop
  endfacet
  facet normal 0.000000e+000 -9.294226e+000 0.000000e+000
    outer loop
      vertex   -1.171760e+002 1.028969e+002 5.544105e+001
      vertex   -1.171957e+002 1.028969e+002 5.544105e+001
      vertex   -1.171957e+002 1.028969e+002 5.539145e+001
    endloop
  endfacet
  facet normal 0.000000e+000 -2.516001e-001 0.000000e+000
    outer loop
      vertex   -1.171957e+002 1.028969e+002 6.039145e+001
      vertex   -1.152270e+002 1.028969e+002 6.034190e+001
      vertex   -1.152073e+002 1.028969e+002 6.039145e+001
    endloop
  endfacet
  facet normal 0.000000e+000 -1.000000e+001 0.000000e+000
    outer loop
      vertex   -1.171957e+002 1.028969e+002 6.034190e+001
      vertex   -1.152270e+002 1.028969e+002 6.034190e+001
      vertex   -1.171957e+002 1.028969e+002 6.039145e+001
    endloop
  endfacet
  facet normal -8.165389e-002 0.000000e+000 0.000000e+000
    outer loop
      vertex   -1.171957e+002 1.028969e+002 6.034190e+001
      vertex   -1.171957e+002 1.028973e+002 6.039145e+001
      vertex   -1.171957e+002 1.028973e+002 5.544145e+001
    endloop
  endfacet
  facet normal -1.000000e+001 0.000000e+000 0.000000e+000
    outer loop
      vertex   -1.171957e+002 1.028969e+002 6.039145e+001
      vertex   -1.171957e+002 1.028973e+002 6.039145e+001
      vertex   -1.171957e+002 1.028969e+002 6.034190e+001
    endloop
  endfacet
  facet normal -6.352131e-001 0.000000e+000 0.000000e+000
    outer loop
      vertex   -1.171957e+002 1.031965e+002 5.569064e+001
      vertex   -1.171957e+002 1.028973e+002 6.039145e+001
      vertex   -1.171957e+002 1.031965e+002 6.009232e+001
    endloop
  endfacet
  facet normal 0.000000e+000 1.506932e+000 0.000000e+000
    outer loop
      vertex   -1.158086e+002 1.028702e+002 5.541436e+001
      vertex   -1.151977e+002 1.028702e+002 4.222957e+001
      vertex   -1.171977e+002 1.028702e+002 4.222957e+001
    endloop
  endfacet
  facet normal 0.000000e+000 9.944958e+000 0.000000e+000
    outer loop
      vertex   -1.158086e+002 1.028702e+002 5.541436e+001
      vertex   -1.171977e+002 1.028702e+002 4.222957e+001
      vertex   -1.171957e+002 1.028702e+002 5.541436e+001
    endloop
  endfacet
  facet normal 0.000000e+000 4.148665e-004 0.000000e+000
    outer loop
      vertex   -1.171977e+002 1.028702e+002 4.222957e+001
      vertex   -1.171957e+002 1.028702e+002 6.036859e+001
      vertex   -1.171957e+002 1.028702e+002 5.541436e+001
    endloop
  endfacet
  facet normal 0.000000e+000 8.002943e-004 0.000000e+000
    outer loop
      vertex   -1.171977e+002 1.028702e+002 8.539333e+001
      vertex   -1.171957e+002 1.028702e+002 6.036859e+001
      vertex   -1.171977e+002 1.028702e+002 4.222957e+001
    endloop
  endfacet
  facet normal 0.000000e+000 1.645169e-003 0.000000e+000
    outer loop
      vertex   -1.171957e+002 1.028702e+002 7.322002e+001
      vertex   -1.171957e+002 1.028702e+002 6.826580e+001
      vertex   -1.171977e+002 1.028702e+002 8.539333e+001
    endloop
  endfacet
  facet normal 0.000000e+000 1.000000e+001 0.000000e+000
    outer loop
      vertex   -1.171957e+002 1.028702e+002 7.322002e+001
      vertex   -1.171977e+002 1.028702e+002 8.539333e+001
      vertex   -1.166337e+002 1.028702e+002 7.322002e+001
    endloop
  endfacet
  facet normal 0.000000e+000 1.169296e-003 0.000000e+000
    outer loop
      vertex   -1.171957e+002 1.028702e+002 6.826580e+001
      vertex   -1.171957e+002 1.028702e+002 6.036859e+001
      vertex   -1.171977e+002 1.028702e+002 8.539333e+001
    endloop
  endfacet
  facet normal 0.000000e+000 9.950138e+000 0.000000e+000
    outer loop
      vertex   -1.164041e+002 1.028702e+002 6.826580e+001
      vertex   -1.171957e+002 1.028702e+002 6.036859e+001
      vertex   -1.171957e+002 1.028702e+002 6.826580e+001
    endloop
  endfacet
  facet normal 0.000000e+000 9.989283e+000 0.000000e+000
    outer loop
      vertex   -1.160382e+002 1.028702e+002 6.036859e+001
      vertex   -1.171957e+002 1.028702e+002 6.036859e+001
      vertex   -1.164041e+002 1.028702e+002 6.826580e+001
    endloop
  endfacet
  facet normal 5.814910e-005 0.000000e+000 0.000000e+000
    outer loop
      vertex   -1.152073e+002 1.031465e+002 5.569064e+001
      vertex   -1.152073e+002 1.028702e+002 5.541436e+001
      vertex   -1.152073e+002 1.028973e+002 5.544145e+001
    endloop
  endfacet
  facet normal 1.320664e-005 0.000000e+000 0.000000e+000
    outer loop
      vertex   -1.152073e+002 1.028702e+002 5.541436e+001
      vertex   -1.152073e+002 1.028969e+002 5.544105e+001
      vertex   -1.152073e+002 1.028973e+002 5.544145e+001
    endloop
  endfacet
  facet normal 0.000000e+000 4.429751e-001 -4.430542e-001
    outer loop
      vertex   -1.158086e+002 1.028702e+002 5.541436e+001
      vertex   -1.152073e+002 1.028969e+002 5.544105e+001
      vertex   -1.152073e+002 1.028702e+002 5.541436e+001
    endloop
  endfacet
  facet normal 0.000000e+000 1.951022e-001 -1.951371e-001
    outer loop
      vertex   -1.171760e+002 1.028969e+002 5.544105e+001
      vertex   -1.152073e+002 1.028969e+002 5.544105e+001
      vertex   -1.158086e+002 1.028702e+002 5.541436e+001
    endloop
  endfacet
  facet normal 0.000000e+000 3.270470e+000 -3.271054e+000
    outer loop
      vertex   -1.171957e+002 1.028702e+002 5.541436e+001
      vertex   -1.171957e+002 1.028969e+002 5.544105e+001
      vertex   -1.171760e+002 1.028969e+002 5.544105e+001
    endloop
  endfacet
  facet normal 0.000000e+000 6.268580e+000 -6.269700e+000
    outer loop
      vertex   -1.171957e+002 1.028702e+002 5.541436e+001
      vertex   -1.171760e+002 1.028969e+002 5.544105e+001
      vertex   -1.158086e+002 1.028702e+002 5.541436e+001
    endloop
  endfacet
  facet normal 0.000000e+000 0.000000e+000 0.000000e+000
    outer loop
      vertex   -1.152073e+002 1.031465e+002 5.569064e+001
      vertex   -1.152073e+002 1.031465e+002 5.647659e+001
      vertex   -1.152073e+002 1.031465e+002 6.009232e+001
    endloop
  endfacet
  facet normal 1.175719e-003 0.000000e+000 0.000000e+000
    outer loop
      vertex   -1.152073e+002 1.029007e+002 6.033810e+001
      vertex   -1.152073e+002 1.028702e+002 6.036859e+001
      vertex   -1.152073e+002 1.031465e+002 6.009232e+001
    endloop
  endfacet
  facet normal -6.127658e-003 0.000000e+000 0.000000e+000
    outer loop
      vertex   -1.152073e+002 1.028973e+002 6.034150e+001
      vertex   -1.152073e+002 1.028702e+002 6.036859e+001
      vertex   -1.152073e+002 1.029007e+002 6.033810e+001
    endloop
  endfacet
  facet normal 0.000000e+000 7.070436e+000 7.071700e+000
    outer loop
      vertex   -1.152073e+002 1.028969e+002 6.034190e+001
      vertex   -1.152270e+002 1.028969e+002 6.034190e+001
      vertex   -1.152073e+002 1.028702e+002 6.036859e+001
    endloop
  endfacet
  facet normal 8.932559e-004 0.000000e+000 0.000000e+000
    outer loop
      vertex   -1.152073e+002 1.028969e+002 6.034190e+001
      vertex   -1.152073e+002 1.028702e+002 6.036859e+001
      vertex   -1.152073e+002 1.028973e+002 6.034150e+001
    endloop
  endfacet
  facet normal -3.469447e-017 6.413231e+000 6.414377e+000
    outer loop
      vertex   -1.152270e+002 1.028969e+002 6.034190e+001
      vertex   -1.160382e+002 1.028702e+002 6.036859e+001
      vertex   -1.152073e+002 1.028702e+002 6.036859e+001
    endloop
  endfacet
  facet normal 0.000000e+000 2.304477e-001 2.304889e-001
    outer loop
      vertex   -1.171957e+002 1.028969e+002 6.034190e+001
      vertex   -1.160382e+002 1.028702e+002 6.036859e+001
      vertex   -1.152270e+002 1.028969e+002 6.034190e+001
    endloop
  endfacet
  facet normal 0.000000e+000 7.070436e+000 7.071700e+000
    outer loop
      vertex   -1.171957e+002 1.028702e+002 6.036859e+001
      vertex   -1.160382e+002 1.028702e+002 6.036859e+001
      vertex   -1.171957e+002 1.028969e+002 6.034190e+001
    endloop
  endfacet
  facet normal 5.896116e-001 0.000000e+000 0.000000e+000
    outer loop
      vertex   -1.152073e+002 1.031465e+002 6.009232e+001
      vertex   -1.152073e+002 1.028702e+002 5.541436e+001
      vertex   -1.152073e+002 1.031465e+002 5.569064e+001
    endloop
  endfacet
  facet normal 7.071434e+000 0.000000e+000 0.000000e+000
    outer loop
      vertex   -1.152073e+002 1.028702e+002 6.036859e+001
      vertex   -1.152073e+002 1.028702e+002 5.541436e+001
      vertex   -1.152073e+002 1.031465e+002 6.009232e+001
    endloop
  endfacet
endsolid
