solid ascii
  facet normal -1.000000e+000 0.000000e+000 0.000000e+000
    outer loop
      vertex   -2.929934e+001 -7.606452e+000 6.864279e+001
      vertex   -2.929934e+001 -8.381049e+000 6.864279e+001
      vertex   -2.929934e+001 -7.628099e+000 6.870496e+001
    endloop
  endfacet
  facet normal -1.000000e+000 -0.000000e+000 0.000000e+000
    outer loop
      vertex   -2.929934e+001 -7.628099e+000 6.870496e+001
      vertex   -2.929934e+001 -8.381049e+000 6.864279e+001
      vertex   -2.929934e+001 -8.359403e+000 6.870496e+001
    endloop
  endfacet
  facet normal -1.000000e+000 0.000000e+000 0.000000e+000
    outer loop
      vertex   -2.929934e+001 -7.628099e+000 6.870496e+001
      vertex   -2.929934e+001 -8.359403e+000 6.870496e+001
      vertex   -2.929934e+001 -8.327851e+000 6.876274e+001
    endloop
  endfacet
  facet normal -1.000000e+000 0.000000e+000 0.000000e+000
    outer loop
      vertex   -2.929934e+001 -7.628099e+000 6.870496e+001
      vertex   -2.929934e+001 -8.327851e+000 6.876274e+001
      vertex   -2.929934e+001 -7.659650e+000 6.876274e+001
    endloop
  endfacet
  facet normal -1.000000e+000 0.000000e+000 0.000000e+000
    outer loop
      vertex   -2.929934e+001 -7.659650e+000 6.876274e+001
      vertex   -2.929934e+001 -8.327851e+000 6.876274e+001
      vertex   -2.929934e+001 -8.287251e+000 6.881456e+001
    endloop
  endfacet
  facet normal -1.000000e+000 0.000000e+000 0.000000e+000
    outer loop
      vertex   -2.929934e+001 -7.659650e+000 6.876274e+001
      vertex   -2.929934e+001 -8.287251e+000 6.881456e+001
      vertex   -2.929934e+001 -7.700251e+000 6.881456e+001
    endloop
  endfacet
  facet normal -1.000000e+000 0.000000e+000 0.000000e+000
    outer loop
      vertex   -2.929934e+001 -7.700251e+000 6.881456e+001
      vertex   -2.929934e+001 -8.287251e+000 6.881456e+001
      vertex   -2.929934e+001 -8.238700e+000 6.885902e+001
    endloop
  endfacet
  facet normal -1.000000e+000 0.000000e+000 0.000000e+000
    outer loop
      vertex   -2.929934e+001 -7.700251e+000 6.881456e+001
      vertex   -2.929934e+001 -8.238700e+000 6.885902e+001
      vertex   -2.929934e+001 -7.748801e+000 6.885902e+001
    endloop
  endfacet
  facet normal -1.000000e+000 0.000000e+000 0.000000e+000
    outer loop
      vertex   -2.929934e+001 -7.748801e+000 6.885902e+001
      vertex   -2.929934e+001 -8.238700e+000 6.885902e+001
      vertex   -2.929934e+001 -8.183516e+000 6.889491e+001
    endloop
  endfacet
  facet normal -1.000000e+000 0.000000e+000 0.000000e+000
    outer loop
      vertex   -2.929934e+001 -7.748801e+000 6.885902e+001
      vertex   -2.929934e+001 -8.183516e+000 6.889491e+001
      vertex   -2.929934e+001 -7.803986e+000 6.889491e+001
    endloop
  endfacet
  facet normal -1.000000e+000 0.000000e+000 0.000000e+000
    outer loop
      vertex   -2.929934e+001 -7.803986e+000 6.889491e+001
      vertex   -2.929934e+001 -8.183516e+000 6.889491e+001
      vertex   -2.929934e+001 -8.123190e+000 6.892127e+001
    endloop
  endfacet
  facet normal -1.000000e+000 0.000000e+000 0.000000e+000
    outer loop
      vertex   -2.929934e+001 -7.803986e+000 6.889491e+001
      vertex   -2.929934e+001 -8.123190e+000 6.892127e+001
      vertex   -2.929934e+001 -7.864311e+000 6.892127e+001
    endloop
  endfacet
  facet normal -1.000000e+000 0.000000e+000 0.000000e+000
    outer loop
      vertex   -2.929934e+001 -7.864311e+000 6.892127e+001
      vertex   -2.929934e+001 -8.123190e+000 6.892127e+001
      vertex   -2.929934e+001 -8.059359e+000 6.893738e+001
    endloop
  endfacet
  facet normal -1.000000e+000 0.000000e+000 0.000000e+000
    outer loop
      vertex   -2.929934e+001 -7.864311e+000 6.892127e+001
      vertex   -2.929934e+001 -8.059359e+000 6.893738e+001
      vertex   -2.929934e+001 -7.928143e+000 6.893738e+001
    endloop
  endfacet
  facet normal -1.000000e+000 0.000000e+000 0.000000e+000
    outer loop
      vertex   -2.929934e+001 -7.928143e+000 6.893738e+001
      vertex   -2.929934e+001 -8.059359e+000 6.893738e+001
      vertex   -2.929934e+001 -7.993751e+000 6.894279e+001
    endloop
  endfacet
  facet normal 9.883790e-004 9.443928e-001 3.288180e-001
    outer loop
      vertex   -2.529934e+001 -7.628099e+000 6.870496e+001
      vertex   -2.529934e+001 -7.606452e+000 6.864279e+001
      vertex   -2.663267e+001 -7.617874e+000 6.867960e+001
    endloop
  endfacet
  facet normal -3.127148e-019 9.550838e-001 2.963358e-001
    outer loop
      vertex   -2.663267e+001 -7.617874e+000 6.867960e+001
      vertex   -2.529934e+001 -7.606452e+000 6.864279e+001
      vertex   -2.929934e+001 -7.606452e+000 6.864279e+001
    endloop
  endfacet
  facet normal 0.000000e+000 9.550838e-001 2.963358e-001
    outer loop
      vertex   -2.663267e+001 -7.617874e+000 6.867960e+001
      vertex   -2.929934e+001 -7.606452e+000 6.864279e+001
      vertex   -2.796601e+001 -7.617874e+000 6.867960e+001
    endloop
  endfacet
  facet normal -9.883775e-004 9.443928e-001 3.288180e-001
    outer loop
      vertex   -2.796601e+001 -7.617874e+000 6.867960e+001
      vertex   -2.929934e+001 -7.606452e+000 6.864279e+001
      vertex   -2.929934e+001 -7.628099e+000 6.870496e+001
    endloop
  endfacet
  facet normal 1.088372e-003 9.062951e-001 4.226441e-001
    outer loop
      vertex   -2.796601e+001 -7.617874e+000 6.867960e+001
      vertex   -2.929934e+001 -7.628099e+000 6.870496e+001
      vertex   -2.796601e+001 -7.647340e+000 6.874279e+001
    endloop
  endfacet
  facet normal -9.313243e-004 8.776656e-001 4.792726e-001
    outer loop
      vertex   -2.796601e+001 -7.647340e+000 6.874279e+001
      vertex   -2.929934e+001 -7.628099e+000 6.870496e+001
      vertex   -2.929934e+001 -7.659650e+000 6.876274e+001
    endloop
  endfacet
  facet normal 1.019053e-003 8.191814e-001 5.735337e-001
    outer loop
      vertex   -2.796601e+001 -7.647340e+000 6.874279e+001
      vertex   -2.929934e+001 -7.659650e+000 6.876274e+001
      vertex   -2.796601e+001 -7.687333e+000 6.879991e+001
    endloop
  endfacet
  facet normal -8.505704e-004 7.871588e-001 6.167497e-001
    outer loop
      vertex   -2.796601e+001 -7.687333e+000 6.879991e+001
      vertex   -2.929934e+001 -7.659650e+000 6.876274e+001
      vertex   -2.929934e+001 -7.700251e+000 6.881456e+001
    endloop
  endfacet
  facet normal 9.179874e-004 7.070928e-001 7.071202e-001
    outer loop
      vertex   -2.796601e+001 -7.687333e+000 6.879991e+001
      vertex   -2.929934e+001 -7.700251e+000 6.881456e+001
      vertex   -2.796601e+001 -7.736636e+000 6.884921e+001
    endloop
  endfacet
  facet normal -7.387490e-004 6.753297e-001 7.375156e-001
    outer loop
      vertex   -2.796601e+001 -7.736636e+000 6.884921e+001
      vertex   -2.929934e+001 -7.700251e+000 6.881456e+001
      vertex   -2.929934e+001 -7.748801e+000 6.885902e+001
    endloop
  endfacet
  facet normal 7.897657e-004 5.735847e-001 8.191459e-001
    outer loop
      vertex   -2.796601e+001 -7.736636e+000 6.884921e+001
      vertex   -2.929934e+001 -7.748801e+000 6.885902e+001
      vertex   -2.796601e+001 -7.793751e+000 6.888921e+001
    endloop
  endfacet
  facet normal -5.978649e-004 5.452642e-001 8.382640e-001
    outer loop
      vertex   -2.796601e+001 -7.793751e+000 6.888921e+001
      vertex   -2.929934e+001 -7.748801e+000 6.885902e+001
      vertex   -2.929934e+001 -7.803986e+000 6.889491e+001
    endloop
  endfacet
  facet normal 6.351012e-004 4.225930e-001 9.063194e-001
    outer loop
      vertex   -2.796601e+001 -7.793751e+000 6.888921e+001
      vertex   -2.929934e+001 -7.803986e+000 6.889491e+001
      vertex   -2.796601e+001 -7.856943e+000 6.891867e+001
    endloop
  endfacet
  facet normal -4.248126e-004 4.004019e-001 9.163395e-001
    outer loop
      vertex   -2.796601e+001 -7.856943e+000 6.891867e+001
      vertex   -2.929934e+001 -7.803986e+000 6.889491e+001
      vertex   -2.929934e+001 -7.864311e+000 6.892127e+001
    endloop
  endfacet
  facet normal 4.545862e-004 2.587862e-001 9.659345e-001
    outer loop
      vertex   -2.796601e+001 -7.856943e+000 6.891867e+001
      vertex   -2.929934e+001 -7.864311e+000 6.892127e+001
      vertex   -2.796601e+001 -7.924291e+000 6.893671e+001
    endloop
  endfacet
  facet normal -2.239912e-004 2.446484e-001 9.696118e-001
    outer loop
      vertex   -2.796601e+001 -7.924291e+000 6.893671e+001
      vertex   -2.929934e+001 -7.864311e+000 6.892127e+001
      vertex   -2.929934e+001 -7.928143e+000 6.893738e+001
    endloop
  endfacet
  facet normal 2.440139e-004 8.720860e-002 9.961901e-001
    outer loop
      vertex   -2.796601e+001 -7.924291e+000 6.893671e+001
      vertex   -2.929934e+001 -7.928143e+000 6.893738e+001
      vertex   -2.796601e+001 -7.993751e+000 6.894279e+001
    endloop
  endfacet
  facet normal 0.000000e+000 8.228416e-002 9.966089e-001
    outer loop
      vertex   -2.796601e+001 -7.993751e+000 6.894279e+001
      vertex   -2.929934e+001 -7.928143e+000 6.893738e+001
      vertex   -2.929934e+001 -7.993751e+000 6.894279e+001
    endloop
  endfacet
  facet normal 0.000000e+000 -8.228416e-002 9.966089e-001
    outer loop
      vertex   -2.796601e+001 -7.993751e+000 6.894279e+001
      vertex   -2.929934e+001 -7.993751e+000 6.894279e+001
      vertex   -2.929934e+001 -8.059359e+000 6.893738e+001
    endloop
  endfacet
  facet normal 2.440433e-004 -8.720919e-002 9.961900e-001
    outer loop
      vertex   -2.796601e+001 -7.993751e+000 6.894279e+001
      vertex   -2.929934e+001 -8.059359e+000 6.893738e+001
      vertex   -2.796601e+001 -8.063210e+000 6.893671e+001
    endloop
  endfacet
  facet normal -2.239038e-004 -2.446484e-001 9.696118e-001
    outer loop
      vertex   -2.796601e+001 -8.063210e+000 6.893671e+001
      vertex   -2.929934e+001 -8.059359e+000 6.893738e+001
      vertex   -2.929934e+001 -8.123190e+000 6.892127e+001
    endloop
  endfacet
  facet normal 4.545143e-004 -2.587828e-001 9.659354e-001
    outer loop
      vertex   -2.796601e+001 -8.063210e+000 6.893671e+001
      vertex   -2.929934e+001 -8.123190e+000 6.892127e+001
      vertex   -2.796601e+001 -8.130559e+000 6.891867e+001
    endloop
  endfacet
  facet normal -4.249388e-004 -4.003993e-001 9.163407e-001
    outer loop
      vertex   -2.796601e+001 -8.130559e+000 6.891867e+001
      vertex   -2.929934e+001 -8.123190e+000 6.892127e+001
      vertex   -2.929934e+001 -8.183516e+000 6.889491e+001
    endloop
  endfacet
  facet normal 6.352270e-004 -4.225956e-001 9.063181e-001
    outer loop
      vertex   -2.796601e+001 -8.130559e+000 6.891867e+001
      vertex   -2.929934e+001 -8.183516e+000 6.889491e+001
      vertex   -2.796601e+001 -8.193750e+000 6.888921e+001
    endloop
  endfacet
  facet normal -5.977391e-004 -5.452708e-001 8.382598e-001
    outer loop
      vertex   -2.796601e+001 -8.193750e+000 6.888921e+001
      vertex   -2.929934e+001 -8.183516e+000 6.889491e+001
      vertex   -2.929934e+001 -8.238700e+000 6.885902e+001
    endloop
  endfacet
  facet normal 7.894014e-004 -5.735815e-001 8.191481e-001
    outer loop
      vertex   -2.796601e+001 -8.193750e+000 6.888921e+001
      vertex   -2.929934e+001 -8.238700e+000 6.885902e+001
      vertex   -2.796601e+001 -8.250866e+000 6.884921e+001
    endloop
  endfacet
  facet normal -7.391748e-004 -6.753262e-001 7.375188e-001
    outer loop
      vertex   -2.796601e+001 -8.250866e+000 6.884921e+001
      vertex   -2.929934e+001 -8.238700e+000 6.885902e+001
      vertex   -2.929934e+001 -8.287251e+000 6.881456e+001
    endloop
  endfacet
  facet normal 9.180989e-004 -7.070996e-001 7.071133e-001
    outer loop
      vertex   -2.796601e+001 -8.250866e+000 6.884921e+001
      vertex   -2.929934e+001 -8.287251e+000 6.881456e+001
      vertex   -2.796601e+001 -8.300168e+000 6.879991e+001
    endloop
  endfacet
  facet normal -8.502890e-004 -7.871588e-001 6.167497e-001
    outer loop
      vertex   -2.796601e+001 -8.300168e+000 6.879991e+001
      vertex   -2.929934e+001 -8.287251e+000 6.881456e+001
      vertex   -2.929934e+001 -8.327851e+000 6.876274e+001
    endloop
  endfacet
  facet normal 1.019346e-003 -8.191814e-001 5.735337e-001
    outer loop
      vertex   -2.796601e+001 -8.300168e+000 6.879991e+001
      vertex   -2.929934e+001 -8.327851e+000 6.876274e+001
      vertex   -2.796601e+001 -8.340160e+000 6.874279e+001
    endloop
  endfacet
  facet normal -9.308988e-004 -8.776625e-001 4.792782e-001
    outer loop
      vertex   -2.796601e+001 -8.340160e+000 6.874279e+001
      vertex   -2.929934e+001 -8.327851e+000 6.876274e+001
      vertex   -2.929934e+001 -8.359403e+000 6.870496e+001
    endloop
  endfacet
  facet normal 1.088626e-003 -9.062899e-001 4.226553e-001
    outer loop
      vertex   -2.796601e+001 -8.340160e+000 6.874279e+001
      vertex   -2.929934e+001 -8.359403e+000 6.870496e+001
      vertex   -2.796601e+001 -8.369628e+000 6.867960e+001
    endloop
  endfacet
  facet normal -9.885177e-004 -9.443951e-001 3.288115e-001
    outer loop
      vertex   -2.796601e+001 -8.369628e+000 6.867960e+001
      vertex   -2.929934e+001 -8.359403e+000 6.870496e+001
      vertex   -2.929934e+001 -8.381049e+000 6.864279e+001
    endloop
  endfacet
  facet normal -3.127161e-019 -9.550873e-001 2.963245e-001
    outer loop
      vertex   -2.796601e+001 -8.369628e+000 6.867960e+001
      vertex   -2.929934e+001 -8.381049e+000 6.864279e+001
      vertex   -2.529934e+001 -8.381049e+000 6.864279e+001
    endloop
  endfacet
  facet normal 0.000000e+000 -9.550873e-001 2.963245e-001
    outer loop
      vertex   -2.796601e+001 -8.369628e+000 6.867960e+001
      vertex   -2.529934e+001 -8.381049e+000 6.864279e+001
      vertex   -2.663267e+001 -8.369628e+000 6.867960e+001
    endloop
  endfacet
  facet normal 9.885191e-004 -9.443951e-001 3.288115e-001
    outer loop
      vertex   -2.663267e+001 -8.369628e+000 6.867960e+001
      vertex   -2.529934e+001 -8.381049e+000 6.864279e+001
      vertex   -2.529934e+001 -8.359403e+000 6.870496e+001
    endloop
  endfacet
  facet normal -1.088627e-003 -9.062899e-001 4.226553e-001
    outer loop
      vertex   -2.663267e+001 -8.369628e+000 6.867960e+001
      vertex   -2.529934e+001 -8.359403e+000 6.870496e+001
      vertex   -2.663267e+001 -8.340160e+000 6.874279e+001
    endloop
  endfacet
  facet normal 9.309002e-004 -8.776625e-001 4.792782e-001
    outer loop
      vertex   -2.663267e+001 -8.340160e+000 6.874279e+001
      vertex   -2.529934e+001 -8.359403e+000 6.870496e+001
      vertex   -2.529934e+001 -8.327851e+000 6.876274e+001
    endloop
  endfacet
  facet normal -1.019347e-003 -8.191814e-001 5.735337e-001
    outer loop
      vertex   -2.663267e+001 -8.340160e+000 6.874279e+001
      vertex   -2.529934e+001 -8.327851e+000 6.876274e+001
      vertex   -2.663267e+001 -8.300168e+000 6.879991e+001
    endloop
  endfacet
  facet normal 8.502901e-004 -7.871588e-001 6.167497e-001
    outer loop
      vertex   -2.663267e+001 -8.300168e+000 6.879991e+001
      vertex   -2.529934e+001 -8.327851e+000 6.876274e+001
      vertex   -2.529934e+001 -8.287251e+000 6.881456e+001
    endloop
  endfacet
  facet normal -9.181002e-004 -7.070996e-001 7.071133e-001
    outer loop
      vertex   -2.663267e+001 -8.300168e+000 6.879991e+001
      vertex   -2.529934e+001 -8.287251e+000 6.881456e+001
      vertex   -2.663267e+001 -8.250866e+000 6.884921e+001
    endloop
  endfacet
  facet normal 7.391759e-004 -6.753262e-001 7.375188e-001
    outer loop
      vertex   -2.663267e+001 -8.250866e+000 6.884921e+001
      vertex   -2.529934e+001 -8.287251e+000 6.881456e+001
      vertex   -2.529934e+001 -8.238700e+000 6.885902e+001
    endloop
  endfacet
  facet normal -7.894025e-004 -5.735815e-001 8.191481e-001
    outer loop
      vertex   -2.663267e+001 -8.250866e+000 6.884921e+001
      vertex   -2.529934e+001 -8.238700e+000 6.885902e+001
      vertex   -2.663267e+001 -8.193750e+000 6.888921e+001
    endloop
  endfacet
  facet normal 5.977400e-004 -5.452708e-001 8.382598e-001
    outer loop
      vertex   -2.663267e+001 -8.193750e+000 6.888921e+001
      vertex   -2.529934e+001 -8.238700e+000 6.885902e+001
      vertex   -2.529934e+001 -8.183516e+000 6.889491e+001
    endloop
  endfacet
  facet normal -6.352278e-004 -4.225956e-001 9.063181e-001
    outer loop
      vertex   -2.663267e+001 -8.193750e+000 6.888921e+001
      vertex   -2.529934e+001 -8.183516e+000 6.889491e+001
      vertex   -2.663267e+001 -8.130559e+000 6.891867e+001
    endloop
  endfacet
  facet normal 4.249394e-004 -4.003993e-001 9.163407e-001
    outer loop
      vertex   -2.663267e+001 -8.130559e+000 6.891867e+001
      vertex   -2.529934e+001 -8.183516e+000 6.889491e+001
      vertex   -2.529934e+001 -8.123190e+000 6.892127e+001
    endloop
  endfacet
  facet normal -4.545150e-004 -2.587828e-001 9.659354e-001
    outer loop
      vertex   -2.663267e+001 -8.130559e+000 6.891867e+001
      vertex   -2.529934e+001 -8.123190e+000 6.892127e+001
      vertex   -2.663267e+001 -8.063210e+000 6.893671e+001
    endloop
  endfacet
  facet normal 2.239041e-004 -2.446484e-001 9.696118e-001
    outer loop
      vertex   -2.663267e+001 -8.063210e+000 6.893671e+001
      vertex   -2.529934e+001 -8.123190e+000 6.892127e+001
      vertex   -2.529934e+001 -8.059359e+000 6.893738e+001
    endloop
  endfacet
  facet normal -2.440437e-004 -8.720919e-002 9.961900e-001
    outer loop
      vertex   -2.663267e+001 -8.063210e+000 6.893671e+001
      vertex   -2.529934e+001 -8.059359e+000 6.893738e+001
      vertex   -2.663267e+001 -7.993751e+000 6.894279e+001
    endloop
  endfacet
  facet normal 0.000000e+000 -8.228416e-002 9.966089e-001
    outer loop
      vertex   -2.663267e+001 -7.993751e+000 6.894279e+001
      vertex   -2.529934e+001 -8.059359e+000 6.893738e+001
      vertex   -2.529934e+001 -7.993751e+000 6.894279e+001
    endloop
  endfacet
  facet normal -0.000000e+000 8.228416e-002 9.966089e-001
    outer loop
      vertex   -2.663267e+001 -7.993751e+000 6.894279e+001
      vertex   -2.529934e+001 -7.993751e+000 6.894279e+001
      vertex   -2.529934e+001 -7.928143e+000 6.893738e+001
    endloop
  endfacet
  facet normal -2.440143e-004 8.720860e-002 9.961901e-001
    outer loop
      vertex   -2.663267e+001 -7.993751e+000 6.894279e+001
      vertex   -2.529934e+001 -7.928143e+000 6.893738e+001
      vertex   -2.663267e+001 -7.924291e+000 6.893671e+001
    endloop
  endfacet
  facet normal 2.239916e-004 2.446484e-001 9.696118e-001
    outer loop
      vertex   -2.663267e+001 -7.924291e+000 6.893671e+001
      vertex   -2.529934e+001 -7.928143e+000 6.893738e+001
      vertex   -2.529934e+001 -7.864311e+000 6.892127e+001
    endloop
  endfacet
  facet normal -4.545868e-004 2.587862e-001 9.659345e-001
    outer loop
      vertex   -2.663267e+001 -7.924291e+000 6.893671e+001
      vertex   -2.529934e+001 -7.864311e+000 6.892127e+001
      vertex   -2.663267e+001 -7.856943e+000 6.891867e+001
    endloop
  endfacet
  facet normal 4.248132e-004 4.004019e-001 9.163395e-001
    outer loop
      vertex   -2.663267e+001 -7.856943e+000 6.891867e+001
      vertex   -2.529934e+001 -7.864311e+000 6.892127e+001
      vertex   -2.529934e+001 -7.803986e+000 6.889491e+001
    endloop
  endfacet
  facet normal -6.351020e-004 4.225930e-001 9.063194e-001
    outer loop
      vertex   -2.663267e+001 -7.856943e+000 6.891867e+001
      vertex   -2.529934e+001 -7.803986e+000 6.889491e+001
      vertex   -2.663267e+001 -7.793751e+000 6.888921e+001
    endloop
  endfacet
  facet normal 5.978657e-004 5.452642e-001 8.382640e-001
    outer loop
      vertex   -2.663267e+001 -7.793751e+000 6.888921e+001
      vertex   -2.529934e+001 -7.803986e+000 6.889491e+001
      vertex   -2.529934e+001 -7.748801e+000 6.885902e+001
    endloop
  endfacet
  facet normal -7.897668e-004 5.735847e-001 8.191459e-001
    outer loop
      vertex   -2.663267e+001 -7.793751e+000 6.888921e+001
      vertex   -2.529934e+001 -7.748801e+000 6.885902e+001
      vertex   -2.663267e+001 -7.736636e+000 6.884921e+001
    endloop
  endfacet
  facet normal 7.387501e-004 6.753297e-001 7.375156e-001
    outer loop
      vertex   -2.663267e+001 -7.736636e+000 6.884921e+001
      vertex   -2.529934e+001 -7.748801e+000 6.885902e+001
      vertex   -2.529934e+001 -7.700251e+000 6.881456e+001
    endloop
  endfacet
  facet normal -9.179888e-004 7.070928e-001 7.071202e-001
    outer loop
      vertex   -2.663267e+001 -7.736636e+000 6.884921e+001
      vertex   -2.529934e+001 -7.700251e+000 6.881456e+001
      vertex   -2.663267e+001 -7.687333e+000 6.879991e+001
    endloop
  endfacet
  facet normal 8.505717e-004 7.871588e-001 6.167497e-001
    outer loop
      vertex   -2.663267e+001 -7.687333e+000 6.879991e+001
      vertex   -2.529934e+001 -7.700251e+000 6.881456e+001
      vertex   -2.529934e+001 -7.659650e+000 6.876274e+001
    endloop
  endfacet
  facet normal -1.019055e-003 8.191814e-001 5.735337e-001
    outer loop
      vertex   -2.663267e+001 -7.687333e+000 6.879991e+001
      vertex   -2.529934e+001 -7.659650e+000 6.876274e+001
      vertex   -2.663267e+001 -7.647340e+000 6.874279e+001
    endloop
  endfacet
  facet normal 9.313257e-004 8.776656e-001 4.792726e-001
    outer loop
      vertex   -2.663267e+001 -7.647340e+000 6.874279e+001
      vertex   -2.529934e+001 -7.659650e+000 6.876274e+001
      vertex   -2.529934e+001 -7.628099e+000 6.870496e+001
    endloop
  endfacet
  facet normal -1.088374e-003 9.062951e-001 4.226441e-001
    outer loop
      vertex   -2.663267e+001 -7.647340e+000 6.874279e+001
      vertex   -2.529934e+001 -7.628099e+000 6.870496e+001
      vertex   -2.663267e+001 -7.617874e+000 6.867960e+001
    endloop
  endfacet
  facet normal -0.000000e+000 8.720861e-002 9.961901e-001
    outer loop
      vertex   -2.796601e+001 -7.993751e+000 6.894279e+001
      vertex   -2.663267e+001 -7.993751e+000 6.894279e+001
      vertex   -2.796601e+001 -7.924291e+000 6.893671e+001
    endloop
  endfacet
  facet normal -0.000000e+000 8.720861e-002 9.961901e-001
    outer loop
      vertex   -2.796601e+001 -7.924291e+000 6.893671e+001
      vertex   -2.663267e+001 -7.993751e+000 6.894279e+001
      vertex   -2.663267e+001 -7.924291e+000 6.893671e+001
    endloop
  endfacet
  facet normal -0.000000e+000 2.587862e-001 9.659346e-001
    outer loop
      vertex   -2.796601e+001 -7.924291e+000 6.893671e+001
      vertex   -2.663267e+001 -7.924291e+000 6.893671e+001
      vertex   -2.796601e+001 -7.856943e+000 6.891867e+001
    endloop
  endfacet
  facet normal -0.000000e+000 2.587862e-001 9.659346e-001
    outer loop
      vertex   -2.796601e+001 -7.856943e+000 6.891867e+001
      vertex   -2.663267e+001 -7.924291e+000 6.893671e+001
      vertex   -2.663267e+001 -7.856943e+000 6.891867e+001
    endloop
  endfacet
  facet normal -0.000000e+000 4.225930e-001 9.063196e-001
    outer loop
      vertex   -2.796601e+001 -7.856943e+000 6.891867e+001
      vertex   -2.663267e+001 -7.856943e+000 6.891867e+001
      vertex   -2.796601e+001 -7.793751e+000 6.888921e+001
    endloop
  endfacet
  facet normal -0.000000e+000 4.225930e-001 9.063196e-001
    outer loop
      vertex   -2.796601e+001 -7.793751e+000 6.888921e+001
      vertex   -2.663267e+001 -7.856943e+000 6.891867e+001
      vertex   -2.663267e+001 -7.793751e+000 6.888921e+001
    endloop
  endfacet
  facet normal -0.000000e+000 5.735849e-001 8.191462e-001
    outer loop
      vertex   -2.796601e+001 -7.793751e+000 6.888921e+001
      vertex   -2.663267e+001 -7.793751e+000 6.888921e+001
      vertex   -2.796601e+001 -7.736636e+000 6.884921e+001
    endloop
  endfacet
  facet normal -0.000000e+000 5.735849e-001 8.191462e-001
    outer loop
      vertex   -2.796601e+001 -7.736636e+000 6.884921e+001
      vertex   -2.663267e+001 -7.793751e+000 6.888921e+001
      vertex   -2.663267e+001 -7.736636e+000 6.884921e+001
    endloop
  endfacet
  facet normal -0.000000e+000 7.070931e-001 7.071205e-001
    outer loop
      vertex   -2.796601e+001 -7.736636e+000 6.884921e+001
      vertex   -2.663267e+001 -7.736636e+000 6.884921e+001
      vertex   -2.796601e+001 -7.687333e+000 6.879991e+001
    endloop
  endfacet
  facet normal -0.000000e+000 7.070931e-001 7.071205e-001
    outer loop
      vertex   -2.796601e+001 -7.687333e+000 6.879991e+001
      vertex   -2.663267e+001 -7.736636e+000 6.884921e+001
      vertex   -2.663267e+001 -7.687333e+000 6.879991e+001
    endloop
  endfacet
  facet normal -0.000000e+000 8.191818e-001 5.735340e-001
    outer loop
      vertex   -2.796601e+001 -7.687333e+000 6.879991e+001
      vertex   -2.663267e+001 -7.687333e+000 6.879991e+001
      vertex   -2.796601e+001 -7.647340e+000 6.874279e+001
    endloop
  endfacet
  facet normal -0.000000e+000 8.191818e-001 5.735340e-001
    outer loop
      vertex   -2.796601e+001 -7.647340e+000 6.874279e+001
      vertex   -2.663267e+001 -7.687333e+000 6.879991e+001
      vertex   -2.663267e+001 -7.647340e+000 6.874279e+001
    endloop
  endfacet
  facet normal -0.000000e+000 9.062957e-001 4.226443e-001
    outer loop
      vertex   -2.796601e+001 -7.647340e+000 6.874279e+001
      vertex   -2.663267e+001 -7.647340e+000 6.874279e+001
      vertex   -2.796601e+001 -7.617874e+000 6.867960e+001
    endloop
  endfacet
  facet normal -0.000000e+000 9.062957e-001 4.226443e-001
    outer loop
      vertex   -2.796601e+001 -7.617874e+000 6.867960e+001
      vertex   -2.663267e+001 -7.647340e+000 6.874279e+001
      vertex   -2.663267e+001 -7.617874e+000 6.867960e+001
    endloop
  endfacet
  facet normal 0.000000e+000 -8.720920e-002 9.961900e-001
    outer loop
      vertex   -2.663267e+001 -7.993751e+000 6.894279e+001
      vertex   -2.796601e+001 -7.993751e+000 6.894279e+001
      vertex   -2.663267e+001 -8.063210e+000 6.893671e+001
    endloop
  endfacet
  facet normal 0.000000e+000 -8.720920e-002 9.961900e-001
    outer loop
      vertex   -2.663267e+001 -8.063210e+000 6.893671e+001
      vertex   -2.796601e+001 -7.993751e+000 6.894279e+001
      vertex   -2.796601e+001 -8.063210e+000 6.893671e+001
    endloop
  endfacet
  facet normal 0.000000e+000 -2.587828e-001 9.659355e-001
    outer loop
      vertex   -2.663267e+001 -8.063210e+000 6.893671e+001
      vertex   -2.796601e+001 -8.063210e+000 6.893671e+001
      vertex   -2.663267e+001 -8.130559e+000 6.891867e+001
    endloop
  endfacet
  facet normal 0.000000e+000 -2.587828e-001 9.659355e-001
    outer loop
      vertex   -2.663267e+001 -8.130559e+000 6.891867e+001
      vertex   -2.796601e+001 -8.063210e+000 6.893671e+001
      vertex   -2.796601e+001 -8.130559e+000 6.891867e+001
    endloop
  endfacet
  facet normal 0.000000e+000 -4.225956e-001 9.063183e-001
    outer loop
      vertex   -2.663267e+001 -8.130559e+000 6.891867e+001
      vertex   -2.796601e+001 -8.130559e+000 6.891867e+001
      vertex   -2.663267e+001 -8.193750e+000 6.888921e+001
    endloop
  endfacet
  facet normal 0.000000e+000 -4.225956e-001 9.063183e-001
    outer loop
      vertex   -2.663267e+001 -8.193750e+000 6.888921e+001
      vertex   -2.796601e+001 -8.130559e+000 6.891867e+001
      vertex   -2.796601e+001 -8.193750e+000 6.888921e+001
    endloop
  endfacet
  facet normal 0.000000e+000 -5.735817e-001 8.191484e-001
    outer loop
      vertex   -2.663267e+001 -8.193750e+000 6.888921e+001
      vertex   -2.796601e+001 -8.193750e+000 6.888921e+001
      vertex   -2.663267e+001 -8.250866e+000 6.884921e+001
    endloop
  endfacet
  facet normal 0.000000e+000 -5.735817e-001 8.191484e-001
    outer loop
      vertex   -2.663267e+001 -8.250866e+000 6.884921e+001
      vertex   -2.796601e+001 -8.193750e+000 6.888921e+001
      vertex   -2.796601e+001 -8.250866e+000 6.884921e+001
    endloop
  endfacet
  facet normal 0.000000e+000 -7.070999e-001 7.071136e-001
    outer loop
      vertex   -2.663267e+001 -8.250866e+000 6.884921e+001
      vertex   -2.796601e+001 -8.250866e+000 6.884921e+001
      vertex   -2.663267e+001 -8.300168e+000 6.879991e+001
    endloop
  endfacet
  facet normal 0.000000e+000 -7.070999e-001 7.071136e-001
    outer loop
      vertex   -2.663267e+001 -8.300168e+000 6.879991e+001
      vertex   -2.796601e+001 -8.250866e+000 6.884921e+001
      vertex   -2.796601e+001 -8.300168e+000 6.879991e+001
    endloop
  endfacet
  facet normal 0.000000e+000 -8.191818e-001 5.735340e-001
    outer loop
      vertex   -2.663267e+001 -8.300168e+000 6.879991e+001
      vertex   -2.796601e+001 -8.300168e+000 6.879991e+001
      vertex   -2.663267e+001 -8.340160e+000 6.874279e+001
    endloop
  endfacet
  facet normal 0.000000e+000 -8.191818e-001 5.735340e-001
    outer loop
      vertex   -2.663267e+001 -8.340160e+000 6.874279e+001
      vertex   -2.796601e+001 -8.300168e+000 6.879991e+001
      vertex   -2.796601e+001 -8.340160e+000 6.874279e+001
    endloop
  endfacet
  facet normal 0.000000e+000 -9.062904e-001 4.226556e-001
    outer loop
      vertex   -2.663267e+001 -8.340160e+000 6.874279e+001
      vertex   -2.796601e+001 -8.340160e+000 6.874279e+001
      vertex   -2.663267e+001 -8.369628e+000 6.867960e+001
    endloop
  endfacet
  facet normal 0.000000e+000 -9.062904e-001 4.226556e-001
    outer loop
      vertex   -2.663267e+001 -8.369628e+000 6.867960e+001
      vertex   -2.796601e+001 -8.340160e+000 6.874279e+001
      vertex   -2.796601e+001 -8.369628e+000 6.867960e+001
    endloop
  endfacet
  facet normal 1.000000e+000 0.000000e+000 0.000000e+000
    outer loop
      vertex   -2.529934e+001 -7.606452e+000 6.864279e+001
      vertex   -2.529934e+001 -7.628099e+000 6.870496e+001
      vertex   -2.529934e+001 -8.381049e+000 6.864279e+001
    endloop
  endfacet
  facet normal 1.000000e+000 0.000000e+000 0.000000e+000
    outer loop
      vertex   -2.529934e+001 -8.381049e+000 6.864279e+001
      vertex   -2.529934e+001 -7.628099e+000 6.870496e+001
      vertex   -2.529934e+001 -8.359403e+000 6.870496e+001
    endloop
  endfacet
  facet normal 1.000000e+000 0.000000e+000 0.000000e+000
    outer loop
      vertex   -2.529934e+001 -8.359403e+000 6.870496e+001
      vertex   -2.529934e+001 -7.628099e+000 6.870496e+001
      vertex   -2.529934e+001 -8.327851e+000 6.876274e+001
    endloop
  endfacet
  facet normal 1.000000e+000 -0.000000e+000 0.000000e+000
    outer loop
      vertex   -2.529934e+001 -8.327851e+000 6.876274e+001
      vertex   -2.529934e+001 -7.628099e+000 6.870496e+001
      vertex   -2.529934e+001 -7.659650e+000 6.876274e+001
    endloop
  endfacet
  facet normal 1.000000e+000 0.000000e+000 0.000000e+000
    outer loop
      vertex   -2.529934e+001 -8.327851e+000 6.876274e+001
      vertex   -2.529934e+001 -7.659650e+000 6.876274e+001
      vertex   -2.529934e+001 -8.287251e+000 6.881456e+001
    endloop
  endfacet
  facet normal 1.000000e+000 -0.000000e+000 0.000000e+000
    outer loop
      vertex   -2.529934e+001 -8.287251e+000 6.881456e+001
      vertex   -2.529934e+001 -7.659650e+000 6.876274e+001
      vertex   -2.529934e+001 -7.700251e+000 6.881456e+001
    endloop
  endfacet
  facet normal 1.000000e+000 0.000000e+000 0.000000e+000
    outer loop
      vertex   -2.529934e+001 -8.287251e+000 6.881456e+001
      vertex   -2.529934e+001 -7.700251e+000 6.881456e+001
      vertex   -2.529934e+001 -8.238700e+000 6.885902e+001
    endloop
  endfacet
  facet normal 1.000000e+000 -0.000000e+000 0.000000e+000
    outer loop
      vertex   -2.529934e+001 -8.238700e+000 6.885902e+001
      vertex   -2.529934e+001 -7.700251e+000 6.881456e+001
      vertex   -2.529934e+001 -7.748801e+000 6.885902e+001
    endloop
  endfacet
  facet normal 1.000000e+000 0.000000e+000 0.000000e+000
    outer loop
      vertex   -2.529934e+001 -8.238700e+000 6.885902e+001
      vertex   -2.529934e+001 -7.748801e+000 6.885902e+001
      vertex   -2.529934e+001 -8.183516e+000 6.889491e+001
    endloop
  endfacet
  facet normal 1.000000e+000 -0.000000e+000 0.000000e+000
    outer loop
      vertex   -2.529934e+001 -8.183516e+000 6.889491e+001
      vertex   -2.529934e+001 -7.748801e+000 6.885902e+001
      vertex   -2.529934e+001 -7.803986e+000 6.889491e+001
    endloop
  endfacet
  facet normal 1.000000e+000 0.000000e+000 0.000000e+000
    outer loop
      vertex   -2.529934e+001 -8.183516e+000 6.889491e+001
      vertex   -2.529934e+001 -7.803986e+000 6.889491e+001
      vertex   -2.529934e+001 -8.123190e+000 6.892127e+001
    endloop
  endfacet
  facet normal 1.000000e+000 -0.000000e+000 0.000000e+000
    outer loop
      vertex   -2.529934e+001 -8.123190e+000 6.892127e+001
      vertex   -2.529934e+001 -7.803986e+000 6.889491e+001
      vertex   -2.529934e+001 -7.864311e+000 6.892127e+001
    endloop
  endfacet
  facet normal 1.000000e+000 0.000000e+000 0.000000e+000
    outer loop
      vertex   -2.529934e+001 -8.123190e+000 6.892127e+001
      vertex   -2.529934e+001 -7.864311e+000 6.892127e+001
      vertex   -2.529934e+001 -8.059359e+000 6.893738e+001
    endloop
  endfacet
  facet normal 1.000000e+000 -0.000000e+000 0.000000e+000
    outer loop
      vertex   -2.529934e+001 -8.059359e+000 6.893738e+001
      vertex   -2.529934e+001 -7.864311e+000 6.892127e+001
      vertex   -2.529934e+001 -7.928143e+000 6.893738e+001
    endloop
  endfacet
  facet normal 1.000000e+000 0.000000e+000 0.000000e+000
    outer loop
      vertex   -2.529934e+001 -8.059359e+000 6.893738e+001
      vertex   -2.529934e+001 -7.928143e+000 6.893738e+001
      vertex   -2.529934e+001 -7.993751e+000 6.894279e+001
    endloop
  endfacet
  facet normal 0.000000e+000 0.000000e+000 -1.000000e+000
    outer loop
      vertex   -1.991062e+001 -9.609498e+000 5.904279e+001
      vertex   -2.529934e+001 -7.593750e+000 5.904279e+001
      vertex   -1.991062e+001 -6.378003e+000 5.904279e+001
    endloop
  endfacet
  facet normal 0.000000e+000 0.000000e+000 -1.000000e+000
    outer loop
      vertex   -1.991062e+001 -6.378003e+000 5.904279e+001
      vertex   -2.529934e+001 -7.593750e+000 5.904279e+001
      vertex   -2.929934e+001 -7.593750e+000 5.904279e+001
    endloop
  endfacet
  facet normal -0.000000e+000 0.000000e+000 -1.000000e+000
    outer loop
      vertex   -1.991062e+001 -6.378003e+000 5.904279e+001
      vertex   -2.929934e+001 -7.593750e+000 5.904279e+001
      vertex   -3.468806e+001 -6.378003e+000 5.904279e+001
    endloop
  endfacet
  facet normal 0.000000e+000 0.000000e+000 -1.000000e+000
    outer loop
      vertex   -3.468806e+001 -6.378003e+000 5.904279e+001
      vertex   -2.929934e+001 -7.593750e+000 5.904279e+001
      vertex   -3.468806e+001 -9.609498e+000 5.904279e+001
    endloop
  endfacet
  facet normal 0.000000e+000 0.000000e+000 -1.000000e+000
    outer loop
      vertex   -3.468806e+001 -9.609498e+000 5.904279e+001
      vertex   -2.929934e+001 -7.593750e+000 5.904279e+001
      vertex   -2.929934e+001 -8.393750e+000 5.904279e+001
    endloop
  endfacet
  facet normal 0.000000e+000 0.000000e+000 -1.000000e+000
    outer loop
      vertex   -3.468806e+001 -9.609498e+000 5.904279e+001
      vertex   -2.929934e+001 -8.393750e+000 5.904279e+001
      vertex   -2.529934e+001 -8.393750e+000 5.904279e+001
    endloop
  endfacet
  facet normal 0.000000e+000 0.000000e+000 -1.000000e+000
    outer loop
      vertex   -2.529934e+001 -7.593750e+000 5.904279e+001
      vertex   -1.991062e+001 -9.609498e+000 5.904279e+001
      vertex   -2.529934e+001 -8.393750e+000 5.904279e+001
    endloop
  endfacet
  facet normal 0.000000e+000 -0.000000e+000 -1.000000e+000
    outer loop
      vertex   -2.529934e+001 -8.393750e+000 5.904279e+001
      vertex   -1.991062e+001 -9.609498e+000 5.904279e+001
      vertex   -3.468806e+001 -9.609498e+000 5.904279e+001
    endloop
  endfacet
  facet normal -6.410020e-002 0.000000e+000 -9.979435e-001
    outer loop
      vertex   -2.059538e+001 -8.175856e+000 6.784279e+001
      vertex   -2.059538e+001 -6.378003e+000 6.784279e+001
      vertex   -2.055202e+001 -8.175856e+000 6.784000e+001
    endloop
  endfacet
  facet normal -6.410020e-002 0.000000e+000 -9.979435e-001
    outer loop
      vertex   -2.055202e+001 -8.175856e+000 6.784000e+001
      vertex   -2.059538e+001 -6.378003e+000 6.784279e+001
      vertex   -2.055202e+001 -6.378003e+000 6.784000e+001
    endloop
  endfacet
  facet normal -1.899923e-001 0.000000e+000 -9.817856e-001
    outer loop
      vertex   -2.055202e+001 -8.175856e+000 6.784000e+001
      vertex   -2.055202e+001 -6.378003e+000 6.784000e+001
      vertex   -2.050877e+001 -6.378003e+000 6.783163e+001
    endloop
  endfacet
  facet normal -1.899923e-001 -8.676221e-019 -9.817856e-001
    outer loop
      vertex   -2.055202e+001 -8.175856e+000 6.784000e+001
      vertex   -2.050877e+001 -6.378003e+000 6.783163e+001
      vertex   -2.050877e+001 -8.175856e+000 6.783163e+001
    endloop
  endfacet
  facet normal -3.076507e-001 0.000000e+000 -9.514993e-001
    outer loop
      vertex   -2.050877e+001 -8.175856e+000 6.783163e+001
      vertex   -2.050877e+001 -6.378003e+000 6.783163e+001
      vertex   -2.046573e+001 -6.378003e+000 6.781772e+001
    endloop
  endfacet
  facet normal -3.076507e-001 8.676363e-019 -9.514993e-001
    outer loop
      vertex   -2.050877e+001 -8.175856e+000 6.783163e+001
      vertex   -2.046573e+001 -6.378003e+000 6.781772e+001
      vertex   -2.046573e+001 -8.175856e+000 6.781772e+001
    endloop
  endfacet
  facet normal -4.141152e-001 0.000000e+000 -9.102245e-001
    outer loop
      vertex   -2.046573e+001 -8.175856e+000 6.781772e+001
      vertex   -2.046573e+001 -6.378003e+000 6.781772e+001
      vertex   -2.042301e+001 -6.378003e+000 6.779828e+001
    endloop
  endfacet
  facet normal -4.141152e-001 0.000000e+000 -9.102245e-001
    outer loop
      vertex   -2.046573e+001 -8.175856e+000 6.781772e+001
      vertex   -2.042301e+001 -6.378003e+000 6.779828e+001
      vertex   -2.042301e+001 -8.175856e+000 6.779828e+001
    endloop
  endfacet
  facet normal -5.073256e-001 0.000000e+000 -8.617544e-001
    outer loop
      vertex   -2.042301e+001 -8.175856e+000 6.779828e+001
      vertex   -2.042301e+001 -6.378003e+000 6.779828e+001
      vertex   -2.038069e+001 -6.378003e+000 6.777337e+001
    endloop
  endfacet
  facet normal -5.073256e-001 0.000000e+000 -8.617544e-001
    outer loop
      vertex   -2.042301e+001 -8.175856e+000 6.779828e+001
      vertex   -2.038069e+001 -6.378003e+000 6.777337e+001
      vertex   -2.038069e+001 -8.175856e+000 6.777337e+001
    endloop
  endfacet
  facet normal -5.873016e-001 0.000000e+000 -8.093681e-001
    outer loop
      vertex   -2.038069e+001 -8.175856e+000 6.777337e+001
      vertex   -2.038069e+001 -6.378003e+000 6.777337e+001
      vertex   -2.033890e+001 -8.175856e+000 6.774304e+001
    endloop
  endfacet
  facet normal -5.873016e-001 0.000000e+000 -8.093681e-001
    outer loop
      vertex   -2.033890e+001 -8.175856e+000 6.774304e+001
      vertex   -2.038069e+001 -6.378003e+000 6.777337e+001
      vertex   -2.033890e+001 -6.378003e+000 6.774304e+001
    endloop
  endfacet
  facet normal -6.841689e-001 0.000000e+000 -7.293236e-001
    outer loop
      vertex   -2.033890e+001 -8.175856e+000 6.774304e+001
      vertex   -2.033890e+001 -6.378003e+000 6.774304e+001
      vertex   -2.025726e+001 -6.378003e+000 6.766646e+001
    endloop
  endfacet
  facet normal -6.841689e-001 -3.476165e-018 -7.293236e-001
    outer loop
      vertex   -2.033890e+001 -8.175856e+000 6.774304e+001
      vertex   -2.025726e+001 -6.378003e+000 6.766646e+001
      vertex   -2.025726e+001 -8.175856e+000 6.766646e+001
    endloop
  endfacet
  facet normal -7.784022e-001 0.000000e+000 -6.277659e-001
    outer loop
      vertex   -2.025726e+001 -8.175856e+000 6.766646e+001
      vertex   -2.025726e+001 -6.378003e+000 6.766646e+001
      vertex   -2.017888e+001 -6.378003e+000 6.756927e+001
    endloop
  endfacet
  facet normal -7.784022e-001 0.000000e+000 -6.277659e-001
    outer loop
      vertex   -2.025726e+001 -8.175856e+000 6.766646e+001
      vertex   -2.017888e+001 -6.378003e+000 6.756927e+001
      vertex   -2.017888e+001 -8.175856e+000 6.756927e+001
    endloop
  endfacet
  facet normal -8.436791e-001 0.000000e+000 -5.368479e-001
    outer loop
      vertex   -2.017888e+001 -8.175856e+000 6.756927e+001
      vertex   -2.017888e+001 -6.378003e+000 6.756927e+001
      vertex   -2.010451e+001 -6.378003e+000 6.745239e+001
    endloop
  endfacet
  facet normal -8.436791e-001 0.000000e+000 -5.368479e-001
    outer loop
      vertex   -2.017888e+001 -8.175856e+000 6.756927e+001
      vertex   -2.010451e+001 -6.378003e+000 6.745239e+001
      vertex   -2.010451e+001 -8.175856e+000 6.745239e+001
    endloop
  endfacet
  facet normal -8.892839e-001 0.000000e+000 -4.573556e-001
    outer loop
      vertex   -2.010451e+001 -8.175856e+000 6.745239e+001
      vertex   -2.010451e+001 -6.378003e+000 6.745239e+001
      vertex   -2.003487e+001 -6.378003e+000 6.731698e+001
    endloop
  endfacet
  facet normal -8.892839e-001 0.000000e+000 -4.573556e-001
    outer loop
      vertex   -2.010451e+001 -8.175856e+000 6.745239e+001
      vertex   -2.003487e+001 -6.378003e+000 6.731698e+001
      vertex   -2.003487e+001 -8.175856e+000 6.731698e+001
    endloop
  endfacet
  facet normal -9.217097e-001 0.000000e+000 -3.878804e-001
    outer loop
      vertex   -2.003487e+001 -8.175856e+000 6.731698e+001
      vertex   -2.003487e+001 -6.378003e+000 6.731698e+001
      vertex   -1.997062e+001 -6.378003e+000 6.716431e+001
    endloop
  endfacet
  facet normal -9.217097e-001 -6.968279e-018 -3.878804e-001
    outer loop
      vertex   -2.003487e+001 -8.175856e+000 6.731698e+001
      vertex   -1.997062e+001 -6.378003e+000 6.716431e+001
      vertex   -1.997062e+001 -8.175856e+000 6.716431e+001
    endloop
  endfacet
  facet normal -9.451234e-001 0.000000e+000 -3.267136e-001
    outer loop
      vertex   -1.997062e+001 -8.175856e+000 6.716431e+001
      vertex   -1.997062e+001 -6.378003e+000 6.716431e+001
      vertex   -1.991239e+001 -6.378003e+000 6.699587e+001
    endloop
  endfacet
  facet normal -9.451234e-001 3.486452e-018 -3.267136e-001
    outer loop
      vertex   -1.997062e+001 -8.175856e+000 6.716431e+001
      vertex   -1.991239e+001 -6.378003e+000 6.699587e+001
      vertex   -1.991239e+001 -8.175856e+000 6.699587e+001
    endloop
  endfacet
  facet normal -9.622398e-001 0.000000e+000 -2.722031e-001
    outer loop
      vertex   -1.991239e+001 -8.175856e+000 6.699587e+001
      vertex   -1.991239e+001 -6.378003e+000 6.699587e+001
      vertex   -1.986074e+001 -6.378003e+000 6.681329e+001
    endloop
  endfacet
  facet normal -9.622398e-001 3.488717e-018 -2.722031e-001
    outer loop
      vertex   -1.991239e+001 -8.175856e+000 6.699587e+001
      vertex   -1.986074e+001 -6.378003e+000 6.681329e+001
      vertex   -1.986074e+001 -8.175856e+000 6.681329e+001
    endloop
  endfacet
  facet normal -9.748490e-001 0.000000e+000 -2.228665e-001
    outer loop
      vertex   -1.986074e+001 -8.175856e+000 6.681329e+001
      vertex   -1.986074e+001 -6.378003e+000 6.681329e+001
      vertex   -1.981617e+001 -6.378003e+000 6.661830e+001
    endloop
  endfacet
  facet normal -9.748490e-001 -3.490851e-018 -2.228665e-001
    outer loop
      vertex   -1.986074e+001 -8.175856e+000 6.681329e+001
      vertex   -1.981617e+001 -6.378003e+000 6.661830e+001
      vertex   -1.981617e+001 -8.175856e+000 6.661830e+001
    endloop
  endfacet
  facet normal -9.841163e-001 0.000000e+000 -1.775253e-001
    outer loop
      vertex   -1.981617e+001 -8.175856e+000 6.661830e+001
      vertex   -1.981617e+001 -6.378003e+000 6.661830e+001
      vertex   -1.977909e+001 -6.378003e+000 6.641280e+001
    endloop
  endfacet
  facet normal -9.841163e-001 0.000000e+000 -1.775253e-001
    outer loop
      vertex   -1.981617e+001 -8.175856e+000 6.661830e+001
      vertex   -1.977909e+001 -6.378003e+000 6.641280e+001
      vertex   -1.977909e+001 -8.175856e+000 6.641280e+001
    endloop
  endfacet
  facet normal -9.908150e-001 0.000000e+000 -1.352243e-001
    outer loop
      vertex   -1.977909e+001 -8.175856e+000 6.641280e+001
      vertex   -1.977909e+001 -6.378003e+000 6.641280e+001
      vertex   -1.974988e+001 -6.378003e+000 6.619876e+001
    endloop
  endfacet
  facet normal -9.908150e-001 3.494401e-018 -1.352243e-001
    outer loop
      vertex   -1.977909e+001 -8.175856e+000 6.641280e+001
      vertex   -1.974988e+001 -6.378003e+000 6.619876e+001
      vertex   -1.974988e+001 -8.175856e+000 6.619876e+001
    endloop
  endfacet
  facet normal -9.954670e-001 0.000000e+000 -9.510732e-002
    outer loop
      vertex   -1.974988e+001 -8.175856e+000 6.619876e+001
      vertex   -1.974988e+001 -6.378003e+000 6.619876e+001
      vertex   -1.972882e+001 -6.378003e+000 6.597824e+001
    endloop
  endfacet
  facet normal -9.954670e-001 0.000000e+000 -9.510732e-002
    outer loop
      vertex   -1.974988e+001 -8.175856e+000 6.619876e+001
      vertex   -1.972882e+001 -6.378003e+000 6.597824e+001
      vertex   -1.972882e+001 -8.175856e+000 6.597824e+001
    endloop
  endfacet
  facet normal -9.984034e-001 0.000000e+000 -5.648687e-002
    outer loop
      vertex   -1.972882e+001 -8.175856e+000 6.597824e+001
      vertex   -1.972882e+001 -6.378003e+000 6.597824e+001
      vertex   -1.971609e+001 -6.378003e+000 6.575338e+001
    endloop
  endfacet
  facet normal -9.984034e-001 8.741410e-019 -5.648687e-002
    outer loop
      vertex   -1.972882e+001 -8.175856e+000 6.597824e+001
      vertex   -1.971609e+001 -6.378003e+000 6.575338e+001
      vertex   -1.971609e+001 -8.175856e+000 6.575338e+001
    endloop
  endfacet
  facet normal -9.998246e-001 0.000000e+000 -1.872928e-002
    outer loop
      vertex   -1.971609e+001 -8.175856e+000 6.575338e+001
      vertex   -1.971609e+001 -6.378003e+000 6.575338e+001
      vertex   -1.971184e+001 -6.378003e+000 6.552632e+001
    endloop
  endfacet
  facet normal -9.998246e-001 0.000000e+000 -1.872928e-002
    outer loop
      vertex   -1.971609e+001 -8.175856e+000 6.575338e+001
      vertex   -1.971184e+001 -6.378003e+000 6.552632e+001
      vertex   -1.971184e+001 -8.175856e+000 6.552632e+001
    endloop
  endfacet
  facet normal 0.000000e+000 0.000000e+000 -1.000000e+000
    outer loop
      vertex   -3.400330e+001 -6.378003e+000 6.784279e+001
      vertex   -2.059538e+001 -6.378003e+000 6.784279e+001
      vertex   -3.400330e+001 -8.175856e+000 6.784279e+001
    endloop
  endfacet
  facet normal 0.000000e+000 0.000000e+000 -1.000000e+000
    outer loop
      vertex   -3.400330e+001 -8.175856e+000 6.784279e+001
      vertex   -2.059538e+001 -6.378003e+000 6.784279e+001
      vertex   -2.059538e+001 -8.175856e+000 6.784279e+001
    endloop
  endfacet
  facet normal 9.998246e-001 0.000000e+000 -1.872928e-002
    outer loop
      vertex   -3.488684e+001 -6.378003e+000 6.552632e+001
      vertex   -3.488258e+001 -6.378003e+000 6.575338e+001
      vertex   -3.488684e+001 -8.175856e+000 6.552632e+001
    endloop
  endfacet
  facet normal 9.998246e-001 0.000000e+000 -1.872928e-002
    outer loop
      vertex   -3.488684e+001 -8.175856e+000 6.552632e+001
      vertex   -3.488258e+001 -6.378003e+000 6.575338e+001
      vertex   -3.488258e+001 -8.175856e+000 6.575338e+001
    endloop
  endfacet
  facet normal 9.984034e-001 0.000000e+000 -5.648687e-002
    outer loop
      vertex   -3.488258e+001 -8.175856e+000 6.575338e+001
      vertex   -3.488258e+001 -6.378003e+000 6.575338e+001
      vertex   -3.486986e+001 -6.378003e+000 6.597824e+001
    endloop
  endfacet
  facet normal 9.984034e-001 -8.741410e-019 -5.648687e-002
    outer loop
      vertex   -3.488258e+001 -8.175856e+000 6.575338e+001
      vertex   -3.486986e+001 -6.378003e+000 6.597824e+001
      vertex   -3.486986e+001 -8.175856e+000 6.597824e+001
    endloop
  endfacet
  facet normal 9.954670e-001 0.000000e+000 -9.510732e-002
    outer loop
      vertex   -3.486986e+001 -8.175856e+000 6.597824e+001
      vertex   -3.486986e+001 -6.378003e+000 6.597824e+001
      vertex   -3.484879e+001 -6.378003e+000 6.619876e+001
    endloop
  endfacet
  facet normal 9.954670e-001 0.000000e+000 -9.510732e-002
    outer loop
      vertex   -3.486986e+001 -8.175856e+000 6.597824e+001
      vertex   -3.484879e+001 -6.378003e+000 6.619876e+001
      vertex   -3.484879e+001 -8.175856e+000 6.619876e+001
    endloop
  endfacet
  facet normal 9.908162e-001 0.000000e+000 -1.352157e-001
    outer loop
      vertex   -3.484879e+001 -8.175856e+000 6.619876e+001
      vertex   -3.484879e+001 -6.378003e+000 6.619876e+001
      vertex   -3.481958e+001 -6.378003e+000 6.641280e+001
    endloop
  endfacet
  facet normal 9.908162e-001 -3.494401e-018 -1.352157e-001
    outer loop
      vertex   -3.484879e+001 -8.175856e+000 6.619876e+001
      vertex   -3.481958e+001 -6.378003e+000 6.641280e+001
      vertex   -3.481958e+001 -8.175856e+000 6.641280e+001
    endloop
  endfacet
  facet normal 9.841163e-001 0.000000e+000 -1.775253e-001
    outer loop
      vertex   -3.481958e+001 -8.175856e+000 6.641280e+001
      vertex   -3.481958e+001 -6.378003e+000 6.641280e+001
      vertex   -3.478251e+001 -6.378003e+000 6.661830e+001
    endloop
  endfacet
  facet normal 9.841163e-001 0.000000e+000 -1.775253e-001
    outer loop
      vertex   -3.481958e+001 -8.175856e+000 6.641280e+001
      vertex   -3.478251e+001 -6.378003e+000 6.661830e+001
      vertex   -3.478251e+001 -8.175856e+000 6.661830e+001
    endloop
  endfacet
  facet normal 9.748469e-001 0.000000e+000 -2.228756e-001
    outer loop
      vertex   -3.478251e+001 -8.175856e+000 6.661830e+001
      vertex   -3.478251e+001 -6.378003e+000 6.661830e+001
      vertex   -3.473793e+001 -6.378003e+000 6.681329e+001
    endloop
  endfacet
  facet normal 9.748469e-001 0.000000e+000 -2.228756e-001
    outer loop
      vertex   -3.478251e+001 -8.175856e+000 6.661830e+001
      vertex   -3.473793e+001 -6.378003e+000 6.681329e+001
      vertex   -3.473793e+001 -8.175856e+000 6.681329e+001
    endloop
  endfacet
  facet normal 9.622451e-001 0.000000e+000 -2.721845e-001
    outer loop
      vertex   -3.473793e+001 -8.175856e+000 6.681329e+001
      vertex   -3.473793e+001 -6.378003e+000 6.681329e+001
      vertex   -3.468629e+001 -6.378003e+000 6.699587e+001
    endloop
  endfacet
  facet normal 9.622451e-001 3.488717e-018 -2.721845e-001
    outer loop
      vertex   -3.473793e+001 -8.175856e+000 6.681329e+001
      vertex   -3.468629e+001 -6.378003e+000 6.699587e+001
      vertex   -3.468629e+001 -8.175856e+000 6.699587e+001
    endloop
  endfacet
  facet normal 9.451168e-001 0.000000e+000 -3.267327e-001
    outer loop
      vertex   -3.468629e+001 -8.175856e+000 6.699587e+001
      vertex   -3.468629e+001 -6.378003e+000 6.699587e+001
      vertex   -3.462806e+001 -6.378003e+000 6.716431e+001
    endloop
  endfacet
  facet normal 9.451168e-001 3.486453e-018 -3.267327e-001
    outer loop
      vertex   -3.468629e+001 -8.175856e+000 6.699587e+001
      vertex   -3.462806e+001 -6.378003e+000 6.716431e+001
      vertex   -3.462806e+001 -8.175856e+000 6.716431e+001
    endloop
  endfacet
  facet normal 9.217138e-001 0.000000e+000 -3.878706e-001
    outer loop
      vertex   -3.462806e+001 -8.175856e+000 6.716431e+001
      vertex   -3.462806e+001 -6.378003e+000 6.716431e+001
      vertex   -3.456381e+001 -6.378003e+000 6.731698e+001
    endloop
  endfacet
  facet normal 9.217138e-001 -6.968278e-018 -3.878706e-001
    outer loop
      vertex   -3.462806e+001 -8.175856e+000 6.716431e+001
      vertex   -3.456381e+001 -6.378003e+000 6.731698e+001
      vertex   -3.456381e+001 -8.175856e+000 6.731698e+001
    endloop
  endfacet
  facet normal 8.892788e-001 0.000000e+000 -4.573656e-001
    outer loop
      vertex   -3.456381e+001 -8.175856e+000 6.731698e+001
      vertex   -3.456381e+001 -6.378003e+000 6.731698e+001
      vertex   -3.449417e+001 -6.378003e+000 6.745239e+001
    endloop
  endfacet
  facet normal 8.892788e-001 0.000000e+000 -4.573656e-001
    outer loop
      vertex   -3.456381e+001 -8.175856e+000 6.731698e+001
      vertex   -3.449417e+001 -6.378003e+000 6.745239e+001
      vertex   -3.449417e+001 -8.175856e+000 6.745239e+001
    endloop
  endfacet
  facet normal 8.436853e-001 0.000000e+000 -5.368381e-001
    outer loop
      vertex   -3.449417e+001 -8.175856e+000 6.745239e+001
      vertex   -3.449417e+001 -6.378003e+000 6.745239e+001
      vertex   -3.441980e+001 -6.378003e+000 6.756927e+001
    endloop
  endfacet
  facet normal 8.436853e-001 -6.959462e-018 -5.368381e-001
    outer loop
      vertex   -3.449417e+001 -8.175856e+000 6.745239e+001
      vertex   -3.441980e+001 -6.378003e+000 6.756927e+001
      vertex   -3.441980e+001 -8.175856e+000 6.756927e+001
    endloop
  endfacet
  facet normal 7.783948e-001 0.000000e+000 -6.277751e-001
    outer loop
      vertex   -3.441980e+001 -8.175856e+000 6.756927e+001
      vertex   -3.441980e+001 -6.378003e+000 6.756927e+001
      vertex   -3.434142e+001 -6.378003e+000 6.766646e+001
    endloop
  endfacet
  facet normal 7.783948e-001 0.000000e+000 -6.277751e-001
    outer loop
      vertex   -3.441980e+001 -8.175856e+000 6.756927e+001
      vertex   -3.434142e+001 -6.378003e+000 6.766646e+001
      vertex   -3.434142e+001 -8.175856e+000 6.766646e+001
    endloop
  endfacet
  facet normal 6.841689e-001 0.000000e+000 -7.293236e-001
    outer loop
      vertex   -3.434142e+001 -8.175856e+000 6.766646e+001
      vertex   -3.434142e+001 -6.378003e+000 6.766646e+001
      vertex   -3.425978e+001 -6.378003e+000 6.774304e+001
    endloop
  endfacet
  facet normal 6.841689e-001 3.476165e-018 -7.293236e-001
    outer loop
      vertex   -3.434142e+001 -8.175856e+000 6.766646e+001
      vertex   -3.425978e+001 -6.378003e+000 6.774304e+001
      vertex   -3.425978e+001 -8.175856e+000 6.774304e+001
    endloop
  endfacet
  facet normal 5.873016e-001 0.000000e+000 -8.093681e-001
    outer loop
      vertex   -3.425978e+001 -8.175856e+000 6.774304e+001
      vertex   -3.425978e+001 -6.378003e+000 6.774304e+001
      vertex   -3.421798e+001 -6.378003e+000 6.777337e+001
    endloop
  endfacet
  facet normal 5.873016e-001 0.000000e+000 -8.093681e-001
    outer loop
      vertex   -3.425978e+001 -8.175856e+000 6.774304e+001
      vertex   -3.421798e+001 -6.378003e+000 6.777337e+001
      vertex   -3.421798e+001 -8.175856e+000 6.777337e+001
    endloop
  endfacet
  facet normal 5.073256e-001 0.000000e+000 -8.617544e-001
    outer loop
      vertex   -3.421798e+001 -8.175856e+000 6.777337e+001
      vertex   -3.421798e+001 -6.378003e+000 6.777337e+001
      vertex   -3.417567e+001 -6.378003e+000 6.779828e+001
    endloop
  endfacet
  facet normal 5.073256e-001 0.000000e+000 -8.617544e-001
    outer loop
      vertex   -3.421798e+001 -8.175856e+000 6.777337e+001
      vertex   -3.417567e+001 -6.378003e+000 6.779828e+001
      vertex   -3.417567e+001 -8.175856e+000 6.779828e+001
    endloop
  endfacet
  facet normal 4.141152e-001 0.000000e+000 -9.102245e-001
    outer loop
      vertex   -3.417567e+001 -8.175856e+000 6.779828e+001
      vertex   -3.417567e+001 -6.378003e+000 6.779828e+001
      vertex   -3.413294e+001 -6.378003e+000 6.781772e+001
    endloop
  endfacet
  facet normal 4.141152e-001 0.000000e+000 -9.102245e-001
    outer loop
      vertex   -3.417567e+001 -8.175856e+000 6.779828e+001
      vertex   -3.413294e+001 -6.378003e+000 6.781772e+001
      vertex   -3.413294e+001 -8.175856e+000 6.781772e+001
    endloop
  endfacet
  facet normal 3.076631e-001 0.000000e+000 -9.514953e-001
    outer loop
      vertex   -3.413294e+001 -8.175856e+000 6.781772e+001
      vertex   -3.413294e+001 -6.378003e+000 6.781772e+001
      vertex   -3.408990e+001 -8.175856e+000 6.783163e+001
    endloop
  endfacet
  facet normal 3.076631e-001 0.000000e+000 -9.514953e-001
    outer loop
      vertex   -3.408990e+001 -8.175856e+000 6.783163e+001
      vertex   -3.413294e+001 -6.378003e+000 6.781772e+001
      vertex   -3.408990e+001 -6.378003e+000 6.783163e+001
    endloop
  endfacet
  facet normal 1.899842e-001 0.000000e+000 -9.817871e-001
    outer loop
      vertex   -3.408990e+001 -8.175856e+000 6.783163e+001
      vertex   -3.408990e+001 -6.378003e+000 6.783163e+001
      vertex   -3.404665e+001 -6.378003e+000 6.784000e+001
    endloop
  endfacet
  facet normal 1.899842e-001 -8.676221e-019 -9.817871e-001
    outer loop
      vertex   -3.408990e+001 -8.175856e+000 6.783163e+001
      vertex   -3.404665e+001 -6.378003e+000 6.784000e+001
      vertex   -3.404665e+001 -8.175856e+000 6.784000e+001
    endloop
  endfacet
  facet normal 6.410020e-002 0.000000e+000 -9.979435e-001
    outer loop
      vertex   -3.404665e+001 -8.175856e+000 6.784000e+001
      vertex   -3.404665e+001 -6.378003e+000 6.784000e+001
      vertex   -3.400330e+001 -6.378003e+000 6.784279e+001
    endloop
  endfacet
  facet normal 6.410020e-002 -2.169037e-019 -9.979435e-001
    outer loop
      vertex   -3.404665e+001 -8.175856e+000 6.784000e+001
      vertex   -3.400330e+001 -6.378003e+000 6.784279e+001
      vertex   -3.400330e+001 -8.175856e+000 6.784279e+001
    endloop
  endfacet
  facet normal 1.000000e+000 0.000000e+000 -0.000000e+000
    outer loop
      vertex   -3.488684e+001 -6.378003e+000 6.215926e+001
      vertex   -3.488684e+001 -6.378003e+000 6.552632e+001
      vertex   -3.488684e+001 -8.175856e+000 6.215926e+001
    endloop
  endfacet
  facet normal 1.000000e+000 0.000000e+000 0.000000e+000
    outer loop
      vertex   -3.488684e+001 -8.175856e+000 6.215926e+001
      vertex   -3.488684e+001 -6.378003e+000 6.552632e+001
      vertex   -3.488684e+001 -8.175856e+000 6.552632e+001
    endloop
  endfacet
  facet normal -9.998246e-001 0.000000e+000 1.872991e-002
    outer loop
      vertex   -1.971184e+001 -6.378003e+000 6.215926e+001
      vertex   -1.971609e+001 -6.378003e+000 6.193221e+001
      vertex   -1.971184e+001 -8.175856e+000 6.215926e+001
    endloop
  endfacet
  facet normal -9.998246e-001 0.000000e+000 1.872991e-002
    outer loop
      vertex   -1.971184e+001 -8.175856e+000 6.215926e+001
      vertex   -1.971609e+001 -6.378003e+000 6.193221e+001
      vertex   -1.971609e+001 -8.175856e+000 6.193221e+001
    endloop
  endfacet
  facet normal -9.984034e-001 0.000000e+000 5.648496e-002
    outer loop
      vertex   -1.971609e+001 -8.175856e+000 6.193221e+001
      vertex   -1.971609e+001 -6.378003e+000 6.193221e+001
      vertex   -1.972882e+001 -6.378003e+000 6.170734e+001
    endloop
  endfacet
  facet normal -9.984034e-001 0.000000e+000 5.648496e-002
    outer loop
      vertex   -1.971609e+001 -8.175856e+000 6.193221e+001
      vertex   -1.972882e+001 -6.378003e+000 6.170734e+001
      vertex   -1.972882e+001 -8.175856e+000 6.170734e+001
    endloop
  endfacet
  facet normal -9.954667e-001 0.000000e+000 9.511059e-002
    outer loop
      vertex   -1.972882e+001 -8.175856e+000 6.170734e+001
      vertex   -1.972882e+001 -6.378003e+000 6.170734e+001
      vertex   -1.974988e+001 -6.378003e+000 6.148682e+001
    endloop
  endfacet
  facet normal -9.954667e-001 0.000000e+000 9.511059e-002
    outer loop
      vertex   -1.972882e+001 -8.175856e+000 6.170734e+001
      vertex   -1.974988e+001 -6.378003e+000 6.148682e+001
      vertex   -1.974988e+001 -8.175856e+000 6.148682e+001
    endloop
  endfacet
  facet normal -9.908153e-001 0.000000e+000 1.352219e-001
    outer loop
      vertex   -1.974988e+001 -8.175856e+000 6.148682e+001
      vertex   -1.974988e+001 -6.378003e+000 6.148682e+001
      vertex   -1.977909e+001 -6.378003e+000 6.127279e+001
    endloop
  endfacet
  facet normal -9.908153e-001 -3.494402e-018 1.352219e-001
    outer loop
      vertex   -1.974988e+001 -8.175856e+000 6.148682e+001
      vertex   -1.977909e+001 -6.378003e+000 6.127279e+001
      vertex   -1.977909e+001 -8.175856e+000 6.127279e+001
    endloop
  endfacet
  facet normal -9.841157e-001 0.000000e+000 1.775285e-001
    outer loop
      vertex   -1.977909e+001 -8.175856e+000 6.127279e+001
      vertex   -1.977909e+001 -6.378003e+000 6.127279e+001
      vertex   -1.981617e+001 -6.378003e+000 6.106728e+001
    endloop
  endfacet
  facet normal -9.841157e-001 0.000000e+000 1.775285e-001
    outer loop
      vertex   -1.977909e+001 -8.175856e+000 6.127279e+001
      vertex   -1.981617e+001 -6.378003e+000 6.106728e+001
      vertex   -1.981617e+001 -8.175856e+000 6.106728e+001
    endloop
  endfacet
  facet normal -9.748490e-001 0.000000e+000 2.228665e-001
    outer loop
      vertex   -1.981617e+001 -8.175856e+000 6.106728e+001
      vertex   -1.981617e+001 -6.378003e+000 6.106728e+001
      vertex   -1.986074e+001 -6.378003e+000 6.087230e+001
    endloop
  endfacet
  facet normal -9.748490e-001 3.490851e-018 2.228665e-001
    outer loop
      vertex   -1.981617e+001 -8.175856e+000 6.106728e+001
      vertex   -1.986074e+001 -6.378003e+000 6.087230e+001
      vertex   -1.986074e+001 -8.175856e+000 6.087230e+001
    endloop
  endfacet
  facet normal -9.622428e-001 0.000000e+000 2.721925e-001
    outer loop
      vertex   -1.986074e+001 -8.175856e+000 6.087230e+001
      vertex   -1.986074e+001 -6.378003e+000 6.087230e+001
      vertex   -1.991239e+001 -6.378003e+000 6.068970e+001
    endloop
  endfacet
  facet normal -9.622428e-001 0.000000e+000 2.721925e-001
    outer loop
      vertex   -1.986074e+001 -8.175856e+000 6.087230e+001
      vertex   -1.991239e+001 -6.378003e+000 6.068970e+001
      vertex   -1.991239e+001 -8.175856e+000 6.068970e+001
    endloop
  endfacet
  facet normal -9.451211e-001 0.000000e+000 3.267201e-001
    outer loop
      vertex   -1.991239e+001 -8.175856e+000 6.068970e+001
      vertex   -1.991239e+001 -6.378003e+000 6.068970e+001
      vertex   -1.997062e+001 -6.378003e+000 6.052127e+001
    endloop
  endfacet
  facet normal -9.451211e-001 6.972903e-018 3.267201e-001
    outer loop
      vertex   -1.991239e+001 -8.175856e+000 6.068970e+001
      vertex   -1.997062e+001 -6.378003e+000 6.052127e+001
      vertex   -1.997062e+001 -8.175856e+000 6.052127e+001
    endloop
  endfacet
  facet normal -9.217097e-001 0.000000e+000 3.878804e-001
    outer loop
      vertex   -1.997062e+001 -8.175856e+000 6.052127e+001
      vertex   -1.997062e+001 -6.378003e+000 6.052127e+001
      vertex   -2.003487e+001 -6.378003e+000 6.036860e+001
    endloop
  endfacet
  facet normal -9.217097e-001 6.968279e-018 3.878804e-001
    outer loop
      vertex   -1.997062e+001 -8.175856e+000 6.052127e+001
      vertex   -2.003487e+001 -6.378003e+000 6.036860e+001
      vertex   -2.003487e+001 -8.175856e+000 6.036860e+001
    endloop
  endfacet
  facet normal -8.892891e-001 0.000000e+000 4.573455e-001
    outer loop
      vertex   -2.003487e+001 -8.175856e+000 6.036860e+001
      vertex   -2.003487e+001 -6.378003e+000 6.036860e+001
      vertex   -2.010451e+001 -6.378003e+000 6.023318e+001
    endloop
  endfacet
  facet normal -8.892891e-001 0.000000e+000 4.573455e-001
    outer loop
      vertex   -2.003487e+001 -8.175856e+000 6.036860e+001
      vertex   -2.010451e+001 -6.378003e+000 6.023318e+001
      vertex   -2.010451e+001 -8.175856e+000 6.023318e+001
    endloop
  endfacet
  facet normal -8.436632e-001 0.000000e+000 5.368728e-001
    outer loop
      vertex   -2.010451e+001 -8.175856e+000 6.023318e+001
      vertex   -2.010451e+001 -6.378003e+000 6.023318e+001
      vertex   -2.017888e+001 -6.378003e+000 6.011632e+001
    endloop
  endfacet
  facet normal -8.436632e-001 6.959460e-018 5.368728e-001
    outer loop
      vertex   -2.010451e+001 -8.175856e+000 6.023318e+001
      vertex   -2.017888e+001 -6.378003e+000 6.011632e+001
      vertex   -2.017888e+001 -8.175856e+000 6.011632e+001
    endloop
  endfacet
  facet normal -7.784142e-001 0.000000e+000 6.277509e-001
    outer loop
      vertex   -2.017888e+001 -8.175856e+000 6.011632e+001
      vertex   -2.017888e+001 -6.378003e+000 6.011632e+001
      vertex   -2.025726e+001 -6.378003e+000 6.001912e+001
    endloop
  endfacet
  facet normal -7.784142e-001 -6.955609e-018 6.277509e-001
    outer loop
      vertex   -2.017888e+001 -8.175856e+000 6.011632e+001
      vertex   -2.025726e+001 -6.378003e+000 6.001912e+001
      vertex   -2.025726e+001 -8.175856e+000 6.001912e+001
    endloop
  endfacet
  facet normal -6.841871e-001 0.000000e+000 7.293066e-001
    outer loop
      vertex   -2.025726e+001 -8.175856e+000 6.001912e+001
      vertex   -2.025726e+001 -6.378003e+000 6.001912e+001
      vertex   -2.033890e+001 -6.378003e+000 5.994254e+001
    endloop
  endfacet
  facet normal -6.841871e-001 0.000000e+000 7.293066e-001
    outer loop
      vertex   -2.025726e+001 -8.175856e+000 6.001912e+001
      vertex   -2.033890e+001 -6.378003e+000 5.994254e+001
      vertex   -2.033890e+001 -8.175856e+000 5.994254e+001
    endloop
  endfacet
  facet normal -5.872532e-001 0.000000e+000 8.094032e-001
    outer loop
      vertex   -2.033890e+001 -8.175856e+000 5.994254e+001
      vertex   -2.033890e+001 -6.378003e+000 5.994254e+001
      vertex   -2.038069e+001 -6.378003e+000 5.991221e+001
    endloop
  endfacet
  facet normal -5.872532e-001 -1.735439e-018 8.094032e-001
    outer loop
      vertex   -2.033890e+001 -8.175856e+000 5.994254e+001
      vertex   -2.038069e+001 -6.378003e+000 5.991221e+001
      vertex   -2.038069e+001 -8.175856e+000 5.991221e+001
    endloop
  endfacet
  facet normal -5.073256e-001 0.000000e+000 8.617544e-001
    outer loop
      vertex   -2.038069e+001 -8.175856e+000 5.991221e+001
      vertex   -2.038069e+001 -6.378003e+000 5.991221e+001
      vertex   -2.042301e+001 -6.378003e+000 5.988730e+001
    endloop
  endfacet
  facet normal -5.073256e-001 0.000000e+000 8.617544e-001
    outer loop
      vertex   -2.038069e+001 -8.175856e+000 5.991221e+001
      vertex   -2.042301e+001 -6.378003e+000 5.988730e+001
      vertex   -2.042301e+001 -8.175856e+000 5.988730e+001
    endloop
  endfacet
  facet normal -4.141152e-001 0.000000e+000 9.102245e-001
    outer loop
      vertex   -2.042301e+001 -8.175856e+000 5.988730e+001
      vertex   -2.042301e+001 -6.378003e+000 5.988730e+001
      vertex   -2.046573e+001 -6.378003e+000 5.986786e+001
    endloop
  endfacet
  facet normal -4.141152e-001 0.000000e+000 9.102245e-001
    outer loop
      vertex   -2.042301e+001 -8.175856e+000 5.988730e+001
      vertex   -2.046573e+001 -6.378003e+000 5.986786e+001
      vertex   -2.046573e+001 -8.175856e+000 5.986786e+001
    endloop
  endfacet
  facet normal -3.076507e-001 0.000000e+000 9.514993e-001
    outer loop
      vertex   -2.046573e+001 -8.175856e+000 5.986786e+001
      vertex   -2.046573e+001 -6.378003e+000 5.986786e+001
      vertex   -2.050877e+001 -8.175856e+000 5.985395e+001
    endloop
  endfacet
  facet normal -3.076507e-001 0.000000e+000 9.514993e-001
    outer loop
      vertex   -2.050877e+001 -8.175856e+000 5.985395e+001
      vertex   -2.046573e+001 -6.378003e+000 5.986786e+001
      vertex   -2.050877e+001 -6.378003e+000 5.985395e+001
    endloop
  endfacet
  facet normal -1.899088e-001 0.000000e+000 9.818017e-001
    outer loop
      vertex   -2.050877e+001 -8.175856e+000 5.985395e+001
      vertex   -2.050877e+001 -6.378003e+000 5.985395e+001
      vertex   -2.055202e+001 -6.378003e+000 5.984558e+001
    endloop
  endfacet
  facet normal -1.899088e-001 0.000000e+000 9.818017e-001
    outer loop
      vertex   -2.050877e+001 -8.175856e+000 5.985395e+001
      vertex   -2.055202e+001 -6.378003e+000 5.984558e+001
      vertex   -2.055202e+001 -8.175856e+000 5.984558e+001
    endloop
  endfacet
  facet normal -6.418765e-002 0.000000e+000 9.979379e-001
    outer loop
      vertex   -2.055202e+001 -8.175856e+000 5.984558e+001
      vertex   -2.055202e+001 -6.378003e+000 5.984558e+001
      vertex   -2.059538e+001 -6.378003e+000 5.984279e+001
    endloop
  endfacet
  facet normal -6.418765e-002 -4.338075e-019 9.979379e-001
    outer loop
      vertex   -2.055202e+001 -8.175856e+000 5.984558e+001
      vertex   -2.059538e+001 -6.378003e+000 5.984279e+001
      vertex   -2.059538e+001 -8.175856e+000 5.984279e+001
    endloop
  endfacet
  facet normal -1.000000e+000 -0.000000e+000 -0.000000e+000
    outer loop
      vertex   -1.971184e+001 -6.378003e+000 6.552632e+001
      vertex   -1.971184e+001 -6.378003e+000 6.215926e+001
      vertex   -1.971184e+001 -8.175856e+000 6.552632e+001
    endloop
  endfacet
  facet normal -1.000000e+000 0.000000e+000 0.000000e+000
    outer loop
      vertex   -1.971184e+001 -8.175856e+000 6.552632e+001
      vertex   -1.971184e+001 -6.378003e+000 6.215926e+001
      vertex   -1.971184e+001 -8.175856e+000 6.215926e+001
    endloop
  endfacet
  facet normal 6.418765e-002 -0.000000e+000 9.979379e-001
    outer loop
      vertex   -3.400330e+001 -8.175856e+000 5.984279e+001
      vertex   -3.400330e+001 -6.378003e+000 5.984279e+001
      vertex   -3.404665e+001 -8.175856e+000 5.984558e+001
    endloop
  endfacet
  facet normal 6.418765e-002 -0.000000e+000 9.979379e-001
    outer loop
      vertex   -3.404665e+001 -8.175856e+000 5.984558e+001
      vertex   -3.400330e+001 -6.378003e+000 5.984279e+001
      vertex   -3.404665e+001 -6.378003e+000 5.984558e+001
    endloop
  endfacet
  facet normal 1.899007e-001 -0.000000e+000 9.818033e-001
    outer loop
      vertex   -3.404665e+001 -8.175856e+000 5.984558e+001
      vertex   -3.404665e+001 -6.378003e+000 5.984558e+001
      vertex   -3.408990e+001 -6.378003e+000 5.985395e+001
    endloop
  endfacet
  facet normal 1.899007e-001 0.000000e+000 9.818033e-001
    outer loop
      vertex   -3.404665e+001 -8.175856e+000 5.984558e+001
      vertex   -3.408990e+001 -6.378003e+000 5.985395e+001
      vertex   -3.408990e+001 -8.175856e+000 5.985395e+001
    endloop
  endfacet
  facet normal 3.076631e-001 -0.000000e+000 9.514953e-001
    outer loop
      vertex   -3.408990e+001 -8.175856e+000 5.985395e+001
      vertex   -3.408990e+001 -6.378003e+000 5.985395e+001
      vertex   -3.413294e+001 -6.378003e+000 5.986786e+001
    endloop
  endfacet
  facet normal 3.076631e-001 0.000000e+000 9.514953e-001
    outer loop
      vertex   -3.408990e+001 -8.175856e+000 5.985395e+001
      vertex   -3.413294e+001 -6.378003e+000 5.986786e+001
      vertex   -3.413294e+001 -8.175856e+000 5.986786e+001
    endloop
  endfacet
  facet normal 4.141152e-001 -0.000000e+000 9.102245e-001
    outer loop
      vertex   -3.413294e+001 -8.175856e+000 5.986786e+001
      vertex   -3.413294e+001 -6.378003e+000 5.986786e+001
      vertex   -3.417567e+001 -6.378003e+000 5.988730e+001
    endloop
  endfacet
  facet normal 4.141152e-001 0.000000e+000 9.102245e-001
    outer loop
      vertex   -3.413294e+001 -8.175856e+000 5.986786e+001
      vertex   -3.417567e+001 -6.378003e+000 5.988730e+001
      vertex   -3.417567e+001 -8.175856e+000 5.988730e+001
    endloop
  endfacet
  facet normal 5.073256e-001 -0.000000e+000 8.617544e-001
    outer loop
      vertex   -3.417567e+001 -8.175856e+000 5.988730e+001
      vertex   -3.417567e+001 -6.378003e+000 5.988730e+001
      vertex   -3.421798e+001 -6.378003e+000 5.991221e+001
    endloop
  endfacet
  facet normal 5.073256e-001 0.000000e+000 8.617544e-001
    outer loop
      vertex   -3.417567e+001 -8.175856e+000 5.988730e+001
      vertex   -3.421798e+001 -6.378003e+000 5.991221e+001
      vertex   -3.421798e+001 -8.175856e+000 5.991221e+001
    endloop
  endfacet
  facet normal 5.872532e-001 -0.000000e+000 8.094032e-001
    outer loop
      vertex   -3.421798e+001 -8.175856e+000 5.991221e+001
      vertex   -3.421798e+001 -6.378003e+000 5.991221e+001
      vertex   -3.425978e+001 -8.175856e+000 5.994254e+001
    endloop
  endfacet
  facet normal 5.872532e-001 -0.000000e+000 8.094032e-001
    outer loop
      vertex   -3.425978e+001 -8.175856e+000 5.994254e+001
      vertex   -3.421798e+001 -6.378003e+000 5.991221e+001
      vertex   -3.425978e+001 -6.378003e+000 5.994254e+001
    endloop
  endfacet
  facet normal 6.841871e-001 -0.000000e+000 7.293066e-001
    outer loop
      vertex   -3.425978e+001 -8.175856e+000 5.994254e+001
      vertex   -3.425978e+001 -6.378003e+000 5.994254e+001
      vertex   -3.434142e+001 -6.378003e+000 6.001912e+001
    endloop
  endfacet
  facet normal 6.841871e-001 0.000000e+000 7.293066e-001
    outer loop
      vertex   -3.425978e+001 -8.175856e+000 5.994254e+001
      vertex   -3.434142e+001 -6.378003e+000 6.001912e+001
      vertex   -3.434142e+001 -8.175856e+000 6.001912e+001
    endloop
  endfacet
  facet normal 7.784068e-001 -0.000000e+000 6.277602e-001
    outer loop
      vertex   -3.434142e+001 -8.175856e+000 6.001912e+001
      vertex   -3.434142e+001 -6.378003e+000 6.001912e+001
      vertex   -3.441980e+001 -6.378003e+000 6.011632e+001
    endloop
  endfacet
  facet normal 7.784068e-001 0.000000e+000 6.277602e-001
    outer loop
      vertex   -3.434142e+001 -8.175856e+000 6.001912e+001
      vertex   -3.441980e+001 -6.378003e+000 6.011632e+001
      vertex   -3.441980e+001 -8.175856e+000 6.011632e+001
    endloop
  endfacet
  facet normal 8.436694e-001 -0.000000e+000 5.368630e-001
    outer loop
      vertex   -3.441980e+001 -8.175856e+000 6.011632e+001
      vertex   -3.441980e+001 -6.378003e+000 6.011632e+001
      vertex   -3.449417e+001 -6.378003e+000 6.023318e+001
    endloop
  endfacet
  facet normal 8.436694e-001 -6.959460e-018 5.368630e-001
    outer loop
      vertex   -3.441980e+001 -8.175856e+000 6.011632e+001
      vertex   -3.449417e+001 -6.378003e+000 6.023318e+001
      vertex   -3.449417e+001 -8.175856e+000 6.023318e+001
    endloop
  endfacet
  facet normal 8.892840e-001 -0.000000e+000 4.573554e-001
    outer loop
      vertex   -3.449417e+001 -8.175856e+000 6.023318e+001
      vertex   -3.449417e+001 -6.378003e+000 6.023318e+001
      vertex   -3.456381e+001 -6.378003e+000 6.036860e+001
    endloop
  endfacet
  facet normal 8.892840e-001 6.963739e-018 4.573554e-001
    outer loop
      vertex   -3.449417e+001 -8.175856e+000 6.023318e+001
      vertex   -3.456381e+001 -6.378003e+000 6.036860e+001
      vertex   -3.456381e+001 -8.175856e+000 6.036860e+001
    endloop
  endfacet
  facet normal 9.217138e-001 -0.000000e+000 3.878706e-001
    outer loop
      vertex   -3.456381e+001 -8.175856e+000 6.036860e+001
      vertex   -3.456381e+001 -6.378003e+000 6.036860e+001
      vertex   -3.462806e+001 -6.378003e+000 6.052127e+001
    endloop
  endfacet
  facet normal 9.217138e-001 6.968278e-018 3.878706e-001
    outer loop
      vertex   -3.456381e+001 -8.175856e+000 6.036860e+001
      vertex   -3.462806e+001 -6.378003e+000 6.052127e+001
      vertex   -3.462806e+001 -8.175856e+000 6.052127e+001
    endloop
  endfacet
  facet normal 9.451145e-001 -0.000000e+000 3.267393e-001
    outer loop
      vertex   -3.462806e+001 -8.175856e+000 6.052127e+001
      vertex   -3.462806e+001 -6.378003e+000 6.052127e+001
      vertex   -3.468629e+001 -6.378003e+000 6.068970e+001
    endloop
  endfacet
  facet normal 9.451145e-001 -3.486452e-018 3.267393e-001
    outer loop
      vertex   -3.462806e+001 -8.175856e+000 6.052127e+001
      vertex   -3.468629e+001 -6.378003e+000 6.068970e+001
      vertex   -3.468629e+001 -8.175856e+000 6.068970e+001
    endloop
  endfacet
  facet normal 9.622481e-001 -0.000000e+000 2.721739e-001
    outer loop
      vertex   -3.468629e+001 -8.175856e+000 6.068970e+001
      vertex   -3.468629e+001 -6.378003e+000 6.068970e+001
      vertex   -3.473793e+001 -6.378003e+000 6.087230e+001
    endloop
  endfacet
  facet normal 9.622481e-001 3.488719e-018 2.721739e-001
    outer loop
      vertex   -3.468629e+001 -8.175856e+000 6.068970e+001
      vertex   -3.473793e+001 -6.378003e+000 6.087230e+001
      vertex   -3.473793e+001 -8.175856e+000 6.087230e+001
    endloop
  endfacet
  facet normal 9.748469e-001 -0.000000e+000 2.228756e-001
    outer loop
      vertex   -3.473793e+001 -8.175856e+000 6.087230e+001
      vertex   -3.473793e+001 -6.378003e+000 6.087230e+001
      vertex   -3.478251e+001 -6.378003e+000 6.106728e+001
    endloop
  endfacet
  facet normal 9.748469e-001 0.000000e+000 2.228756e-001
    outer loop
      vertex   -3.473793e+001 -8.175856e+000 6.087230e+001
      vertex   -3.478251e+001 -6.378003e+000 6.106728e+001
      vertex   -3.478251e+001 -8.175856e+000 6.106728e+001
    endloop
  endfacet
  facet normal 9.841157e-001 -0.000000e+000 1.775285e-001
    outer loop
      vertex   -3.478251e+001 -8.175856e+000 6.106728e+001
      vertex   -3.478251e+001 -6.378003e+000 6.106728e+001
      vertex   -3.481958e+001 -6.378003e+000 6.127279e+001
    endloop
  endfacet
  facet normal 9.841157e-001 0.000000e+000 1.775285e-001
    outer loop
      vertex   -3.478251e+001 -8.175856e+000 6.106728e+001
      vertex   -3.481958e+001 -6.378003e+000 6.127279e+001
      vertex   -3.481958e+001 -8.175856e+000 6.127279e+001
    endloop
  endfacet
  facet normal 9.908165e-001 -0.000000e+000 1.352133e-001
    outer loop
      vertex   -3.481958e+001 -8.175856e+000 6.127279e+001
      vertex   -3.481958e+001 -6.378003e+000 6.127279e+001
      vertex   -3.484879e+001 -6.378003e+000 6.148682e+001
    endloop
  endfacet
  facet normal 9.908165e-001 3.494402e-018 1.352133e-001
    outer loop
      vertex   -3.481958e+001 -8.175856e+000 6.127279e+001
      vertex   -3.484879e+001 -6.378003e+000 6.148682e+001
      vertex   -3.484879e+001 -8.175856e+000 6.148682e+001
    endloop
  endfacet
  facet normal 9.954667e-001 -0.000000e+000 9.511059e-002
    outer loop
      vertex   -3.484879e+001 -8.175856e+000 6.148682e+001
      vertex   -3.484879e+001 -6.378003e+000 6.148682e+001
      vertex   -3.486986e+001 -6.378003e+000 6.170734e+001
    endloop
  endfacet
  facet normal 9.954667e-001 0.000000e+000 9.511059e-002
    outer loop
      vertex   -3.484879e+001 -8.175856e+000 6.148682e+001
      vertex   -3.486986e+001 -6.378003e+000 6.170734e+001
      vertex   -3.486986e+001 -8.175856e+000 6.170734e+001
    endloop
  endfacet
  facet normal 9.984034e-001 -0.000000e+000 5.648496e-002
    outer loop
      vertex   -3.486986e+001 -8.175856e+000 6.170734e+001
      vertex   -3.486986e+001 -6.378003e+000 6.170734e+001
      vertex   -3.488258e+001 -6.378003e+000 6.193221e+001
    endloop
  endfacet
  facet normal 9.984034e-001 0.000000e+000 5.648496e-002
    outer loop
      vertex   -3.486986e+001 -8.175856e+000 6.170734e+001
      vertex   -3.488258e+001 -6.378003e+000 6.193221e+001
      vertex   -3.488258e+001 -8.175856e+000 6.193221e+001
    endloop
  endfacet
  facet normal 9.998246e-001 -0.000000e+000 1.872991e-002
    outer loop
      vertex   -3.488258e+001 -8.175856e+000 6.193221e+001
      vertex   -3.488258e+001 -6.378003e+000 6.193221e+001
      vertex   -3.488684e+001 -6.378003e+000 6.215926e+001
    endloop
  endfacet
  facet normal 9.998246e-001 0.000000e+000 1.872991e-002
    outer loop
      vertex   -3.488258e+001 -8.175856e+000 6.193221e+001
      vertex   -3.488684e+001 -6.378003e+000 6.215926e+001
      vertex   -3.488684e+001 -8.175856e+000 6.215926e+001
    endloop
  endfacet
  facet normal 0.000000e+000 0.000000e+000 1.000000e+000
    outer loop
      vertex   -2.059538e+001 -6.378003e+000 5.984279e+001
      vertex   -3.400330e+001 -6.378003e+000 5.984279e+001
      vertex   -2.059538e+001 -8.175856e+000 5.984279e+001
    endloop
  endfacet
  facet normal 0.000000e+000 0.000000e+000 1.000000e+000
    outer loop
      vertex   -2.059538e+001 -8.175856e+000 5.984279e+001
      vertex   -3.400330e+001 -6.378003e+000 5.984279e+001
      vertex   -3.400330e+001 -8.175856e+000 5.984279e+001
    endloop
  endfacet
  facet normal 0.000000e+000 1.000000e+000 -0.000000e+000
    outer loop
      vertex   -1.971609e+001 -8.175856e+000 6.193221e+001
      vertex   -2.050877e+001 -8.175856e+000 5.985395e+001
      vertex   -1.971184e+001 -8.175856e+000 6.215926e+001
    endloop
  endfacet
  facet normal 0.000000e+000 1.000000e+000 0.000000e+000
    outer loop
      vertex   -1.971184e+001 -8.175856e+000 6.215926e+001
      vertex   -2.050877e+001 -8.175856e+000 5.985395e+001
      vertex   -2.055202e+001 -8.175856e+000 6.784000e+001
    endloop
  endfacet
  facet normal 0.000000e+000 1.000000e+000 -0.000000e+000
    outer loop
      vertex   -1.971184e+001 -8.175856e+000 6.215926e+001
      vertex   -2.055202e+001 -8.175856e+000 6.784000e+001
      vertex   -1.971184e+001 -8.175856e+000 6.552632e+001
    endloop
  endfacet
  facet normal 0.000000e+000 1.000000e+000 0.000000e+000
    outer loop
      vertex   -1.971184e+001 -8.175856e+000 6.552632e+001
      vertex   -2.055202e+001 -8.175856e+000 6.784000e+001
      vertex   -1.971609e+001 -8.175856e+000 6.575338e+001
    endloop
  endfacet
  facet normal 0.000000e+000 1.000000e+000 0.000000e+000
    outer loop
      vertex   -1.971609e+001 -8.175856e+000 6.575338e+001
      vertex   -2.055202e+001 -8.175856e+000 6.784000e+001
      vertex   -1.972882e+001 -8.175856e+000 6.597824e+001
    endloop
  endfacet
  facet normal 0.000000e+000 1.000000e+000 0.000000e+000
    outer loop
      vertex   -1.972882e+001 -8.175856e+000 6.597824e+001
      vertex   -2.055202e+001 -8.175856e+000 6.784000e+001
      vertex   -1.974988e+001 -8.175856e+000 6.619876e+001
    endloop
  endfacet
  facet normal 0.000000e+000 1.000000e+000 0.000000e+000
    outer loop
      vertex   -1.974988e+001 -8.175856e+000 6.619876e+001
      vertex   -2.055202e+001 -8.175856e+000 6.784000e+001
      vertex   -1.977909e+001 -8.175856e+000 6.641280e+001
    endloop
  endfacet
  facet normal 0.000000e+000 1.000000e+000 0.000000e+000
    outer loop
      vertex   -1.977909e+001 -8.175856e+000 6.641280e+001
      vertex   -2.055202e+001 -8.175856e+000 6.784000e+001
      vertex   -1.981617e+001 -8.175856e+000 6.661830e+001
    endloop
  endfacet
  facet normal 0.000000e+000 1.000000e+000 0.000000e+000
    outer loop
      vertex   -1.981617e+001 -8.175856e+000 6.661830e+001
      vertex   -2.055202e+001 -8.175856e+000 6.784000e+001
      vertex   -1.986074e+001 -8.175856e+000 6.681329e+001
    endloop
  endfacet
  facet normal 0.000000e+000 1.000000e+000 0.000000e+000
    outer loop
      vertex   -1.986074e+001 -8.175856e+000 6.681329e+001
      vertex   -2.055202e+001 -8.175856e+000 6.784000e+001
      vertex   -1.991239e+001 -8.175856e+000 6.699587e+001
    endloop
  endfacet
  facet normal 0.000000e+000 1.000000e+000 0.000000e+000
    outer loop
      vertex   -1.991239e+001 -8.175856e+000 6.699587e+001
      vertex   -2.055202e+001 -8.175856e+000 6.784000e+001
      vertex   -1.997062e+001 -8.175856e+000 6.716431e+001
    endloop
  endfacet
  facet normal 0.000000e+000 1.000000e+000 0.000000e+000
    outer loop
      vertex   -1.997062e+001 -8.175856e+000 6.716431e+001
      vertex   -2.055202e+001 -8.175856e+000 6.784000e+001
      vertex   -2.003487e+001 -8.175856e+000 6.731698e+001
    endloop
  endfacet
  facet normal 0.000000e+000 1.000000e+000 0.000000e+000
    outer loop
      vertex   -2.003487e+001 -8.175856e+000 6.731698e+001
      vertex   -2.055202e+001 -8.175856e+000 6.784000e+001
      vertex   -2.010451e+001 -8.175856e+000 6.745239e+001
    endloop
  endfacet
  facet normal 0.000000e+000 1.000000e+000 0.000000e+000
    outer loop
      vertex   -2.010451e+001 -8.175856e+000 6.745239e+001
      vertex   -2.055202e+001 -8.175856e+000 6.784000e+001
      vertex   -2.017888e+001 -8.175856e+000 6.756927e+001
    endloop
  endfacet
  facet normal 0.000000e+000 1.000000e+000 0.000000e+000
    outer loop
      vertex   -2.017888e+001 -8.175856e+000 6.756927e+001
      vertex   -2.055202e+001 -8.175856e+000 6.784000e+001
      vertex   -2.025726e+001 -8.175856e+000 6.766646e+001
    endloop
  endfacet
  facet normal 0.000000e+000 1.000000e+000 0.000000e+000
    outer loop
      vertex   -2.025726e+001 -8.175856e+000 6.766646e+001
      vertex   -2.055202e+001 -8.175856e+000 6.784000e+001
      vertex   -2.033890e+001 -8.175856e+000 6.774304e+001
    endloop
  endfacet
  facet normal 0.000000e+000 1.000000e+000 0.000000e+000
    outer loop
      vertex   -2.033890e+001 -8.175856e+000 6.774304e+001
      vertex   -2.055202e+001 -8.175856e+000 6.784000e+001
      vertex   -2.038069e+001 -8.175856e+000 6.777337e+001
    endloop
  endfacet
  facet normal 0.000000e+000 1.000000e+000 0.000000e+000
    outer loop
      vertex   -2.038069e+001 -8.175856e+000 6.777337e+001
      vertex   -2.055202e+001 -8.175856e+000 6.784000e+001
      vertex   -2.042301e+001 -8.175856e+000 6.779828e+001
    endloop
  endfacet
  facet normal 0.000000e+000 1.000000e+000 0.000000e+000
    outer loop
      vertex   -2.042301e+001 -8.175856e+000 6.779828e+001
      vertex   -2.055202e+001 -8.175856e+000 6.784000e+001
      vertex   -2.046573e+001 -8.175856e+000 6.781772e+001
    endloop
  endfacet
  facet normal 0.000000e+000 1.000000e+000 0.000000e+000
    outer loop
      vertex   -2.046573e+001 -8.175856e+000 6.781772e+001
      vertex   -2.055202e+001 -8.175856e+000 6.784000e+001
      vertex   -2.050877e+001 -8.175856e+000 6.783163e+001
    endloop
  endfacet
  facet normal 0.000000e+000 1.000000e+000 0.000000e+000
    outer loop
      vertex   -1.971609e+001 -8.175856e+000 6.193221e+001
      vertex   -1.972882e+001 -8.175856e+000 6.170734e+001
      vertex   -2.050877e+001 -8.175856e+000 5.985395e+001
    endloop
  endfacet
  facet normal 0.000000e+000 1.000000e+000 0.000000e+000
    outer loop
      vertex   -2.050877e+001 -8.175856e+000 5.985395e+001
      vertex   -1.972882e+001 -8.175856e+000 6.170734e+001
      vertex   -1.974988e+001 -8.175856e+000 6.148682e+001
    endloop
  endfacet
  facet normal 0.000000e+000 1.000000e+000 0.000000e+000
    outer loop
      vertex   -2.050877e+001 -8.175856e+000 5.985395e+001
      vertex   -1.974988e+001 -8.175856e+000 6.148682e+001
      vertex   -1.977909e+001 -8.175856e+000 6.127279e+001
    endloop
  endfacet
  facet normal 0.000000e+000 1.000000e+000 0.000000e+000
    outer loop
      vertex   -1.977909e+001 -8.175856e+000 6.127279e+001
      vertex   -1.981617e+001 -8.175856e+000 6.106728e+001
      vertex   -2.050877e+001 -8.175856e+000 5.985395e+001
    endloop
  endfacet
  facet normal 0.000000e+000 1.000000e+000 0.000000e+000
    outer loop
      vertex   -2.050877e+001 -8.175856e+000 5.985395e+001
      vertex   -1.981617e+001 -8.175856e+000 6.106728e+001
      vertex   -1.986074e+001 -8.175856e+000 6.087230e+001
    endloop
  endfacet
  facet normal 0.000000e+000 1.000000e+000 0.000000e+000
    outer loop
      vertex   -2.050877e+001 -8.175856e+000 5.985395e+001
      vertex   -1.986074e+001 -8.175856e+000 6.087230e+001
      vertex   -1.991239e+001 -8.175856e+000 6.068970e+001
    endloop
  endfacet
  facet normal 0.000000e+000 1.000000e+000 0.000000e+000
    outer loop
      vertex   -1.991239e+001 -8.175856e+000 6.068970e+001
      vertex   -1.997062e+001 -8.175856e+000 6.052127e+001
      vertex   -2.050877e+001 -8.175856e+000 5.985395e+001
    endloop
  endfacet
  facet normal 0.000000e+000 1.000000e+000 0.000000e+000
    outer loop
      vertex   -2.050877e+001 -8.175856e+000 5.985395e+001
      vertex   -1.997062e+001 -8.175856e+000 6.052127e+001
      vertex   -2.003487e+001 -8.175856e+000 6.036860e+001
    endloop
  endfacet
  facet normal 0.000000e+000 1.000000e+000 0.000000e+000
    outer loop
      vertex   -2.050877e+001 -8.175856e+000 5.985395e+001
      vertex   -2.003487e+001 -8.175856e+000 6.036860e+001
      vertex   -2.010451e+001 -8.175856e+000 6.023318e+001
    endloop
  endfacet
  facet normal 0.000000e+000 1.000000e+000 0.000000e+000
    outer loop
      vertex   -2.010451e+001 -8.175856e+000 6.023318e+001
      vertex   -2.017888e+001 -8.175856e+000 6.011632e+001
      vertex   -2.050877e+001 -8.175856e+000 5.985395e+001
    endloop
  endfacet
  facet normal 0.000000e+000 1.000000e+000 0.000000e+000
    outer loop
      vertex   -2.050877e+001 -8.175856e+000 5.985395e+001
      vertex   -2.017888e+001 -8.175856e+000 6.011632e+001
      vertex   -2.025726e+001 -8.175856e+000 6.001912e+001
    endloop
  endfacet
  facet normal 0.000000e+000 1.000000e+000 0.000000e+000
    outer loop
      vertex   -2.050877e+001 -8.175856e+000 5.985395e+001
      vertex   -2.025726e+001 -8.175856e+000 6.001912e+001
      vertex   -2.033890e+001 -8.175856e+000 5.994254e+001
    endloop
  endfacet
  facet normal 0.000000e+000 1.000000e+000 0.000000e+000
    outer loop
      vertex   -2.033890e+001 -8.175856e+000 5.994254e+001
      vertex   -2.038069e+001 -8.175856e+000 5.991221e+001
      vertex   -2.050877e+001 -8.175856e+000 5.985395e+001
    endloop
  endfacet
  facet normal 0.000000e+000 1.000000e+000 0.000000e+000
    outer loop
      vertex   -2.050877e+001 -8.175856e+000 5.985395e+001
      vertex   -2.038069e+001 -8.175856e+000 5.991221e+001
      vertex   -2.042301e+001 -8.175856e+000 5.988730e+001
    endloop
  endfacet
  facet normal 0.000000e+000 1.000000e+000 0.000000e+000
    outer loop
      vertex   -2.050877e+001 -8.175856e+000 5.985395e+001
      vertex   -2.042301e+001 -8.175856e+000 5.988730e+001
      vertex   -2.046573e+001 -8.175856e+000 5.986786e+001
    endloop
  endfacet
  facet normal 0.000000e+000 1.000000e+000 0.000000e+000
    outer loop
      vertex   -2.050877e+001 -8.175856e+000 5.985395e+001
      vertex   -2.055202e+001 -8.175856e+000 5.984558e+001
      vertex   -2.055202e+001 -8.175856e+000 6.784000e+001
    endloop
  endfacet
  facet normal 0.000000e+000 1.000000e+000 0.000000e+000
    outer loop
      vertex   -2.055202e+001 -8.175856e+000 6.784000e+001
      vertex   -2.055202e+001 -8.175856e+000 5.984558e+001
      vertex   -2.059538e+001 -8.175856e+000 6.784279e+001
    endloop
  endfacet
  facet normal 0.000000e+000 1.000000e+000 0.000000e+000
    outer loop
      vertex   -2.059538e+001 -8.175856e+000 6.784279e+001
      vertex   -2.055202e+001 -8.175856e+000 5.984558e+001
      vertex   -2.059538e+001 -8.175856e+000 5.984279e+001
    endloop
  endfacet
  facet normal 0.000000e+000 1.000000e+000 0.000000e+000
    outer loop
      vertex   -2.059538e+001 -8.175856e+000 6.784279e+001
      vertex   -2.059538e+001 -8.175856e+000 5.984279e+001
      vertex   -3.400330e+001 -8.175856e+000 6.784279e+001
    endloop
  endfacet
  facet normal 0.000000e+000 1.000000e+000 0.000000e+000
    outer loop
      vertex   -3.400330e+001 -8.175856e+000 6.784279e+001
      vertex   -2.059538e+001 -8.175856e+000 5.984279e+001
      vertex   -3.400330e+001 -8.175856e+000 5.984279e+001
    endloop
  endfacet
  facet normal 0.000000e+000 1.000000e+000 0.000000e+000
    outer loop
      vertex   -3.400330e+001 -8.175856e+000 6.784279e+001
      vertex   -3.400330e+001 -8.175856e+000 5.984279e+001
      vertex   -3.404665e+001 -8.175856e+000 6.784000e+001
    endloop
  endfacet
  facet normal 0.000000e+000 1.000000e+000 0.000000e+000
    outer loop
      vertex   -3.404665e+001 -8.175856e+000 6.784000e+001
      vertex   -3.400330e+001 -8.175856e+000 5.984279e+001
      vertex   -3.404665e+001 -8.175856e+000 5.984558e+001
    endloop
  endfacet
  facet normal 0.000000e+000 1.000000e+000 0.000000e+000
    outer loop
      vertex   -3.404665e+001 -8.175856e+000 6.784000e+001
      vertex   -3.404665e+001 -8.175856e+000 5.984558e+001
      vertex   -3.408990e+001 -8.175856e+000 6.783163e+001
    endloop
  endfacet
  facet normal 0.000000e+000 1.000000e+000 0.000000e+000
    outer loop
      vertex   -3.408990e+001 -8.175856e+000 6.783163e+001
      vertex   -3.404665e+001 -8.175856e+000 5.984558e+001
      vertex   -3.408990e+001 -8.175856e+000 5.985395e+001
    endloop
  endfacet
  facet normal 0.000000e+000 1.000000e+000 0.000000e+000
    outer loop
      vertex   -3.408990e+001 -8.175856e+000 6.783163e+001
      vertex   -3.408990e+001 -8.175856e+000 5.985395e+001
      vertex   -3.413294e+001 -8.175856e+000 6.781772e+001
    endloop
  endfacet
  facet normal 0.000000e+000 1.000000e+000 0.000000e+000
    outer loop
      vertex   -3.413294e+001 -8.175856e+000 6.781772e+001
      vertex   -3.408990e+001 -8.175856e+000 5.985395e+001
      vertex   -3.413294e+001 -8.175856e+000 5.986786e+001
    endloop
  endfacet
  facet normal 0.000000e+000 1.000000e+000 0.000000e+000
    outer loop
      vertex   -3.413294e+001 -8.175856e+000 6.781772e+001
      vertex   -3.413294e+001 -8.175856e+000 5.986786e+001
      vertex   -3.417567e+001 -8.175856e+000 6.779828e+001
    endloop
  endfacet
  facet normal 0.000000e+000 1.000000e+000 0.000000e+000
    outer loop
      vertex   -3.417567e+001 -8.175856e+000 6.779828e+001
      vertex   -3.413294e+001 -8.175856e+000 5.986786e+001
      vertex   -3.417567e+001 -8.175856e+000 5.988730e+001
    endloop
  endfacet
  facet normal 0.000000e+000 1.000000e+000 0.000000e+000
    outer loop
      vertex   -3.417567e+001 -8.175856e+000 6.779828e+001
      vertex   -3.417567e+001 -8.175856e+000 5.988730e+001
      vertex   -3.421798e+001 -8.175856e+000 6.777337e+001
    endloop
  endfacet
  facet normal 0.000000e+000 1.000000e+000 0.000000e+000
    outer loop
      vertex   -3.421798e+001 -8.175856e+000 6.777337e+001
      vertex   -3.417567e+001 -8.175856e+000 5.988730e+001
      vertex   -3.421798e+001 -8.175856e+000 5.991221e+001
    endloop
  endfacet
  facet normal 0.000000e+000 1.000000e+000 0.000000e+000
    outer loop
      vertex   -3.421798e+001 -8.175856e+000 6.777337e+001
      vertex   -3.421798e+001 -8.175856e+000 5.991221e+001
      vertex   -3.425978e+001 -8.175856e+000 6.774304e+001
    endloop
  endfacet
  facet normal 0.000000e+000 1.000000e+000 0.000000e+000
    outer loop
      vertex   -3.425978e+001 -8.175856e+000 6.774304e+001
      vertex   -3.421798e+001 -8.175856e+000 5.991221e+001
      vertex   -3.425978e+001 -8.175856e+000 5.994254e+001
    endloop
  endfacet
  facet normal 0.000000e+000 1.000000e+000 0.000000e+000
    outer loop
      vertex   -3.425978e+001 -8.175856e+000 6.774304e+001
      vertex   -3.425978e+001 -8.175856e+000 5.994254e+001
      vertex   -3.434142e+001 -8.175856e+000 6.766646e+001
    endloop
  endfacet
  facet normal 0.000000e+000 1.000000e+000 0.000000e+000
    outer loop
      vertex   -3.434142e+001 -8.175856e+000 6.766646e+001
      vertex   -3.425978e+001 -8.175856e+000 5.994254e+001
      vertex   -3.434142e+001 -8.175856e+000 6.001912e+001
    endloop
  endfacet
  facet normal 0.000000e+000 1.000000e+000 0.000000e+000
    outer loop
      vertex   -3.434142e+001 -8.175856e+000 6.766646e+001
      vertex   -3.434142e+001 -8.175856e+000 6.001912e+001
      vertex   -3.441980e+001 -8.175856e+000 6.756927e+001
    endloop
  endfacet
  facet normal 0.000000e+000 1.000000e+000 0.000000e+000
    outer loop
      vertex   -3.441980e+001 -8.175856e+000 6.756927e+001
      vertex   -3.434142e+001 -8.175856e+000 6.001912e+001
      vertex   -3.441980e+001 -8.175856e+000 6.011632e+001
    endloop
  endfacet
  facet normal 0.000000e+000 1.000000e+000 0.000000e+000
    outer loop
      vertex   -3.441980e+001 -8.175856e+000 6.756927e+001
      vertex   -3.441980e+001 -8.175856e+000 6.011632e+001
      vertex   -3.449417e+001 -8.175856e+000 6.745239e+001
    endloop
  endfacet
  facet normal 0.000000e+000 1.000000e+000 0.000000e+000
    outer loop
      vertex   -3.449417e+001 -8.175856e+000 6.745239e+001
      vertex   -3.441980e+001 -8.175856e+000 6.011632e+001
      vertex   -3.449417e+001 -8.175856e+000 6.023318e+001
    endloop
  endfacet
  facet normal 0.000000e+000 1.000000e+000 0.000000e+000
    outer loop
      vertex   -3.449417e+001 -8.175856e+000 6.745239e+001
      vertex   -3.449417e+001 -8.175856e+000 6.023318e+001
      vertex   -3.456381e+001 -8.175856e+000 6.731698e+001
    endloop
  endfacet
  facet normal 0.000000e+000 1.000000e+000 0.000000e+000
    outer loop
      vertex   -3.456381e+001 -8.175856e+000 6.731698e+001
      vertex   -3.449417e+001 -8.175856e+000 6.023318e+001
      vertex   -3.456381e+001 -8.175856e+000 6.036860e+001
    endloop
  endfacet
  facet normal 0.000000e+000 1.000000e+000 0.000000e+000
    outer loop
      vertex   -3.456381e+001 -8.175856e+000 6.731698e+001
      vertex   -3.456381e+001 -8.175856e+000 6.036860e+001
      vertex   -3.462806e+001 -8.175856e+000 6.716431e+001
    endloop
  endfacet
  facet normal 0.000000e+000 1.000000e+000 0.000000e+000
    outer loop
      vertex   -3.462806e+001 -8.175856e+000 6.716431e+001
      vertex   -3.456381e+001 -8.175856e+000 6.036860e+001
      vertex   -3.462806e+001 -8.175856e+000 6.052127e+001
    endloop
  endfacet
  facet normal 0.000000e+000 1.000000e+000 0.000000e+000
    outer loop
      vertex   -3.462806e+001 -8.175856e+000 6.716431e+001
      vertex   -3.462806e+001 -8.175856e+000 6.052127e+001
      vertex   -3.468629e+001 -8.175856e+000 6.699587e+001
    endloop
  endfacet
  facet normal 0.000000e+000 1.000000e+000 0.000000e+000
    outer loop
      vertex   -3.468629e+001 -8.175856e+000 6.699587e+001
      vertex   -3.462806e+001 -8.175856e+000 6.052127e+001
      vertex   -3.468629e+001 -8.175856e+000 6.068970e+001
    endloop
  endfacet
  facet normal 0.000000e+000 1.000000e+000 0.000000e+000
    outer loop
      vertex   -3.468629e+001 -8.175856e+000 6.699587e+001
      vertex   -3.468629e+001 -8.175856e+000 6.068970e+001
      vertex   -3.473793e+001 -8.175856e+000 6.681329e+001
    endloop
  endfacet
  facet normal 0.000000e+000 1.000000e+000 0.000000e+000
    outer loop
      vertex   -3.473793e+001 -8.175856e+000 6.681329e+001
      vertex   -3.468629e+001 -8.175856e+000 6.068970e+001
      vertex   -3.473793e+001 -8.175856e+000 6.087230e+001
    endloop
  endfacet
  facet normal 0.000000e+000 1.000000e+000 0.000000e+000
    outer loop
      vertex   -3.473793e+001 -8.175856e+000 6.681329e+001
      vertex   -3.473793e+001 -8.175856e+000 6.087230e+001
      vertex   -3.478251e+001 -8.175856e+000 6.661830e+001
    endloop
  endfacet
  facet normal 0.000000e+000 1.000000e+000 0.000000e+000
    outer loop
      vertex   -3.478251e+001 -8.175856e+000 6.661830e+001
      vertex   -3.473793e+001 -8.175856e+000 6.087230e+001
      vertex   -3.478251e+001 -8.175856e+000 6.106728e+001
    endloop
  endfacet
  facet normal 0.000000e+000 1.000000e+000 0.000000e+000
    outer loop
      vertex   -3.478251e+001 -8.175856e+000 6.661830e+001
      vertex   -3.478251e+001 -8.175856e+000 6.106728e+001
      vertex   -3.481958e+001 -8.175856e+000 6.641280e+001
    endloop
  endfacet
  facet normal 0.000000e+000 1.000000e+000 0.000000e+000
    outer loop
      vertex   -3.481958e+001 -8.175856e+000 6.641280e+001
      vertex   -3.478251e+001 -8.175856e+000 6.106728e+001
      vertex   -3.481958e+001 -8.175856e+000 6.127279e+001
    endloop
  endfacet
  facet normal 0.000000e+000 1.000000e+000 0.000000e+000
    outer loop
      vertex   -3.481958e+001 -8.175856e+000 6.641280e+001
      vertex   -3.481958e+001 -8.175856e+000 6.127279e+001
      vertex   -3.484879e+001 -8.175856e+000 6.619876e+001
    endloop
  endfacet
  facet normal 0.000000e+000 1.000000e+000 0.000000e+000
    outer loop
      vertex   -3.484879e+001 -8.175856e+000 6.619876e+001
      vertex   -3.481958e+001 -8.175856e+000 6.127279e+001
      vertex   -3.484879e+001 -8.175856e+000 6.148682e+001
    endloop
  endfacet
  facet normal 0.000000e+000 1.000000e+000 0.000000e+000
    outer loop
      vertex   -3.484879e+001 -8.175856e+000 6.619876e+001
      vertex   -3.484879e+001 -8.175856e+000 6.148682e+001
      vertex   -3.486986e+001 -8.175856e+000 6.597824e+001
    endloop
  endfacet
  facet normal 0.000000e+000 1.000000e+000 0.000000e+000
    outer loop
      vertex   -3.486986e+001 -8.175856e+000 6.597824e+001
      vertex   -3.484879e+001 -8.175856e+000 6.148682e+001
      vertex   -3.486986e+001 -8.175856e+000 6.170734e+001
    endloop
  endfacet
  facet normal 0.000000e+000 1.000000e+000 0.000000e+000
    outer loop
      vertex   -3.486986e+001 -8.175856e+000 6.597824e+001
      vertex   -3.486986e+001 -8.175856e+000 6.170734e+001
      vertex   -3.488258e+001 -8.175856e+000 6.575338e+001
    endloop
  endfacet
  facet normal 0.000000e+000 1.000000e+000 0.000000e+000
    outer loop
      vertex   -3.488258e+001 -8.175856e+000 6.575338e+001
      vertex   -3.486986e+001 -8.175856e+000 6.170734e+001
      vertex   -3.488258e+001 -8.175856e+000 6.193221e+001
    endloop
  endfacet
  facet normal 0.000000e+000 1.000000e+000 0.000000e+000
    outer loop
      vertex   -3.488258e+001 -8.175856e+000 6.575338e+001
      vertex   -3.488258e+001 -8.175856e+000 6.193221e+001
      vertex   -3.488684e+001 -8.175856e+000 6.552632e+001
    endloop
  endfacet
  facet normal 0.000000e+000 1.000000e+000 0.000000e+000
    outer loop
      vertex   -3.488684e+001 -8.175856e+000 6.552632e+001
      vertex   -3.488258e+001 -8.175856e+000 6.193221e+001
      vertex   -3.488684e+001 -8.175856e+000 6.215926e+001
    endloop
  endfacet
  facet normal 9.999891e-001 0.000000e+000 -4.665138e-003
    outer loop
      vertex   -1.893684e+001 -6.378003e+000 6.182255e+001
      vertex   -1.893684e+001 -9.609498e+000 6.182255e+001
      vertex   -1.893718e+001 -7.411745e+000 6.174855e+001
    endloop
  endfacet
  facet normal 9.998518e-001 -4.224680e-004 -1.721131e-002
    outer loop
      vertex   -1.893718e+001 -7.411745e+000 6.174855e+001
      vertex   -1.893684e+001 -9.609498e+000 6.182255e+001
      vertex   -1.894153e+001 -9.609498e+000 6.155009e+001
    endloop
  endfacet
  facet normal 9.998256e-001 -2.905073e-004 -1.867205e-002
    outer loop
      vertex   -1.893718e+001 -7.411745e+000 6.174855e+001
      vertex   -1.894153e+001 -9.609498e+000 6.155009e+001
      vertex   -1.893994e+001 -7.411745e+000 6.160077e+001
    endloop
  endfacet
  facet normal 9.992997e-001 1.421455e-004 -3.741837e-002
    outer loop
      vertex   -1.893994e+001 -7.411745e+000 6.160077e+001
      vertex   -1.894153e+001 -9.609498e+000 6.155009e+001
      vertex   -1.894545e+001 -7.411745e+000 6.145361e+001
    endloop
  endfacet
  facet normal 9.992996e-001 -3.022040e-004 -3.741837e-002
    outer loop
      vertex   -1.893994e+001 -7.411745e+000 6.160077e+001
      vertex   -1.894545e+001 -7.411745e+000 6.145361e+001
      vertex   -1.894153e+001 -6.378003e+000 6.155009e+001
    endloop
  endfacet
  facet normal 9.986523e-001 1.050928e-003 -5.189005e-002
    outer loop
      vertex   -1.894153e+001 -6.378003e+000 6.155009e+001
      vertex   -1.894545e+001 -7.411745e+000 6.145361e+001
      vertex   -1.895555e+001 -6.378003e+000 6.128025e+001
    endloop
  endfacet
  facet normal 9.984108e-001 2.998013e-004 -5.635496e-002
    outer loop
      vertex   -1.895555e+001 -6.378003e+000 6.128025e+001
      vertex   -1.894545e+001 -7.411745e+000 6.145361e+001
      vertex   -1.895370e+001 -7.411745e+000 6.130749e+001
    endloop
  endfacet
  facet normal 9.971421e-001 -2.083116e-004 -7.554824e-002
    outer loop
      vertex   -1.895555e+001 -6.378003e+000 6.128025e+001
      vertex   -1.895370e+001 -7.411745e+000 6.130749e+001
      vertex   -1.896466e+001 -7.411745e+000 6.116284e+001
    endloop
  endfacet
  facet normal 9.971421e-001 9.798204e-005 -7.554825e-002
    outer loop
      vertex   -1.896466e+001 -7.411745e+000 6.116284e+001
      vertex   -1.895370e+001 -7.411745e+000 6.130749e+001
      vertex   -1.895555e+001 -9.609498e+000 6.128025e+001
    endloop
  endfacet
  facet normal 9.961720e-001 -5.399071e-004 -8.741349e-002
    outer loop
      vertex   -1.896466e+001 -7.411745e+000 6.116284e+001
      vertex   -1.895555e+001 -9.609498e+000 6.128025e+001
      vertex   -1.897877e+001 -9.609498e+000 6.101563e+001
    endloop
  endfacet
  facet normal 9.986527e-001 -4.943174e-004 -5.189007e-002
    outer loop
      vertex   -1.894153e+001 -9.609498e+000 6.155009e+001
      vertex   -1.895555e+001 -9.609498e+000 6.128025e+001
      vertex   -1.894545e+001 -7.411745e+000 6.145361e+001
    endloop
  endfacet
  facet normal 9.984108e-001 -1.410154e-004 -5.635496e-002
    outer loop
      vertex   -1.894545e+001 -7.411745e+000 6.145361e+001
      vertex   -1.895555e+001 -9.609498e+000 6.128025e+001
      vertex   -1.895370e+001 -7.411745e+000 6.130749e+001
    endloop
  endfacet
  facet normal 9.922357e-001 -5.612414e-004 -1.243703e-001
    outer loop
      vertex   -1.901096e+001 -9.609498e+000 6.075878e+001
      vertex   -1.899458e+001 -7.411745e+000 6.087955e+001
      vertex   -1.897877e+001 -9.609498e+000 6.101563e+001
    endloop
  endfacet
  facet normal 9.933522e-001 1.990096e-005 -1.151144e-001
    outer loop
      vertex   -1.897877e+001 -9.609498e+000 6.101563e+001
      vertex   -1.899458e+001 -7.411745e+000 6.087955e+001
      vertex   -1.897830e+001 -7.411745e+000 6.102006e+001
    endloop
  endfacet
  facet normal 9.954683e-001 -2.089421e-005 -9.509462e-002
    outer loop
      vertex   -1.897877e+001 -9.609498e+000 6.101563e+001
      vertex   -1.897830e+001 -7.411745e+000 6.102006e+001
      vertex   -1.896466e+001 -7.411745e+000 6.116284e+001
    endloop
  endfacet
  facet normal 9.954683e-001 4.442147e-005 -9.509462e-002
    outer loop
      vertex   -1.896466e+001 -7.411745e+000 6.116284e+001
      vertex   -1.897830e+001 -7.411745e+000 6.102006e+001
      vertex   -1.897877e+001 -6.378003e+000 6.101563e+001
    endloop
  endfacet
  facet normal 9.961715e-001 1.147852e-003 -8.741345e-002
    outer loop
      vertex   -1.896466e+001 -7.411745e+000 6.116284e+001
      vertex   -1.897877e+001 -6.378003e+000 6.101563e+001
      vertex   -1.895555e+001 -6.378003e+000 6.128025e+001
    endloop
  endfacet
  facet normal 9.865497e-001 -5.541368e-004 -1.634610e-001
    outer loop
      vertex   -1.905182e+001 -9.609498e+000 6.051218e+001
      vertex   -1.903489e+001 -7.411745e+000 6.060694e+001
      vertex   -1.901096e+001 -9.609498e+000 6.075878e+001
    endloop
  endfacet
  facet normal 9.876006e-001 -9.544661e-005 -1.569874e-001
    outer loop
      vertex   -1.901096e+001 -9.609498e+000 6.075878e+001
      vertex   -1.903489e+001 -7.411745e+000 6.060694e+001
      vertex   -1.901346e+001 -7.411745e+000 6.074171e+001
    endloop
  endfacet
  facet normal 9.907477e-001 7.331679e-005 -1.357164e-001
    outer loop
      vertex   -1.901096e+001 -9.609498e+000 6.075878e+001
      vertex   -1.901346e+001 -7.411745e+000 6.074171e+001
      vertex   -1.899458e+001 -7.411745e+000 6.087955e+001
    endloop
  endfacet
  facet normal 9.907477e-001 -1.558729e-004 -1.357164e-001
    outer loop
      vertex   -1.899458e+001 -7.411745e+000 6.087955e+001
      vertex   -1.901346e+001 -7.411745e+000 6.074171e+001
      vertex   -1.901096e+001 -6.378003e+000 6.075878e+001
    endloop
  endfacet
  facet normal 9.922352e-001 1.193209e-003 -1.243702e-001
    outer loop
      vertex   -1.899458e+001 -7.411745e+000 6.087955e+001
      vertex   -1.901096e+001 -6.378003e+000 6.075878e+001
      vertex   -1.897877e+001 -6.378003e+000 6.101563e+001
    endloop
  endfacet
  facet normal 9.786606e-001 -5.167714e-004 -2.054825e-001
    outer loop
      vertex   -1.910095e+001 -9.609498e+000 6.027820e+001
      vertex   -1.908511e+001 -7.411745e+000 6.034811e+001
      vertex   -1.905182e+001 -9.609498e+000 6.051218e+001
    endloop
  endfacet
  facet normal 9.793546e-001 -2.574504e-004 -2.021497e-001
    outer loop
      vertex   -1.905182e+001 -9.609498e+000 6.051218e+001
      vertex   -1.908511e+001 -7.411745e+000 6.034811e+001
      vertex   -1.905879e+001 -7.411745e+000 6.047562e+001
    endloop
  endfacet
  facet normal 9.838336e-001 1.404734e-004 -1.790854e-001
    outer loop
      vertex   -1.905182e+001 -9.609498e+000 6.051218e+001
      vertex   -1.905879e+001 -7.411745e+000 6.047562e+001
      vertex   -1.903489e+001 -7.411745e+000 6.060694e+001
    endloop
  endfacet
  facet normal 9.838335e-001 -2.986490e-004 -1.790854e-001
    outer loop
      vertex   -1.903489e+001 -7.411745e+000 6.060694e+001
      vertex   -1.905879e+001 -7.411745e+000 6.047562e+001
      vertex   -1.905182e+001 -6.378003e+000 6.051218e+001
    endloop
  endfacet
  facet normal 9.865491e-001 1.178104e-003 -1.634609e-001
    outer loop
      vertex   -1.903489e+001 -7.411745e+000 6.060694e+001
      vertex   -1.905182e+001 -6.378003e+000 6.051218e+001
      vertex   -1.901096e+001 -6.378003e+000 6.075878e+001
    endloop
  endfacet
  facet normal 9.740404e-001 1.810682e-004 -2.263742e-001
    outer loop
      vertex   -1.908511e+001 -7.411745e+000 6.034811e+001
      vertex   -1.910095e+001 -9.609498e+000 6.027820e+001
      vertex   -1.911377e+001 -7.411745e+000 6.022478e+001
    endloop
  endfacet
  facet normal 9.678670e-001 -4.647209e-004 -2.514621e-001
    outer loop
      vertex   -1.911377e+001 -7.411745e+000 6.022478e+001
      vertex   -1.910095e+001 -9.609498e+000 6.027820e+001
      vertex   -1.915788e+001 -9.609498e+000 6.005909e+001
    endloop
  endfacet
  facet normal 9.677632e-001 -4.325302e-004 -2.518615e-001
    outer loop
      vertex   -1.911377e+001 -7.411745e+000 6.022478e+001
      vertex   -1.915788e+001 -9.609498e+000 6.005909e+001
      vertex   -1.914469e+001 -7.411745e+000 6.010598e+001
    endloop
  endfacet
  facet normal 9.603166e-001 1.892855e-004 -2.789121e-001
    outer loop
      vertex   -1.914469e+001 -7.411745e+000 6.010598e+001
      vertex   -1.915788e+001 -9.609498e+000 6.005909e+001
      vertex   -1.917778e+001 -7.411745e+000 5.999205e+001
    endloop
  endfacet
  facet normal 9.603165e-001 -4.024245e-004 -2.789120e-001
    outer loop
      vertex   -1.914469e+001 -7.411745e+000 6.010598e+001
      vertex   -1.917778e+001 -7.411745e+000 5.999205e+001
      vertex   -1.915788e+001 -6.378003e+000 6.005909e+001
    endloop
  endfacet
  facet normal 9.531103e-001 1.273948e-003 -3.026205e-001
    outer loop
      vertex   -1.915788e+001 -6.378003e+000 6.005909e+001
      vertex   -1.917778e+001 -7.411745e+000 5.999205e+001
      vertex   -1.922205e+001 -6.378003e+000 5.985696e+001
    endloop
  endfacet
  facet normal 9.514869e-001 5.421487e-004 -3.076887e-001
    outer loop
      vertex   -1.922205e+001 -6.378003e+000 5.985696e+001
      vertex   -1.917778e+001 -7.411745e+000 5.999205e+001
      vertex   -1.921295e+001 -7.411745e+000 5.988330e+001
    endloop
  endfacet
  facet normal 9.409527e-001 -3.365863e-004 -3.385378e-001
    outer loop
      vertex   -1.922205e+001 -6.378003e+000 5.985696e+001
      vertex   -1.921295e+001 -7.411745e+000 5.988330e+001
      vertex   -1.925009e+001 -7.411745e+000 5.978006e+001
    endloop
  endfacet
  facet normal 9.409528e-001 1.583177e-004 -3.385379e-001
    outer loop
      vertex   -1.925009e+001 -7.411745e+000 5.978006e+001
      vertex   -1.921295e+001 -7.411745e+000 5.988330e+001
      vertex   -1.922205e+001 -9.609498e+000 5.985696e+001
    endloop
  endfacet
  facet normal 9.327537e-001 -7.153095e-004 -3.605137e-001
    outer loop
      vertex   -1.925009e+001 -7.411745e+000 5.978006e+001
      vertex   -1.922205e+001 -9.609498e+000 5.985696e+001
      vertex   -1.929286e+001 -9.609498e+000 5.967377e+001
    endloop
  endfacet
  facet normal 9.531109e-001 -5.992184e-004 -3.026207e-001
    outer loop
      vertex   -1.915788e+001 -9.609498e+000 6.005909e+001
      vertex   -1.922205e+001 -9.609498e+000 5.985696e+001
      vertex   -1.917778e+001 -7.411745e+000 5.999205e+001
    endloop
  endfacet
  facet normal 9.514870e-001 -2.550066e-004 -3.076887e-001
    outer loop
      vertex   -1.917778e+001 -7.411745e+000 5.999205e+001
      vertex   -1.922205e+001 -9.609498e+000 5.985696e+001
      vertex   -1.921295e+001 -7.411745e+000 5.988330e+001
    endloop
  endfacet
  facet normal 9.042048e-001 -8.098388e-004 -4.270982e-001
    outer loop
      vertex   -1.936962e+001 -9.609498e+000 5.951126e+001
      vertex   -1.932989e+001 -7.411745e+000 5.959121e+001
      vertex   -1.929286e+001 -9.609498e+000 5.967377e+001
    endloop
  endfacet
  facet normal 9.132164e-001 7.917103e-005 -4.074749e-001
    outer loop
      vertex   -1.929286e+001 -9.609498e+000 5.967377e+001
      vertex   -1.932989e+001 -7.411745e+000 5.959121e+001
      vertex   -1.928911e+001 -7.411745e+000 5.968260e+001
    endloop
  endfacet
  facet normal 9.283664e-001 -9.056427e-005 -3.716663e-001
    outer loop
      vertex   -1.929286e+001 -9.609498e+000 5.967377e+001
      vertex   -1.928911e+001 -7.411745e+000 5.968260e+001
      vertex   -1.925009e+001 -7.411745e+000 5.978006e+001
    endloop
  endfacet
  facet normal 9.283664e-001 1.925413e-004 -3.716663e-001
    outer loop
      vertex   -1.925009e+001 -7.411745e+000 5.978006e+001
      vertex   -1.928911e+001 -7.411745e+000 5.968260e+001
      vertex   -1.929286e+001 -6.378003e+000 5.967377e+001
    endloop
  endfacet
  facet normal 9.327528e-001 1.520760e-003 -3.605133e-001
    outer loop
      vertex   -1.925009e+001 -7.411745e+000 5.978006e+001
      vertex   -1.929286e+001 -6.378003e+000 5.967377e+001
      vertex   -1.922205e+001 -6.378003e+000 5.985696e+001
    endloop
  endfacet
  facet normal 8.948842e-001 5.703258e-005 -4.462984e-001
    outer loop
      vertex   -1.932989e+001 -7.411745e+000 5.959121e+001
      vertex   -1.936962e+001 -9.609498e+000 5.951126e+001
      vertex   -1.937231e+001 -7.411745e+000 5.950614e+001
    endloop
  endfacet
  facet normal 8.750305e-001 -5.543981e-005 -4.840677e-001
    outer loop
      vertex   -1.937231e+001 -7.411745e+000 5.950614e+001
      vertex   -1.936962e+001 -9.609498e+000 5.951126e+001
      vertex   -1.941000e+001 -9.609498e+000 5.943827e+001
    endloop
  endfacet
  facet normal 8.725454e-001 1.250602e-004 -4.885330e-001
    outer loop
      vertex   -1.937231e+001 -7.411745e+000 5.950614e+001
      vertex   -1.941000e+001 -9.609498e+000 5.943827e+001
      vertex   -1.941627e+001 -7.411745e+000 5.942764e+001
    endloop
  endfacet
  facet normal 8.505175e-001 -1.187471e-004 -5.259468e-001
    outer loop
      vertex   -1.941627e+001 -7.411745e+000 5.942764e+001
      vertex   -1.941000e+001 -9.609498e+000 5.943827e+001
      vertex   -1.945158e+001 -9.609498e+000 5.937102e+001
    endloop
  endfacet
  facet normal 8.451650e-001 1.877513e-004 -5.345054e-001
    outer loop
      vertex   -1.941627e+001 -7.411745e+000 5.942764e+001
      vertex   -1.945158e+001 -9.609498e+000 5.937102e+001
      vertex   -1.946162e+001 -7.411745e+000 5.935593e+001
    endloop
  endfacet
  facet normal 8.207923e-001 -1.757423e-004 -5.712267e-001
    outer loop
      vertex   -1.946162e+001 -7.411745e+000 5.935593e+001
      vertex   -1.945158e+001 -9.609498e+000 5.937102e+001
      vertex   -1.949428e+001 -9.609498e+000 5.930968e+001
    endloop
  endfacet
  facet normal 8.113760e-001 2.440178e-004 -5.845245e-001
    outer loop
      vertex   -1.946162e+001 -7.411745e+000 5.935593e+001
      vertex   -1.949428e+001 -9.609498e+000 5.930968e+001
      vertex   -1.950824e+001 -7.411745e+000 5.929121e+001
    endloop
  endfacet
  facet normal 7.845702e-001 -2.248281e-004 -6.200399e-001
    outer loop
      vertex   -1.950824e+001 -7.411745e+000 5.929121e+001
      vertex   -1.949428e+001 -9.609498e+000 5.930968e+001
      vertex   -1.953797e+001 -9.609498e+000 5.925439e+001
    endloop
  endfacet
  facet normal 7.694574e-001 2.921791e-004 -6.386981e-001
    outer loop
      vertex   -1.950824e+001 -7.411745e+000 5.929121e+001
      vertex   -1.953797e+001 -9.609498e+000 5.925439e+001
      vertex   -1.955601e+001 -7.411745e+000 5.923366e+001
    endloop
  endfacet
  facet normal 7.402782e-001 -2.641830e-004 -6.723006e-001
    outer loop
      vertex   -1.955601e+001 -7.411745e+000 5.923366e+001
      vertex   -1.953797e+001 -9.609498e+000 5.925439e+001
      vertex   -1.958257e+001 -9.609498e+000 5.920528e+001
    endloop
  endfacet
  facet normal 7.173050e-001 3.292201e-004 -6.967592e-001
    outer loop
      vertex   -1.955601e+001 -7.411745e+000 5.923366e+001
      vertex   -1.958257e+001 -9.609498e+000 5.920528e+001
      vertex   -1.960478e+001 -7.411745e+000 5.918345e+001
    endloop
  endfacet
  facet normal 6.860721e-001 -2.921818e-004 -7.275336e-001
    outer loop
      vertex   -1.960478e+001 -7.411745e+000 5.918345e+001
      vertex   -1.958257e+001 -9.609498e+000 5.920528e+001
      vertex   -1.962795e+001 -9.609498e+000 5.916249e+001
    endloop
  endfacet
  facet normal 6.523633e-001 3.529162e-004 -7.579063e-001
    outer loop
      vertex   -1.960478e+001 -7.411745e+000 5.918345e+001
      vertex   -1.962795e+001 -9.609498e+000 5.916249e+001
      vertex   -1.965442e+001 -7.411745e+000 5.914073e+001
    endloop
  endfacet
  facet normal 6.198729e-001 -3.036718e-004 -7.847022e-001
    outer loop
      vertex   -1.965442e+001 -7.411745e+000 5.914073e+001
      vertex   -1.962795e+001 -9.609498e+000 5.916249e+001
      vertex   -1.967401e+001 -9.609498e+000 5.912610e+001
    endloop
  endfacet
  facet normal 5.720543e-001 3.590948e-004 -8.202157e-001
    outer loop
      vertex   -1.965442e+001 -7.411745e+000 5.914073e+001
      vertex   -1.967401e+001 -9.609498e+000 5.912610e+001
      vertex   -1.970478e+001 -7.411745e+000 5.910560e+001
    endloop
  endfacet
  facet normal 5.397043e-001 -2.955945e-004 -8.418546e-001
    outer loop
      vertex   -1.970478e+001 -7.411745e+000 5.910560e+001
      vertex   -1.967401e+001 -9.609498e+000 5.912610e+001
      vertex   -1.972065e+001 -9.609498e+000 5.909620e+001
    endloop
  endfacet
  facet normal 4.739111e-001 3.449493e-004 -8.805726e-001
    outer loop
      vertex   -1.970478e+001 -7.411745e+000 5.910560e+001
      vertex   -1.972065e+001 -9.609498e+000 5.909620e+001
      vertex   -1.975573e+001 -7.411745e+000 5.907818e+001
    endloop
  endfacet
  facet normal 4.438714e-001 -2.618265e-004 -8.960904e-001
    outer loop
      vertex   -1.975573e+001 -7.411745e+000 5.907818e+001
      vertex   -1.972065e+001 -9.609498e+000 5.909620e+001
      vertex   -1.976774e+001 -9.609498e+000 5.907288e+001
    endloop
  endfacet
  facet normal 3.570476e-001 3.043214e-004 -9.340861e-001
    outer loop
      vertex   -1.975573e+001 -7.411745e+000 5.907818e+001
      vertex   -1.976774e+001 -9.609498e+000 5.907288e+001
      vertex   -1.980712e+001 -7.411745e+000 5.905854e+001
    endloop
  endfacet
  facet normal 3.320899e-001 -2.026051e-004 -9.432477e-001
    outer loop
      vertex   -1.980712e+001 -7.411745e+000 5.905854e+001
      vertex   -1.976774e+001 -9.609498e+000 5.907288e+001
      vertex   -1.981517e+001 -9.609498e+000 5.905618e+001
    endloop
  endfacet
  facet normal 2.227857e-001 2.322105e-004 -9.748674e-001
    outer loop
      vertex   -1.980712e+001 -7.411745e+000 5.905854e+001
      vertex   -1.981517e+001 -9.609498e+000 5.905618e+001
      vertex   -1.985880e+001 -7.411745e+000 5.904673e+001
    endloop
  endfacet
  facet normal 2.060381e-001 -1.159970e-004 -9.785439e-001
    outer loop
      vertex   -1.985880e+001 -7.411745e+000 5.904673e+001
      vertex   -1.981517e+001 -9.609498e+000 5.905618e+001
      vertex   -1.986284e+001 -9.609498e+000 5.904614e+001
    endloop
  endfacet
  facet normal 7.827668e-002 1.241252e-004 -9.969317e-001
    outer loop
      vertex   -1.985880e+001 -7.411745e+000 5.904673e+001
      vertex   -1.986284e+001 -9.609498e+000 5.904614e+001
      vertex   -1.991062e+001 -6.378003e+000 5.904279e+001
    endloop
  endfacet
  facet normal 6.992542e-002 0.000000e+000 -9.975522e-001
    outer loop
      vertex   -1.991062e+001 -6.378003e+000 5.904279e+001
      vertex   -1.986284e+001 -9.609498e+000 5.904614e+001
      vertex   -1.991062e+001 -9.609498e+000 5.904279e+001
    endloop
  endfacet
  facet normal 6.992542e-002 -2.969296e-004 -9.975522e-001
    outer loop
      vertex   -1.991062e+001 -6.378003e+000 5.904279e+001
      vertex   -1.986284e+001 -6.378003e+000 5.904614e+001
      vertex   -1.985880e+001 -7.411745e+000 5.904673e+001
    endloop
  endfacet
  facet normal 2.060381e-001 2.466117e-004 -9.785439e-001
    outer loop
      vertex   -1.985880e+001 -7.411745e+000 5.904673e+001
      vertex   -1.986284e+001 -6.378003e+000 5.904614e+001
      vertex   -1.981517e+001 -6.378003e+000 5.905618e+001
    endloop
  endfacet
  facet normal 2.227857e-001 -4.936839e-004 -9.748673e-001
    outer loop
      vertex   -1.985880e+001 -7.411745e+000 5.904673e+001
      vertex   -1.981517e+001 -6.378003e+000 5.905618e+001
      vertex   -1.980712e+001 -7.411745e+000 5.905854e+001
    endloop
  endfacet
  facet normal 3.320899e-001 4.307421e-004 -9.432476e-001
    outer loop
      vertex   -1.980712e+001 -7.411745e+000 5.905854e+001
      vertex   -1.981517e+001 -6.378003e+000 5.905618e+001
      vertex   -1.976774e+001 -6.378003e+000 5.907288e+001
    endloop
  endfacet
  facet normal 3.570475e-001 -6.469927e-004 -9.340860e-001
    outer loop
      vertex   -1.980712e+001 -7.411745e+000 5.905854e+001
      vertex   -1.976774e+001 -6.378003e+000 5.907288e+001
      vertex   -1.975573e+001 -7.411745e+000 5.907818e+001
    endloop
  endfacet
  facet normal 4.438714e-001 5.566478e-004 -8.960903e-001
    outer loop
      vertex   -1.975573e+001 -7.411745e+000 5.907818e+001
      vertex   -1.976774e+001 -6.378003e+000 5.907288e+001
      vertex   -1.972065e+001 -6.378003e+000 5.909620e+001
    endloop
  endfacet
  facet normal 4.739110e-001 -7.333683e-004 -8.805724e-001
    outer loop
      vertex   -1.975573e+001 -7.411745e+000 5.907818e+001
      vertex   -1.972065e+001 -6.378003e+000 5.909620e+001
      vertex   -1.970478e+001 -7.411745e+000 5.910560e+001
    endloop
  endfacet
  facet normal 5.397042e-001 6.284392e-004 -8.418545e-001
    outer loop
      vertex   -1.970478e+001 -7.411745e+000 5.910560e+001
      vertex   -1.972065e+001 -6.378003e+000 5.909620e+001
      vertex   -1.967401e+001 -6.378003e+000 5.912610e+001
    endloop
  endfacet
  facet normal 5.720541e-001 -7.634421e-004 -8.202155e-001
    outer loop
      vertex   -1.970478e+001 -7.411745e+000 5.910560e+001
      vertex   -1.967401e+001 -6.378003e+000 5.912610e+001
      vertex   -1.965442e+001 -7.411745e+000 5.914073e+001
    endloop
  endfacet
  facet normal 6.198727e-001 6.456117e-004 -7.847021e-001
    outer loop
      vertex   -1.965442e+001 -7.411745e+000 5.914073e+001
      vertex   -1.967401e+001 -6.378003e+000 5.912610e+001
      vertex   -1.962795e+001 -6.378003e+000 5.916249e+001
    endloop
  endfacet
  facet normal 6.523631e-001 -7.503062e-004 -7.579062e-001
    outer loop
      vertex   -1.965442e+001 -7.411745e+000 5.914073e+001
      vertex   -1.962795e+001 -6.378003e+000 5.916249e+001
      vertex   -1.960478e+001 -7.411745e+000 5.918345e+001
    endloop
  endfacet
  facet normal 6.860719e-001 6.211837e-004 -7.275335e-001
    outer loop
      vertex   -1.960478e+001 -7.411745e+000 5.918345e+001
      vertex   -1.962795e+001 -6.378003e+000 5.916249e+001
      vertex   -1.958257e+001 -6.378003e+000 5.920528e+001
    endloop
  endfacet
  facet normal 7.173049e-001 -6.999277e-004 -6.967591e-001
    outer loop
      vertex   -1.960478e+001 -7.411745e+000 5.918345e+001
      vertex   -1.958257e+001 -6.378003e+000 5.920528e+001
      vertex   -1.955601e+001 -7.411745e+000 5.923366e+001
    endloop
  endfacet
  facet normal 7.402782e-001 5.616579e-004 -6.723005e-001
    outer loop
      vertex   -1.955601e+001 -7.411745e+000 5.923366e+001
      vertex   -1.958257e+001 -6.378003e+000 5.920528e+001
      vertex   -1.953797e+001 -6.378003e+000 5.925439e+001
    endloop
  endfacet
  facet normal 7.694573e-001 -6.211781e-004 -6.386980e-001
    outer loop
      vertex   -1.955601e+001 -7.411745e+000 5.923366e+001
      vertex   -1.953797e+001 -6.378003e+000 5.925439e+001
      vertex   -1.950824e+001 -7.411745e+000 5.929121e+001
    endloop
  endfacet
  facet normal 7.845701e-001 4.779887e-004 -6.200399e-001
    outer loop
      vertex   -1.950824e+001 -7.411745e+000 5.929121e+001
      vertex   -1.953797e+001 -6.378003e+000 5.925439e+001
      vertex   -1.949428e+001 -6.378003e+000 5.930968e+001
    endloop
  endfacet
  facet normal 8.113759e-001 -5.187863e-004 -5.845245e-001
    outer loop
      vertex   -1.950824e+001 -7.411745e+000 5.929121e+001
      vertex   -1.949428e+001 -6.378003e+000 5.930968e+001
      vertex   -1.946162e+001 -7.411745e+000 5.935593e+001
    endloop
  endfacet
  facet normal 8.207923e-001 3.736313e-004 -5.712267e-001
    outer loop
      vertex   -1.946162e+001 -7.411745e+000 5.935593e+001
      vertex   -1.949428e+001 -6.378003e+000 5.930968e+001
      vertex   -1.945158e+001 -6.378003e+000 5.937102e+001
    endloop
  endfacet
  facet normal 8.451650e-001 -3.991626e-004 -5.345054e-001
    outer loop
      vertex   -1.946162e+001 -7.411745e+000 5.935593e+001
      vertex   -1.945158e+001 -6.378003e+000 5.937102e+001
      vertex   -1.941627e+001 -7.411745e+000 5.942764e+001
    endloop
  endfacet
  facet normal 8.505175e-001 2.524586e-004 -5.259468e-001
    outer loop
      vertex   -1.941627e+001 -7.411745e+000 5.942764e+001
      vertex   -1.945158e+001 -6.378003e+000 5.937102e+001
      vertex   -1.941000e+001 -6.378003e+000 5.943827e+001
    endloop
  endfacet
  facet normal 8.725454e-001 -2.658803e-004 -4.885330e-001
    outer loop
      vertex   -1.941627e+001 -7.411745e+000 5.942764e+001
      vertex   -1.941000e+001 -6.378003e+000 5.943827e+001
      vertex   -1.937231e+001 -7.411745e+000 5.950614e+001
    endloop
  endfacet
  facet normal 8.750305e-001 1.178661e-004 -4.840677e-001
    outer loop
      vertex   -1.937231e+001 -7.411745e+000 5.950614e+001
      vertex   -1.941000e+001 -6.378003e+000 5.943827e+001
      vertex   -1.936962e+001 -6.378003e+000 5.951126e+001
    endloop
  endfacet
  facet normal 8.948842e-001 -1.212523e-004 -4.462984e-001
    outer loop
      vertex   -1.937231e+001 -7.411745e+000 5.950614e+001
      vertex   -1.936962e+001 -6.378003e+000 5.951126e+001
      vertex   -1.932989e+001 -7.411745e+000 5.959121e+001
    endloop
  endfacet
  facet normal 9.042038e-001 1.721730e-003 -4.270977e-001
    outer loop
      vertex   -1.932989e+001 -7.411745e+000 5.959121e+001
      vertex   -1.936962e+001 -6.378003e+000 5.951126e+001
      vertex   -1.929286e+001 -6.378003e+000 5.967377e+001
    endloop
  endfacet
  facet normal 9.132164e-001 -1.683191e-004 -4.074749e-001
    outer loop
      vertex   -1.932989e+001 -7.411745e+000 5.959121e+001
      vertex   -1.929286e+001 -6.378003e+000 5.967377e+001
      vertex   -1.928911e+001 -7.411745e+000 5.968260e+001
    endloop
  endfacet
  facet normal 9.677629e-001 9.195669e-004 -2.518614e-001
    outer loop
      vertex   -1.914469e+001 -7.411745e+000 6.010598e+001
      vertex   -1.915788e+001 -6.378003e+000 6.005909e+001
      vertex   -1.911377e+001 -7.411745e+000 6.022478e+001
    endloop
  endfacet
  facet normal 9.678667e-001 9.880048e-004 -2.514620e-001
    outer loop
      vertex   -1.911377e+001 -7.411745e+000 6.022478e+001
      vertex   -1.915788e+001 -6.378003e+000 6.005909e+001
      vertex   -1.910095e+001 -6.378003e+000 6.027820e+001
    endloop
  endfacet
  facet normal 9.740403e-001 -3.849543e-004 -2.263742e-001
    outer loop
      vertex   -1.911377e+001 -7.411745e+000 6.022478e+001
      vertex   -1.910095e+001 -6.378003e+000 6.027820e+001
      vertex   -1.908511e+001 -7.411745e+000 6.034811e+001
    endloop
  endfacet
  facet normal 9.786602e-001 1.098665e-003 -2.054824e-001
    outer loop
      vertex   -1.908511e+001 -7.411745e+000 6.034811e+001
      vertex   -1.910095e+001 -6.378003e+000 6.027820e+001
      vertex   -1.905182e+001 -6.378003e+000 6.051218e+001
    endloop
  endfacet
  facet normal 9.793545e-001 5.473443e-004 -2.021497e-001
    outer loop
      vertex   -1.908511e+001 -7.411745e+000 6.034811e+001
      vertex   -1.905182e+001 -6.378003e+000 6.051218e+001
      vertex   -1.905879e+001 -7.411745e+000 6.047562e+001
    endloop
  endfacet
  facet normal 9.998255e-001 6.176239e-004 -1.867205e-002
    outer loop
      vertex   -1.893994e+001 -7.411745e+000 6.160077e+001
      vertex   -1.894153e+001 -6.378003e+000 6.155009e+001
      vertex   -1.893718e+001 -7.411745e+000 6.174855e+001
    endloop
  endfacet
  facet normal 9.998515e-001 8.981745e-004 -1.721130e-002
    outer loop
      vertex   -1.893718e+001 -7.411745e+000 6.174855e+001
      vertex   -1.894153e+001 -6.378003e+000 6.155009e+001
      vertex   -1.893684e+001 -6.378003e+000 6.182255e+001
    endloop
  endfacet
  facet normal 9.876006e-001 2.029212e-004 -1.569874e-001
    outer loop
      vertex   -1.903489e+001 -7.411745e+000 6.060694e+001
      vertex   -1.901096e+001 -6.378003e+000 6.075878e+001
      vertex   -1.901346e+001 -7.411745e+000 6.074171e+001
    endloop
  endfacet
  facet normal 9.933522e-001 -4.230982e-005 -1.151144e-001
    outer loop
      vertex   -1.899458e+001 -7.411745e+000 6.087955e+001
      vertex   -1.897877e+001 -6.378003e+000 6.101563e+001
      vertex   -1.897830e+001 -7.411745e+000 6.102006e+001
    endloop
  endfacet
  facet normal 1.000000e+000 0.000000e+000 -0.000000e+000
    outer loop
      vertex   -1.893684e+001 -6.378003e+000 6.182255e+001
      vertex   -1.893684e+001 -6.378003e+000 6.586303e+001
      vertex   -1.893684e+001 -9.609498e+000 6.182255e+001
    endloop
  endfacet
  facet normal 1.000000e+000 0.000000e+000 0.000000e+000
    outer loop
      vertex   -1.893684e+001 -9.609498e+000 6.182255e+001
      vertex   -1.893684e+001 -6.378003e+000 6.586303e+001
      vertex   -1.893684e+001 -9.609498e+000 6.586303e+001
    endloop
  endfacet
  facet normal 0.000000e+000 1.000000e+000 0.000000e+000
    outer loop
      vertex   -3.488258e+001 -6.378003e+000 6.193221e+001
      vertex   -3.492467e+001 -6.378003e+000 5.912610e+001
      vertex   -3.488684e+001 -6.378003e+000 6.215926e+001
    endloop
  endfacet
  facet normal 0.000000e+000 1.000000e+000 0.000000e+000
    outer loop
      vertex   -3.488684e+001 -6.378003e+000 6.215926e+001
      vertex   -3.492467e+001 -6.378003e+000 5.912610e+001
      vertex   -3.544080e+001 -6.378003e+000 6.005909e+001
    endloop
  endfacet
  facet normal 0.000000e+000 1.000000e+000 0.000000e+000
    outer loop
      vertex   -3.488684e+001 -6.378003e+000 6.215926e+001
      vertex   -3.544080e+001 -6.378003e+000 6.005909e+001
      vertex   -3.549773e+001 -6.378003e+000 6.027820e+001
    endloop
  endfacet
  facet normal -0.000000e+000 1.000000e+000 0.000000e+000
    outer loop
      vertex   -3.492467e+001 -6.378003e+000 5.912610e+001
      vertex   -3.488258e+001 -6.378003e+000 6.193221e+001
      vertex   -3.487803e+001 -6.378003e+000 5.909620e+001
    endloop
  endfacet
  facet normal 0.000000e+000 1.000000e+000 -0.000000e+000
    outer loop
      vertex   -3.487803e+001 -6.378003e+000 5.909620e+001
      vertex   -3.488258e+001 -6.378003e+000 6.193221e+001
      vertex   -3.486986e+001 -6.378003e+000 6.170734e+001
    endloop
  endfacet
  facet normal 0.000000e+000 1.000000e+000 0.000000e+000
    outer loop
      vertex   -3.487803e+001 -6.378003e+000 5.909620e+001
      vertex   -3.486986e+001 -6.378003e+000 6.170734e+001
      vertex   -3.484879e+001 -6.378003e+000 6.148682e+001
    endloop
  endfacet
  facet normal -0.000000e+000 1.000000e+000 0.000000e+000
    outer loop
      vertex   -3.487803e+001 -6.378003e+000 5.909620e+001
      vertex   -3.484879e+001 -6.378003e+000 6.148682e+001
      vertex   -3.483094e+001 -6.378003e+000 5.907288e+001
    endloop
  endfacet
  facet normal 0.000000e+000 1.000000e+000 -0.000000e+000
    outer loop
      vertex   -3.483094e+001 -6.378003e+000 5.907288e+001
      vertex   -3.484879e+001 -6.378003e+000 6.148682e+001
      vertex   -3.481958e+001 -6.378003e+000 6.127279e+001
    endloop
  endfacet
  facet normal -0.000000e+000 1.000000e+000 0.000000e+000
    outer loop
      vertex   -3.483094e+001 -6.378003e+000 5.907288e+001
      vertex   -3.481958e+001 -6.378003e+000 6.127279e+001
      vertex   -3.478350e+001 -6.378003e+000 5.905618e+001
    endloop
  endfacet
  facet normal 0.000000e+000 1.000000e+000 -0.000000e+000
    outer loop
      vertex   -3.478350e+001 -6.378003e+000 5.905618e+001
      vertex   -3.481958e+001 -6.378003e+000 6.127279e+001
      vertex   -3.478251e+001 -6.378003e+000 6.106728e+001
    endloop
  endfacet
  facet normal 0.000000e+000 1.000000e+000 0.000000e+000
    outer loop
      vertex   -3.478350e+001 -6.378003e+000 5.905618e+001
      vertex   -3.478251e+001 -6.378003e+000 6.106728e+001
      vertex   -3.473793e+001 -6.378003e+000 6.087230e+001
    endloop
  endfacet
  facet normal 0.000000e+000 1.000000e+000 0.000000e+000
    outer loop
      vertex   -3.468629e+001 -6.378003e+000 6.068970e+001
      vertex   -3.468806e+001 -6.378003e+000 5.904279e+001
      vertex   -3.473793e+001 -6.378003e+000 6.087230e+001
    endloop
  endfacet
  facet normal 0.000000e+000 1.000000e+000 0.000000e+000
    outer loop
      vertex   -3.473793e+001 -6.378003e+000 6.087230e+001
      vertex   -3.468806e+001 -6.378003e+000 5.904279e+001
      vertex   -3.473584e+001 -6.378003e+000 5.904614e+001
    endloop
  endfacet
  facet normal 0.000000e+000 1.000000e+000 0.000000e+000
    outer loop
      vertex   -3.473793e+001 -6.378003e+000 6.087230e+001
      vertex   -3.473584e+001 -6.378003e+000 5.904614e+001
      vertex   -3.478350e+001 -6.378003e+000 5.905618e+001
    endloop
  endfacet
  facet normal 0.000000e+000 1.000000e+000 0.000000e+000
    outer loop
      vertex   -3.468629e+001 -6.378003e+000 6.068970e+001
      vertex   -3.462806e+001 -6.378003e+000 6.052127e+001
      vertex   -3.468806e+001 -6.378003e+000 5.904279e+001
    endloop
  endfacet
  facet normal 0.000000e+000 1.000000e+000 0.000000e+000
    outer loop
      vertex   -3.468806e+001 -6.378003e+000 5.904279e+001
      vertex   -3.462806e+001 -6.378003e+000 6.052127e+001
      vertex   -3.456381e+001 -6.378003e+000 6.036860e+001
    endloop
  endfacet
  facet normal 0.000000e+000 1.000000e+000 0.000000e+000
    outer loop
      vertex   -3.468806e+001 -6.378003e+000 5.904279e+001
      vertex   -3.456381e+001 -6.378003e+000 6.036860e+001
      vertex   -3.449417e+001 -6.378003e+000 6.023318e+001
    endloop
  endfacet
  facet normal 0.000000e+000 1.000000e+000 0.000000e+000
    outer loop
      vertex   -3.449417e+001 -6.378003e+000 6.023318e+001
      vertex   -3.441980e+001 -6.378003e+000 6.011632e+001
      vertex   -3.468806e+001 -6.378003e+000 5.904279e+001
    endloop
  endfacet
  facet normal 0.000000e+000 1.000000e+000 0.000000e+000
    outer loop
      vertex   -3.468806e+001 -6.378003e+000 5.904279e+001
      vertex   -3.441980e+001 -6.378003e+000 6.011632e+001
      vertex   -3.434142e+001 -6.378003e+000 6.001912e+001
    endloop
  endfacet
  facet normal 0.000000e+000 1.000000e+000 0.000000e+000
    outer loop
      vertex   -3.468806e+001 -6.378003e+000 5.904279e+001
      vertex   -3.434142e+001 -6.378003e+000 6.001912e+001
      vertex   -3.425978e+001 -6.378003e+000 5.994254e+001
    endloop
  endfacet
  facet normal 0.000000e+000 1.000000e+000 0.000000e+000
    outer loop
      vertex   -3.425978e+001 -6.378003e+000 5.994254e+001
      vertex   -3.421798e+001 -6.378003e+000 5.991221e+001
      vertex   -3.468806e+001 -6.378003e+000 5.904279e+001
    endloop
  endfacet
  facet normal 0.000000e+000 1.000000e+000 0.000000e+000
    outer loop
      vertex   -3.468806e+001 -6.378003e+000 5.904279e+001
      vertex   -3.421798e+001 -6.378003e+000 5.991221e+001
      vertex   -3.417567e+001 -6.378003e+000 5.988730e+001
    endloop
  endfacet
  facet normal 0.000000e+000 1.000000e+000 0.000000e+000
    outer loop
      vertex   -3.468806e+001 -6.378003e+000 5.904279e+001
      vertex   -3.417567e+001 -6.378003e+000 5.988730e+001
      vertex   -3.413294e+001 -6.378003e+000 5.986786e+001
    endloop
  endfacet
  facet normal 0.000000e+000 1.000000e+000 0.000000e+000
    outer loop
      vertex   -3.413294e+001 -6.378003e+000 5.986786e+001
      vertex   -3.408990e+001 -6.378003e+000 5.985395e+001
      vertex   -3.468806e+001 -6.378003e+000 5.904279e+001
    endloop
  endfacet
  facet normal 0.000000e+000 1.000000e+000 0.000000e+000
    outer loop
      vertex   -3.468806e+001 -6.378003e+000 5.904279e+001
      vertex   -3.408990e+001 -6.378003e+000 5.985395e+001
      vertex   -3.404665e+001 -6.378003e+000 5.984558e+001
    endloop
  endfacet
  facet normal 0.000000e+000 1.000000e+000 0.000000e+000
    outer loop
      vertex   -3.468806e+001 -6.378003e+000 5.904279e+001
      vertex   -3.404665e+001 -6.378003e+000 5.984558e+001
      vertex   -3.400330e+001 -6.378003e+000 5.984279e+001
    endloop
  endfacet
  facet normal -0.000000e+000 1.000000e+000 0.000000e+000
    outer loop
      vertex   -3.400330e+001 -6.378003e+000 5.984279e+001
      vertex   -2.059538e+001 -6.378003e+000 5.984279e+001
      vertex   -3.468806e+001 -6.378003e+000 5.904279e+001
    endloop
  endfacet
  facet normal 0.000000e+000 1.000000e+000 0.000000e+000
    outer loop
      vertex   -3.468806e+001 -6.378003e+000 5.904279e+001
      vertex   -2.059538e+001 -6.378003e+000 5.984279e+001
      vertex   -1.991062e+001 -6.378003e+000 5.904279e+001
    endloop
  endfacet
  facet normal 0.000000e+000 1.000000e+000 0.000000e+000
    outer loop
      vertex   -1.991062e+001 -6.378003e+000 5.904279e+001
      vertex   -2.059538e+001 -6.378003e+000 5.984279e+001
      vertex   -2.055202e+001 -6.378003e+000 5.984558e+001
    endloop
  endfacet
  facet normal 0.000000e+000 1.000000e+000 0.000000e+000
    outer loop
      vertex   -1.991062e+001 -6.378003e+000 5.904279e+001
      vertex   -2.055202e+001 -6.378003e+000 5.984558e+001
      vertex   -2.050877e+001 -6.378003e+000 5.985395e+001
    endloop
  endfacet
  facet normal -0.000000e+000 1.000000e+000 0.000000e+000
    outer loop
      vertex   -2.050877e+001 -6.378003e+000 5.985395e+001
      vertex   -2.046573e+001 -6.378003e+000 5.986786e+001
      vertex   -1.991062e+001 -6.378003e+000 5.904279e+001
    endloop
  endfacet
  facet normal 0.000000e+000 1.000000e+000 0.000000e+000
    outer loop
      vertex   -1.991062e+001 -6.378003e+000 5.904279e+001
      vertex   -2.046573e+001 -6.378003e+000 5.986786e+001
      vertex   -2.042301e+001 -6.378003e+000 5.988730e+001
    endloop
  endfacet
  facet normal 0.000000e+000 1.000000e+000 0.000000e+000
    outer loop
      vertex   -1.991062e+001 -6.378003e+000 5.904279e+001
      vertex   -2.042301e+001 -6.378003e+000 5.988730e+001
      vertex   -2.038069e+001 -6.378003e+000 5.991221e+001
    endloop
  endfacet
  facet normal -0.000000e+000 1.000000e+000 0.000000e+000
    outer loop
      vertex   -2.038069e+001 -6.378003e+000 5.991221e+001
      vertex   -2.033890e+001 -6.378003e+000 5.994254e+001
      vertex   -1.991062e+001 -6.378003e+000 5.904279e+001
    endloop
  endfacet
  facet normal 0.000000e+000 1.000000e+000 0.000000e+000
    outer loop
      vertex   -1.991062e+001 -6.378003e+000 5.904279e+001
      vertex   -2.033890e+001 -6.378003e+000 5.994254e+001
      vertex   -2.025726e+001 -6.378003e+000 6.001912e+001
    endloop
  endfacet
  facet normal 0.000000e+000 1.000000e+000 0.000000e+000
    outer loop
      vertex   -1.991062e+001 -6.378003e+000 5.904279e+001
      vertex   -2.025726e+001 -6.378003e+000 6.001912e+001
      vertex   -2.017888e+001 -6.378003e+000 6.011632e+001
    endloop
  endfacet
  facet normal -0.000000e+000 1.000000e+000 0.000000e+000
    outer loop
      vertex   -2.017888e+001 -6.378003e+000 6.011632e+001
      vertex   -2.010451e+001 -6.378003e+000 6.023318e+001
      vertex   -1.991062e+001 -6.378003e+000 5.904279e+001
    endloop
  endfacet
  facet normal 0.000000e+000 1.000000e+000 0.000000e+000
    outer loop
      vertex   -1.991062e+001 -6.378003e+000 5.904279e+001
      vertex   -2.010451e+001 -6.378003e+000 6.023318e+001
      vertex   -2.003487e+001 -6.378003e+000 6.036860e+001
    endloop
  endfacet
  facet normal 0.000000e+000 1.000000e+000 0.000000e+000
    outer loop
      vertex   -1.991062e+001 -6.378003e+000 5.904279e+001
      vertex   -2.003487e+001 -6.378003e+000 6.036860e+001
      vertex   -1.997062e+001 -6.378003e+000 6.052127e+001
    endloop
  endfacet
  facet normal -0.000000e+000 1.000000e+000 0.000000e+000
    outer loop
      vertex   -1.997062e+001 -6.378003e+000 6.052127e+001
      vertex   -1.991239e+001 -6.378003e+000 6.068970e+001
      vertex   -1.991062e+001 -6.378003e+000 5.904279e+001
    endloop
  endfacet
  facet normal 0.000000e+000 1.000000e+000 -0.000000e+000
    outer loop
      vertex   -1.991062e+001 -6.378003e+000 5.904279e+001
      vertex   -1.991239e+001 -6.378003e+000 6.068970e+001
      vertex   -1.986284e+001 -6.378003e+000 5.904614e+001
    endloop
  endfacet
  facet normal 0.000000e+000 1.000000e+000 -0.000000e+000
    outer loop
      vertex   -1.986284e+001 -6.378003e+000 5.904614e+001
      vertex   -1.991239e+001 -6.378003e+000 6.068970e+001
      vertex   -1.986074e+001 -6.378003e+000 6.087230e+001
    endloop
  endfacet
  facet normal 0.000000e+000 1.000000e+000 0.000000e+000
    outer loop
      vertex   -1.986284e+001 -6.378003e+000 5.904614e+001
      vertex   -1.986074e+001 -6.378003e+000 6.087230e+001
      vertex   -1.981617e+001 -6.378003e+000 6.106728e+001
    endloop
  endfacet
  facet normal 0.000000e+000 1.000000e+000 0.000000e+000
    outer loop
      vertex   -1.986284e+001 -6.378003e+000 5.904614e+001
      vertex   -1.981617e+001 -6.378003e+000 6.106728e+001
      vertex   -1.981517e+001 -6.378003e+000 5.905618e+001
    endloop
  endfacet
  facet normal 0.000000e+000 1.000000e+000 -0.000000e+000
    outer loop
      vertex   -1.981517e+001 -6.378003e+000 5.905618e+001
      vertex   -1.981617e+001 -6.378003e+000 6.106728e+001
      vertex   -1.977909e+001 -6.378003e+000 6.127279e+001
    endloop
  endfacet
  facet normal 0.000000e+000 1.000000e+000 0.000000e+000
    outer loop
      vertex   -1.981517e+001 -6.378003e+000 5.905618e+001
      vertex   -1.977909e+001 -6.378003e+000 6.127279e+001
      vertex   -1.976774e+001 -6.378003e+000 5.907288e+001
    endloop
  endfacet
  facet normal 0.000000e+000 1.000000e+000 -0.000000e+000
    outer loop
      vertex   -1.976774e+001 -6.378003e+000 5.907288e+001
      vertex   -1.977909e+001 -6.378003e+000 6.127279e+001
      vertex   -1.974988e+001 -6.378003e+000 6.148682e+001
    endloop
  endfacet
  facet normal 0.000000e+000 1.000000e+000 0.000000e+000
    outer loop
      vertex   -1.976774e+001 -6.378003e+000 5.907288e+001
      vertex   -1.974988e+001 -6.378003e+000 6.148682e+001
      vertex   -1.972882e+001 -6.378003e+000 6.170734e+001
    endloop
  endfacet
  facet normal 0.000000e+000 1.000000e+000 0.000000e+000
    outer loop
      vertex   -1.976774e+001 -6.378003e+000 5.907288e+001
      vertex   -1.972882e+001 -6.378003e+000 6.170734e+001
      vertex   -1.972065e+001 -6.378003e+000 5.909620e+001
    endloop
  endfacet
  facet normal 0.000000e+000 1.000000e+000 -0.000000e+000
    outer loop
      vertex   -1.972065e+001 -6.378003e+000 5.909620e+001
      vertex   -1.972882e+001 -6.378003e+000 6.170734e+001
      vertex   -1.971609e+001 -6.378003e+000 6.193221e+001
    endloop
  endfacet
  facet normal 0.000000e+000 1.000000e+000 0.000000e+000
    outer loop
      vertex   -1.972065e+001 -6.378003e+000 5.909620e+001
      vertex   -1.971609e+001 -6.378003e+000 6.193221e+001
      vertex   -1.971184e+001 -6.378003e+000 6.215926e+001
    endloop
  endfacet
  facet normal 0.000000e+000 1.000000e+000 0.000000e+000
    outer loop
      vertex   -1.972065e+001 -6.378003e+000 5.909620e+001
      vertex   -1.971184e+001 -6.378003e+000 6.215926e+001
      vertex   -1.967401e+001 -6.378003e+000 5.912610e+001
    endloop
  endfacet
  facet normal 0.000000e+000 1.000000e+000 0.000000e+000
    outer loop
      vertex   -1.967401e+001 -6.378003e+000 5.912610e+001
      vertex   -1.971184e+001 -6.378003e+000 6.215926e+001
      vertex   -1.971184e+001 -6.378003e+000 6.552632e+001
    endloop
  endfacet
  facet normal 0.000000e+000 1.000000e+000 -0.000000e+000
    outer loop
      vertex   -1.967401e+001 -6.378003e+000 5.912610e+001
      vertex   -1.971184e+001 -6.378003e+000 6.552632e+001
      vertex   -1.967401e+001 -6.378003e+000 6.855949e+001
    endloop
  endfacet
  facet normal 0.000000e+000 1.000000e+000 0.000000e+000
    outer loop
      vertex   -1.967401e+001 -6.378003e+000 6.855949e+001
      vertex   -1.971184e+001 -6.378003e+000 6.552632e+001
      vertex   -1.971609e+001 -6.378003e+000 6.575338e+001
    endloop
  endfacet
  facet normal 0.000000e+000 1.000000e+000 0.000000e+000
    outer loop
      vertex   -1.967401e+001 -6.378003e+000 6.855949e+001
      vertex   -1.971609e+001 -6.378003e+000 6.575338e+001
      vertex   -1.972882e+001 -6.378003e+000 6.597824e+001
    endloop
  endfacet
  facet normal 0.000000e+000 1.000000e+000 -0.000000e+000
    outer loop
      vertex   -1.972882e+001 -6.378003e+000 6.597824e+001
      vertex   -1.974988e+001 -6.378003e+000 6.619876e+001
      vertex   -1.967401e+001 -6.378003e+000 6.855949e+001
    endloop
  endfacet
  facet normal 0.000000e+000 1.000000e+000 0.000000e+000
    outer loop
      vertex   -1.967401e+001 -6.378003e+000 6.855949e+001
      vertex   -1.974988e+001 -6.378003e+000 6.619876e+001
      vertex   -1.977909e+001 -6.378003e+000 6.641280e+001
    endloop
  endfacet
  facet normal 0.000000e+000 1.000000e+000 0.000000e+000
    outer loop
      vertex   -1.967401e+001 -6.378003e+000 6.855949e+001
      vertex   -1.977909e+001 -6.378003e+000 6.641280e+001
      vertex   -1.981617e+001 -6.378003e+000 6.661830e+001
    endloop
  endfacet
  facet normal 0.000000e+000 1.000000e+000 -0.000000e+000
    outer loop
      vertex   -1.981617e+001 -6.378003e+000 6.661830e+001
      vertex   -1.986074e+001 -6.378003e+000 6.681329e+001
      vertex   -1.967401e+001 -6.378003e+000 6.855949e+001
    endloop
  endfacet
  facet normal 0.000000e+000 1.000000e+000 0.000000e+000
    outer loop
      vertex   -1.967401e+001 -6.378003e+000 6.855949e+001
      vertex   -1.986074e+001 -6.378003e+000 6.681329e+001
      vertex   -1.991239e+001 -6.378003e+000 6.699587e+001
    endloop
  endfacet
  facet normal 0.000000e+000 1.000000e+000 0.000000e+000
    outer loop
      vertex   -1.967401e+001 -6.378003e+000 6.855949e+001
      vertex   -1.991239e+001 -6.378003e+000 6.699587e+001
      vertex   -1.997062e+001 -6.378003e+000 6.716431e+001
    endloop
  endfacet
  facet normal 0.000000e+000 1.000000e+000 -0.000000e+000
    outer loop
      vertex   -1.997062e+001 -6.378003e+000 6.716431e+001
      vertex   -2.003487e+001 -6.378003e+000 6.731698e+001
      vertex   -1.967401e+001 -6.378003e+000 6.855949e+001
    endloop
  endfacet
  facet normal 0.000000e+000 1.000000e+000 0.000000e+000
    outer loop
      vertex   -1.967401e+001 -6.378003e+000 6.855949e+001
      vertex   -2.003487e+001 -6.378003e+000 6.731698e+001
      vertex   -2.010451e+001 -6.378003e+000 6.745239e+001
    endloop
  endfacet
  facet normal 0.000000e+000 1.000000e+000 0.000000e+000
    outer loop
      vertex   -1.967401e+001 -6.378003e+000 6.855949e+001
      vertex   -2.010451e+001 -6.378003e+000 6.745239e+001
      vertex   -2.017888e+001 -6.378003e+000 6.756927e+001
    endloop
  endfacet
  facet normal 0.000000e+000 1.000000e+000 -0.000000e+000
    outer loop
      vertex   -2.017888e+001 -6.378003e+000 6.756927e+001
      vertex   -2.025726e+001 -6.378003e+000 6.766646e+001
      vertex   -1.967401e+001 -6.378003e+000 6.855949e+001
    endloop
  endfacet
  facet normal 0.000000e+000 1.000000e+000 0.000000e+000
    outer loop
      vertex   -1.967401e+001 -6.378003e+000 6.855949e+001
      vertex   -2.025726e+001 -6.378003e+000 6.766646e+001
      vertex   -2.033890e+001 -6.378003e+000 6.774304e+001
    endloop
  endfacet
  facet normal 0.000000e+000 1.000000e+000 0.000000e+000
    outer loop
      vertex   -1.967401e+001 -6.378003e+000 6.855949e+001
      vertex   -2.033890e+001 -6.378003e+000 6.774304e+001
      vertex   -2.038069e+001 -6.378003e+000 6.777337e+001
    endloop
  endfacet
  facet normal 0.000000e+000 1.000000e+000 -0.000000e+000
    outer loop
      vertex   -2.038069e+001 -6.378003e+000 6.777337e+001
      vertex   -2.042301e+001 -6.378003e+000 6.779828e+001
      vertex   -1.967401e+001 -6.378003e+000 6.855949e+001
    endloop
  endfacet
  facet normal 0.000000e+000 1.000000e+000 0.000000e+000
    outer loop
      vertex   -1.967401e+001 -6.378003e+000 6.855949e+001
      vertex   -2.042301e+001 -6.378003e+000 6.779828e+001
      vertex   -2.046573e+001 -6.378003e+000 6.781772e+001
    endloop
  endfacet
  facet normal 0.000000e+000 1.000000e+000 0.000000e+000
    outer loop
      vertex   -1.967401e+001 -6.378003e+000 6.855949e+001
      vertex   -2.046573e+001 -6.378003e+000 6.781772e+001
      vertex   -2.050877e+001 -6.378003e+000 6.783163e+001
    endloop
  endfacet
  facet normal 0.000000e+000 1.000000e+000 0.000000e+000
    outer loop
      vertex   -1.967401e+001 -6.378003e+000 6.855949e+001
      vertex   -2.050877e+001 -6.378003e+000 6.783163e+001
      vertex   -1.991062e+001 -6.378003e+000 6.864279e+001
    endloop
  endfacet
  facet normal 0.000000e+000 1.000000e+000 0.000000e+000
    outer loop
      vertex   -1.991062e+001 -6.378003e+000 6.864279e+001
      vertex   -2.050877e+001 -6.378003e+000 6.783163e+001
      vertex   -2.055202e+001 -6.378003e+000 6.784000e+001
    endloop
  endfacet
  facet normal 0.000000e+000 1.000000e+000 0.000000e+000
    outer loop
      vertex   -1.991062e+001 -6.378003e+000 6.864279e+001
      vertex   -2.055202e+001 -6.378003e+000 6.784000e+001
      vertex   -2.059538e+001 -6.378003e+000 6.784279e+001
    endloop
  endfacet
  facet normal 0.000000e+000 1.000000e+000 0.000000e+000
    outer loop
      vertex   -1.991062e+001 -6.378003e+000 6.864279e+001
      vertex   -2.059538e+001 -6.378003e+000 6.784279e+001
      vertex   -3.468806e+001 -6.378003e+000 6.864279e+001
    endloop
  endfacet
  facet normal 0.000000e+000 1.000000e+000 0.000000e+000
    outer loop
      vertex   -3.468806e+001 -6.378003e+000 6.864279e+001
      vertex   -2.059538e+001 -6.378003e+000 6.784279e+001
      vertex   -3.400330e+001 -6.378003e+000 6.784279e+001
    endloop
  endfacet
  facet normal 0.000000e+000 1.000000e+000 0.000000e+000
    outer loop
      vertex   -3.468806e+001 -6.378003e+000 6.864279e+001
      vertex   -3.400330e+001 -6.378003e+000 6.784279e+001
      vertex   -3.404665e+001 -6.378003e+000 6.784000e+001
    endloop
  endfacet
  facet normal 0.000000e+000 1.000000e+000 0.000000e+000
    outer loop
      vertex   -3.404665e+001 -6.378003e+000 6.784000e+001
      vertex   -3.408990e+001 -6.378003e+000 6.783163e+001
      vertex   -3.468806e+001 -6.378003e+000 6.864279e+001
    endloop
  endfacet
  facet normal 0.000000e+000 1.000000e+000 0.000000e+000
    outer loop
      vertex   -3.468806e+001 -6.378003e+000 6.864279e+001
      vertex   -3.408990e+001 -6.378003e+000 6.783163e+001
      vertex   -3.506071e+001 -6.378003e+000 6.843119e+001
    endloop
  endfacet
  facet normal 0.000000e+000 1.000000e+000 0.000000e+000
    outer loop
      vertex   -3.468806e+001 -6.378003e+000 6.864279e+001
      vertex   -3.506071e+001 -6.378003e+000 6.843119e+001
      vertex   -3.501611e+001 -6.378003e+000 6.848030e+001
    endloop
  endfacet
  facet normal 0.000000e+000 1.000000e+000 -0.000000e+000
    outer loop
      vertex   -3.413294e+001 -6.378003e+000 6.781772e+001
      vertex   -3.514709e+001 -6.378003e+000 6.831456e+001
      vertex   -3.408990e+001 -6.378003e+000 6.783163e+001
    endloop
  endfacet
  facet normal 0.000000e+000 1.000000e+000 0.000000e+000
    outer loop
      vertex   -3.408990e+001 -6.378003e+000 6.783163e+001
      vertex   -3.514709e+001 -6.378003e+000 6.831456e+001
      vertex   -3.510440e+001 -6.378003e+000 6.837591e+001
    endloop
  endfacet
  facet normal 0.000000e+000 1.000000e+000 0.000000e+000
    outer loop
      vertex   -3.408990e+001 -6.378003e+000 6.783163e+001
      vertex   -3.510440e+001 -6.378003e+000 6.837591e+001
      vertex   -3.506071e+001 -6.378003e+000 6.843119e+001
    endloop
  endfacet
  facet normal 0.000000e+000 1.000000e+000 0.000000e+000
    outer loop
      vertex   -3.514709e+001 -6.378003e+000 6.831456e+001
      vertex   -3.413294e+001 -6.378003e+000 6.781772e+001
      vertex   -3.518868e+001 -6.378003e+000 6.824731e+001
    endloop
  endfacet
  facet normal 0.000000e+000 1.000000e+000 0.000000e+000
    outer loop
      vertex   -3.518868e+001 -6.378003e+000 6.824731e+001
      vertex   -3.413294e+001 -6.378003e+000 6.781772e+001
      vertex   -3.417567e+001 -6.378003e+000 6.779828e+001
    endloop
  endfacet
  facet normal 0.000000e+000 1.000000e+000 0.000000e+000
    outer loop
      vertex   -3.518868e+001 -6.378003e+000 6.824731e+001
      vertex   -3.417567e+001 -6.378003e+000 6.779828e+001
      vertex   -3.522906e+001 -6.378003e+000 6.817432e+001
    endloop
  endfacet
  facet normal 0.000000e+000 1.000000e+000 0.000000e+000
    outer loop
      vertex   -3.522906e+001 -6.378003e+000 6.817432e+001
      vertex   -3.417567e+001 -6.378003e+000 6.779828e+001
      vertex   -3.421798e+001 -6.378003e+000 6.777337e+001
    endloop
  endfacet
  facet normal 0.000000e+000 1.000000e+000 0.000000e+000
    outer loop
      vertex   -3.522906e+001 -6.378003e+000 6.817432e+001
      vertex   -3.421798e+001 -6.378003e+000 6.777337e+001
      vertex   -3.530582e+001 -6.378003e+000 6.801182e+001
    endloop
  endfacet
  facet normal 0.000000e+000 1.000000e+000 0.000000e+000
    outer loop
      vertex   -3.530582e+001 -6.378003e+000 6.801182e+001
      vertex   -3.421798e+001 -6.378003e+000 6.777337e+001
      vertex   -3.425978e+001 -6.378003e+000 6.774304e+001
    endloop
  endfacet
  facet normal 0.000000e+000 1.000000e+000 0.000000e+000
    outer loop
      vertex   -3.530582e+001 -6.378003e+000 6.801182e+001
      vertex   -3.425978e+001 -6.378003e+000 6.774304e+001
      vertex   -3.434142e+001 -6.378003e+000 6.766646e+001
    endloop
  endfacet
  facet normal 0.000000e+000 1.000000e+000 0.000000e+000
    outer loop
      vertex   -3.530582e+001 -6.378003e+000 6.801182e+001
      vertex   -3.434142e+001 -6.378003e+000 6.766646e+001
      vertex   -3.537663e+001 -6.378003e+000 6.782862e+001
    endloop
  endfacet
  facet normal 0.000000e+000 1.000000e+000 0.000000e+000
    outer loop
      vertex   -3.537663e+001 -6.378003e+000 6.782862e+001
      vertex   -3.434142e+001 -6.378003e+000 6.766646e+001
      vertex   -3.441980e+001 -6.378003e+000 6.756927e+001
    endloop
  endfacet
  facet normal 0.000000e+000 1.000000e+000 0.000000e+000
    outer loop
      vertex   -3.537663e+001 -6.378003e+000 6.782862e+001
      vertex   -3.441980e+001 -6.378003e+000 6.756927e+001
      vertex   -3.544080e+001 -6.378003e+000 6.762650e+001
    endloop
  endfacet
  facet normal 0.000000e+000 1.000000e+000 0.000000e+000
    outer loop
      vertex   -3.544080e+001 -6.378003e+000 6.762650e+001
      vertex   -3.441980e+001 -6.378003e+000 6.756927e+001
      vertex   -3.449417e+001 -6.378003e+000 6.745239e+001
    endloop
  endfacet
  facet normal 0.000000e+000 1.000000e+000 0.000000e+000
    outer loop
      vertex   -3.544080e+001 -6.378003e+000 6.762650e+001
      vertex   -3.449417e+001 -6.378003e+000 6.745239e+001
      vertex   -3.549773e+001 -6.378003e+000 6.740739e+001
    endloop
  endfacet
  facet normal -0.000000e+000 1.000000e+000 0.000000e+000
    outer loop
      vertex   -3.549773e+001 -6.378003e+000 6.740739e+001
      vertex   -3.449417e+001 -6.378003e+000 6.745239e+001
      vertex   -3.456381e+001 -6.378003e+000 6.731698e+001
    endloop
  endfacet
  facet normal 0.000000e+000 1.000000e+000 0.000000e+000
    outer loop
      vertex   -3.549773e+001 -6.378003e+000 6.740739e+001
      vertex   -3.456381e+001 -6.378003e+000 6.731698e+001
      vertex   -3.462806e+001 -6.378003e+000 6.716431e+001
    endloop
  endfacet
  facet normal 0.000000e+000 1.000000e+000 0.000000e+000
    outer loop
      vertex   -3.549773e+001 -6.378003e+000 6.740739e+001
      vertex   -3.462806e+001 -6.378003e+000 6.716431e+001
      vertex   -3.554686e+001 -6.378003e+000 6.717340e+001
    endloop
  endfacet
  facet normal 0.000000e+000 1.000000e+000 0.000000e+000
    outer loop
      vertex   -3.554686e+001 -6.378003e+000 6.717340e+001
      vertex   -3.462806e+001 -6.378003e+000 6.716431e+001
      vertex   -3.468629e+001 -6.378003e+000 6.699587e+001
    endloop
  endfacet
  facet normal 0.000000e+000 1.000000e+000 0.000000e+000
    outer loop
      vertex   -3.554686e+001 -6.378003e+000 6.717340e+001
      vertex   -3.468629e+001 -6.378003e+000 6.699587e+001
      vertex   -3.558772e+001 -6.378003e+000 6.692680e+001
    endloop
  endfacet
  facet normal -0.000000e+000 1.000000e+000 0.000000e+000
    outer loop
      vertex   -3.558772e+001 -6.378003e+000 6.692680e+001
      vertex   -3.468629e+001 -6.378003e+000 6.699587e+001
      vertex   -3.473793e+001 -6.378003e+000 6.681329e+001
    endloop
  endfacet
  facet normal 0.000000e+000 1.000000e+000 0.000000e+000
    outer loop
      vertex   -3.558772e+001 -6.378003e+000 6.692680e+001
      vertex   -3.473793e+001 -6.378003e+000 6.681329e+001
      vertex   -3.561991e+001 -6.378003e+000 6.666995e+001
    endloop
  endfacet
  facet normal -0.000000e+000 1.000000e+000 0.000000e+000
    outer loop
      vertex   -3.561991e+001 -6.378003e+000 6.666995e+001
      vertex   -3.473793e+001 -6.378003e+000 6.681329e+001
      vertex   -3.478251e+001 -6.378003e+000 6.661830e+001
    endloop
  endfacet
  facet normal 0.000000e+000 1.000000e+000 0.000000e+000
    outer loop
      vertex   -3.561991e+001 -6.378003e+000 6.666995e+001
      vertex   -3.478251e+001 -6.378003e+000 6.661830e+001
      vertex   -3.481958e+001 -6.378003e+000 6.641280e+001
    endloop
  endfacet
  facet normal 0.000000e+000 1.000000e+000 0.000000e+000
    outer loop
      vertex   -3.561991e+001 -6.378003e+000 6.666995e+001
      vertex   -3.481958e+001 -6.378003e+000 6.641280e+001
      vertex   -3.564313e+001 -6.378003e+000 6.640533e+001
    endloop
  endfacet
  facet normal -0.000000e+000 1.000000e+000 0.000000e+000
    outer loop
      vertex   -3.564313e+001 -6.378003e+000 6.640533e+001
      vertex   -3.481958e+001 -6.378003e+000 6.641280e+001
      vertex   -3.484879e+001 -6.378003e+000 6.619876e+001
    endloop
  endfacet
  facet normal 0.000000e+000 1.000000e+000 0.000000e+000
    outer loop
      vertex   -3.564313e+001 -6.378003e+000 6.640533e+001
      vertex   -3.484879e+001 -6.378003e+000 6.619876e+001
      vertex   -3.565715e+001 -6.378003e+000 6.613550e+001
    endloop
  endfacet
  facet normal -0.000000e+000 1.000000e+000 0.000000e+000
    outer loop
      vertex   -3.565715e+001 -6.378003e+000 6.613550e+001
      vertex   -3.484879e+001 -6.378003e+000 6.619876e+001
      vertex   -3.486986e+001 -6.378003e+000 6.597824e+001
    endloop
  endfacet
  facet normal 0.000000e+000 1.000000e+000 0.000000e+000
    outer loop
      vertex   -3.565715e+001 -6.378003e+000 6.613550e+001
      vertex   -3.486986e+001 -6.378003e+000 6.597824e+001
      vertex   -3.566184e+001 -6.378003e+000 6.586303e+001
    endloop
  endfacet
  facet normal -0.000000e+000 1.000000e+000 0.000000e+000
    outer loop
      vertex   -3.566184e+001 -6.378003e+000 6.586303e+001
      vertex   -3.486986e+001 -6.378003e+000 6.597824e+001
      vertex   -3.488258e+001 -6.378003e+000 6.575338e+001
    endloop
  endfacet
  facet normal 0.000000e+000 1.000000e+000 0.000000e+000
    outer loop
      vertex   -3.566184e+001 -6.378003e+000 6.586303e+001
      vertex   -3.488258e+001 -6.378003e+000 6.575338e+001
      vertex   -3.488684e+001 -6.378003e+000 6.552632e+001
    endloop
  endfacet
  facet normal 0.000000e+000 1.000000e+000 0.000000e+000
    outer loop
      vertex   -3.488684e+001 -6.378003e+000 6.552632e+001
      vertex   -3.488684e+001 -6.378003e+000 6.215926e+001
      vertex   -3.566184e+001 -6.378003e+000 6.586303e+001
    endloop
  endfacet
  facet normal 0.000000e+000 1.000000e+000 0.000000e+000
    outer loop
      vertex   -3.566184e+001 -6.378003e+000 6.586303e+001
      vertex   -3.488684e+001 -6.378003e+000 6.215926e+001
      vertex   -3.566184e+001 -6.378003e+000 6.182255e+001
    endloop
  endfacet
  facet normal -0.000000e+000 1.000000e+000 0.000000e+000
    outer loop
      vertex   -3.566184e+001 -6.378003e+000 6.182255e+001
      vertex   -3.488684e+001 -6.378003e+000 6.215926e+001
      vertex   -3.565715e+001 -6.378003e+000 6.155009e+001
    endloop
  endfacet
  facet normal -0.000000e+000 1.000000e+000 0.000000e+000
    outer loop
      vertex   -3.565715e+001 -6.378003e+000 6.155009e+001
      vertex   -3.488684e+001 -6.378003e+000 6.215926e+001
      vertex   -3.564313e+001 -6.378003e+000 6.128025e+001
    endloop
  endfacet
  facet normal -0.000000e+000 1.000000e+000 0.000000e+000
    outer loop
      vertex   -3.564313e+001 -6.378003e+000 6.128025e+001
      vertex   -3.488684e+001 -6.378003e+000 6.215926e+001
      vertex   -3.561991e+001 -6.378003e+000 6.101563e+001
    endloop
  endfacet
  facet normal -0.000000e+000 1.000000e+000 0.000000e+000
    outer loop
      vertex   -3.561991e+001 -6.378003e+000 6.101563e+001
      vertex   -3.488684e+001 -6.378003e+000 6.215926e+001
      vertex   -3.558772e+001 -6.378003e+000 6.075878e+001
    endloop
  endfacet
  facet normal -0.000000e+000 1.000000e+000 0.000000e+000
    outer loop
      vertex   -3.558772e+001 -6.378003e+000 6.075878e+001
      vertex   -3.488684e+001 -6.378003e+000 6.215926e+001
      vertex   -3.554686e+001 -6.378003e+000 6.051218e+001
    endloop
  endfacet
  facet normal -0.000000e+000 1.000000e+000 0.000000e+000
    outer loop
      vertex   -3.554686e+001 -6.378003e+000 6.051218e+001
      vertex   -3.488684e+001 -6.378003e+000 6.215926e+001
      vertex   -3.549773e+001 -6.378003e+000 6.027820e+001
    endloop
  endfacet
  facet normal 0.000000e+000 1.000000e+000 -0.000000e+000
    outer loop
      vertex   -1.894153e+001 -6.378003e+000 6.155009e+001
      vertex   -1.962795e+001 -6.378003e+000 5.916249e+001
      vertex   -1.893684e+001 -6.378003e+000 6.182255e+001
    endloop
  endfacet
  facet normal 0.000000e+000 1.000000e+000 0.000000e+000
    outer loop
      vertex   -1.893684e+001 -6.378003e+000 6.182255e+001
      vertex   -1.962795e+001 -6.378003e+000 5.916249e+001
      vertex   -1.967401e+001 -6.378003e+000 6.855949e+001
    endloop
  endfacet
  facet normal 0.000000e+000 1.000000e+000 -0.000000e+000
    outer loop
      vertex   -1.893684e+001 -6.378003e+000 6.182255e+001
      vertex   -1.967401e+001 -6.378003e+000 6.855949e+001
      vertex   -1.893684e+001 -6.378003e+000 6.586303e+001
    endloop
  endfacet
  facet normal 0.000000e+000 1.000000e+000 0.000000e+000
    outer loop
      vertex   -1.893684e+001 -6.378003e+000 6.586303e+001
      vertex   -1.967401e+001 -6.378003e+000 6.855949e+001
      vertex   -1.894153e+001 -6.378003e+000 6.613550e+001
    endloop
  endfacet
  facet normal 0.000000e+000 1.000000e+000 0.000000e+000
    outer loop
      vertex   -1.894153e+001 -6.378003e+000 6.613550e+001
      vertex   -1.967401e+001 -6.378003e+000 6.855949e+001
      vertex   -1.895555e+001 -6.378003e+000 6.640533e+001
    endloop
  endfacet
  facet normal 0.000000e+000 1.000000e+000 0.000000e+000
    outer loop
      vertex   -1.895555e+001 -6.378003e+000 6.640533e+001
      vertex   -1.967401e+001 -6.378003e+000 6.855949e+001
      vertex   -1.897877e+001 -6.378003e+000 6.666995e+001
    endloop
  endfacet
  facet normal 0.000000e+000 1.000000e+000 0.000000e+000
    outer loop
      vertex   -1.897877e+001 -6.378003e+000 6.666995e+001
      vertex   -1.967401e+001 -6.378003e+000 6.855949e+001
      vertex   -1.901096e+001 -6.378003e+000 6.692680e+001
    endloop
  endfacet
  facet normal 0.000000e+000 1.000000e+000 0.000000e+000
    outer loop
      vertex   -1.901096e+001 -6.378003e+000 6.692680e+001
      vertex   -1.967401e+001 -6.378003e+000 6.855949e+001
      vertex   -1.905182e+001 -6.378003e+000 6.717340e+001
    endloop
  endfacet
  facet normal 0.000000e+000 1.000000e+000 0.000000e+000
    outer loop
      vertex   -1.905182e+001 -6.378003e+000 6.717340e+001
      vertex   -1.967401e+001 -6.378003e+000 6.855949e+001
      vertex   -1.910095e+001 -6.378003e+000 6.740739e+001
    endloop
  endfacet
  facet normal 0.000000e+000 1.000000e+000 0.000000e+000
    outer loop
      vertex   -1.910095e+001 -6.378003e+000 6.740739e+001
      vertex   -1.967401e+001 -6.378003e+000 6.855949e+001
      vertex   -1.915788e+001 -6.378003e+000 6.762650e+001
    endloop
  endfacet
  facet normal 0.000000e+000 1.000000e+000 0.000000e+000
    outer loop
      vertex   -1.915788e+001 -6.378003e+000 6.762650e+001
      vertex   -1.967401e+001 -6.378003e+000 6.855949e+001
      vertex   -1.922205e+001 -6.378003e+000 6.782862e+001
    endloop
  endfacet
  facet normal 0.000000e+000 1.000000e+000 0.000000e+000
    outer loop
      vertex   -1.922205e+001 -6.378003e+000 6.782862e+001
      vertex   -1.967401e+001 -6.378003e+000 6.855949e+001
      vertex   -1.929286e+001 -6.378003e+000 6.801182e+001
    endloop
  endfacet
  facet normal 0.000000e+000 1.000000e+000 0.000000e+000
    outer loop
      vertex   -1.929286e+001 -6.378003e+000 6.801182e+001
      vertex   -1.967401e+001 -6.378003e+000 6.855949e+001
      vertex   -1.936962e+001 -6.378003e+000 6.817432e+001
    endloop
  endfacet
  facet normal 0.000000e+000 1.000000e+000 0.000000e+000
    outer loop
      vertex   -1.936962e+001 -6.378003e+000 6.817432e+001
      vertex   -1.967401e+001 -6.378003e+000 6.855949e+001
      vertex   -1.941000e+001 -6.378003e+000 6.824731e+001
    endloop
  endfacet
  facet normal 0.000000e+000 1.000000e+000 0.000000e+000
    outer loop
      vertex   -1.941000e+001 -6.378003e+000 6.824731e+001
      vertex   -1.967401e+001 -6.378003e+000 6.855949e+001
      vertex   -1.945158e+001 -6.378003e+000 6.831456e+001
    endloop
  endfacet
  facet normal 0.000000e+000 1.000000e+000 0.000000e+000
    outer loop
      vertex   -1.945158e+001 -6.378003e+000 6.831456e+001
      vertex   -1.967401e+001 -6.378003e+000 6.855949e+001
      vertex   -1.949428e+001 -6.378003e+000 6.837591e+001
    endloop
  endfacet
  facet normal 0.000000e+000 1.000000e+000 0.000000e+000
    outer loop
      vertex   -1.949428e+001 -6.378003e+000 6.837591e+001
      vertex   -1.967401e+001 -6.378003e+000 6.855949e+001
      vertex   -1.953797e+001 -6.378003e+000 6.843119e+001
    endloop
  endfacet
  facet normal 0.000000e+000 1.000000e+000 0.000000e+000
    outer loop
      vertex   -1.953797e+001 -6.378003e+000 6.843119e+001
      vertex   -1.967401e+001 -6.378003e+000 6.855949e+001
      vertex   -1.958257e+001 -6.378003e+000 6.848030e+001
    endloop
  endfacet
  facet normal 0.000000e+000 1.000000e+000 0.000000e+000
    outer loop
      vertex   -1.958257e+001 -6.378003e+000 6.848030e+001
      vertex   -1.967401e+001 -6.378003e+000 6.855949e+001
      vertex   -1.962795e+001 -6.378003e+000 6.852309e+001
    endloop
  endfacet
  facet normal 0.000000e+000 1.000000e+000 0.000000e+000
    outer loop
      vertex   -1.894153e+001 -6.378003e+000 6.155009e+001
      vertex   -1.895555e+001 -6.378003e+000 6.128025e+001
      vertex   -1.962795e+001 -6.378003e+000 5.916249e+001
    endloop
  endfacet
  facet normal 0.000000e+000 1.000000e+000 0.000000e+000
    outer loop
      vertex   -1.962795e+001 -6.378003e+000 5.916249e+001
      vertex   -1.895555e+001 -6.378003e+000 6.128025e+001
      vertex   -1.897877e+001 -6.378003e+000 6.101563e+001
    endloop
  endfacet
  facet normal 0.000000e+000 1.000000e+000 0.000000e+000
    outer loop
      vertex   -1.962795e+001 -6.378003e+000 5.916249e+001
      vertex   -1.897877e+001 -6.378003e+000 6.101563e+001
      vertex   -1.901096e+001 -6.378003e+000 6.075878e+001
    endloop
  endfacet
  facet normal 0.000000e+000 1.000000e+000 0.000000e+000
    outer loop
      vertex   -1.901096e+001 -6.378003e+000 6.075878e+001
      vertex   -1.905182e+001 -6.378003e+000 6.051218e+001
      vertex   -1.962795e+001 -6.378003e+000 5.916249e+001
    endloop
  endfacet
  facet normal 0.000000e+000 1.000000e+000 0.000000e+000
    outer loop
      vertex   -1.962795e+001 -6.378003e+000 5.916249e+001
      vertex   -1.905182e+001 -6.378003e+000 6.051218e+001
      vertex   -1.910095e+001 -6.378003e+000 6.027820e+001
    endloop
  endfacet
  facet normal 0.000000e+000 1.000000e+000 0.000000e+000
    outer loop
      vertex   -1.962795e+001 -6.378003e+000 5.916249e+001
      vertex   -1.910095e+001 -6.378003e+000 6.027820e+001
      vertex   -1.915788e+001 -6.378003e+000 6.005909e+001
    endloop
  endfacet
  facet normal 0.000000e+000 1.000000e+000 0.000000e+000
    outer loop
      vertex   -1.915788e+001 -6.378003e+000 6.005909e+001
      vertex   -1.922205e+001 -6.378003e+000 5.985696e+001
      vertex   -1.962795e+001 -6.378003e+000 5.916249e+001
    endloop
  endfacet
  facet normal 0.000000e+000 1.000000e+000 0.000000e+000
    outer loop
      vertex   -1.962795e+001 -6.378003e+000 5.916249e+001
      vertex   -1.922205e+001 -6.378003e+000 5.985696e+001
      vertex   -1.929286e+001 -6.378003e+000 5.967377e+001
    endloop
  endfacet
  facet normal 0.000000e+000 1.000000e+000 0.000000e+000
    outer loop
      vertex   -1.962795e+001 -6.378003e+000 5.916249e+001
      vertex   -1.929286e+001 -6.378003e+000 5.967377e+001
      vertex   -1.936962e+001 -6.378003e+000 5.951126e+001
    endloop
  endfacet
  facet normal 0.000000e+000 1.000000e+000 0.000000e+000
    outer loop
      vertex   -1.936962e+001 -6.378003e+000 5.951126e+001
      vertex   -1.941000e+001 -6.378003e+000 5.943827e+001
      vertex   -1.962795e+001 -6.378003e+000 5.916249e+001
    endloop
  endfacet
  facet normal 0.000000e+000 1.000000e+000 0.000000e+000
    outer loop
      vertex   -1.962795e+001 -6.378003e+000 5.916249e+001
      vertex   -1.941000e+001 -6.378003e+000 5.943827e+001
      vertex   -1.945158e+001 -6.378003e+000 5.937102e+001
    endloop
  endfacet
  facet normal 0.000000e+000 1.000000e+000 0.000000e+000
    outer loop
      vertex   -1.962795e+001 -6.378003e+000 5.916249e+001
      vertex   -1.945158e+001 -6.378003e+000 5.937102e+001
      vertex   -1.949428e+001 -6.378003e+000 5.930968e+001
    endloop
  endfacet
  facet normal 0.000000e+000 1.000000e+000 0.000000e+000
    outer loop
      vertex   -1.949428e+001 -6.378003e+000 5.930968e+001
      vertex   -1.953797e+001 -6.378003e+000 5.925439e+001
      vertex   -1.962795e+001 -6.378003e+000 5.916249e+001
    endloop
  endfacet
  facet normal 0.000000e+000 1.000000e+000 0.000000e+000
    outer loop
      vertex   -1.962795e+001 -6.378003e+000 5.916249e+001
      vertex   -1.953797e+001 -6.378003e+000 5.925439e+001
      vertex   -1.958257e+001 -6.378003e+000 5.920528e+001
    endloop
  endfacet
  facet normal 0.000000e+000 1.000000e+000 0.000000e+000
    outer loop
      vertex   -1.962795e+001 -6.378003e+000 5.916249e+001
      vertex   -1.967401e+001 -6.378003e+000 5.912610e+001
      vertex   -1.967401e+001 -6.378003e+000 6.855949e+001
    endloop
  endfacet
  facet normal -0.000000e+000 1.000000e+000 -0.000000e+000
    outer loop
      vertex   -3.497073e+001 -6.378003e+000 5.916249e+001
      vertex   -3.501611e+001 -6.378003e+000 5.920528e+001
      vertex   -3.492467e+001 -6.378003e+000 5.912610e+001
    endloop
  endfacet
  facet normal 0.000000e+000 1.000000e+000 0.000000e+000
    outer loop
      vertex   -3.492467e+001 -6.378003e+000 5.912610e+001
      vertex   -3.501611e+001 -6.378003e+000 5.920528e+001
      vertex   -3.506071e+001 -6.378003e+000 5.925439e+001
    endloop
  endfacet
  facet normal 0.000000e+000 1.000000e+000 0.000000e+000
    outer loop
      vertex   -3.492467e+001 -6.378003e+000 5.912610e+001
      vertex   -3.506071e+001 -6.378003e+000 5.925439e+001
      vertex   -3.510440e+001 -6.378003e+000 5.930968e+001
    endloop
  endfacet
  facet normal -0.000000e+000 1.000000e+000 -0.000000e+000
    outer loop
      vertex   -3.510440e+001 -6.378003e+000 5.930968e+001
      vertex   -3.514709e+001 -6.378003e+000 5.937102e+001
      vertex   -3.492467e+001 -6.378003e+000 5.912610e+001
    endloop
  endfacet
  facet normal 0.000000e+000 1.000000e+000 0.000000e+000
    outer loop
      vertex   -3.492467e+001 -6.378003e+000 5.912610e+001
      vertex   -3.514709e+001 -6.378003e+000 5.937102e+001
      vertex   -3.518868e+001 -6.378003e+000 5.943827e+001
    endloop
  endfacet
  facet normal 0.000000e+000 1.000000e+000 0.000000e+000
    outer loop
      vertex   -3.492467e+001 -6.378003e+000 5.912610e+001
      vertex   -3.518868e+001 -6.378003e+000 5.943827e+001
      vertex   -3.522906e+001 -6.378003e+000 5.951126e+001
    endloop
  endfacet
  facet normal -0.000000e+000 1.000000e+000 -0.000000e+000
    outer loop
      vertex   -3.522906e+001 -6.378003e+000 5.951126e+001
      vertex   -3.530582e+001 -6.378003e+000 5.967377e+001
      vertex   -3.492467e+001 -6.378003e+000 5.912610e+001
    endloop
  endfacet
  facet normal 0.000000e+000 1.000000e+000 0.000000e+000
    outer loop
      vertex   -3.492467e+001 -6.378003e+000 5.912610e+001
      vertex   -3.530582e+001 -6.378003e+000 5.967377e+001
      vertex   -3.537663e+001 -6.378003e+000 5.985696e+001
    endloop
  endfacet
  facet normal 0.000000e+000 1.000000e+000 0.000000e+000
    outer loop
      vertex   -3.492467e+001 -6.378003e+000 5.912610e+001
      vertex   -3.537663e+001 -6.378003e+000 5.985696e+001
      vertex   -3.544080e+001 -6.378003e+000 6.005909e+001
    endloop
  endfacet
  facet normal 0.000000e+000 1.000000e+000 0.000000e+000
    outer loop
      vertex   -3.501611e+001 -6.378003e+000 6.848030e+001
      vertex   -3.497073e+001 -6.378003e+000 6.852309e+001
      vertex   -3.468806e+001 -6.378003e+000 6.864279e+001
    endloop
  endfacet
  facet normal 0.000000e+000 1.000000e+000 0.000000e+000
    outer loop
      vertex   -3.468806e+001 -6.378003e+000 6.864279e+001
      vertex   -3.497073e+001 -6.378003e+000 6.852309e+001
      vertex   -3.492467e+001 -6.378003e+000 6.855949e+001
    endloop
  endfacet
  facet normal 0.000000e+000 1.000000e+000 0.000000e+000
    outer loop
      vertex   -3.468806e+001 -6.378003e+000 6.864279e+001
      vertex   -3.492467e+001 -6.378003e+000 6.855949e+001
      vertex   -3.487803e+001 -6.378003e+000 6.858938e+001
    endloop
  endfacet
  facet normal 0.000000e+000 1.000000e+000 0.000000e+000
    outer loop
      vertex   -3.487803e+001 -6.378003e+000 6.858938e+001
      vertex   -3.483094e+001 -6.378003e+000 6.861270e+001
      vertex   -3.468806e+001 -6.378003e+000 6.864279e+001
    endloop
  endfacet
  facet normal 0.000000e+000 1.000000e+000 0.000000e+000
    outer loop
      vertex   -3.468806e+001 -6.378003e+000 6.864279e+001
      vertex   -3.483094e+001 -6.378003e+000 6.861270e+001
      vertex   -3.478350e+001 -6.378003e+000 6.862940e+001
    endloop
  endfacet
  facet normal 0.000000e+000 1.000000e+000 0.000000e+000
    outer loop
      vertex   -3.468806e+001 -6.378003e+000 6.864279e+001
      vertex   -3.478350e+001 -6.378003e+000 6.862940e+001
      vertex   -3.473584e+001 -6.378003e+000 6.863944e+001
    endloop
  endfacet
  facet normal 0.000000e+000 1.000000e+000 0.000000e+000
    outer loop
      vertex   -1.986284e+001 -6.378003e+000 6.863944e+001
      vertex   -1.981517e+001 -6.378003e+000 6.862940e+001
      vertex   -1.991062e+001 -6.378003e+000 6.864279e+001
    endloop
  endfacet
  facet normal 0.000000e+000 1.000000e+000 0.000000e+000
    outer loop
      vertex   -1.991062e+001 -6.378003e+000 6.864279e+001
      vertex   -1.981517e+001 -6.378003e+000 6.862940e+001
      vertex   -1.976774e+001 -6.378003e+000 6.861270e+001
    endloop
  endfacet
  facet normal 0.000000e+000 1.000000e+000 0.000000e+000
    outer loop
      vertex   -1.991062e+001 -6.378003e+000 6.864279e+001
      vertex   -1.976774e+001 -6.378003e+000 6.861270e+001
      vertex   -1.972065e+001 -6.378003e+000 6.858938e+001
    endloop
  endfacet
  facet normal 0.000000e+000 1.000000e+000 0.000000e+000
    outer loop
      vertex   -1.972065e+001 -6.378003e+000 6.858938e+001
      vertex   -1.967401e+001 -6.378003e+000 6.855949e+001
      vertex   -1.991062e+001 -6.378003e+000 6.864279e+001
    endloop
  endfacet
  facet normal 9.999891e-001 -0.000000e+000 4.665378e-003
    outer loop
      vertex   -1.893684e+001 -9.609498e+000 6.586303e+001
      vertex   -1.893684e+001 -6.378003e+000 6.586303e+001
      vertex   -1.893718e+001 -7.411745e+000 6.593703e+001
    endloop
  endfacet
  facet normal 9.998515e-001 8.980937e-004 1.721106e-002
    outer loop
      vertex   -1.893718e+001 -7.411745e+000 6.593703e+001
      vertex   -1.893684e+001 -6.378003e+000 6.586303e+001
      vertex   -1.894153e+001 -6.378003e+000 6.613550e+001
    endloop
  endfacet
  facet normal 9.998255e-001 6.175786e-004 1.867156e-002
    outer loop
      vertex   -1.893718e+001 -7.411745e+000 6.593703e+001
      vertex   -1.894153e+001 -6.378003e+000 6.613550e+001
      vertex   -1.893994e+001 -7.411745e+000 6.608482e+001
    endloop
  endfacet
  facet normal 9.992997e-001 -3.022946e-004 3.741740e-002
    outer loop
      vertex   -1.893994e+001 -7.411745e+000 6.608482e+001
      vertex   -1.894153e+001 -6.378003e+000 6.613550e+001
      vertex   -1.894545e+001 -7.411745e+000 6.623198e+001
    endloop
  endfacet
  facet normal 9.992997e-001 1.421881e-004 3.741740e-002
    outer loop
      vertex   -1.893994e+001 -7.411745e+000 6.608482e+001
      vertex   -1.894545e+001 -7.411745e+000 6.623198e+001
      vertex   -1.894153e+001 -9.609498e+000 6.613550e+001
    endloop
  endfacet
  facet normal 9.986526e-001 -4.943496e-004 5.189080e-002
    outer loop
      vertex   -1.894153e+001 -9.609498e+000 6.613550e+001
      vertex   -1.894545e+001 -7.411745e+000 6.623198e+001
      vertex   -1.895555e+001 -9.609498e+000 6.640533e+001
    endloop
  endfacet
  facet normal 9.984107e-001 -1.409971e-004 5.635643e-002
    outer loop
      vertex   -1.895555e+001 -9.609498e+000 6.640533e+001
      vertex   -1.894545e+001 -7.411745e+000 6.623198e+001
      vertex   -1.895370e+001 -7.411745e+000 6.637809e+001
    endloop
  endfacet
  facet normal 9.971421e-001 9.798204e-005 7.554825e-002
    outer loop
      vertex   -1.895555e+001 -9.609498e+000 6.640533e+001
      vertex   -1.895370e+001 -7.411745e+000 6.637809e+001
      vertex   -1.896466e+001 -7.411745e+000 6.652274e+001
    endloop
  endfacet
  facet normal 9.971421e-001 -2.083116e-004 7.554824e-002
    outer loop
      vertex   -1.896466e+001 -7.411745e+000 6.652274e+001
      vertex   -1.895370e+001 -7.411745e+000 6.637809e+001
      vertex   -1.895555e+001 -6.378003e+000 6.640533e+001
    endloop
  endfacet
  facet normal 9.961715e-001 1.147852e-003 8.741345e-002
    outer loop
      vertex   -1.896466e+001 -7.411745e+000 6.652274e+001
      vertex   -1.895555e+001 -6.378003e+000 6.640533e+001
      vertex   -1.897877e+001 -6.378003e+000 6.666995e+001
    endloop
  endfacet
  facet normal 9.986522e-001 1.050996e-003 5.189078e-002
    outer loop
      vertex   -1.894153e+001 -6.378003e+000 6.613550e+001
      vertex   -1.895555e+001 -6.378003e+000 6.640533e+001
      vertex   -1.894545e+001 -7.411745e+000 6.623198e+001
    endloop
  endfacet
  facet normal 9.984106e-001 2.997625e-004 5.635643e-002
    outer loop
      vertex   -1.894545e+001 -7.411745e+000 6.623198e+001
      vertex   -1.895555e+001 -6.378003e+000 6.640533e+001
      vertex   -1.895370e+001 -7.411745e+000 6.637809e+001
    endloop
  endfacet
  facet normal 9.922349e-001 1.192993e-003 1.243720e-001
    outer loop
      vertex   -1.901096e+001 -6.378003e+000 6.692680e+001
      vertex   -1.899458e+001 -7.411745e+000 6.680603e+001
      vertex   -1.897877e+001 -6.378003e+000 6.666995e+001
    endloop
  endfacet
  facet normal 9.933515e-001 -4.191175e-005 1.151206e-001
    outer loop
      vertex   -1.897877e+001 -6.378003e+000 6.666995e+001
      vertex   -1.899458e+001 -7.411745e+000 6.680603e+001
      vertex   -1.897830e+001 -7.411745e+000 6.666553e+001
    endloop
  endfacet
  facet normal 9.954685e-001 4.478327e-005 9.509210e-002
    outer loop
      vertex   -1.897877e+001 -6.378003e+000 6.666995e+001
      vertex   -1.897830e+001 -7.411745e+000 6.666553e+001
      vertex   -1.896466e+001 -7.411745e+000 6.652274e+001
    endloop
  endfacet
  facet normal 9.954685e-001 -2.106438e-005 9.509210e-002
    outer loop
      vertex   -1.896466e+001 -7.411745e+000 6.652274e+001
      vertex   -1.897830e+001 -7.411745e+000 6.666553e+001
      vertex   -1.897877e+001 -9.609498e+000 6.666995e+001
    endloop
  endfacet
  facet normal 9.961720e-001 -5.399071e-004 8.741349e-002
    outer loop
      vertex   -1.896466e+001 -7.411745e+000 6.652274e+001
      vertex   -1.897877e+001 -9.609498e+000 6.666995e+001
      vertex   -1.895555e+001 -9.609498e+000 6.640533e+001
    endloop
  endfacet
  facet normal 9.865495e-001 1.178940e-003 1.634584e-001
    outer loop
      vertex   -1.905182e+001 -6.378003e+000 6.717340e+001
      vertex   -1.903489e+001 -7.411745e+000 6.707864e+001
      vertex   -1.901096e+001 -6.378003e+000 6.692680e+001
    endloop
  endfacet
  facet normal 9.876006e-001 2.040799e-004 1.569874e-001
    outer loop
      vertex   -1.901096e+001 -6.378003e+000 6.692680e+001
      vertex   -1.903489e+001 -7.411745e+000 6.707864e+001
      vertex   -1.901346e+001 -7.411745e+000 6.694387e+001
    endloop
  endfacet
  facet normal 9.907487e-001 -1.549954e-004 1.357090e-001
    outer loop
      vertex   -1.901096e+001 -6.378003e+000 6.692680e+001
      vertex   -1.901346e+001 -7.411745e+000 6.694387e+001
      vertex   -1.899458e+001 -7.411745e+000 6.680603e+001
    endloop
  endfacet
  facet normal 9.907487e-001 7.290410e-005 1.357090e-001
    outer loop
      vertex   -1.899458e+001 -7.411745e+000 6.680603e+001
      vertex   -1.901346e+001 -7.411745e+000 6.694387e+001
      vertex   -1.901096e+001 -9.609498e+000 6.692680e+001
    endloop
  endfacet
  facet normal 9.922355e-001 -5.611397e-004 1.243721e-001
    outer loop
      vertex   -1.899458e+001 -7.411745e+000 6.680603e+001
      vertex   -1.901096e+001 -9.609498e+000 6.692680e+001
      vertex   -1.897877e+001 -9.609498e+000 6.666995e+001
    endloop
  endfacet
  facet normal 9.786609e-001 1.097376e-003 2.054792e-001
    outer loop
      vertex   -1.910095e+001 -6.378003e+000 6.740739e+001
      vertex   -1.908511e+001 -7.411745e+000 6.733747e+001
      vertex   -1.905182e+001 -6.378003e+000 6.717340e+001
    endloop
  endfacet
  facet normal 9.793521e-001 5.485168e-004 2.021613e-001
    outer loop
      vertex   -1.905182e+001 -6.378003e+000 6.717340e+001
      vertex   -1.908511e+001 -7.411745e+000 6.733747e+001
      vertex   -1.905879e+001 -7.411745e+000 6.720997e+001
    endloop
  endfacet
  facet normal 9.838335e-001 -2.979881e-004 1.790854e-001
    outer loop
      vertex   -1.905182e+001 -6.378003e+000 6.717340e+001
      vertex   -1.905879e+001 -7.411745e+000 6.720997e+001
      vertex   -1.903489e+001 -7.411745e+000 6.707864e+001
    endloop
  endfacet
  facet normal 9.838336e-001 1.401625e-004 1.790854e-001
    outer loop
      vertex   -1.903489e+001 -7.411745e+000 6.707864e+001
      vertex   -1.905879e+001 -7.411745e+000 6.720997e+001
      vertex   -1.905182e+001 -9.609498e+000 6.717340e+001
    endloop
  endfacet
  facet normal 9.865500e-001 -5.545297e-004 1.634585e-001
    outer loop
      vertex   -1.903489e+001 -7.411745e+000 6.707864e+001
      vertex   -1.905182e+001 -9.609498e+000 6.717340e+001
      vertex   -1.901096e+001 -9.609498e+000 6.692680e+001
    endloop
  endfacet
  facet normal 9.740419e-001 -3.861521e-004 2.263676e-001
    outer loop
      vertex   -1.908511e+001 -7.411745e+000 6.733747e+001
      vertex   -1.910095e+001 -6.378003e+000 6.740739e+001
      vertex   -1.911377e+001 -7.411745e+000 6.746080e+001
    endloop
  endfacet
  facet normal 9.678667e-001 9.870769e-004 2.514620e-001
    outer loop
      vertex   -1.911377e+001 -7.411745e+000 6.746080e+001
      vertex   -1.910095e+001 -6.378003e+000 6.740739e+001
      vertex   -1.915788e+001 -6.378003e+000 6.762650e+001
    endloop
  endfacet
  facet normal 9.677609e-001 9.173393e-004 2.518689e-001
    outer loop
      vertex   -1.911377e+001 -7.411745e+000 6.746080e+001
      vertex   -1.915788e+001 -6.378003e+000 6.762650e+001
      vertex   -1.914469e+001 -7.411745e+000 6.757960e+001
    endloop
  endfacet
  facet normal 9.603190e-001 -4.040603e-004 2.789034e-001
    outer loop
      vertex   -1.914469e+001 -7.411745e+000 6.757960e+001
      vertex   -1.915788e+001 -6.378003e+000 6.762650e+001
      vertex   -1.917778e+001 -7.411745e+000 6.769353e+001
    endloop
  endfacet
  facet normal 9.603191e-001 1.900550e-004 2.789035e-001
    outer loop
      vertex   -1.914469e+001 -7.411745e+000 6.757960e+001
      vertex   -1.917778e+001 -7.411745e+000 6.769353e+001
      vertex   -1.915788e+001 -9.609498e+000 6.762650e+001
    endloop
  endfacet
  facet normal 9.531109e-001 -5.986931e-004 3.026207e-001
    outer loop
      vertex   -1.915788e+001 -9.609498e+000 6.762650e+001
      vertex   -1.917778e+001 -7.411745e+000 6.769353e+001
      vertex   -1.922205e+001 -9.609498e+000 6.782862e+001
    endloop
  endfacet
  facet normal 9.514838e-001 -2.538082e-004 3.076985e-001
    outer loop
      vertex   -1.922205e+001 -9.609498e+000 6.782862e+001
      vertex   -1.917778e+001 -7.411745e+000 6.769353e+001
      vertex   -1.921295e+001 -7.411745e+000 6.780228e+001
    endloop
  endfacet
  facet normal 9.409567e-001 1.593436e-004 3.385268e-001
    outer loop
      vertex   -1.922205e+001 -9.609498e+000 6.782862e+001
      vertex   -1.921295e+001 -7.411745e+000 6.780228e+001
      vertex   -1.925009e+001 -7.411745e+000 6.790553e+001
    endloop
  endfacet
  facet normal 9.409567e-001 -3.387675e-004 3.385268e-001
    outer loop
      vertex   -1.925009e+001 -7.411745e+000 6.790553e+001
      vertex   -1.921295e+001 -7.411745e+000 6.780228e+001
      vertex   -1.922205e+001 -6.378003e+000 6.782862e+001
    endloop
  endfacet
  facet normal 9.327528e-001 1.519429e-003 3.605133e-001
    outer loop
      vertex   -1.925009e+001 -7.411745e+000 6.790553e+001
      vertex   -1.922205e+001 -6.378003e+000 6.782862e+001
      vertex   -1.929286e+001 -6.378003e+000 6.801182e+001
    endloop
  endfacet
  facet normal 9.531103e-001 1.272832e-003 3.026205e-001
    outer loop
      vertex   -1.915788e+001 -6.378003e+000 6.762650e+001
      vertex   -1.922205e+001 -6.378003e+000 6.782862e+001
      vertex   -1.917778e+001 -7.411745e+000 6.769353e+001
    endloop
  endfacet
  facet normal 9.514838e-001 5.396010e-004 3.076985e-001
    outer loop
      vertex   -1.917778e+001 -7.411745e+000 6.769353e+001
      vertex   -1.922205e+001 -6.378003e+000 6.782862e+001
      vertex   -1.921295e+001 -7.411745e+000 6.780228e+001
    endloop
  endfacet
  facet normal 9.042000e-001 1.720948e-003 4.271060e-001
    outer loop
      vertex   -1.936962e+001 -6.378003e+000 6.817432e+001
      vertex   -1.932989e+001 -7.411745e+000 6.809438e+001
      vertex   -1.929286e+001 -6.378003e+000 6.801182e+001
    endloop
  endfacet
  facet normal 9.132164e-001 -1.698227e-004 4.074749e-001
    outer loop
      vertex   -1.929286e+001 -6.378003e+000 6.801182e+001
      vertex   -1.932989e+001 -7.411745e+000 6.809438e+001
      vertex   -1.928911e+001 -7.411745e+000 6.800298e+001
    endloop
  endfacet
  facet normal 9.283664e-001 1.911698e-004 3.716663e-001
    outer loop
      vertex   -1.929286e+001 -6.378003e+000 6.801182e+001
      vertex   -1.928911e+001 -7.411745e+000 6.800298e+001
      vertex   -1.925009e+001 -7.411745e+000 6.790553e+001
    endloop
  endfacet
  facet normal 9.283664e-001 -8.991917e-005 3.716663e-001
    outer loop
      vertex   -1.925009e+001 -7.411745e+000 6.790553e+001
      vertex   -1.928911e+001 -7.411745e+000 6.800298e+001
      vertex   -1.929286e+001 -9.609498e+000 6.801182e+001
    endloop
  endfacet
  facet normal 9.327537e-001 -7.146837e-004 3.605137e-001
    outer loop
      vertex   -1.925009e+001 -7.411745e+000 6.790553e+001
      vertex   -1.929286e+001 -9.609498e+000 6.801182e+001
      vertex   -1.922205e+001 -9.609498e+000 6.782862e+001
    endloop
  endfacet
  facet normal 8.948842e-001 -1.212523e-004 4.462984e-001
    outer loop
      vertex   -1.932989e+001 -7.411745e+000 6.809438e+001
      vertex   -1.936962e+001 -6.378003e+000 6.817432e+001
      vertex   -1.937231e+001 -7.411745e+000 6.817944e+001
    endloop
  endfacet
  facet normal 8.750198e-001 1.179901e-004 4.840871e-001
    outer loop
      vertex   -1.937231e+001 -7.411745e+000 6.817944e+001
      vertex   -1.936962e+001 -6.378003e+000 6.817432e+001
      vertex   -1.941000e+001 -6.378003e+000 6.824731e+001
    endloop
  endfacet
  facet normal 8.725454e-001 -2.640775e-004 4.885330e-001
    outer loop
      vertex   -1.937231e+001 -7.411745e+000 6.817944e+001
      vertex   -1.941000e+001 -6.378003e+000 6.824731e+001
      vertex   -1.941627e+001 -7.411745e+000 6.825794e+001
    endloop
  endfacet
  facet normal 8.505308e-001 2.540965e-004 5.259252e-001
    outer loop
      vertex   -1.941627e+001 -7.411745e+000 6.825794e+001
      vertex   -1.941000e+001 -6.378003e+000 6.824731e+001
      vertex   -1.945158e+001 -6.378003e+000 6.831456e+001
    endloop
  endfacet
  facet normal 8.451778e-001 -3.976115e-004 5.344850e-001
    outer loop
      vertex   -1.941627e+001 -7.411745e+000 6.825794e+001
      vertex   -1.945158e+001 -6.378003e+000 6.831456e+001
      vertex   -1.946162e+001 -7.411745e+000 6.832966e+001
    endloop
  endfacet
  facet normal 8.208089e-001 3.752280e-004 5.712028e-001
    outer loop
      vertex   -1.946162e+001 -7.411745e+000 6.832966e+001
      vertex   -1.945158e+001 -6.378003e+000 6.831456e+001
      vertex   -1.949428e+001 -6.378003e+000 6.837591e+001
    endloop
  endfacet
  facet normal 8.113759e-001 -5.187863e-004 5.845245e-001
    outer loop
      vertex   -1.946162e+001 -7.411745e+000 6.832966e+001
      vertex   -1.949428e+001 -6.378003e+000 6.837591e+001
      vertex   -1.950824e+001 -7.411745e+000 6.839438e+001
    endloop
  endfacet
  facet normal 7.845285e-001 4.794922e-004 6.200926e-001
    outer loop
      vertex   -1.950824e+001 -7.411745e+000 6.839438e+001
      vertex   -1.949428e+001 -6.378003e+000 6.837591e+001
      vertex   -1.953797e+001 -6.378003e+000 6.843119e+001
    endloop
  endfacet
  facet normal 7.694365e-001 -6.179554e-004 6.387231e-001
    outer loop
      vertex   -1.950824e+001 -7.411745e+000 6.839438e+001
      vertex   -1.953797e+001 -6.378003e+000 6.843119e+001
      vertex   -1.955601e+001 -7.411745e+000 6.845192e+001
    endloop
  endfacet
  facet normal 7.403302e-001 5.620840e-004 6.722432e-001
    outer loop
      vertex   -1.955601e+001 -7.411745e+000 6.845192e+001
      vertex   -1.953797e+001 -6.378003e+000 6.843119e+001
      vertex   -1.958257e+001 -6.378003e+000 6.848030e+001
    endloop
  endfacet
  facet normal 7.173049e-001 -7.024989e-004 6.967591e-001
    outer loop
      vertex   -1.955601e+001 -7.411745e+000 6.845192e+001
      vertex   -1.958257e+001 -6.378003e+000 6.848030e+001
      vertex   -1.960478e+001 -7.411745e+000 6.850213e+001
    endloop
  endfacet
  facet normal 6.860396e-001 6.198392e-004 7.275640e-001
    outer loop
      vertex   -1.960478e+001 -7.411745e+000 6.850213e+001
      vertex   -1.958257e+001 -6.378003e+000 6.848030e+001
      vertex   -1.962795e+001 -6.378003e+000 6.852309e+001
    endloop
  endfacet
  facet normal 6.523631e-001 -7.503062e-004 7.579062e-001
    outer loop
      vertex   -1.960478e+001 -7.411745e+000 6.850213e+001
      vertex   -1.962795e+001 -6.378003e+000 6.852309e+001
      vertex   -1.965442e+001 -7.411745e+000 6.854485e+001
    endloop
  endfacet
  facet normal 6.199127e-001 6.439218e-004 7.846705e-001
    outer loop
      vertex   -1.965442e+001 -7.411745e+000 6.854485e+001
      vertex   -1.962795e+001 -6.378003e+000 6.852309e+001
      vertex   -1.967401e+001 -6.378003e+000 6.855949e+001
    endloop
  endfacet
  facet normal 5.720541e-001 -7.664689e-004 8.202155e-001
    outer loop
      vertex   -1.965442e+001 -7.411745e+000 6.854485e+001
      vertex   -1.967401e+001 -6.378003e+000 6.855949e+001
      vertex   -1.970478e+001 -7.411745e+000 6.857998e+001
    endloop
  endfacet
  facet normal 5.396554e-001 6.274056e-004 8.418858e-001
    outer loop
      vertex   -1.970478e+001 -7.411745e+000 6.857998e+001
      vertex   -1.967401e+001 -6.378003e+000 6.855949e+001
      vertex   -1.972065e+001 -6.378003e+000 6.858938e+001
    endloop
  endfacet
  facet normal 4.739110e-001 -7.333683e-004 8.805724e-001
    outer loop
      vertex   -1.970478e+001 -7.411745e+000 6.857998e+001
      vertex   -1.972065e+001 -6.378003e+000 6.858938e+001
      vertex   -1.975573e+001 -7.411745e+000 6.860740e+001
    endloop
  endfacet
  facet normal 4.438131e-001 5.591293e-004 8.961192e-001
    outer loop
      vertex   -1.975573e+001 -7.411745e+000 6.860740e+001
      vertex   -1.972065e+001 -6.378003e+000 6.858938e+001
      vertex   -1.976774e+001 -6.378003e+000 6.861270e+001
    endloop
  endfacet
  facet normal 3.571080e-001 -6.427243e-004 9.340628e-001
    outer loop
      vertex   -1.975573e+001 -7.411745e+000 6.860740e+001
      vertex   -1.976774e+001 -6.378003e+000 6.861270e+001
      vertex   -1.980712e+001 -7.411745e+000 6.862704e+001
    endloop
  endfacet
  facet normal 3.320899e-001 4.377036e-004 9.432476e-001
    outer loop
      vertex   -1.980712e+001 -7.411745e+000 6.862704e+001
      vertex   -1.976774e+001 -6.378003e+000 6.861270e+001
      vertex   -1.981517e+001 -6.378003e+000 6.862940e+001
    endloop
  endfacet
  facet normal 2.226489e-001 -4.876265e-004 9.748986e-001
    outer loop
      vertex   -1.980712e+001 -7.411745e+000 6.862704e+001
      vertex   -1.981517e+001 -6.378003e+000 6.862940e+001
      vertex   -1.985880e+001 -7.411745e+000 6.863885e+001
    endloop
  endfacet
  facet normal 2.061131e-001 2.433033e-004 9.785281e-001
    outer loop
      vertex   -1.985880e+001 -7.411745e+000 6.863885e+001
      vertex   -1.981517e+001 -6.378003e+000 6.862940e+001
      vertex   -1.986284e+001 -6.378003e+000 6.863944e+001
    endloop
  endfacet
  facet normal 8.589372e-002 -2.374013e-004 9.963043e-001
    outer loop
      vertex   -1.985880e+001 -7.411745e+000 6.863885e+001
      vertex   -1.986284e+001 -6.378003e+000 6.863944e+001
      vertex   -1.991062e+001 -9.609498e+000 6.864279e+001
    endloop
  endfacet
  facet normal 6.992542e-002 -0.000000e+000 9.975522e-001
    outer loop
      vertex   -1.991062e+001 -9.609498e+000 6.864279e+001
      vertex   -1.986284e+001 -6.378003e+000 6.863944e+001
      vertex   -1.991062e+001 -6.378003e+000 6.864279e+001
    endloop
  endfacet
  facet normal 6.992542e-002 1.413961e-004 9.975522e-001
    outer loop
      vertex   -1.991062e+001 -9.609498e+000 6.864279e+001
      vertex   -1.986284e+001 -9.609498e+000 6.863944e+001
      vertex   -1.985880e+001 -7.411745e+000 6.863885e+001
    endloop
  endfacet
  facet normal 2.061131e-001 -1.144408e-004 9.785281e-001
    outer loop
      vertex   -1.985880e+001 -7.411745e+000 6.863885e+001
      vertex   -1.986284e+001 -9.609498e+000 6.863944e+001
      vertex   -1.981517e+001 -9.609498e+000 6.862940e+001
    endloop
  endfacet
  facet normal 2.226489e-001 2.293614e-004 9.748986e-001
    outer loop
      vertex   -1.985880e+001 -7.411745e+000 6.863885e+001
      vertex   -1.981517e+001 -9.609498e+000 6.862940e+001
      vertex   -1.980712e+001 -7.411745e+000 6.862704e+001
    endloop
  endfacet
  facet normal 3.320899e-001 -2.058795e-004 9.432477e-001
    outer loop
      vertex   -1.980712e+001 -7.411745e+000 6.862704e+001
      vertex   -1.981517e+001 -9.609498e+000 6.862940e+001
      vertex   -1.976774e+001 -9.609498e+000 6.861270e+001
    endloop
  endfacet
  facet normal 3.571081e-001 3.023137e-004 9.340630e-001
    outer loop
      vertex   -1.980712e+001 -7.411745e+000 6.862704e+001
      vertex   -1.976774e+001 -9.609498e+000 6.861270e+001
      vertex   -1.975573e+001 -7.411745e+000 6.860740e+001
    endloop
  endfacet
  facet normal 4.438131e-001 -2.629937e-004 8.961193e-001
    outer loop
      vertex   -1.975573e+001 -7.411745e+000 6.860740e+001
      vertex   -1.976774e+001 -9.609498e+000 6.861270e+001
      vertex   -1.972065e+001 -9.609498e+000 6.858938e+001
    endloop
  endfacet
  facet normal 4.739111e-001 3.449493e-004 8.805726e-001
    outer loop
      vertex   -1.975573e+001 -7.411745e+000 6.860740e+001
      vertex   -1.972065e+001 -9.609498e+000 6.858938e+001
      vertex   -1.970478e+001 -7.411745e+000 6.857998e+001
    endloop
  endfacet
  facet normal 5.396554e-001 -2.951083e-004 8.418859e-001
    outer loop
      vertex   -1.970478e+001 -7.411745e+000 6.857998e+001
      vertex   -1.972065e+001 -9.609498e+000 6.858938e+001
      vertex   -1.967401e+001 -9.609498e+000 6.855949e+001
    endloop
  endfacet
  facet normal 5.720543e-001 3.605185e-004 8.202157e-001
    outer loop
      vertex   -1.970478e+001 -7.411745e+000 6.857998e+001
      vertex   -1.967401e+001 -9.609498e+000 6.855949e+001
      vertex   -1.965442e+001 -7.411745e+000 6.854485e+001
    endloop
  endfacet
  facet normal 6.199129e-001 -3.028770e-004 7.846706e-001
    outer loop
      vertex   -1.965442e+001 -7.411745e+000 6.854485e+001
      vertex   -1.967401e+001 -9.609498e+000 6.855949e+001
      vertex   -1.962795e+001 -9.609498e+000 6.852309e+001
    endloop
  endfacet
  facet normal 6.523633e-001 3.529162e-004 7.579063e-001
    outer loop
      vertex   -1.965442e+001 -7.411745e+000 6.854485e+001
      vertex   -1.962795e+001 -9.609498e+000 6.852309e+001
      vertex   -1.960478e+001 -7.411745e+000 6.850213e+001
    endloop
  endfacet
  facet normal 6.860397e-001 -2.915493e-004 7.275641e-001
    outer loop
      vertex   -1.960478e+001 -7.411745e+000 6.850213e+001
      vertex   -1.962795e+001 -9.609498e+000 6.852309e+001
      vertex   -1.958257e+001 -9.609498e+000 6.848030e+001
    endloop
  endfacet
  facet normal 7.173050e-001 3.304294e-004 6.967592e-001
    outer loop
      vertex   -1.960478e+001 -7.411745e+000 6.850213e+001
      vertex   -1.958257e+001 -9.609498e+000 6.848030e+001
      vertex   -1.955601e+001 -7.411745e+000 6.845192e+001
    endloop
  endfacet
  facet normal 7.403302e-001 -2.643834e-004 6.722433e-001
    outer loop
      vertex   -1.955601e+001 -7.411745e+000 6.845192e+001
      vertex   -1.958257e+001 -9.609498e+000 6.848030e+001
      vertex   -1.953797e+001 -9.609498e+000 6.843119e+001
    endloop
  endfacet
  facet normal 7.694366e-001 2.906633e-004 6.387231e-001
    outer loop
      vertex   -1.955601e+001 -7.411745e+000 6.845192e+001
      vertex   -1.953797e+001 -9.609498e+000 6.843119e+001
      vertex   -1.950824e+001 -7.411745e+000 6.839438e+001
    endloop
  endfacet
  facet normal 7.845286e-001 -2.255353e-004 6.200926e-001
    outer loop
      vertex   -1.950824e+001 -7.411745e+000 6.839438e+001
      vertex   -1.953797e+001 -9.609498e+000 6.843119e+001
      vertex   -1.949428e+001 -9.609498e+000 6.837591e+001
    endloop
  endfacet
  facet normal 8.113760e-001 2.440178e-004 5.845245e-001
    outer loop
      vertex   -1.950824e+001 -7.411745e+000 6.839438e+001
      vertex   -1.949428e+001 -9.609498e+000 6.837591e+001
      vertex   -1.946162e+001 -7.411745e+000 6.832966e+001
    endloop
  endfacet
  facet normal 8.208089e-001 -1.764933e-004 5.712028e-001
    outer loop
      vertex   -1.946162e+001 -7.411745e+000 6.832966e+001
      vertex   -1.949428e+001 -9.609498e+000 6.837591e+001
      vertex   -1.945158e+001 -9.609498e+000 6.831456e+001
    endloop
  endfacet
  facet normal 8.451779e-001 1.870217e-004 5.344851e-001
    outer loop
      vertex   -1.946162e+001 -7.411745e+000 6.832966e+001
      vertex   -1.945158e+001 -9.609498e+000 6.831456e+001
      vertex   -1.941627e+001 -7.411745e+000 6.825794e+001
    endloop
  endfacet
  facet normal 8.505308e-001 -1.195176e-004 5.259252e-001
    outer loop
      vertex   -1.941627e+001 -7.411745e+000 6.825794e+001
      vertex   -1.945158e+001 -9.609498e+000 6.831456e+001
      vertex   -1.941000e+001 -9.609498e+000 6.824731e+001
    endloop
  endfacet
  facet normal 8.725454e-001 1.242122e-004 4.885330e-001
    outer loop
      vertex   -1.941627e+001 -7.411745e+000 6.825794e+001
      vertex   -1.941000e+001 -9.609498e+000 6.824731e+001
      vertex   -1.937231e+001 -7.411745e+000 6.817944e+001
    endloop
  endfacet
  facet normal 8.750198e-001 -5.549815e-005 4.840871e-001
    outer loop
      vertex   -1.937231e+001 -7.411745e+000 6.817944e+001
      vertex   -1.941000e+001 -9.609498e+000 6.824731e+001
      vertex   -1.936962e+001 -9.609498e+000 6.817432e+001
    endloop
  endfacet
  facet normal 8.948842e-001 5.703258e-005 4.462984e-001
    outer loop
      vertex   -1.937231e+001 -7.411745e+000 6.817944e+001
      vertex   -1.936962e+001 -9.609498e+000 6.817432e+001
      vertex   -1.932989e+001 -7.411745e+000 6.809438e+001
    endloop
  endfacet
  facet normal 9.042010e-001 -8.094707e-004 4.271064e-001
    outer loop
      vertex   -1.932989e+001 -7.411745e+000 6.809438e+001
      vertex   -1.936962e+001 -9.609498e+000 6.817432e+001
      vertex   -1.929286e+001 -9.609498e+000 6.801182e+001
    endloop
  endfacet
  facet normal 9.132164e-001 7.987830e-005 4.074749e-001
    outer loop
      vertex   -1.932989e+001 -7.411745e+000 6.809438e+001
      vertex   -1.929286e+001 -9.609498e+000 6.801182e+001
      vertex   -1.928911e+001 -7.411745e+000 6.800298e+001
    endloop
  endfacet
  facet normal 9.677612e-001 -4.314824e-004 2.518690e-001
    outer loop
      vertex   -1.914469e+001 -7.411745e+000 6.757960e+001
      vertex   -1.915788e+001 -9.609498e+000 6.762650e+001
      vertex   -1.911377e+001 -7.411745e+000 6.746080e+001
    endloop
  endfacet
  facet normal 9.678670e-001 -4.642844e-004 2.514621e-001
    outer loop
      vertex   -1.911377e+001 -7.411745e+000 6.746080e+001
      vertex   -1.915788e+001 -9.609498e+000 6.762650e+001
      vertex   -1.910095e+001 -9.609498e+000 6.740739e+001
    endloop
  endfacet
  facet normal 9.740419e-001 1.816316e-004 2.263676e-001
    outer loop
      vertex   -1.911377e+001 -7.411745e+000 6.746080e+001
      vertex   -1.910095e+001 -9.609498e+000 6.740739e+001
      vertex   -1.908511e+001 -7.411745e+000 6.733747e+001
    endloop
  endfacet
  facet normal 9.786613e-001 -5.161650e-004 2.054793e-001
    outer loop
      vertex   -1.908511e+001 -7.411745e+000 6.733747e+001
      vertex   -1.910095e+001 -9.609498e+000 6.740739e+001
      vertex   -1.905182e+001 -9.609498e+000 6.717340e+001
    endloop
  endfacet
  facet normal 9.793522e-001 -2.580019e-004 2.021613e-001
    outer loop
      vertex   -1.908511e+001 -7.411745e+000 6.733747e+001
      vertex   -1.905182e+001 -9.609498e+000 6.717340e+001
      vertex   -1.905879e+001 -7.411745e+000 6.720997e+001
    endloop
  endfacet
  facet normal 9.998257e-001 -2.904861e-004 1.867157e-002
    outer loop
      vertex   -1.893994e+001 -7.411745e+000 6.608482e+001
      vertex   -1.894153e+001 -9.609498e+000 6.613550e+001
      vertex   -1.893718e+001 -7.411745e+000 6.593703e+001
    endloop
  endfacet
  facet normal 9.998518e-001 -4.224301e-004 1.721107e-002
    outer loop
      vertex   -1.893718e+001 -7.411745e+000 6.593703e+001
      vertex   -1.894153e+001 -9.609498e+000 6.613550e+001
      vertex   -1.893684e+001 -9.609498e+000 6.586303e+001
    endloop
  endfacet
  facet normal 9.876006e-001 -9.599158e-005 1.569874e-001
    outer loop
      vertex   -1.903489e+001 -7.411745e+000 6.707864e+001
      vertex   -1.901096e+001 -9.609498e+000 6.692680e+001
      vertex   -1.901346e+001 -7.411745e+000 6.694387e+001
    endloop
  endfacet
  facet normal 9.933515e-001 1.971373e-005 1.151206e-001
    outer loop
      vertex   -1.899458e+001 -7.411745e+000 6.680603e+001
      vertex   -1.897877e+001 -9.609498e+000 6.666995e+001
      vertex   -1.897830e+001 -7.411745e+000 6.666553e+001
    endloop
  endfacet
  facet normal 0.000000e+000 0.000000e+000 1.000000e+000
    outer loop
      vertex   -2.529934e+001 -7.606452e+000 6.864279e+001
      vertex   -2.529934e+001 -8.381049e+000 6.864279e+001
      vertex   -1.991062e+001 -9.609498e+000 6.864279e+001
    endloop
  endfacet
  facet normal 0.000000e+000 0.000000e+000 1.000000e+000
    outer loop
      vertex   -1.991062e+001 -9.609498e+000 6.864279e+001
      vertex   -2.529934e+001 -8.381049e+000 6.864279e+001
      vertex   -2.929934e+001 -8.381049e+000 6.864279e+001
    endloop
  endfacet
  facet normal 0.000000e+000 0.000000e+000 1.000000e+000
    outer loop
      vertex   -1.991062e+001 -9.609498e+000 6.864279e+001
      vertex   -2.929934e+001 -8.381049e+000 6.864279e+001
      vertex   -3.468806e+001 -9.609498e+000 6.864279e+001
    endloop
  endfacet
  facet normal 0.000000e+000 0.000000e+000 1.000000e+000
    outer loop
      vertex   -3.468806e+001 -9.609498e+000 6.864279e+001
      vertex   -2.929934e+001 -8.381049e+000 6.864279e+001
      vertex   -2.929934e+001 -7.606452e+000 6.864279e+001
    endloop
  endfacet
  facet normal 0.000000e+000 0.000000e+000 1.000000e+000
    outer loop
      vertex   -3.468806e+001 -9.609498e+000 6.864279e+001
      vertex   -2.929934e+001 -7.606452e+000 6.864279e+001
      vertex   -3.468806e+001 -6.378003e+000 6.864279e+001
    endloop
  endfacet
  facet normal 0.000000e+000 0.000000e+000 1.000000e+000
    outer loop
      vertex   -3.468806e+001 -6.378003e+000 6.864279e+001
      vertex   -2.929934e+001 -7.606452e+000 6.864279e+001
      vertex   -2.529934e+001 -7.606452e+000 6.864279e+001
    endloop
  endfacet
  facet normal -0.000000e+000 0.000000e+000 1.000000e+000
    outer loop
      vertex   -3.468806e+001 -6.378003e+000 6.864279e+001
      vertex   -2.529934e+001 -7.606452e+000 6.864279e+001
      vertex   -1.991062e+001 -6.378003e+000 6.864279e+001
    endloop
  endfacet
  facet normal 0.000000e+000 0.000000e+000 1.000000e+000
    outer loop
      vertex   -1.991062e+001 -6.378003e+000 6.864279e+001
      vertex   -2.529934e+001 -7.606452e+000 6.864279e+001
      vertex   -1.991062e+001 -9.609498e+000 6.864279e+001
    endloop
  endfacet
  facet normal -9.999892e-001 0.000000e+000 -4.639364e-003
    outer loop
      vertex   -3.566184e+001 -9.609498e+000 6.182255e+001
      vertex   -3.566184e+001 -6.378003e+000 6.182255e+001
      vertex   -3.566150e+001 -7.411745e+000 6.174855e+001
    endloop
  endfacet
  facet normal -9.998516e-001 8.995184e-004 -1.720431e-002
    outer loop
      vertex   -3.566150e+001 -7.411745e+000 6.174855e+001
      vertex   -3.566184e+001 -6.378003e+000 6.182255e+001
      vertex   -3.565715e+001 -6.378003e+000 6.155009e+001
    endloop
  endfacet
  facet normal -9.998252e-001 6.151464e-004 -1.868495e-002
    outer loop
      vertex   -3.566150e+001 -7.411745e+000 6.174855e+001
      vertex   -3.565715e+001 -6.378003e+000 6.155009e+001
      vertex   -3.565873e+001 -7.411745e+000 6.160077e+001
    endloop
  endfacet
  facet normal -9.993001e-001 -3.034130e-004 -3.740543e-002
    outer loop
      vertex   -3.565873e+001 -7.411745e+000 6.160077e+001
      vertex   -3.565715e+001 -6.378003e+000 6.155009e+001
      vertex   -3.565322e+001 -7.411745e+000 6.145361e+001
    endloop
  endfacet
  facet normal -9.993002e-001 1.427142e-004 -3.740543e-002
    outer loop
      vertex   -3.565873e+001 -7.411745e+000 6.160077e+001
      vertex   -3.565322e+001 -7.411745e+000 6.145361e+001
      vertex   -3.565715e+001 -9.609498e+000 6.155009e+001
    endloop
  endfacet
  facet normal -9.986523e-001 -4.946272e-004 -5.189711e-002
    outer loop
      vertex   -3.565715e+001 -9.609498e+000 6.155009e+001
      vertex   -3.565322e+001 -7.411745e+000 6.145361e+001
      vertex   -3.564313e+001 -9.609498e+000 6.128025e+001
    endloop
  endfacet
  facet normal -9.984108e-001 -1.418819e-004 -5.635496e-002
    outer loop
      vertex   -3.564313e+001 -9.609498e+000 6.128025e+001
      vertex   -3.565322e+001 -7.411745e+000 6.145361e+001
      vertex   -3.564498e+001 -7.411745e+000 6.130749e+001
    endloop
  endfacet
  facet normal -9.971421e-001 9.711666e-005 -7.554825e-002
    outer loop
      vertex   -3.564313e+001 -9.609498e+000 6.128025e+001
      vertex   -3.564498e+001 -7.411745e+000 6.130749e+001
      vertex   -3.563402e+001 -7.411745e+000 6.116284e+001
    endloop
  endfacet
  facet normal -9.971421e-001 -2.064718e-004 -7.554824e-002
    outer loop
      vertex   -3.563402e+001 -7.411745e+000 6.116284e+001
      vertex   -3.564498e+001 -7.411745e+000 6.130749e+001
      vertex   -3.564313e+001 -6.378003e+000 6.128025e+001
    endloop
  endfacet
  facet normal -9.961715e-001 1.149690e-003 -8.741345e-002
    outer loop
      vertex   -3.563402e+001 -7.411745e+000 6.116284e+001
      vertex   -3.564313e+001 -6.378003e+000 6.128025e+001
      vertex   -3.561991e+001 -6.378003e+000 6.101563e+001
    endloop
  endfacet
  facet normal -9.986519e-001 1.051586e-003 -5.189709e-002
    outer loop
      vertex   -3.565715e+001 -6.378003e+000 6.155009e+001
      vertex   -3.564313e+001 -6.378003e+000 6.128025e+001
      vertex   -3.565322e+001 -7.411745e+000 6.145361e+001
    endloop
  endfacet
  facet normal -9.984108e-001 3.016434e-004 -5.635496e-002
    outer loop
      vertex   -3.565322e+001 -7.411745e+000 6.145361e+001
      vertex   -3.564313e+001 -6.378003e+000 6.128025e+001
      vertex   -3.564498e+001 -7.411745e+000 6.130749e+001
    endloop
  endfacet
  facet normal -9.922361e-001 1.194071e-003 -1.243629e-001
    outer loop
      vertex   -3.558772e+001 -6.378003e+000 6.075878e+001
      vertex   -3.560410e+001 -7.411745e+000 6.087955e+001
      vertex   -3.561991e+001 -6.378003e+000 6.101563e+001
    endloop
  endfacet
  facet normal -9.933538e-001 -4.225211e-005 -1.151011e-001
    outer loop
      vertex   -3.561991e+001 -6.378003e+000 6.101563e+001
      vertex   -3.560410e+001 -7.411745e+000 6.087955e+001
      vertex   -3.562038e+001 -7.411745e+000 6.102006e+001
    endloop
  endfacet
  facet normal -9.954670e-001 4.436444e-005 -9.510780e-002
    outer loop
      vertex   -3.561991e+001 -6.378003e+000 6.101563e+001
      vertex   -3.562038e+001 -7.411745e+000 6.102006e+001
      vertex   -3.563402e+001 -7.411745e+000 6.116284e+001
    endloop
  endfacet
  facet normal -9.954670e-001 -2.086738e-005 -9.510780e-002
    outer loop
      vertex   -3.563402e+001 -7.411745e+000 6.116284e+001
      vertex   -3.562038e+001 -7.411745e+000 6.102006e+001
      vertex   -3.561991e+001 -9.609498e+000 6.101563e+001
    endloop
  endfacet
  facet normal -9.961720e-001 -5.407717e-004 -8.741349e-002
    outer loop
      vertex   -3.563402e+001 -7.411745e+000 6.116284e+001
      vertex   -3.561991e+001 -9.609498e+000 6.101563e+001
      vertex   -3.564313e+001 -9.609498e+000 6.128025e+001
    endloop
  endfacet
  facet normal -9.865491e-001 1.176284e-003 -1.634609e-001
    outer loop
      vertex   -3.554686e+001 -6.378003e+000 6.051218e+001
      vertex   -3.556379e+001 -7.411745e+000 6.060694e+001
      vertex   -3.558772e+001 -6.378003e+000 6.075878e+001
    endloop
  endfacet
  facet normal -9.876006e-001 2.010990e-004 -1.569874e-001
    outer loop
      vertex   -3.558772e+001 -6.378003e+000 6.075878e+001
      vertex   -3.556379e+001 -7.411745e+000 6.060694e+001
      vertex   -3.558521e+001 -7.411745e+000 6.074171e+001
    endloop
  endfacet
  facet normal -9.907458e-001 -1.574742e-004 -1.357299e-001
    outer loop
      vertex   -3.558772e+001 -6.378003e+000 6.075878e+001
      vertex   -3.558521e+001 -7.411745e+000 6.074171e+001
      vertex   -3.560410e+001 -7.411745e+000 6.087955e+001
    endloop
  endfacet
  facet normal -9.907459e-001 7.407002e-005 -1.357299e-001
    outer loop
      vertex   -3.560410e+001 -7.411745e+000 6.087955e+001
      vertex   -3.558521e+001 -7.411745e+000 6.074171e+001
      vertex   -3.558772e+001 -9.609498e+000 6.075878e+001
    endloop
  endfacet
  facet normal -9.922366e-001 -5.616468e-004 -1.243630e-001
    outer loop
      vertex   -3.560410e+001 -7.411745e+000 6.087955e+001
      vertex   -3.558772e+001 -9.609498e+000 6.075878e+001
      vertex   -3.561991e+001 -9.609498e+000 6.101563e+001
    endloop
  endfacet
  facet normal -9.786586e-001 1.098124e-003 -2.054901e-001
    outer loop
      vertex   -3.549773e+001 -6.378003e+000 6.027820e+001
      vertex   -3.551357e+001 -7.411745e+000 6.034811e+001
      vertex   -3.554686e+001 -6.378003e+000 6.051218e+001
    endloop
  endfacet
  facet normal -9.793516e-001 5.478608e-004 -2.021638e-001
    outer loop
      vertex   -3.554686e+001 -6.378003e+000 6.051218e+001
      vertex   -3.551357e+001 -7.411745e+000 6.034811e+001
      vertex   -3.553989e+001 -7.411745e+000 6.047562e+001
    endloop
  endfacet
  facet normal -9.838360e-001 -2.991551e-004 -1.790715e-001
    outer loop
      vertex   -3.554686e+001 -6.378003e+000 6.051218e+001
      vertex   -3.553989e+001 -7.411745e+000 6.047562e+001
      vertex   -3.556379e+001 -7.411745e+000 6.060694e+001
    endloop
  endfacet
  facet normal -9.838361e-001 1.407115e-004 -1.790715e-001
    outer loop
      vertex   -3.556379e+001 -7.411745e+000 6.060694e+001
      vertex   -3.553989e+001 -7.411745e+000 6.047562e+001
      vertex   -3.554686e+001 -9.609498e+000 6.051218e+001
    endloop
  endfacet
  facet normal -9.865497e-001 -5.532806e-004 -1.634610e-001
    outer loop
      vertex   -3.556379e+001 -7.411745e+000 6.060694e+001
      vertex   -3.554686e+001 -9.609498e+000 6.051218e+001
      vertex   -3.558772e+001 -9.609498e+000 6.075878e+001
    endloop
  endfacet
  facet normal -9.740437e-001 -3.839369e-004 -2.263599e-001
    outer loop
      vertex   -3.551357e+001 -7.411745e+000 6.034811e+001
      vertex   -3.549773e+001 -6.378003e+000 6.027820e+001
      vertex   -3.548491e+001 -7.411745e+000 6.022478e+001
    endloop
  endfacet
  facet normal -9.678667e-001 9.897907e-004 -2.514620e-001
    outer loop
      vertex   -3.548491e+001 -7.411745e+000 6.022478e+001
      vertex   -3.549773e+001 -6.378003e+000 6.027820e+001
      vertex   -3.544080e+001 -6.378003e+000 6.005909e+001
    endloop
  endfacet
  facet normal -9.677629e-001 9.213525e-004 -2.518614e-001
    outer loop
      vertex   -3.548491e+001 -7.411745e+000 6.022478e+001
      vertex   -3.544080e+001 -6.378003e+000 6.005909e+001
      vertex   -3.545399e+001 -7.411745e+000 6.010598e+001
    endloop
  endfacet
  facet normal -9.603122e-001 -4.013800e-004 -2.789269e-001
    outer loop
      vertex   -3.545399e+001 -7.411745e+000 6.010598e+001
      vertex   -3.544080e+001 -6.378003e+000 6.005909e+001
      vertex   -3.542089e+001 -7.411745e+000 5.999205e+001
    endloop
  endfacet
  facet normal -9.603123e-001 1.887942e-004 -2.789269e-001
    outer loop
      vertex   -3.545399e+001 -7.411745e+000 6.010598e+001
      vertex   -3.542089e+001 -7.411745e+000 5.999205e+001
      vertex   -3.544080e+001 -9.609498e+000 6.005909e+001
    endloop
  endfacet
  facet normal -9.531135e-001 -5.989456e-004 -3.026125e-001
    outer loop
      vertex   -3.544080e+001 -9.609498e+000 6.005909e+001
      vertex   -3.542089e+001 -7.411745e+000 5.999205e+001
      vertex   -3.537663e+001 -9.609498e+000 5.985696e+001
    endloop
  endfacet
  facet normal -9.514919e-001 -2.552079e-004 -3.076736e-001
    outer loop
      vertex   -3.537663e+001 -9.609498e+000 5.985696e+001
      vertex   -3.542089e+001 -7.411745e+000 5.999205e+001
      vertex   -3.538573e+001 -7.411745e+000 5.988330e+001
    endloop
  endfacet
  facet normal -9.409472e-001 1.585251e-004 -3.385532e-001
    outer loop
      vertex   -3.537663e+001 -9.609498e+000 5.985696e+001
      vertex   -3.538573e+001 -7.411745e+000 5.988330e+001
      vertex   -3.534858e+001 -7.411745e+000 5.978006e+001
    endloop
  endfacet
  facet normal -9.409472e-001 -3.370272e-004 -3.385532e-001
    outer loop
      vertex   -3.534858e+001 -7.411745e+000 5.978006e+001
      vertex   -3.538573e+001 -7.411745e+000 5.988330e+001
      vertex   -3.537663e+001 -6.378003e+000 5.985696e+001
    endloop
  endfacet
  facet normal -9.327496e-001 1.519756e-003 -3.605218e-001
    outer loop
      vertex   -3.534858e+001 -7.411745e+000 5.978006e+001
      vertex   -3.537663e+001 -6.378003e+000 5.985696e+001
      vertex   -3.530582e+001 -6.378003e+000 5.967377e+001
    endloop
  endfacet
  facet normal -9.531129e-001 1.273369e-003 -3.026123e-001
    outer loop
      vertex   -3.544080e+001 -6.378003e+000 6.005909e+001
      vertex   -3.537663e+001 -6.378003e+000 5.985696e+001
      vertex   -3.542089e+001 -7.411745e+000 5.999205e+001
    endloop
  endfacet
  facet normal -9.514918e-001 5.425767e-004 -3.076736e-001
    outer loop
      vertex   -3.542089e+001 -7.411745e+000 5.999205e+001
      vertex   -3.537663e+001 -6.378003e+000 5.985696e+001
      vertex   -3.538573e+001 -7.411745e+000 5.988330e+001
    endloop
  endfacet
  facet normal -9.042079e-001 1.720890e-003 -4.270891e-001
    outer loop
      vertex   -3.522906e+001 -6.378003e+000 5.951126e+001
      vertex   -3.526879e+001 -7.411745e+000 5.959121e+001
      vertex   -3.530582e+001 -6.378003e+000 5.967377e+001
    endloop
  endfacet
  facet normal -9.132164e-001 -1.683191e-004 -4.074749e-001
    outer loop
      vertex   -3.530582e+001 -6.378003e+000 5.967377e+001
      vertex   -3.526879e+001 -7.411745e+000 5.959121e+001
      vertex   -3.530957e+001 -7.411745e+000 5.968260e+001
    endloop
  endfacet
  facet normal -9.283664e-001 1.925413e-004 -3.716663e-001
    outer loop
      vertex   -3.530582e+001 -6.378003e+000 5.967377e+001
      vertex   -3.530957e+001 -7.411745e+000 5.968260e+001
      vertex   -3.534858e+001 -7.411745e+000 5.978006e+001
    endloop
  endfacet
  facet normal -9.283664e-001 -9.056427e-005 -3.716663e-001
    outer loop
      vertex   -3.534858e+001 -7.411745e+000 5.978006e+001
      vertex   -3.530957e+001 -7.411745e+000 5.968260e+001
      vertex   -3.530582e+001 -9.609498e+000 5.967377e+001
    endloop
  endfacet
  facet normal -9.327504e-001 -7.148373e-004 -3.605221e-001
    outer loop
      vertex   -3.534858e+001 -7.411745e+000 5.978006e+001
      vertex   -3.530582e+001 -9.609498e+000 5.967377e+001
      vertex   -3.537663e+001 -9.609498e+000 5.985696e+001
    endloop
  endfacet
  facet normal -8.948922e-001 -1.213529e-004 -4.462823e-001
    outer loop
      vertex   -3.526879e+001 -7.411745e+000 5.959121e+001
      vertex   -3.522906e+001 -6.378003e+000 5.951126e+001
      vertex   -3.522636e+001 -7.411745e+000 5.950614e+001
    endloop
  endfacet
  facet normal -8.750209e-001 1.179782e-004 -4.840852e-001
    outer loop
      vertex   -3.522636e+001 -7.411745e+000 5.950614e+001
      vertex   -3.522906e+001 -6.378003e+000 5.951126e+001
      vertex   -3.518868e+001 -6.378003e+000 5.943827e+001
    endloop
  endfacet
  facet normal -8.725364e-001 -2.656594e-004 -4.885491e-001
    outer loop
      vertex   -3.522636e+001 -7.411745e+000 5.950614e+001
      vertex   -3.518868e+001 -6.378003e+000 5.943827e+001
      vertex   -3.518241e+001 -7.411745e+000 5.942764e+001
    endloop
  endfacet
  facet normal -8.505282e-001 2.522137e-004 -5.259293e-001
    outer loop
      vertex   -3.518241e+001 -7.411745e+000 5.942764e+001
      vertex   -3.518868e+001 -6.378003e+000 5.943827e+001
      vertex   -3.514709e+001 -6.378003e+000 5.937102e+001
    endloop
  endfacet
  facet normal -8.451650e-001 -4.007220e-004 -5.345054e-001
    outer loop
      vertex   -3.518241e+001 -7.411745e+000 5.942764e+001
      vertex   -3.514709e+001 -6.378003e+000 5.937102e+001
      vertex   -3.513706e+001 -7.411745e+000 5.935593e+001
    endloop
  endfacet
  facet normal -8.207803e-001 3.724841e-004 -5.712439e-001
    outer loop
      vertex   -3.513706e+001 -7.411745e+000 5.935593e+001
      vertex   -3.514709e+001 -6.378003e+000 5.937102e+001
      vertex   -3.510440e+001 -6.378003e+000 5.930968e+001
    endloop
  endfacet
  facet normal -8.113872e-001 -5.177237e-004 -5.845087e-001
    outer loop
      vertex   -3.513706e+001 -7.411745e+000 5.935593e+001
      vertex   -3.510440e+001 -6.378003e+000 5.930968e+001
      vertex   -3.509044e+001 -7.411745e+000 5.929121e+001
    endloop
  endfacet
  facet normal -7.845833e-001 4.789607e-004 -6.200233e-001
    outer loop
      vertex   -3.509044e+001 -7.411745e+000 5.929121e+001
      vertex   -3.510440e+001 -6.378003e+000 5.930968e+001
      vertex   -3.506071e+001 -6.378003e+000 5.925439e+001
    endloop
  endfacet
  facet normal -7.694448e-001 -6.220764e-004 -6.387131e-001
    outer loop
      vertex   -3.509044e+001 -7.411745e+000 5.929121e+001
      vertex   -3.506071e+001 -6.378003e+000 5.925439e+001
      vertex   -3.504267e+001 -7.411745e+000 5.923366e+001
    endloop
  endfacet
  facet normal -7.402782e-001 5.602920e-004 -6.723005e-001
    outer loop
      vertex   -3.504267e+001 -7.411745e+000 5.923366e+001
      vertex   -3.506071e+001 -6.378003e+000 5.925439e+001
      vertex   -3.501611e+001 -6.378003e+000 5.920528e+001
    endloop
  endfacet
  facet normal -7.173049e-001 -7.012513e-004 -6.967591e-001
    outer loop
      vertex   -3.504267e+001 -7.411745e+000 5.923366e+001
      vertex   -3.501611e+001 -6.378003e+000 5.920528e+001
      vertex   -3.499390e+001 -7.411745e+000 5.918345e+001
    endloop
  endfacet
  facet normal -6.860719e-001 6.199179e-004 -7.275335e-001
    outer loop
      vertex   -3.499390e+001 -7.411745e+000 5.918345e+001
      vertex   -3.501611e+001 -6.378003e+000 5.920528e+001
      vertex   -3.497073e+001 -6.378003e+000 5.916249e+001
    endloop
  endfacet
  facet normal -6.523631e-001 -7.515099e-004 -7.579062e-001
    outer loop
      vertex   -3.499390e+001 -7.411745e+000 5.918345e+001
      vertex   -3.497073e+001 -6.378003e+000 5.916249e+001
      vertex   -3.494426e+001 -7.411745e+000 5.914073e+001
    endloop
  endfacet
  facet normal -6.198885e-001 6.438004e-004 -7.846896e-001
    outer loop
      vertex   -3.494426e+001 -7.411745e+000 5.914073e+001
      vertex   -3.497073e+001 -6.378003e+000 5.916249e+001
      vertex   -3.492467e+001 -6.378003e+000 5.912610e+001
    endloop
  endfacet
  facet normal -5.720687e-001 -7.651330e-004 -8.202053e-001
    outer loop
      vertex   -3.494426e+001 -7.411745e+000 5.914073e+001
      vertex   -3.492467e+001 -6.378003e+000 5.912610e+001
      vertex   -3.489390e+001 -7.411745e+000 5.910560e+001
    endloop
  endfacet
  facet normal -5.396885e-001 6.281079e-004 -8.418645e-001
    outer loop
      vertex   -3.489390e+001 -7.411745e+000 5.910560e+001
      vertex   -3.492467e+001 -6.378003e+000 5.912610e+001
      vertex   -3.487803e+001 -6.378003e+000 5.909620e+001
    endloop
  endfacet
  facet normal -4.739110e-001 -7.333683e-004 -8.805724e-001
    outer loop
      vertex   -3.489390e+001 -7.411745e+000 5.910560e+001
      vertex   -3.487803e+001 -6.378003e+000 5.909620e+001
      vertex   -3.484295e+001 -7.411745e+000 5.907818e+001
    endloop
  endfacet
  facet normal -4.438714e-001 5.566478e-004 -8.960903e-001
    outer loop
      vertex   -3.484295e+001 -7.411745e+000 5.907818e+001
      vertex   -3.487803e+001 -6.378003e+000 5.909620e+001
      vertex   -3.483094e+001 -6.378003e+000 5.907288e+001
    endloop
  endfacet
  facet normal -3.570360e-001 -6.471497e-004 -9.340904e-001
    outer loop
      vertex   -3.484295e+001 -7.411745e+000 5.907818e+001
      vertex   -3.483094e+001 -6.378003e+000 5.907288e+001
      vertex   -3.479156e+001 -7.411745e+000 5.905854e+001
    endloop
  endfacet
  facet normal -3.320899e-001 4.301294e-004 -9.432476e-001
    outer loop
      vertex   -3.479156e+001 -7.411745e+000 5.905854e+001
      vertex   -3.483094e+001 -6.378003e+000 5.907288e+001
      vertex   -3.478350e+001 -6.378003e+000 5.905618e+001
    endloop
  endfacet
  facet normal -2.227935e-001 -4.940299e-004 -9.748656e-001
    outer loop
      vertex   -3.479156e+001 -7.411745e+000 5.905854e+001
      vertex   -3.478350e+001 -6.378003e+000 5.905618e+001
      vertex   -3.473988e+001 -7.411745e+000 5.904673e+001
    endloop
  endfacet
  facet normal -2.060302e-001 2.469600e-004 -9.785456e-001
    outer loop
      vertex   -3.473988e+001 -7.411745e+000 5.904673e+001
      vertex   -3.478350e+001 -6.378003e+000 5.905618e+001
      vertex   -3.473584e+001 -6.378003e+000 5.904614e+001
    endloop
  endfacet
  facet normal -8.569285e-002 -2.343627e-004 -9.963216e-001
    outer loop
      vertex   -3.473988e+001 -7.411745e+000 5.904673e+001
      vertex   -3.473584e+001 -6.378003e+000 5.904614e+001
      vertex   -3.468806e+001 -9.609498e+000 5.904279e+001
    endloop
  endfacet
  facet normal -6.992820e-002 0.000000e+000 -9.975520e-001
    outer loop
      vertex   -3.468806e+001 -9.609498e+000 5.904279e+001
      vertex   -3.473584e+001 -6.378003e+000 5.904614e+001
      vertex   -3.468806e+001 -6.378003e+000 5.904279e+001
    endloop
  endfacet
  facet normal -6.992820e-002 1.395988e-004 -9.975520e-001
    outer loop
      vertex   -3.468806e+001 -9.609498e+000 5.904279e+001
      vertex   -3.473584e+001 -9.609498e+000 5.904614e+001
      vertex   -3.473988e+001 -7.411745e+000 5.904673e+001
    endloop
  endfacet
  facet normal -2.060302e-001 -1.161608e-004 -9.785456e-001
    outer loop
      vertex   -3.473988e+001 -7.411745e+000 5.904673e+001
      vertex   -3.473584e+001 -9.609498e+000 5.904614e+001
      vertex   -3.478350e+001 -9.609498e+000 5.905618e+001
    endloop
  endfacet
  facet normal -2.227935e-001 2.323733e-004 -9.748656e-001
    outer loop
      vertex   -3.473988e+001 -7.411745e+000 5.904673e+001
      vertex   -3.478350e+001 -9.609498e+000 5.905618e+001
      vertex   -3.479156e+001 -7.411745e+000 5.905854e+001
    endloop
  endfacet
  facet normal -3.320899e-001 -2.023169e-004 -9.432477e-001
    outer loop
      vertex   -3.479156e+001 -7.411745e+000 5.905854e+001
      vertex   -3.478350e+001 -9.609498e+000 5.905618e+001
      vertex   -3.483094e+001 -9.609498e+000 5.907288e+001
    endloop
  endfacet
  facet normal -3.570360e-001 3.043952e-004 -9.340906e-001
    outer loop
      vertex   -3.479156e+001 -7.411745e+000 5.905854e+001
      vertex   -3.483094e+001 -9.609498e+000 5.907288e+001
      vertex   -3.484295e+001 -7.411745e+000 5.907818e+001
    endloop
  endfacet
  facet normal -4.438714e-001 -2.618265e-004 -8.960904e-001
    outer loop
      vertex   -3.484295e+001 -7.411745e+000 5.907818e+001
      vertex   -3.483094e+001 -9.609498e+000 5.907288e+001
      vertex   -3.487803e+001 -9.609498e+000 5.909620e+001
    endloop
  endfacet
  facet normal -4.739111e-001 3.449493e-004 -8.805726e-001
    outer loop
      vertex   -3.484295e+001 -7.411745e+000 5.907818e+001
      vertex   -3.487803e+001 -9.609498e+000 5.909620e+001
      vertex   -3.489390e+001 -7.411745e+000 5.910560e+001
    endloop
  endfacet
  facet normal -5.396886e-001 -2.954386e-004 -8.418646e-001
    outer loop
      vertex   -3.489390e+001 -7.411745e+000 5.910560e+001
      vertex   -3.487803e+001 -9.609498e+000 5.909620e+001
      vertex   -3.492467e+001 -9.609498e+000 5.912610e+001
    endloop
  endfacet
  facet normal -5.720688e-001 3.598902e-004 -8.202056e-001
    outer loop
      vertex   -3.489390e+001 -7.411745e+000 5.910560e+001
      vertex   -3.492467e+001 -9.609498e+000 5.912610e+001
      vertex   -3.494426e+001 -7.411745e+000 5.914073e+001
    endloop
  endfacet
  facet normal -6.198887e-001 -3.028198e-004 -7.846897e-001
    outer loop
      vertex   -3.494426e+001 -7.411745e+000 5.914073e+001
      vertex   -3.492467e+001 -9.609498e+000 5.912610e+001
      vertex   -3.497073e+001 -9.609498e+000 5.916249e+001
    endloop
  endfacet
  facet normal -6.523633e-001 3.534823e-004 -7.579063e-001
    outer loop
      vertex   -3.494426e+001 -7.411745e+000 5.914073e+001
      vertex   -3.497073e+001 -9.609498e+000 5.916249e+001
      vertex   -3.499390e+001 -7.411745e+000 5.918345e+001
    endloop
  endfacet
  facet normal -6.860721e-001 -2.915864e-004 -7.275336e-001
    outer loop
      vertex   -3.499390e+001 -7.411745e+000 5.918345e+001
      vertex   -3.497073e+001 -9.609498e+000 5.916249e+001
      vertex   -3.501611e+001 -9.609498e+000 5.920528e+001
    endloop
  endfacet
  facet normal -7.173050e-001 3.298426e-004 -6.967592e-001
    outer loop
      vertex   -3.499390e+001 -7.411745e+000 5.918345e+001
      vertex   -3.501611e+001 -9.609498e+000 5.920528e+001
      vertex   -3.504267e+001 -7.411745e+000 5.923366e+001
    endloop
  endfacet
  facet normal -7.402782e-001 -2.635406e-004 -6.723006e-001
    outer loop
      vertex   -3.504267e+001 -7.411745e+000 5.923366e+001
      vertex   -3.501611e+001 -9.609498e+000 5.920528e+001
      vertex   -3.506071e+001 -9.609498e+000 5.925439e+001
    endloop
  endfacet
  facet normal -7.694448e-001 2.926016e-004 -6.387132e-001
    outer loop
      vertex   -3.504267e+001 -7.411745e+000 5.923366e+001
      vertex   -3.506071e+001 -9.609498e+000 5.925439e+001
      vertex   -3.509044e+001 -7.411745e+000 5.929121e+001
    endloop
  endfacet
  facet normal -7.845833e-001 -2.252853e-004 -6.200233e-001
    outer loop
      vertex   -3.509044e+001 -7.411745e+000 5.929121e+001
      vertex   -3.506071e+001 -9.609498e+000 5.925439e+001
      vertex   -3.510440e+001 -9.609498e+000 5.930968e+001
    endloop
  endfacet
  facet normal -8.113874e-001 2.435180e-004 -5.845088e-001
    outer loop
      vertex   -3.509044e+001 -7.411745e+000 5.929121e+001
      vertex   -3.510440e+001 -9.609498e+000 5.930968e+001
      vertex   -3.513706e+001 -7.411745e+000 5.935593e+001
    endloop
  endfacet
  facet normal -8.207803e-001 -1.752027e-004 -5.712439e-001
    outer loop
      vertex   -3.513706e+001 -7.411745e+000 5.935593e+001
      vertex   -3.510440e+001 -9.609498e+000 5.930968e+001
      vertex   -3.514709e+001 -9.609498e+000 5.937102e+001
    endloop
  endfacet
  facet normal -8.451650e-001 1.884848e-004 -5.345054e-001
    outer loop
      vertex   -3.513706e+001 -7.411745e+000 5.935593e+001
      vertex   -3.514709e+001 -9.609498e+000 5.937102e+001
      vertex   -3.518241e+001 -7.411745e+000 5.942764e+001
    endloop
  endfacet
  facet normal -8.505282e-001 -1.186319e-004 -5.259293e-001
    outer loop
      vertex   -3.518241e+001 -7.411745e+000 5.942764e+001
      vertex   -3.514709e+001 -9.609498e+000 5.937102e+001
      vertex   -3.518868e+001 -9.609498e+000 5.943827e+001
    endloop
  endfacet
  facet normal -8.725364e-001 1.249563e-004 -4.885491e-001
    outer loop
      vertex   -3.518241e+001 -7.411745e+000 5.942764e+001
      vertex   -3.518868e+001 -9.609498e+000 5.943827e+001
      vertex   -3.522636e+001 -7.411745e+000 5.950614e+001
    endloop
  endfacet
  facet normal -8.750209e-001 -5.549254e-005 -4.840852e-001
    outer loop
      vertex   -3.522636e+001 -7.411745e+000 5.950614e+001
      vertex   -3.518868e+001 -9.609498e+000 5.943827e+001
      vertex   -3.522906e+001 -9.609498e+000 5.951126e+001
    endloop
  endfacet
  facet normal -8.948922e-001 5.707990e-005 -4.462824e-001
    outer loop
      vertex   -3.522636e+001 -7.411745e+000 5.950614e+001
      vertex   -3.522906e+001 -9.609498e+000 5.951126e+001
      vertex   -3.526879e+001 -7.411745e+000 5.959121e+001
    endloop
  endfacet
  facet normal -9.042090e-001 -8.094438e-004 -4.270896e-001
    outer loop
      vertex   -3.526879e+001 -7.411745e+000 5.959121e+001
      vertex   -3.522906e+001 -9.609498e+000 5.951126e+001
      vertex   -3.530582e+001 -9.609498e+000 5.967377e+001
    endloop
  endfacet
  facet normal -9.132164e-001 7.917103e-005 -4.074749e-001
    outer loop
      vertex   -3.526879e+001 -7.411745e+000 5.959121e+001
      vertex   -3.530582e+001 -9.609498e+000 5.967377e+001
      vertex   -3.530957e+001 -7.411745e+000 5.968260e+001
    endloop
  endfacet
  facet normal -9.677632e-001 -4.333701e-004 -2.518615e-001
    outer loop
      vertex   -3.545399e+001 -7.411745e+000 6.010598e+001
      vertex   -3.544080e+001 -9.609498e+000 6.005909e+001
      vertex   -3.548491e+001 -7.411745e+000 6.022478e+001
    endloop
  endfacet
  facet normal -9.678670e-001 -4.655609e-004 -2.514621e-001
    outer loop
      vertex   -3.548491e+001 -7.411745e+000 6.022478e+001
      vertex   -3.544080e+001 -9.609498e+000 6.005909e+001
      vertex   -3.549773e+001 -9.609498e+000 6.027820e+001
    endloop
  endfacet
  facet normal -9.740437e-001 1.805896e-004 -2.263599e-001
    outer loop
      vertex   -3.548491e+001 -7.411745e+000 6.022478e+001
      vertex   -3.549773e+001 -9.609498e+000 6.027820e+001
      vertex   -3.551357e+001 -7.411745e+000 6.034811e+001
    endloop
  endfacet
  facet normal -9.786590e-001 -5.165168e-004 -2.054902e-001
    outer loop
      vertex   -3.551357e+001 -7.411745e+000 6.034811e+001
      vertex   -3.549773e+001 -9.609498e+000 6.027820e+001
      vertex   -3.554686e+001 -9.609498e+000 6.051218e+001
    endloop
  endfacet
  facet normal -9.793517e-001 -2.576934e-004 -2.021638e-001
    outer loop
      vertex   -3.551357e+001 -7.411745e+000 6.034811e+001
      vertex   -3.554686e+001 -9.609498e+000 6.051218e+001
      vertex   -3.553989e+001 -7.411745e+000 6.047562e+001
    endloop
  endfacet
  facet normal -9.998254e-001 -2.893420e-004 -1.868495e-002
    outer loop
      vertex   -3.565873e+001 -7.411745e+000 6.160077e+001
      vertex   -3.565715e+001 -9.609498e+000 6.155009e+001
      vertex   -3.566150e+001 -7.411745e+000 6.174855e+001
    endloop
  endfacet
  facet normal -9.998519e-001 -4.231001e-004 -1.720431e-002
    outer loop
      vertex   -3.566150e+001 -7.411745e+000 6.174855e+001
      vertex   -3.565715e+001 -9.609498e+000 6.155009e+001
      vertex   -3.566184e+001 -9.609498e+000 6.182255e+001
    endloop
  endfacet
  facet normal -9.876006e-001 -9.458950e-005 -1.569874e-001
    outer loop
      vertex   -3.556379e+001 -7.411745e+000 6.060694e+001
      vertex   -3.558772e+001 -9.609498e+000 6.075878e+001
      vertex   -3.558521e+001 -7.411745e+000 6.074171e+001
    endloop
  endfacet
  facet normal -9.933538e-001 1.987382e-005 -1.151011e-001
    outer loop
      vertex   -3.560410e+001 -7.411745e+000 6.087955e+001
      vertex   -3.561991e+001 -9.609498e+000 6.101563e+001
      vertex   -3.562038e+001 -7.411745e+000 6.102006e+001
    endloop
  endfacet
  facet normal -9.999892e-001 0.000000e+000 4.639604e-003
    outer loop
      vertex   -3.566184e+001 -6.378003e+000 6.586303e+001
      vertex   -3.566184e+001 -9.609498e+000 6.586303e+001
      vertex   -3.566150e+001 -7.411745e+000 6.593703e+001
    endloop
  endfacet
  facet normal -9.998519e-001 -4.230622e-004 1.720407e-002
    outer loop
      vertex   -3.566150e+001 -7.411745e+000 6.593703e+001
      vertex   -3.566184e+001 -9.609498e+000 6.586303e+001
      vertex   -3.565715e+001 -9.609498e+000 6.613550e+001
    endloop
  endfacet
  facet normal -9.998254e-001 -2.893207e-004 1.868447e-002
    outer loop
      vertex   -3.566150e+001 -7.411745e+000 6.593703e+001
      vertex   -3.565715e+001 -9.609498e+000 6.613550e+001
      vertex   -3.565873e+001 -7.411745e+000 6.608482e+001
    endloop
  endfacet
  facet normal -9.993002e-001 1.427568e-004 3.740447e-002
    outer loop
      vertex   -3.565873e+001 -7.411745e+000 6.608482e+001
      vertex   -3.565715e+001 -9.609498e+000 6.613550e+001
      vertex   -3.565322e+001 -7.411745e+000 6.623198e+001
    endloop
  endfacet
  facet normal -9.993002e-001 -3.035035e-004 3.740447e-002
    outer loop
      vertex   -3.565873e+001 -7.411745e+000 6.608482e+001
      vertex   -3.565322e+001 -7.411745e+000 6.623198e+001
      vertex   -3.565715e+001 -6.378003e+000 6.613550e+001
    endloop
  endfacet
  facet normal -9.986519e-001 1.051654e-003 5.189782e-002
    outer loop
      vertex   -3.565715e+001 -6.378003e+000 6.613550e+001
      vertex   -3.565322e+001 -7.411745e+000 6.623198e+001
      vertex   -3.564313e+001 -6.378003e+000 6.640533e+001
    endloop
  endfacet
  facet normal -9.984106e-001 3.016046e-004 5.635643e-002
    outer loop
      vertex   -3.564313e+001 -6.378003e+000 6.640533e+001
      vertex   -3.565322e+001 -7.411745e+000 6.623198e+001
      vertex   -3.564498e+001 -7.411745e+000 6.637809e+001
    endloop
  endfacet
  facet normal -9.971421e-001 -2.064718e-004 7.554824e-002
    outer loop
      vertex   -3.564313e+001 -6.378003e+000 6.640533e+001
      vertex   -3.564498e+001 -7.411745e+000 6.637809e+001
      vertex   -3.563402e+001 -7.411745e+000 6.652274e+001
    endloop
  endfacet
  facet normal -9.971421e-001 9.711666e-005 7.554825e-002
    outer loop
      vertex   -3.563402e+001 -7.411745e+000 6.652274e+001
      vertex   -3.564498e+001 -7.411745e+000 6.637809e+001
      vertex   -3.564313e+001 -9.609498e+000 6.640533e+001
    endloop
  endfacet
  facet normal -9.961720e-001 -5.407717e-004 8.741349e-002
    outer loop
      vertex   -3.563402e+001 -7.411745e+000 6.652274e+001
      vertex   -3.564313e+001 -9.609498e+000 6.640533e+001
      vertex   -3.561991e+001 -9.609498e+000 6.666995e+001
    endloop
  endfacet
  facet normal -9.986523e-001 -4.946594e-004 5.189784e-002
    outer loop
      vertex   -3.565715e+001 -9.609498e+000 6.613550e+001
      vertex   -3.564313e+001 -9.609498e+000 6.640533e+001
      vertex   -3.565322e+001 -7.411745e+000 6.623198e+001
    endloop
  endfacet
  facet normal -9.984107e-001 -1.418636e-004 5.635643e-002
    outer loop
      vertex   -3.565322e+001 -7.411745e+000 6.623198e+001
      vertex   -3.564313e+001 -9.609498e+000 6.640533e+001
      vertex   -3.564498e+001 -7.411745e+000 6.637809e+001
    endloop
  endfacet
  facet normal -9.922364e-001 -5.615451e-004 1.243648e-001
    outer loop
      vertex   -3.558772e+001 -9.609498e+000 6.692680e+001
      vertex   -3.560410e+001 -7.411745e+000 6.680603e+001
      vertex   -3.561991e+001 -9.609498e+000 6.666995e+001
    endloop
  endfacet
  facet normal -9.933531e-001 1.968661e-005 1.151073e-001
    outer loop
      vertex   -3.561991e+001 -9.609498e+000 6.666995e+001
      vertex   -3.560410e+001 -7.411745e+000 6.680603e+001
      vertex   -3.562038e+001 -7.411745e+000 6.666553e+001
    endloop
  endfacet
  facet normal -9.954672e-001 -2.103758e-005 9.510528e-002
    outer loop
      vertex   -3.561991e+001 -9.609498e+000 6.666995e+001
      vertex   -3.562038e+001 -7.411745e+000 6.666553e+001
      vertex   -3.563402e+001 -7.411745e+000 6.652274e+001
    endloop
  endfacet
  facet normal -9.954672e-001 4.472629e-005 9.510528e-002
    outer loop
      vertex   -3.563402e+001 -7.411745e+000 6.652274e+001
      vertex   -3.562038e+001 -7.411745e+000 6.666553e+001
      vertex   -3.561991e+001 -6.378003e+000 6.666995e+001
    endloop
  endfacet
  facet normal -9.961715e-001 1.149690e-003 8.741345e-002
    outer loop
      vertex   -3.563402e+001 -7.411745e+000 6.652274e+001
      vertex   -3.561991e+001 -6.378003e+000 6.666995e+001
      vertex   -3.564313e+001 -6.378003e+000 6.640533e+001
    endloop
  endfacet
  facet normal -9.865500e-001 -5.536735e-004 1.634585e-001
    outer loop
      vertex   -3.554686e+001 -9.609498e+000 6.717340e+001
      vertex   -3.556379e+001 -7.411745e+000 6.707864e+001
      vertex   -3.558772e+001 -9.609498e+000 6.692680e+001
    endloop
  endfacet
  facet normal -9.876006e-001 -9.513448e-005 1.569874e-001
    outer loop
      vertex   -3.558772e+001 -9.609498e+000 6.692680e+001
      vertex   -3.556379e+001 -7.411745e+000 6.707864e+001
      vertex   -3.558521e+001 -7.411745e+000 6.694387e+001
    endloop
  endfacet
  facet normal -9.907469e-001 7.365728e-005 1.357225e-001
    outer loop
      vertex   -3.558772e+001 -9.609498e+000 6.692680e+001
      vertex   -3.558521e+001 -7.411745e+000 6.694387e+001
      vertex   -3.560410e+001 -7.411745e+000 6.680603e+001
    endloop
  endfacet
  facet normal -9.907469e-001 -1.565967e-004 1.357225e-001
    outer loop
      vertex   -3.560410e+001 -7.411745e+000 6.680603e+001
      vertex   -3.558521e+001 -7.411745e+000 6.694387e+001
      vertex   -3.558772e+001 -6.378003e+000 6.692680e+001
    endloop
  endfacet
  facet normal -9.922358e-001 1.193855e-003 1.243647e-001
    outer loop
      vertex   -3.560410e+001 -7.411745e+000 6.680603e+001
      vertex   -3.558772e+001 -6.378003e+000 6.692680e+001
      vertex   -3.561991e+001 -6.378003e+000 6.666995e+001
    endloop
  endfacet
  facet normal -9.786597e-001 -5.159103e-004 2.054870e-001
    outer loop
      vertex   -3.549773e+001 -9.609498e+000 6.740739e+001
      vertex   -3.551357e+001 -7.411745e+000 6.733747e+001
      vertex   -3.554686e+001 -9.609498e+000 6.717340e+001
    endloop
  endfacet
  facet normal -9.793493e-001 -2.582449e-004 2.021754e-001
    outer loop
      vertex   -3.554686e+001 -9.609498e+000 6.717340e+001
      vertex   -3.551357e+001 -7.411745e+000 6.733747e+001
      vertex   -3.553989e+001 -7.411745e+000 6.720997e+001
    endloop
  endfacet
  facet normal -9.838361e-001 1.404006e-004 1.790715e-001
    outer loop
      vertex   -3.554686e+001 -9.609498e+000 6.717340e+001
      vertex   -3.553989e+001 -7.411745e+000 6.720997e+001
      vertex   -3.556379e+001 -7.411745e+000 6.707864e+001
    endloop
  endfacet
  facet normal -9.838360e-001 -2.984943e-004 1.790715e-001
    outer loop
      vertex   -3.556379e+001 -7.411745e+000 6.707864e+001
      vertex   -3.553989e+001 -7.411745e+000 6.720997e+001
      vertex   -3.554686e+001 -6.378003e+000 6.717340e+001
    endloop
  endfacet
  facet normal -9.865495e-001 1.177120e-003 1.634584e-001
    outer loop
      vertex   -3.556379e+001 -7.411745e+000 6.707864e+001
      vertex   -3.554686e+001 -6.378003e+000 6.717340e+001
      vertex   -3.558772e+001 -6.378003e+000 6.692680e+001
    endloop
  endfacet
  facet normal -9.740453e-001 1.811530e-004 2.263533e-001
    outer loop
      vertex   -3.551357e+001 -7.411745e+000 6.733747e+001
      vertex   -3.549773e+001 -9.609498e+000 6.740739e+001
      vertex   -3.548491e+001 -7.411745e+000 6.746080e+001
    endloop
  endfacet
  facet normal -9.678670e-001 -4.651244e-004 2.514621e-001
    outer loop
      vertex   -3.548491e+001 -7.411745e+000 6.746080e+001
      vertex   -3.549773e+001 -9.609498e+000 6.740739e+001
      vertex   -3.544080e+001 -9.609498e+000 6.762650e+001
    endloop
  endfacet
  facet normal -9.677612e-001 -4.323223e-004 2.518690e-001
    outer loop
      vertex   -3.548491e+001 -7.411745e+000 6.746080e+001
      vertex   -3.544080e+001 -9.609498e+000 6.762650e+001
      vertex   -3.545399e+001 -7.411745e+000 6.757960e+001
    endloop
  endfacet
  facet normal -9.603148e-001 1.895637e-004 2.789183e-001
    outer loop
      vertex   -3.545399e+001 -7.411745e+000 6.757960e+001
      vertex   -3.544080e+001 -9.609498e+000 6.762650e+001
      vertex   -3.542089e+001 -7.411745e+000 6.769353e+001
    endloop
  endfacet
  facet normal -9.603148e-001 -4.030160e-004 2.789183e-001
    outer loop
      vertex   -3.545399e+001 -7.411745e+000 6.757960e+001
      vertex   -3.542089e+001 -7.411745e+000 6.769353e+001
      vertex   -3.544080e+001 -6.378003e+000 6.762650e+001
    endloop
  endfacet
  facet normal -9.531129e-001 1.272252e-003 3.026123e-001
    outer loop
      vertex   -3.544080e+001 -6.378003e+000 6.762650e+001
      vertex   -3.542089e+001 -7.411745e+000 6.769353e+001
      vertex   -3.537663e+001 -6.378003e+000 6.782862e+001
    endloop
  endfacet
  facet normal -9.514887e-001 5.400290e-004 3.076834e-001
    outer loop
      vertex   -3.537663e+001 -6.378003e+000 6.782862e+001
      vertex   -3.542089e+001 -7.411745e+000 6.769353e+001
      vertex   -3.538573e+001 -7.411745e+000 6.780228e+001
    endloop
  endfacet
  facet normal -9.409512e-001 -3.392085e-004 3.385422e-001
    outer loop
      vertex   -3.537663e+001 -6.378003e+000 6.782862e+001
      vertex   -3.538573e+001 -7.411745e+000 6.780228e+001
      vertex   -3.534858e+001 -7.411745e+000 6.790553e+001
    endloop
  endfacet
  facet normal -9.409512e-001 1.595511e-004 3.385422e-001
    outer loop
      vertex   -3.534858e+001 -7.411745e+000 6.790553e+001
      vertex   -3.538573e+001 -7.411745e+000 6.780228e+001
      vertex   -3.537663e+001 -9.609498e+000 6.782862e+001
    endloop
  endfacet
  facet normal -9.327504e-001 -7.142116e-004 3.605221e-001
    outer loop
      vertex   -3.534858e+001 -7.411745e+000 6.790553e+001
      vertex   -3.537663e+001 -9.609498e+000 6.782862e+001
      vertex   -3.530582e+001 -9.609498e+000 6.801182e+001
    endloop
  endfacet
  facet normal -9.531135e-001 -5.984203e-004 3.026125e-001
    outer loop
      vertex   -3.544080e+001 -9.609498e+000 6.762650e+001
      vertex   -3.537663e+001 -9.609498e+000 6.782862e+001
      vertex   -3.542089e+001 -7.411745e+000 6.769353e+001
    endloop
  endfacet
  facet normal -9.514887e-001 -2.540096e-004 3.076834e-001
    outer loop
      vertex   -3.542089e+001 -7.411745e+000 6.769353e+001
      vertex   -3.537663e+001 -9.609498e+000 6.782862e+001
      vertex   -3.538573e+001 -7.411745e+000 6.780228e+001
    endloop
  endfacet
  facet normal -9.042051e-001 -8.090757e-004 4.270978e-001
    outer loop
      vertex   -3.522906e+001 -9.609498e+000 6.817432e+001
      vertex   -3.526879e+001 -7.411745e+000 6.809438e+001
      vertex   -3.530582e+001 -9.609498e+000 6.801182e+001
    endloop
  endfacet
  facet normal -9.132164e-001 7.987830e-005 4.074749e-001
    outer loop
      vertex   -3.530582e+001 -9.609498e+000 6.801182e+001
      vertex   -3.526879e+001 -7.411745e+000 6.809438e+001
      vertex   -3.530957e+001 -7.411745e+000 6.800298e+001
    endloop
  endfacet
  facet normal -9.283664e-001 -8.991917e-005 3.716663e-001
    outer loop
      vertex   -3.530582e+001 -9.609498e+000 6.801182e+001
      vertex   -3.530957e+001 -7.411745e+000 6.800298e+001
      vertex   -3.534858e+001 -7.411745e+000 6.790553e+001
    endloop
  endfacet
  facet normal -9.283664e-001 1.911698e-004 3.716663e-001
    outer loop
      vertex   -3.534858e+001 -7.411745e+000 6.790553e+001
      vertex   -3.530957e+001 -7.411745e+000 6.800298e+001
      vertex   -3.530582e+001 -6.378003e+000 6.801182e+001
    endloop
  endfacet
  facet normal -9.327496e-001 1.518426e-003 3.605218e-001
    outer loop
      vertex   -3.534858e+001 -7.411745e+000 6.790553e+001
      vertex   -3.530582e+001 -6.378003e+000 6.801182e+001
      vertex   -3.537663e+001 -6.378003e+000 6.782862e+001
    endloop
  endfacet
  facet normal -8.948922e-001 5.707990e-005 4.462824e-001
    outer loop
      vertex   -3.526879e+001 -7.411745e+000 6.809438e+001
      vertex   -3.522906e+001 -9.609498e+000 6.817432e+001
      vertex   -3.522636e+001 -7.411745e+000 6.817944e+001
    endloop
  endfacet
  facet normal -8.750101e-001 -5.555087e-005 4.841046e-001
    outer loop
      vertex   -3.522636e+001 -7.411745e+000 6.817944e+001
      vertex   -3.522906e+001 -9.609498e+000 6.817432e+001
      vertex   -3.518868e+001 -9.609498e+000 6.824731e+001
    endloop
  endfacet
  facet normal -8.725364e-001 1.241083e-004 4.885491e-001
    outer loop
      vertex   -3.522636e+001 -7.411745e+000 6.817944e+001
      vertex   -3.518868e+001 -9.609498e+000 6.824731e+001
      vertex   -3.518241e+001 -7.411745e+000 6.825794e+001
    endloop
  endfacet
  facet normal -8.505416e-001 -1.194023e-004 5.259078e-001
    outer loop
      vertex   -3.518241e+001 -7.411745e+000 6.825794e+001
      vertex   -3.518868e+001 -9.609498e+000 6.824731e+001
      vertex   -3.514709e+001 -9.609498e+000 6.831456e+001
    endloop
  endfacet
  facet normal -8.451779e-001 1.877552e-004 5.344851e-001
    outer loop
      vertex   -3.518241e+001 -7.411745e+000 6.825794e+001
      vertex   -3.514709e+001 -9.609498e+000 6.831456e+001
      vertex   -3.513706e+001 -7.411745e+000 6.832966e+001
    endloop
  endfacet
  facet normal -8.207970e-001 -1.759537e-004 5.712200e-001
    outer loop
      vertex   -3.513706e+001 -7.411745e+000 6.832966e+001
      vertex   -3.514709e+001 -9.609498e+000 6.831456e+001
      vertex   -3.510440e+001 -9.609498e+000 6.837591e+001
    endloop
  endfacet
  facet normal -8.113874e-001 2.435180e-004 5.845088e-001
    outer loop
      vertex   -3.513706e+001 -7.411745e+000 6.832966e+001
      vertex   -3.510440e+001 -9.609498e+000 6.837591e+001
      vertex   -3.509044e+001 -7.411745e+000 6.839438e+001
    endloop
  endfacet
  facet normal -7.845417e-001 -2.259925e-004 6.200760e-001
    outer loop
      vertex   -3.509044e+001 -7.411745e+000 6.839438e+001
      vertex   -3.510440e+001 -9.609498e+000 6.837591e+001
      vertex   -3.506071e+001 -9.609498e+000 6.843119e+001
    endloop
  endfacet
  facet normal -7.694240e-001 2.910857e-004 6.387383e-001
    outer loop
      vertex   -3.509044e+001 -7.411745e+000 6.839438e+001
      vertex   -3.506071e+001 -9.609498e+000 6.843119e+001
      vertex   -3.504267e+001 -7.411745e+000 6.845192e+001
    endloop
  endfacet
  facet normal -7.403302e-001 -2.637409e-004 6.722433e-001
    outer loop
      vertex   -3.504267e+001 -7.411745e+000 6.845192e+001
      vertex   -3.506071e+001 -9.609498e+000 6.843119e+001
      vertex   -3.501611e+001 -9.609498e+000 6.848030e+001
    endloop
  endfacet
  facet normal -7.173050e-001 3.310519e-004 6.967592e-001
    outer loop
      vertex   -3.504267e+001 -7.411745e+000 6.845192e+001
      vertex   -3.501611e+001 -9.609498e+000 6.848030e+001
      vertex   -3.499390e+001 -7.411745e+000 6.850213e+001
    endloop
  endfacet
  facet normal -6.860397e-001 -2.909540e-004 7.275641e-001
    outer loop
      vertex   -3.499390e+001 -7.411745e+000 6.850213e+001
      vertex   -3.501611e+001 -9.609498e+000 6.848030e+001
      vertex   -3.497073e+001 -9.609498e+000 6.852309e+001
    endloop
  endfacet
  facet normal -6.523633e-001 3.534823e-004 7.579063e-001
    outer loop
      vertex   -3.499390e+001 -7.411745e+000 6.850213e+001
      vertex   -3.497073e+001 -9.609498e+000 6.852309e+001
      vertex   -3.494426e+001 -7.411745e+000 6.854485e+001
    endloop
  endfacet
  facet normal -6.199287e-001 -3.020250e-004 7.846581e-001
    outer loop
      vertex   -3.494426e+001 -7.411745e+000 6.854485e+001
      vertex   -3.497073e+001 -9.609498e+000 6.852309e+001
      vertex   -3.492467e+001 -9.609498e+000 6.855949e+001
    endloop
  endfacet
  facet normal -5.720688e-001 3.613138e-004 8.202056e-001
    outer loop
      vertex   -3.494426e+001 -7.411745e+000 6.854485e+001
      vertex   -3.492467e+001 -9.609498e+000 6.855949e+001
      vertex   -3.489390e+001 -7.411745e+000 6.857998e+001
    endloop
  endfacet
  facet normal -5.396398e-001 -2.949525e-004 8.418959e-001
    outer loop
      vertex   -3.489390e+001 -7.411745e+000 6.857998e+001
      vertex   -3.492467e+001 -9.609498e+000 6.855949e+001
      vertex   -3.487803e+001 -9.609498e+000 6.858938e+001
    endloop
  endfacet
  facet normal -4.739111e-001 3.449493e-004 8.805726e-001
    outer loop
      vertex   -3.489390e+001 -7.411745e+000 6.857998e+001
      vertex   -3.487803e+001 -9.609498e+000 6.858938e+001
      vertex   -3.484295e+001 -7.411745e+000 6.860740e+001
    endloop
  endfacet
  facet normal -4.438131e-001 -2.629937e-004 8.961193e-001
    outer loop
      vertex   -3.484295e+001 -7.411745e+000 6.860740e+001
      vertex   -3.487803e+001 -9.609498e+000 6.858938e+001
      vertex   -3.483094e+001 -9.609498e+000 6.861270e+001
    endloop
  endfacet
  facet normal -3.570965e-001 3.023875e-004 9.340674e-001
    outer loop
      vertex   -3.484295e+001 -7.411745e+000 6.860740e+001
      vertex   -3.483094e+001 -9.609498e+000 6.861270e+001
      vertex   -3.479156e+001 -7.411745e+000 6.862704e+001
    endloop
  endfacet
  facet normal -3.320899e-001 -2.055913e-004 9.432477e-001
    outer loop
      vertex   -3.479156e+001 -7.411745e+000 6.862704e+001
      vertex   -3.483094e+001 -9.609498e+000 6.861270e+001
      vertex   -3.478350e+001 -9.609498e+000 6.862940e+001
    endloop
  endfacet
  facet normal -2.226567e-001 2.295241e-004 9.748968e-001
    outer loop
      vertex   -3.479156e+001 -7.411745e+000 6.862704e+001
      vertex   -3.478350e+001 -9.609498e+000 6.862940e+001
      vertex   -3.473988e+001 -7.411745e+000 6.863885e+001
    endloop
  endfacet
  facet normal -2.061052e-001 -1.146047e-004 9.785298e-001
    outer loop
      vertex   -3.473988e+001 -7.411745e+000 6.863885e+001
      vertex   -3.478350e+001 -9.609498e+000 6.862940e+001
      vertex   -3.473584e+001 -9.609498e+000 6.863944e+001
    endloop
  endfacet
  facet normal -7.837881e-002 1.255974e-004 9.969236e-001
    outer loop
      vertex   -3.473988e+001 -7.411745e+000 6.863885e+001
      vertex   -3.473584e+001 -9.609498e+000 6.863944e+001
      vertex   -3.468806e+001 -6.378003e+000 6.864279e+001
    endloop
  endfacet
  facet normal -6.992820e-002 0.000000e+000 9.975520e-001
    outer loop
      vertex   -3.468806e+001 -6.378003e+000 6.864279e+001
      vertex   -3.473584e+001 -9.609498e+000 6.863944e+001
      vertex   -3.468806e+001 -9.609498e+000 6.864279e+001
    endloop
  endfacet
  facet normal -6.992819e-002 -3.004707e-004 9.975520e-001
    outer loop
      vertex   -3.468806e+001 -6.378003e+000 6.864279e+001
      vertex   -3.473584e+001 -6.378003e+000 6.863944e+001
      vertex   -3.473988e+001 -7.411745e+000 6.863885e+001
    endloop
  endfacet
  facet normal -2.061052e-001 2.436517e-004 9.785298e-001
    outer loop
      vertex   -3.473988e+001 -7.411745e+000 6.863885e+001
      vertex   -3.473584e+001 -6.378003e+000 6.863944e+001
      vertex   -3.478350e+001 -6.378003e+000 6.862940e+001
    endloop
  endfacet
  facet normal -2.226567e-001 -4.879724e-004 9.748968e-001
    outer loop
      vertex   -3.473988e+001 -7.411745e+000 6.863885e+001
      vertex   -3.478350e+001 -6.378003e+000 6.862940e+001
      vertex   -3.479156e+001 -7.411745e+000 6.862704e+001
    endloop
  endfacet
  facet normal -3.320899e-001 4.370909e-004 9.432476e-001
    outer loop
      vertex   -3.479156e+001 -7.411745e+000 6.862704e+001
      vertex   -3.478350e+001 -6.378003e+000 6.862940e+001
      vertex   -3.483094e+001 -6.378003e+000 6.861270e+001
    endloop
  endfacet
  facet normal -3.570965e-001 -6.428813e-004 9.340673e-001
    outer loop
      vertex   -3.479156e+001 -7.411745e+000 6.862704e+001
      vertex   -3.483094e+001 -6.378003e+000 6.861270e+001
      vertex   -3.484295e+001 -7.411745e+000 6.860740e+001
    endloop
  endfacet
  facet normal -4.438131e-001 5.591293e-004 8.961192e-001
    outer loop
      vertex   -3.484295e+001 -7.411745e+000 6.860740e+001
      vertex   -3.483094e+001 -6.378003e+000 6.861270e+001
      vertex   -3.487803e+001 -6.378003e+000 6.858938e+001
    endloop
  endfacet
  facet normal -4.739110e-001 -7.333683e-004 8.805724e-001
    outer loop
      vertex   -3.484295e+001 -7.411745e+000 6.860740e+001
      vertex   -3.487803e+001 -6.378003e+000 6.858938e+001
      vertex   -3.489390e+001 -7.411745e+000 6.857998e+001
    endloop
  endfacet
  facet normal -5.396397e-001 6.270743e-004 8.418958e-001
    outer loop
      vertex   -3.489390e+001 -7.411745e+000 6.857998e+001
      vertex   -3.487803e+001 -6.378003e+000 6.858938e+001
      vertex   -3.492467e+001 -6.378003e+000 6.855949e+001
    endloop
  endfacet
  facet normal -5.720687e-001 -7.681597e-004 8.202053e-001
    outer loop
      vertex   -3.489390e+001 -7.411745e+000 6.857998e+001
      vertex   -3.492467e+001 -6.378003e+000 6.855949e+001
      vertex   -3.494426e+001 -7.411745e+000 6.854485e+001
    endloop
  endfacet
  facet normal -6.199285e-001 6.421105e-004 7.846580e-001
    outer loop
      vertex   -3.494426e+001 -7.411745e+000 6.854485e+001
      vertex   -3.492467e+001 -6.378003e+000 6.855949e+001
      vertex   -3.497073e+001 -6.378003e+000 6.852309e+001
    endloop
  endfacet
  facet normal -6.523631e-001 -7.515099e-004 7.579062e-001
    outer loop
      vertex   -3.494426e+001 -7.411745e+000 6.854485e+001
      vertex   -3.497073e+001 -6.378003e+000 6.852309e+001
      vertex   -3.499390e+001 -7.411745e+000 6.850213e+001
    endloop
  endfacet
  facet normal -6.860396e-001 6.185733e-004 7.275640e-001
    outer loop
      vertex   -3.499390e+001 -7.411745e+000 6.850213e+001
      vertex   -3.497073e+001 -6.378003e+000 6.852309e+001
      vertex   -3.501611e+001 -6.378003e+000 6.848030e+001
    endloop
  endfacet
  facet normal -7.173049e-001 -7.038224e-004 6.967590e-001
    outer loop
      vertex   -3.499390e+001 -7.411745e+000 6.850213e+001
      vertex   -3.501611e+001 -6.378003e+000 6.848030e+001
      vertex   -3.504267e+001 -7.411745e+000 6.845192e+001
    endloop
  endfacet
  facet normal -7.403302e-001 5.607180e-004 6.722432e-001
    outer loop
      vertex   -3.504267e+001 -7.411745e+000 6.845192e+001
      vertex   -3.501611e+001 -6.378003e+000 6.848030e+001
      vertex   -3.506071e+001 -6.378003e+000 6.843119e+001
    endloop
  endfacet
  facet normal -7.694239e-001 -6.188535e-004 6.387382e-001
    outer loop
      vertex   -3.504267e+001 -7.411745e+000 6.845192e+001
      vertex   -3.506071e+001 -6.378003e+000 6.843119e+001
      vertex   -3.509044e+001 -7.411745e+000 6.839438e+001
    endloop
  endfacet
  facet normal -7.845417e-001 4.804642e-004 6.200759e-001
    outer loop
      vertex   -3.509044e+001 -7.411745e+000 6.839438e+001
      vertex   -3.506071e+001 -6.378003e+000 6.843119e+001
      vertex   -3.510440e+001 -6.378003e+000 6.837591e+001
    endloop
  endfacet
  facet normal -8.113872e-001 -5.177237e-004 5.845087e-001
    outer loop
      vertex   -3.509044e+001 -7.411745e+000 6.839438e+001
      vertex   -3.510440e+001 -6.378003e+000 6.837591e+001
      vertex   -3.513706e+001 -7.411745e+000 6.832966e+001
    endloop
  endfacet
  facet normal -8.207970e-001 3.740808e-004 5.712200e-001
    outer loop
      vertex   -3.513706e+001 -7.411745e+000 6.832966e+001
      vertex   -3.510440e+001 -6.378003e+000 6.837591e+001
      vertex   -3.514709e+001 -6.378003e+000 6.831456e+001
    endloop
  endfacet
  facet normal -8.451778e-001 -3.991709e-004 5.344850e-001
    outer loop
      vertex   -3.513706e+001 -7.411745e+000 6.832966e+001
      vertex   -3.514709e+001 -6.378003e+000 6.831456e+001
      vertex   -3.518241e+001 -7.411745e+000 6.825794e+001
    endloop
  endfacet
  facet normal -8.505416e-001 2.538516e-004 5.259078e-001
    outer loop
      vertex   -3.518241e+001 -7.411745e+000 6.825794e+001
      vertex   -3.514709e+001 -6.378003e+000 6.831456e+001
      vertex   -3.518868e+001 -6.378003e+000 6.824731e+001
    endloop
  endfacet
  facet normal -8.725364e-001 -2.638566e-004 4.885491e-001
    outer loop
      vertex   -3.518241e+001 -7.411745e+000 6.825794e+001
      vertex   -3.518868e+001 -6.378003e+000 6.824731e+001
      vertex   -3.522636e+001 -7.411745e+000 6.817944e+001
    endloop
  endfacet
  facet normal -8.750101e-001 1.181022e-004 4.841046e-001
    outer loop
      vertex   -3.522636e+001 -7.411745e+000 6.817944e+001
      vertex   -3.518868e+001 -6.378003e+000 6.824731e+001
      vertex   -3.522906e+001 -6.378003e+000 6.817432e+001
    endloop
  endfacet
  facet normal -8.948922e-001 -1.213529e-004 4.462823e-001
    outer loop
      vertex   -3.522636e+001 -7.411745e+000 6.817944e+001
      vertex   -3.522906e+001 -6.378003e+000 6.817432e+001
      vertex   -3.526879e+001 -7.411745e+000 6.809438e+001
    endloop
  endfacet
  facet normal -9.042041e-001 1.720108e-003 4.270973e-001
    outer loop
      vertex   -3.526879e+001 -7.411745e+000 6.809438e+001
      vertex   -3.522906e+001 -6.378003e+000 6.817432e+001
      vertex   -3.530582e+001 -6.378003e+000 6.801182e+001
    endloop
  endfacet
  facet normal -9.132164e-001 -1.698227e-004 4.074749e-001
    outer loop
      vertex   -3.526879e+001 -7.411745e+000 6.809438e+001
      vertex   -3.530582e+001 -6.378003e+000 6.801182e+001
      vertex   -3.530957e+001 -7.411745e+000 6.800298e+001
    endloop
  endfacet
  facet normal -9.677609e-001 9.191249e-004 2.518689e-001
    outer loop
      vertex   -3.545399e+001 -7.411745e+000 6.757960e+001
      vertex   -3.544080e+001 -6.378003e+000 6.762650e+001
      vertex   -3.548491e+001 -7.411745e+000 6.746080e+001
    endloop
  endfacet
  facet normal -9.678667e-001 9.888627e-004 2.514620e-001
    outer loop
      vertex   -3.548491e+001 -7.411745e+000 6.746080e+001
      vertex   -3.544080e+001 -6.378003e+000 6.762650e+001
      vertex   -3.549773e+001 -6.378003e+000 6.740739e+001
    endloop
  endfacet
  facet normal -9.740452e-001 -3.851345e-004 2.263533e-001
    outer loop
      vertex   -3.548491e+001 -7.411745e+000 6.746080e+001
      vertex   -3.549773e+001 -6.378003e+000 6.740739e+001
      vertex   -3.551357e+001 -7.411745e+000 6.733747e+001
    endloop
  endfacet
  facet normal -9.786593e-001 1.096834e-003 2.054868e-001
    outer loop
      vertex   -3.551357e+001 -7.411745e+000 6.733747e+001
      vertex   -3.549773e+001 -6.378003e+000 6.740739e+001
      vertex   -3.554686e+001 -6.378003e+000 6.717340e+001
    endloop
  endfacet
  facet normal -9.793492e-001 5.490334e-004 2.021754e-001
    outer loop
      vertex   -3.551357e+001 -7.411745e+000 6.733747e+001
      vertex   -3.554686e+001 -6.378003e+000 6.717340e+001
      vertex   -3.553989e+001 -7.411745e+000 6.720997e+001
    endloop
  endfacet
  facet normal -9.998252e-001 6.151011e-004 1.868446e-002
    outer loop
      vertex   -3.565873e+001 -7.411745e+000 6.608482e+001
      vertex   -3.565715e+001 -6.378003e+000 6.613550e+001
      vertex   -3.566150e+001 -7.411745e+000 6.593703e+001
    endloop
  endfacet
  facet normal -9.998516e-001 8.994376e-004 1.720407e-002
    outer loop
      vertex   -3.566150e+001 -7.411745e+000 6.593703e+001
      vertex   -3.565715e+001 -6.378003e+000 6.613550e+001
      vertex   -3.566184e+001 -6.378003e+000 6.586303e+001
    endloop
  endfacet
  facet normal -9.876006e-001 2.022577e-004 1.569874e-001
    outer loop
      vertex   -3.556379e+001 -7.411745e+000 6.707864e+001
      vertex   -3.558772e+001 -6.378003e+000 6.692680e+001
      vertex   -3.558521e+001 -7.411745e+000 6.694387e+001
    endloop
  endfacet
  facet normal -9.933531e-001 -4.185409e-005 1.151073e-001
    outer loop
      vertex   -3.560410e+001 -7.411745e+000 6.680603e+001
      vertex   -3.561991e+001 -6.378003e+000 6.666995e+001
      vertex   -3.562038e+001 -7.411745e+000 6.666553e+001
    endloop
  endfacet
  facet normal -1.000000e+000 0.000000e+000 0.000000e+000
    outer loop
      vertex   -3.566184e+001 -9.609498e+000 6.182255e+001
      vertex   -3.566184e+001 -9.609498e+000 6.586303e+001
      vertex   -3.566184e+001 -6.378003e+000 6.182255e+001
    endloop
  endfacet
  facet normal -1.000000e+000 0.000000e+000 0.000000e+000
    outer loop
      vertex   -3.566184e+001 -6.378003e+000 6.182255e+001
      vertex   -3.566184e+001 -9.609498e+000 6.586303e+001
      vertex   -3.566184e+001 -6.378003e+000 6.586303e+001
    endloop
  endfacet
  facet normal 1.000000e+000 0.000000e+000 0.000000e+000
    outer loop
      vertex   -2.529934e+001 -7.593750e+000 5.904279e+001
      vertex   -2.529934e+001 -8.393750e+000 5.904279e+001
      vertex   -2.529934e+001 -7.599828e+000 5.897333e+001
    endloop
  endfacet
  facet normal 1.000000e+000 0.000000e+000 0.000000e+000
    outer loop
      vertex   -2.529934e+001 -7.599828e+000 5.897333e+001
      vertex   -2.529934e+001 -8.393750e+000 5.904279e+001
      vertex   -2.529934e+001 -8.387673e+000 5.897333e+001
    endloop
  endfacet
  facet normal 1.000000e+000 0.000000e+000 0.000000e+000
    outer loop
      vertex   -2.529934e+001 -7.599828e+000 5.897333e+001
      vertex   -2.529934e+001 -8.387673e+000 5.897333e+001
      vertex   -2.529934e+001 -8.369627e+000 5.890598e+001
    endloop
  endfacet
  facet normal 1.000000e+000 0.000000e+000 0.000000e+000
    outer loop
      vertex   -2.529934e+001 -7.599828e+000 5.897333e+001
      vertex   -2.529934e+001 -8.369627e+000 5.890598e+001
      vertex   -2.529934e+001 -7.617874e+000 5.890598e+001
    endloop
  endfacet
  facet normal 1.000000e+000 0.000000e+000 0.000000e+000
    outer loop
      vertex   -2.529934e+001 -7.617874e+000 5.890598e+001
      vertex   -2.529934e+001 -8.369627e+000 5.890598e+001
      vertex   -2.529934e+001 -8.340160e+000 5.884279e+001
    endloop
  endfacet
  facet normal 1.000000e+000 0.000000e+000 0.000000e+000
    outer loop
      vertex   -2.529934e+001 -7.617874e+000 5.890598e+001
      vertex   -2.529934e+001 -8.340160e+000 5.884279e+001
      vertex   -2.529934e+001 -7.647341e+000 5.884279e+001
    endloop
  endfacet
  facet normal 1.000000e+000 0.000000e+000 0.000000e+000
    outer loop
      vertex   -2.529934e+001 -7.647341e+000 5.884279e+001
      vertex   -2.529934e+001 -8.340160e+000 5.884279e+001
      vertex   -2.529934e+001 -8.300168e+000 5.878568e+001
    endloop
  endfacet
  facet normal 1.000000e+000 0.000000e+000 0.000000e+000
    outer loop
      vertex   -2.529934e+001 -7.647341e+000 5.884279e+001
      vertex   -2.529934e+001 -8.300168e+000 5.878568e+001
      vertex   -2.529934e+001 -7.687334e+000 5.878568e+001
    endloop
  endfacet
  facet normal 1.000000e+000 0.000000e+000 0.000000e+000
    outer loop
      vertex   -2.529934e+001 -7.687334e+000 5.878568e+001
      vertex   -2.529934e+001 -8.300168e+000 5.878568e+001
      vertex   -2.529934e+001 -8.250865e+000 5.873637e+001
    endloop
  endfacet
  facet normal 1.000000e+000 0.000000e+000 0.000000e+000
    outer loop
      vertex   -2.529934e+001 -7.687334e+000 5.878568e+001
      vertex   -2.529934e+001 -8.250865e+000 5.873637e+001
      vertex   -2.529934e+001 -7.736636e+000 5.873637e+001
    endloop
  endfacet
  facet normal 1.000000e+000 0.000000e+000 0.000000e+000
    outer loop
      vertex   -2.529934e+001 -7.736636e+000 5.873637e+001
      vertex   -2.529934e+001 -8.250865e+000 5.873637e+001
      vertex   -2.529934e+001 -8.193750e+000 5.869638e+001
    endloop
  endfacet
  facet normal 1.000000e+000 0.000000e+000 0.000000e+000
    outer loop
      vertex   -2.529934e+001 -7.736636e+000 5.873637e+001
      vertex   -2.529934e+001 -8.193750e+000 5.869638e+001
      vertex   -2.529934e+001 -7.793751e+000 5.869638e+001
    endloop
  endfacet
  facet normal 1.000000e+000 0.000000e+000 0.000000e+000
    outer loop
      vertex   -2.529934e+001 -7.793751e+000 5.869638e+001
      vertex   -2.529934e+001 -8.193750e+000 5.869638e+001
      vertex   -2.529934e+001 -8.130558e+000 5.866692e+001
    endloop
  endfacet
  facet normal 1.000000e+000 0.000000e+000 0.000000e+000
    outer loop
      vertex   -2.529934e+001 -7.793751e+000 5.869638e+001
      vertex   -2.529934e+001 -8.130558e+000 5.866692e+001
      vertex   -2.529934e+001 -7.856943e+000 5.866692e+001
    endloop
  endfacet
  facet normal 1.000000e+000 0.000000e+000 0.000000e+000
    outer loop
      vertex   -2.529934e+001 -7.856943e+000 5.866692e+001
      vertex   -2.529934e+001 -8.130558e+000 5.866692e+001
      vertex   -2.529934e+001 -8.063210e+000 5.864887e+001
    endloop
  endfacet
  facet normal 1.000000e+000 0.000000e+000 0.000000e+000
    outer loop
      vertex   -2.529934e+001 -7.856943e+000 5.866692e+001
      vertex   -2.529934e+001 -8.063210e+000 5.864887e+001
      vertex   -2.529934e+001 -7.924292e+000 5.864887e+001
    endloop
  endfacet
  facet normal 1.000000e+000 0.000000e+000 0.000000e+000
    outer loop
      vertex   -2.529934e+001 -7.924292e+000 5.864887e+001
      vertex   -2.529934e+001 -8.063210e+000 5.864887e+001
      vertex   -2.529934e+001 -7.993751e+000 5.864279e+001
    endloop
  endfacet
  facet normal 0.000000e+000 9.961941e-001 -8.716287e-002
    outer loop
      vertex   -2.929934e+001 -7.599828e+000 5.897333e+001
      vertex   -2.929934e+001 -7.593750e+000 5.904279e+001
      vertex   -2.796601e+001 -7.599828e+000 5.897333e+001
    endloop
  endfacet
  facet normal 0.000000e+000 9.961941e-001 -8.716287e-002
    outer loop
      vertex   -2.796601e+001 -7.599828e+000 5.897333e+001
      vertex   -2.929934e+001 -7.593750e+000 5.904279e+001
      vertex   -2.529934e+001 -7.593750e+000 5.904279e+001
    endloop
  endfacet
  facet normal 0.000000e+000 9.961941e-001 -8.716287e-002
    outer loop
      vertex   -2.796601e+001 -7.599828e+000 5.897333e+001
      vertex   -2.529934e+001 -7.593750e+000 5.904279e+001
      vertex   -2.663267e+001 -7.599828e+000 5.897333e+001
    endloop
  endfacet
  facet normal 0.000000e+000 9.961941e-001 -8.716287e-002
    outer loop
      vertex   -2.663267e+001 -7.599828e+000 5.897333e+001
      vertex   -2.529934e+001 -7.593750e+000 5.904279e+001
      vertex   -2.529934e+001 -7.599828e+000 5.897333e+001
    endloop
  endfacet
  facet normal 0.000000e+000 9.659244e-001 -2.588245e-001
    outer loop
      vertex   -2.663267e+001 -7.599828e+000 5.897333e+001
      vertex   -2.529934e+001 -7.599828e+000 5.897333e+001
      vertex   -2.663267e+001 -7.617874e+000 5.890598e+001
    endloop
  endfacet
  facet normal 0.000000e+000 9.659244e-001 -2.588245e-001
    outer loop
      vertex   -2.663267e+001 -7.617874e+000 5.890598e+001
      vertex   -2.529934e+001 -7.599828e+000 5.897333e+001
      vertex   -2.529934e+001 -7.617874e+000 5.890598e+001
    endloop
  endfacet
  facet normal 0.000000e+000 9.063054e-001 -4.226234e-001
    outer loop
      vertex   -2.663267e+001 -7.617874e+000 5.890598e+001
      vertex   -2.529934e+001 -7.617874e+000 5.890598e+001
      vertex   -2.663267e+001 -7.647341e+000 5.884279e+001
    endloop
  endfacet
  facet normal 0.000000e+000 9.063054e-001 -4.226234e-001
    outer loop
      vertex   -2.663267e+001 -7.647341e+000 5.884279e+001
      vertex   -2.529934e+001 -7.617874e+000 5.890598e+001
      vertex   -2.529934e+001 -7.647341e+000 5.884279e+001
    endloop
  endfacet
  facet normal 0.000000e+000 8.191606e-001 -5.735642e-001
    outer loop
      vertex   -2.663267e+001 -7.647341e+000 5.884279e+001
      vertex   -2.529934e+001 -7.647341e+000 5.884279e+001
      vertex   -2.663267e+001 -7.687334e+000 5.878568e+001
    endloop
  endfacet
  facet normal 0.000000e+000 8.191606e-001 -5.735642e-001
    outer loop
      vertex   -2.663267e+001 -7.687334e+000 5.878568e+001
      vertex   -2.529934e+001 -7.647341e+000 5.884279e+001
      vertex   -2.529934e+001 -7.687334e+000 5.878568e+001
    endloop
  endfacet
  facet normal 0.000000e+000 7.070965e-001 -7.071170e-001
    outer loop
      vertex   -2.663267e+001 -7.687334e+000 5.878568e+001
      vertex   -2.529934e+001 -7.687334e+000 5.878568e+001
      vertex   -2.663267e+001 -7.736636e+000 5.873637e+001
    endloop
  endfacet
  facet normal 0.000000e+000 7.070965e-001 -7.071170e-001
    outer loop
      vertex   -2.663267e+001 -7.736636e+000 5.873637e+001
      vertex   -2.529934e+001 -7.687334e+000 5.878568e+001
      vertex   -2.529934e+001 -7.736636e+000 5.873637e+001
    endloop
  endfacet
  facet normal 0.000000e+000 5.735849e-001 -8.191462e-001
    outer loop
      vertex   -2.663267e+001 -7.736636e+000 5.873637e+001
      vertex   -2.529934e+001 -7.736636e+000 5.873637e+001
      vertex   -2.663267e+001 -7.793751e+000 5.869638e+001
    endloop
  endfacet
  facet normal 0.000000e+000 5.735849e-001 -8.191462e-001
    outer loop
      vertex   -2.663267e+001 -7.793751e+000 5.869638e+001
      vertex   -2.529934e+001 -7.736636e+000 5.873637e+001
      vertex   -2.529934e+001 -7.793751e+000 5.869638e+001
    endloop
  endfacet
  facet normal 0.000000e+000 4.225956e-001 -9.063183e-001
    outer loop
      vertex   -2.663267e+001 -7.793751e+000 5.869638e+001
      vertex   -2.529934e+001 -7.793751e+000 5.869638e+001
      vertex   -2.663267e+001 -7.856943e+000 5.866692e+001
    endloop
  endfacet
  facet normal 0.000000e+000 4.225956e-001 -9.063183e-001
    outer loop
      vertex   -2.663267e+001 -7.856943e+000 5.866692e+001
      vertex   -2.529934e+001 -7.793751e+000 5.869638e+001
      vertex   -2.529934e+001 -7.856943e+000 5.866692e+001
    endloop
  endfacet
  facet normal 0.000000e+000 2.588356e-001 -9.659214e-001
    outer loop
      vertex   -2.663267e+001 -7.856943e+000 5.866692e+001
      vertex   -2.529934e+001 -7.856943e+000 5.866692e+001
      vertex   -2.663267e+001 -7.924292e+000 5.864887e+001
    endloop
  endfacet
  facet normal 0.000000e+000 2.588356e-001 -9.659214e-001
    outer loop
      vertex   -2.663267e+001 -7.924292e+000 5.864887e+001
      vertex   -2.529934e+001 -7.856943e+000 5.866692e+001
      vertex   -2.529934e+001 -7.924292e+000 5.864887e+001
    endloop
  endfacet
  facet normal 0.000000e+000 8.715490e-002 -9.961948e-001
    outer loop
      vertex   -2.663267e+001 -7.924292e+000 5.864887e+001
      vertex   -2.529934e+001 -7.924292e+000 5.864887e+001
      vertex   -2.663267e+001 -7.993751e+000 5.864279e+001
    endloop
  endfacet
  facet normal 0.000000e+000 8.715490e-002 -9.961948e-001
    outer loop
      vertex   -2.663267e+001 -7.993751e+000 5.864279e+001
      vertex   -2.529934e+001 -7.924292e+000 5.864887e+001
      vertex   -2.529934e+001 -7.993751e+000 5.864279e+001
    endloop
  endfacet
  facet normal 0.000000e+000 -8.715490e-002 -9.961948e-001
    outer loop
      vertex   -2.663267e+001 -7.993751e+000 5.864279e+001
      vertex   -2.529934e+001 -7.993751e+000 5.864279e+001
      vertex   -2.663267e+001 -8.063210e+000 5.864887e+001
    endloop
  endfacet
  facet normal 0.000000e+000 -8.715490e-002 -9.961948e-001
    outer loop
      vertex   -2.663267e+001 -8.063210e+000 5.864887e+001
      vertex   -2.529934e+001 -7.993751e+000 5.864279e+001
      vertex   -2.529934e+001 -8.063210e+000 5.864887e+001
    endloop
  endfacet
  facet normal 0.000000e+000 -2.588373e-001 -9.659209e-001
    outer loop
      vertex   -2.663267e+001 -8.063210e+000 5.864887e+001
      vertex   -2.529934e+001 -8.063210e+000 5.864887e+001
      vertex   -2.663267e+001 -8.130558e+000 5.866692e+001
    endloop
  endfacet
  facet normal 0.000000e+000 -2.588373e-001 -9.659209e-001
    outer loop
      vertex   -2.663267e+001 -8.130558e+000 5.866692e+001
      vertex   -2.529934e+001 -8.063210e+000 5.864887e+001
      vertex   -2.529934e+001 -8.130558e+000 5.866692e+001
    endloop
  endfacet
  facet normal 0.000000e+000 -4.225904e-001 -9.063208e-001
    outer loop
      vertex   -2.663267e+001 -8.130558e+000 5.866692e+001
      vertex   -2.529934e+001 -8.130558e+000 5.866692e+001
      vertex   -2.663267e+001 -8.193750e+000 5.869638e+001
    endloop
  endfacet
  facet normal 0.000000e+000 -4.225904e-001 -9.063208e-001
    outer loop
      vertex   -2.663267e+001 -8.193750e+000 5.869638e+001
      vertex   -2.529934e+001 -8.130558e+000 5.866692e+001
      vertex   -2.529934e+001 -8.193750e+000 5.869638e+001
    endloop
  endfacet
  facet normal 0.000000e+000 -5.735881e-001 -8.191439e-001
    outer loop
      vertex   -2.663267e+001 -8.193750e+000 5.869638e+001
      vertex   -2.529934e+001 -8.193750e+000 5.869638e+001
      vertex   -2.663267e+001 -8.250865e+000 5.873637e+001
    endloop
  endfacet
  facet normal 0.000000e+000 -5.735881e-001 -8.191439e-001
    outer loop
      vertex   -2.663267e+001 -8.250865e+000 5.873637e+001
      vertex   -2.529934e+001 -8.193750e+000 5.869638e+001
      vertex   -2.529934e+001 -8.250865e+000 5.873637e+001
    endloop
  endfacet
  facet normal 0.000000e+000 -7.070931e-001 -7.071205e-001
    outer loop
      vertex   -2.663267e+001 -8.250865e+000 5.873637e+001
      vertex   -2.529934e+001 -8.250865e+000 5.873637e+001
      vertex   -2.663267e+001 -8.300168e+000 5.878568e+001
    endloop
  endfacet
  facet normal 0.000000e+000 -7.070931e-001 -7.071205e-001
    outer loop
      vertex   -2.663267e+001 -8.300168e+000 5.878568e+001
      vertex   -2.529934e+001 -8.250865e+000 5.873637e+001
      vertex   -2.529934e+001 -8.300168e+000 5.878568e+001
    endloop
  endfacet
  facet normal 0.000000e+000 -8.191638e-001 -5.735596e-001
    outer loop
      vertex   -2.663267e+001 -8.300168e+000 5.878568e+001
      vertex   -2.529934e+001 -8.300168e+000 5.878568e+001
      vertex   -2.663267e+001 -8.340160e+000 5.884279e+001
    endloop
  endfacet
  facet normal 0.000000e+000 -8.191638e-001 -5.735596e-001
    outer loop
      vertex   -2.663267e+001 -8.340160e+000 5.884279e+001
      vertex   -2.529934e+001 -8.300168e+000 5.878568e+001
      vertex   -2.529934e+001 -8.340160e+000 5.884279e+001
    endloop
  endfacet
  facet normal 0.000000e+000 -9.063054e-001 -4.226234e-001
    outer loop
      vertex   -2.663267e+001 -8.340160e+000 5.884279e+001
      vertex   -2.529934e+001 -8.340160e+000 5.884279e+001
      vertex   -2.663267e+001 -8.369627e+000 5.890598e+001
    endloop
  endfacet
  facet normal 0.000000e+000 -9.063054e-001 -4.226234e-001
    outer loop
      vertex   -2.663267e+001 -8.369627e+000 5.890598e+001
      vertex   -2.529934e+001 -8.340160e+000 5.884279e+001
      vertex   -2.529934e+001 -8.369627e+000 5.890598e+001
    endloop
  endfacet
  facet normal 0.000000e+000 -9.659244e-001 -2.588245e-001
    outer loop
      vertex   -2.663267e+001 -8.369627e+000 5.890598e+001
      vertex   -2.529934e+001 -8.369627e+000 5.890598e+001
      vertex   -2.663267e+001 -8.387673e+000 5.897333e+001
    endloop
  endfacet
  facet normal 0.000000e+000 -9.659244e-001 -2.588245e-001
    outer loop
      vertex   -2.663267e+001 -8.387673e+000 5.897333e+001
      vertex   -2.529934e+001 -8.369627e+000 5.890598e+001
      vertex   -2.529934e+001 -8.387673e+000 5.897333e+001
    endloop
  endfacet
  facet normal 0.000000e+000 -9.961947e-001 -8.715609e-002
    outer loop
      vertex   -2.663267e+001 -8.387673e+000 5.897333e+001
      vertex   -2.529934e+001 -8.387673e+000 5.897333e+001
      vertex   -2.529934e+001 -8.393750e+000 5.904279e+001
    endloop
  endfacet
  facet normal -0.000000e+000 -9.961947e-001 -8.715609e-002
    outer loop
      vertex   -2.529934e+001 -8.393750e+000 5.904279e+001
      vertex   -2.929934e+001 -8.393750e+000 5.904279e+001
      vertex   -2.663267e+001 -8.387673e+000 5.897333e+001
    endloop
  endfacet
  facet normal -0.000000e+000 -9.961947e-001 -8.715609e-002
    outer loop
      vertex   -2.663267e+001 -8.387673e+000 5.897333e+001
      vertex   -2.929934e+001 -8.393750e+000 5.904279e+001
      vertex   -2.796601e+001 -8.387673e+000 5.897333e+001
    endloop
  endfacet
  facet normal -0.000000e+000 -9.659244e-001 -2.588245e-001
    outer loop
      vertex   -2.663267e+001 -8.387673e+000 5.897333e+001
      vertex   -2.796601e+001 -8.387673e+000 5.897333e+001
      vertex   -2.663267e+001 -8.369627e+000 5.890598e+001
    endloop
  endfacet
  facet normal -0.000000e+000 -9.659244e-001 -2.588245e-001
    outer loop
      vertex   -2.663267e+001 -8.369627e+000 5.890598e+001
      vertex   -2.796601e+001 -8.387673e+000 5.897333e+001
      vertex   -2.796601e+001 -8.369627e+000 5.890598e+001
    endloop
  endfacet
  facet normal -0.000000e+000 -9.063054e-001 -4.226234e-001
    outer loop
      vertex   -2.663267e+001 -8.369627e+000 5.890598e+001
      vertex   -2.796601e+001 -8.369627e+000 5.890598e+001
      vertex   -2.663267e+001 -8.340160e+000 5.884279e+001
    endloop
  endfacet
  facet normal -0.000000e+000 -9.063054e-001 -4.226234e-001
    outer loop
      vertex   -2.663267e+001 -8.340160e+000 5.884279e+001
      vertex   -2.796601e+001 -8.369627e+000 5.890598e+001
      vertex   -2.796601e+001 -8.340160e+000 5.884279e+001
    endloop
  endfacet
  facet normal -0.000000e+000 -8.191638e-001 -5.735596e-001
    outer loop
      vertex   -2.663267e+001 -8.340160e+000 5.884279e+001
      vertex   -2.796601e+001 -8.340160e+000 5.884279e+001
      vertex   -2.663267e+001 -8.300168e+000 5.878568e+001
    endloop
  endfacet
  facet normal -0.000000e+000 -8.191638e-001 -5.735596e-001
    outer loop
      vertex   -2.663267e+001 -8.300168e+000 5.878568e+001
      vertex   -2.796601e+001 -8.340160e+000 5.884279e+001
      vertex   -2.796601e+001 -8.300168e+000 5.878568e+001
    endloop
  endfacet
  facet normal -0.000000e+000 -7.070931e-001 -7.071205e-001
    outer loop
      vertex   -2.663267e+001 -8.300168e+000 5.878568e+001
      vertex   -2.796601e+001 -8.300168e+000 5.878568e+001
      vertex   -2.663267e+001 -8.250865e+000 5.873637e+001
    endloop
  endfacet
  facet normal -0.000000e+000 -7.070931e-001 -7.071205e-001
    outer loop
      vertex   -2.663267e+001 -8.250865e+000 5.873637e+001
      vertex   -2.796601e+001 -8.300168e+000 5.878568e+001
      vertex   -2.796601e+001 -8.250865e+000 5.873637e+001
    endloop
  endfacet
  facet normal -0.000000e+000 -5.735881e-001 -8.191439e-001
    outer loop
      vertex   -2.663267e+001 -8.250865e+000 5.873637e+001
      vertex   -2.796601e+001 -8.250865e+000 5.873637e+001
      vertex   -2.663267e+001 -8.193750e+000 5.869638e+001
    endloop
  endfacet
  facet normal -0.000000e+000 -5.735881e-001 -8.191439e-001
    outer loop
      vertex   -2.663267e+001 -8.193750e+000 5.869638e+001
      vertex   -2.796601e+001 -8.250865e+000 5.873637e+001
      vertex   -2.796601e+001 -8.193750e+000 5.869638e+001
    endloop
  endfacet
  facet normal -0.000000e+000 -4.225904e-001 -9.063208e-001
    outer loop
      vertex   -2.663267e+001 -8.193750e+000 5.869638e+001
      vertex   -2.796601e+001 -8.193750e+000 5.869638e+001
      vertex   -2.663267e+001 -8.130558e+000 5.866692e+001
    endloop
  endfacet
  facet normal -0.000000e+000 -4.225904e-001 -9.063208e-001
    outer loop
      vertex   -2.663267e+001 -8.130558e+000 5.866692e+001
      vertex   -2.796601e+001 -8.193750e+000 5.869638e+001
      vertex   -2.796601e+001 -8.130558e+000 5.866692e+001
    endloop
  endfacet
  facet normal -0.000000e+000 -2.588373e-001 -9.659209e-001
    outer loop
      vertex   -2.663267e+001 -8.130558e+000 5.866692e+001
      vertex   -2.796601e+001 -8.130558e+000 5.866692e+001
      vertex   -2.663267e+001 -8.063210e+000 5.864887e+001
    endloop
  endfacet
  facet normal -0.000000e+000 -2.588373e-001 -9.659209e-001
    outer loop
      vertex   -2.663267e+001 -8.063210e+000 5.864887e+001
      vertex   -2.796601e+001 -8.130558e+000 5.866692e+001
      vertex   -2.796601e+001 -8.063210e+000 5.864887e+001
    endloop
  endfacet
  facet normal -0.000000e+000 -8.715490e-002 -9.961948e-001
    outer loop
      vertex   -2.663267e+001 -8.063210e+000 5.864887e+001
      vertex   -2.796601e+001 -8.063210e+000 5.864887e+001
      vertex   -2.663267e+001 -7.993751e+000 5.864279e+001
    endloop
  endfacet
  facet normal -0.000000e+000 -8.715490e-002 -9.961948e-001
    outer loop
      vertex   -2.663267e+001 -7.993751e+000 5.864279e+001
      vertex   -2.796601e+001 -8.063210e+000 5.864887e+001
      vertex   -2.796601e+001 -7.993751e+000 5.864279e+001
    endloop
  endfacet
  facet normal 0.000000e+000 8.715490e-002 -9.961948e-001
    outer loop
      vertex   -2.663267e+001 -7.993751e+000 5.864279e+001
      vertex   -2.796601e+001 -7.993751e+000 5.864279e+001
      vertex   -2.663267e+001 -7.924292e+000 5.864887e+001
    endloop
  endfacet
  facet normal 0.000000e+000 8.715490e-002 -9.961948e-001
    outer loop
      vertex   -2.663267e+001 -7.924292e+000 5.864887e+001
      vertex   -2.796601e+001 -7.993751e+000 5.864279e+001
      vertex   -2.796601e+001 -7.924292e+000 5.864887e+001
    endloop
  endfacet
  facet normal 0.000000e+000 2.588356e-001 -9.659214e-001
    outer loop
      vertex   -2.663267e+001 -7.924292e+000 5.864887e+001
      vertex   -2.796601e+001 -7.924292e+000 5.864887e+001
      vertex   -2.663267e+001 -7.856943e+000 5.866692e+001
    endloop
  endfacet
  facet normal 0.000000e+000 2.588356e-001 -9.659214e-001
    outer loop
      vertex   -2.663267e+001 -7.856943e+000 5.866692e+001
      vertex   -2.796601e+001 -7.924292e+000 5.864887e+001
      vertex   -2.796601e+001 -7.856943e+000 5.866692e+001
    endloop
  endfacet
  facet normal 0.000000e+000 4.225956e-001 -9.063183e-001
    outer loop
      vertex   -2.663267e+001 -7.856943e+000 5.866692e+001
      vertex   -2.796601e+001 -7.856943e+000 5.866692e+001
      vertex   -2.663267e+001 -7.793751e+000 5.869638e+001
    endloop
  endfacet
  facet normal 0.000000e+000 4.225956e-001 -9.063183e-001
    outer loop
      vertex   -2.663267e+001 -7.793751e+000 5.869638e+001
      vertex   -2.796601e+001 -7.856943e+000 5.866692e+001
      vertex   -2.796601e+001 -7.793751e+000 5.869638e+001
    endloop
  endfacet
  facet normal 0.000000e+000 5.735849e-001 -8.191462e-001
    outer loop
      vertex   -2.663267e+001 -7.793751e+000 5.869638e+001
      vertex   -2.796601e+001 -7.793751e+000 5.869638e+001
      vertex   -2.663267e+001 -7.736636e+000 5.873637e+001
    endloop
  endfacet
  facet normal 0.000000e+000 5.735849e-001 -8.191462e-001
    outer loop
      vertex   -2.663267e+001 -7.736636e+000 5.873637e+001
      vertex   -2.796601e+001 -7.793751e+000 5.869638e+001
      vertex   -2.796601e+001 -7.736636e+000 5.873637e+001
    endloop
  endfacet
  facet normal 0.000000e+000 7.070965e-001 -7.071170e-001
    outer loop
      vertex   -2.663267e+001 -7.736636e+000 5.873637e+001
      vertex   -2.796601e+001 -7.736636e+000 5.873637e+001
      vertex   -2.663267e+001 -7.687334e+000 5.878568e+001
    endloop
  endfacet
  facet normal 0.000000e+000 7.070965e-001 -7.071170e-001
    outer loop
      vertex   -2.663267e+001 -7.687334e+000 5.878568e+001
      vertex   -2.796601e+001 -7.736636e+000 5.873637e+001
      vertex   -2.796601e+001 -7.687334e+000 5.878568e+001
    endloop
  endfacet
  facet normal 0.000000e+000 8.191606e-001 -5.735642e-001
    outer loop
      vertex   -2.663267e+001 -7.687334e+000 5.878568e+001
      vertex   -2.796601e+001 -7.687334e+000 5.878568e+001
      vertex   -2.663267e+001 -7.647341e+000 5.884279e+001
    endloop
  endfacet
  facet normal 0.000000e+000 8.191606e-001 -5.735642e-001
    outer loop
      vertex   -2.663267e+001 -7.647341e+000 5.884279e+001
      vertex   -2.796601e+001 -7.687334e+000 5.878568e+001
      vertex   -2.796601e+001 -7.647341e+000 5.884279e+001
    endloop
  endfacet
  facet normal 0.000000e+000 9.063054e-001 -4.226234e-001
    outer loop
      vertex   -2.663267e+001 -7.647341e+000 5.884279e+001
      vertex   -2.796601e+001 -7.647341e+000 5.884279e+001
      vertex   -2.663267e+001 -7.617874e+000 5.890598e+001
    endloop
  endfacet
  facet normal 0.000000e+000 9.063054e-001 -4.226234e-001
    outer loop
      vertex   -2.663267e+001 -7.617874e+000 5.890598e+001
      vertex   -2.796601e+001 -7.647341e+000 5.884279e+001
      vertex   -2.796601e+001 -7.617874e+000 5.890598e+001
    endloop
  endfacet
  facet normal 0.000000e+000 9.659244e-001 -2.588245e-001
    outer loop
      vertex   -2.663267e+001 -7.617874e+000 5.890598e+001
      vertex   -2.796601e+001 -7.617874e+000 5.890598e+001
      vertex   -2.663267e+001 -7.599828e+000 5.897333e+001
    endloop
  endfacet
  facet normal 0.000000e+000 9.659244e-001 -2.588245e-001
    outer loop
      vertex   -2.663267e+001 -7.599828e+000 5.897333e+001
      vertex   -2.796601e+001 -7.617874e+000 5.890598e+001
      vertex   -2.796601e+001 -7.599828e+000 5.897333e+001
    endloop
  endfacet
  facet normal -8.685469e-019 -9.961947e-001 -8.715609e-002
    outer loop
      vertex   -2.929934e+001 -8.393750e+000 5.904279e+001
      vertex   -2.929934e+001 -8.387673e+000 5.897333e+001
      vertex   -2.796601e+001 -8.387673e+000 5.897333e+001
    endloop
  endfacet
  facet normal -0.000000e+000 -9.659244e-001 -2.588245e-001
    outer loop
      vertex   -2.796601e+001 -8.387673e+000 5.897333e+001
      vertex   -2.929934e+001 -8.387673e+000 5.897333e+001
      vertex   -2.796601e+001 -8.369627e+000 5.890598e+001
    endloop
  endfacet
  facet normal 0.000000e+000 -9.659244e-001 -2.588245e-001
    outer loop
      vertex   -2.929934e+001 -8.387673e+000 5.897333e+001
      vertex   -2.929934e+001 -8.369627e+000 5.890598e+001
      vertex   -2.796601e+001 -8.369627e+000 5.890598e+001
    endloop
  endfacet
  facet normal -0.000000e+000 -9.063054e-001 -4.226234e-001
    outer loop
      vertex   -2.796601e+001 -8.369627e+000 5.890598e+001
      vertex   -2.929934e+001 -8.369627e+000 5.890598e+001
      vertex   -2.796601e+001 -8.340160e+000 5.884279e+001
    endloop
  endfacet
  facet normal 3.474187e-018 -9.063054e-001 -4.226234e-001
    outer loop
      vertex   -2.929934e+001 -8.369627e+000 5.890598e+001
      vertex   -2.929934e+001 -8.340160e+000 5.884279e+001
      vertex   -2.796601e+001 -8.340160e+000 5.884279e+001
    endloop
  endfacet
  facet normal -0.000000e+000 -8.191638e-001 -5.735596e-001
    outer loop
      vertex   -2.796601e+001 -8.340160e+000 5.884279e+001
      vertex   -2.929934e+001 -8.340160e+000 5.884279e+001
      vertex   -2.796601e+001 -8.300168e+000 5.878568e+001
    endloop
  endfacet
  facet normal -3.474188e-018 -8.191638e-001 -5.735596e-001
    outer loop
      vertex   -2.929934e+001 -8.340160e+000 5.884279e+001
      vertex   -2.929934e+001 -8.300168e+000 5.878568e+001
      vertex   -2.796601e+001 -8.300168e+000 5.878568e+001
    endloop
  endfacet
  facet normal -0.000000e+000 -7.070931e-001 -7.071205e-001
    outer loop
      vertex   -2.796601e+001 -8.300168e+000 5.878568e+001
      vertex   -2.929934e+001 -8.300168e+000 5.878568e+001
      vertex   -2.796601e+001 -8.250865e+000 5.873637e+001
    endloop
  endfacet
  facet normal 0.000000e+000 -7.070931e-001 -7.071205e-001
    outer loop
      vertex   -2.929934e+001 -8.300168e+000 5.878568e+001
      vertex   -2.929934e+001 -8.250865e+000 5.873637e+001
      vertex   -2.796601e+001 -8.250865e+000 5.873637e+001
    endloop
  endfacet
  facet normal -0.000000e+000 -5.735881e-001 -8.191439e-001
    outer loop
      vertex   -2.796601e+001 -8.250865e+000 5.873637e+001
      vertex   -2.929934e+001 -8.250865e+000 5.873637e+001
      vertex   -2.796601e+001 -8.193750e+000 5.869638e+001
    endloop
  endfacet
  facet normal 0.000000e+000 -5.735881e-001 -8.191439e-001
    outer loop
      vertex   -2.929934e+001 -8.250865e+000 5.873637e+001
      vertex   -2.929934e+001 -8.193750e+000 5.869638e+001
      vertex   -2.796601e+001 -8.193750e+000 5.869638e+001
    endloop
  endfacet
  facet normal -0.000000e+000 -4.225904e-001 -9.063208e-001
    outer loop
      vertex   -2.796601e+001 -8.193750e+000 5.869638e+001
      vertex   -2.929934e+001 -8.193750e+000 5.869638e+001
      vertex   -2.796601e+001 -8.130558e+000 5.866692e+001
    endloop
  endfacet
  facet normal -3.474188e-018 -4.225904e-001 -9.063208e-001
    outer loop
      vertex   -2.929934e+001 -8.193750e+000 5.869638e+001
      vertex   -2.929934e+001 -8.130558e+000 5.866692e+001
      vertex   -2.796601e+001 -8.130558e+000 5.866692e+001
    endloop
  endfacet
  facet normal -0.000000e+000 -2.588373e-001 -9.659209e-001
    outer loop
      vertex   -2.796601e+001 -8.130558e+000 5.866692e+001
      vertex   -2.929934e+001 -8.130558e+000 5.866692e+001
      vertex   -2.796601e+001 -8.063210e+000 5.864887e+001
    endloop
  endfacet
  facet normal 1.737094e-018 -2.588373e-001 -9.659209e-001
    outer loop
      vertex   -2.929934e+001 -8.130558e+000 5.866692e+001
      vertex   -2.929934e+001 -8.063210e+000 5.864887e+001
      vertex   -2.796601e+001 -8.063210e+000 5.864887e+001
    endloop
  endfacet
  facet normal -0.000000e+000 -8.715490e-002 -9.961948e-001
    outer loop
      vertex   -2.796601e+001 -8.063210e+000 5.864887e+001
      vertex   -2.929934e+001 -8.063210e+000 5.864887e+001
      vertex   -2.796601e+001 -7.993751e+000 5.864279e+001
    endloop
  endfacet
  facet normal 8.685469e-019 -8.715490e-002 -9.961948e-001
    outer loop
      vertex   -2.929934e+001 -8.063210e+000 5.864887e+001
      vertex   -2.929934e+001 -7.993751e+000 5.864279e+001
      vertex   -2.796601e+001 -7.993751e+000 5.864279e+001
    endloop
  endfacet
  facet normal 0.000000e+000 8.715490e-002 -9.961948e-001
    outer loop
      vertex   -2.796601e+001 -7.993751e+000 5.864279e+001
      vertex   -2.929934e+001 -7.993751e+000 5.864279e+001
      vertex   -2.796601e+001 -7.924292e+000 5.864887e+001
    endloop
  endfacet
  facet normal -8.685469e-019 8.715490e-002 -9.961948e-001
    outer loop
      vertex   -2.929934e+001 -7.993751e+000 5.864279e+001
      vertex   -2.929934e+001 -7.924292e+000 5.864887e+001
      vertex   -2.796601e+001 -7.924292e+000 5.864887e+001
    endloop
  endfacet
  facet normal 0.000000e+000 2.588356e-001 -9.659214e-001
    outer loop
      vertex   -2.796601e+001 -7.924292e+000 5.864887e+001
      vertex   -2.929934e+001 -7.924292e+000 5.864887e+001
      vertex   -2.796601e+001 -7.856943e+000 5.866692e+001
    endloop
  endfacet
  facet normal 0.000000e+000 2.588356e-001 -9.659214e-001
    outer loop
      vertex   -2.929934e+001 -7.924292e+000 5.864887e+001
      vertex   -2.929934e+001 -7.856943e+000 5.866692e+001
      vertex   -2.796601e+001 -7.856943e+000 5.866692e+001
    endloop
  endfacet
  facet normal 0.000000e+000 4.225956e-001 -9.063183e-001
    outer loop
      vertex   -2.796601e+001 -7.856943e+000 5.866692e+001
      vertex   -2.929934e+001 -7.856943e+000 5.866692e+001
      vertex   -2.796601e+001 -7.793751e+000 5.869638e+001
    endloop
  endfacet
  facet normal 0.000000e+000 4.225956e-001 -9.063183e-001
    outer loop
      vertex   -2.929934e+001 -7.856943e+000 5.866692e+001
      vertex   -2.929934e+001 -7.793751e+000 5.869638e+001
      vertex   -2.796601e+001 -7.793751e+000 5.869638e+001
    endloop
  endfacet
  facet normal 0.000000e+000 5.735849e-001 -8.191462e-001
    outer loop
      vertex   -2.796601e+001 -7.793751e+000 5.869638e+001
      vertex   -2.929934e+001 -7.793751e+000 5.869638e+001
      vertex   -2.796601e+001 -7.736636e+000 5.873637e+001
    endloop
  endfacet
  facet normal 0.000000e+000 5.735849e-001 -8.191462e-001
    outer loop
      vertex   -2.929934e+001 -7.793751e+000 5.869638e+001
      vertex   -2.929934e+001 -7.736636e+000 5.873637e+001
      vertex   -2.796601e+001 -7.736636e+000 5.873637e+001
    endloop
  endfacet
  facet normal 0.000000e+000 7.070965e-001 -7.071170e-001
    outer loop
      vertex   -2.796601e+001 -7.736636e+000 5.873637e+001
      vertex   -2.929934e+001 -7.736636e+000 5.873637e+001
      vertex   -2.796601e+001 -7.687334e+000 5.878568e+001
    endloop
  endfacet
  facet normal 3.474188e-018 7.070965e-001 -7.071170e-001
    outer loop
      vertex   -2.929934e+001 -7.736636e+000 5.873637e+001
      vertex   -2.929934e+001 -7.687334e+000 5.878568e+001
      vertex   -2.796601e+001 -7.687334e+000 5.878568e+001
    endloop
  endfacet
  facet normal 0.000000e+000 8.191606e-001 -5.735642e-001
    outer loop
      vertex   -2.796601e+001 -7.687334e+000 5.878568e+001
      vertex   -2.929934e+001 -7.687334e+000 5.878568e+001
      vertex   -2.796601e+001 -7.647341e+000 5.884279e+001
    endloop
  endfacet
  facet normal -6.948376e-018 8.191606e-001 -5.735642e-001
    outer loop
      vertex   -2.929934e+001 -7.687334e+000 5.878568e+001
      vertex   -2.929934e+001 -7.647341e+000 5.884279e+001
      vertex   -2.796601e+001 -7.647341e+000 5.884279e+001
    endloop
  endfacet
  facet normal 0.000000e+000 9.063054e-001 -4.226234e-001
    outer loop
      vertex   -2.796601e+001 -7.647341e+000 5.884279e+001
      vertex   -2.929934e+001 -7.647341e+000 5.884279e+001
      vertex   -2.796601e+001 -7.617874e+000 5.890598e+001
    endloop
  endfacet
  facet normal -3.474187e-018 9.063054e-001 -4.226234e-001
    outer loop
      vertex   -2.929934e+001 -7.647341e+000 5.884279e+001
      vertex   -2.929934e+001 -7.617874e+000 5.890598e+001
      vertex   -2.796601e+001 -7.617874e+000 5.890598e+001
    endloop
  endfacet
  facet normal 0.000000e+000 9.659244e-001 -2.588245e-001
    outer loop
      vertex   -2.796601e+001 -7.617874e+000 5.890598e+001
      vertex   -2.929934e+001 -7.617874e+000 5.890598e+001
      vertex   -2.796601e+001 -7.599828e+000 5.897333e+001
    endloop
  endfacet
  facet normal 0.000000e+000 9.659244e-001 -2.588245e-001
    outer loop
      vertex   -2.929934e+001 -7.617874e+000 5.890598e+001
      vertex   -2.929934e+001 -7.599828e+000 5.897333e+001
      vertex   -2.796601e+001 -7.599828e+000 5.897333e+001
    endloop
  endfacet
  facet normal -1.000000e+000 -0.000000e+000 0.000000e+000
    outer loop
      vertex   -2.929934e+001 -7.593750e+000 5.904279e+001
      vertex   -2.929934e+001 -7.599828e+000 5.897333e+001
      vertex   -2.929934e+001 -8.393750e+000 5.904279e+001
    endloop
  endfacet
  facet normal -1.000000e+000 0.000000e+000 0.000000e+000
    outer loop
      vertex   -2.929934e+001 -8.393750e+000 5.904279e+001
      vertex   -2.929934e+001 -7.599828e+000 5.897333e+001
      vertex   -2.929934e+001 -8.387673e+000 5.897333e+001
    endloop
  endfacet
  facet normal -1.000000e+000 0.000000e+000 0.000000e+000
    outer loop
      vertex   -2.929934e+001 -8.387673e+000 5.897333e+001
      vertex   -2.929934e+001 -7.599828e+000 5.897333e+001
      vertex   -2.929934e+001 -8.369627e+000 5.890598e+001
    endloop
  endfacet
  facet normal -1.000000e+000 0.000000e+000 0.000000e+000
    outer loop
      vertex   -2.929934e+001 -8.369627e+000 5.890598e+001
      vertex   -2.929934e+001 -7.599828e+000 5.897333e+001
      vertex   -2.929934e+001 -7.617874e+000 5.890598e+001
    endloop
  endfacet
  facet normal -1.000000e+000 0.000000e+000 0.000000e+000
    outer loop
      vertex   -2.929934e+001 -8.369627e+000 5.890598e+001
      vertex   -2.929934e+001 -7.617874e+000 5.890598e+001
      vertex   -2.929934e+001 -8.340160e+000 5.884279e+001
    endloop
  endfacet
  facet normal -1.000000e+000 0.000000e+000 0.000000e+000
    outer loop
      vertex   -2.929934e+001 -8.340160e+000 5.884279e+001
      vertex   -2.929934e+001 -7.617874e+000 5.890598e+001
      vertex   -2.929934e+001 -7.647341e+000 5.884279e+001
    endloop
  endfacet
  facet normal -1.000000e+000 0.000000e+000 0.000000e+000
    outer loop
      vertex   -2.929934e+001 -8.340160e+000 5.884279e+001
      vertex   -2.929934e+001 -7.647341e+000 5.884279e+001
      vertex   -2.929934e+001 -8.300168e+000 5.878568e+001
    endloop
  endfacet
  facet normal -1.000000e+000 0.000000e+000 0.000000e+000
    outer loop
      vertex   -2.929934e+001 -8.300168e+000 5.878568e+001
      vertex   -2.929934e+001 -7.647341e+000 5.884279e+001
      vertex   -2.929934e+001 -7.687334e+000 5.878568e+001
    endloop
  endfacet
  facet normal -1.000000e+000 0.000000e+000 0.000000e+000
    outer loop
      vertex   -2.929934e+001 -8.300168e+000 5.878568e+001
      vertex   -2.929934e+001 -7.687334e+000 5.878568e+001
      vertex   -2.929934e+001 -8.250865e+000 5.873637e+001
    endloop
  endfacet
  facet normal -1.000000e+000 0.000000e+000 0.000000e+000
    outer loop
      vertex   -2.929934e+001 -8.250865e+000 5.873637e+001
      vertex   -2.929934e+001 -7.687334e+000 5.878568e+001
      vertex   -2.929934e+001 -7.736636e+000 5.873637e+001
    endloop
  endfacet
  facet normal -1.000000e+000 0.000000e+000 0.000000e+000
    outer loop
      vertex   -2.929934e+001 -8.250865e+000 5.873637e+001
      vertex   -2.929934e+001 -7.736636e+000 5.873637e+001
      vertex   -2.929934e+001 -8.193750e+000 5.869638e+001
    endloop
  endfacet
  facet normal -1.000000e+000 0.000000e+000 0.000000e+000
    outer loop
      vertex   -2.929934e+001 -8.193750e+000 5.869638e+001
      vertex   -2.929934e+001 -7.736636e+000 5.873637e+001
      vertex   -2.929934e+001 -7.793751e+000 5.869638e+001
    endloop
  endfacet
  facet normal -1.000000e+000 0.000000e+000 0.000000e+000
    outer loop
      vertex   -2.929934e+001 -8.193750e+000 5.869638e+001
      vertex   -2.929934e+001 -7.793751e+000 5.869638e+001
      vertex   -2.929934e+001 -8.130558e+000 5.866692e+001
    endloop
  endfacet
  facet normal -1.000000e+000 0.000000e+000 0.000000e+000
    outer loop
      vertex   -2.929934e+001 -8.130558e+000 5.866692e+001
      vertex   -2.929934e+001 -7.793751e+000 5.869638e+001
      vertex   -2.929934e+001 -7.856943e+000 5.866692e+001
    endloop
  endfacet
  facet normal -1.000000e+000 0.000000e+000 0.000000e+000
    outer loop
      vertex   -2.929934e+001 -8.130558e+000 5.866692e+001
      vertex   -2.929934e+001 -7.856943e+000 5.866692e+001
      vertex   -2.929934e+001 -8.063210e+000 5.864887e+001
    endloop
  endfacet
  facet normal -1.000000e+000 0.000000e+000 0.000000e+000
    outer loop
      vertex   -2.929934e+001 -8.063210e+000 5.864887e+001
      vertex   -2.929934e+001 -7.856943e+000 5.866692e+001
      vertex   -2.929934e+001 -7.924292e+000 5.864887e+001
    endloop
  endfacet
  facet normal -1.000000e+000 0.000000e+000 0.000000e+000
    outer loop
      vertex   -2.929934e+001 -8.063210e+000 5.864887e+001
      vertex   -2.929934e+001 -7.924292e+000 5.864887e+001
      vertex   -2.929934e+001 -7.993751e+000 5.864279e+001
    endloop
  endfacet
  facet normal 9.998755e-001 0.000000e+000 -1.577967e-002
    outer loop
      vertex   -1.771184e+001 -1.060950e+001 6.131749e+001
      vertex   -1.771721e+001 -1.060950e+001 6.097691e+001
      vertex   -1.771184e+001 -9.609498e+000 6.131749e+001
    endloop
  endfacet
  facet normal 9.998755e-001 0.000000e+000 -1.577967e-002
    outer loop
      vertex   -1.771184e+001 -9.609498e+000 6.131749e+001
      vertex   -1.771721e+001 -1.060950e+001 6.097691e+001
      vertex   -1.771721e+001 -9.609498e+000 6.097691e+001
    endloop
  endfacet
  facet normal 9.988660e-001 0.000000e+000 -4.760997e-002
    outer loop
      vertex   -1.771721e+001 -9.609498e+000 6.097691e+001
      vertex   -1.771721e+001 -1.060950e+001 6.097691e+001
      vertex   -1.773329e+001 -1.060950e+001 6.063961e+001
    endloop
  endfacet
  facet normal 9.988660e-001 -1.830959e-018 -4.760997e-002
    outer loop
      vertex   -1.771721e+001 -9.609498e+000 6.097691e+001
      vertex   -1.773329e+001 -1.060950e+001 6.063961e+001
      vertex   -1.773329e+001 -9.609498e+000 6.063961e+001
    endloop
  endfacet
  facet normal 9.967771e-001 0.000000e+000 -8.022153e-002
    outer loop
      vertex   -1.773329e+001 -9.609498e+000 6.063961e+001
      vertex   -1.773329e+001 -1.060950e+001 6.063961e+001
      vertex   -1.775991e+001 -1.060950e+001 6.030884e+001
    endloop
  endfacet
  facet normal 9.967771e-001 0.000000e+000 -8.022153e-002
    outer loop
      vertex   -1.773329e+001 -9.609498e+000 6.063961e+001
      vertex   -1.775991e+001 -1.060950e+001 6.030884e+001
      vertex   -1.775991e+001 -9.609498e+000 6.030884e+001
    endloop
  endfacet
  facet normal 9.934567e-001 0.000000e+000 -1.142092e-001
    outer loop
      vertex   -1.775991e+001 -9.609498e+000 6.030884e+001
      vertex   -1.775991e+001 -1.060950e+001 6.030884e+001
      vertex   -1.779682e+001 -1.060950e+001 5.998778e+001
    endloop
  endfacet
  facet normal 9.934567e-001 0.000000e+000 -1.142092e-001
    outer loop
      vertex   -1.775991e+001 -9.609498e+000 6.030884e+001
      vertex   -1.779682e+001 -1.060950e+001 5.998778e+001
      vertex   -1.779682e+001 -9.609498e+000 5.998778e+001
    endloop
  endfacet
  facet normal 9.886492e-001 0.000000e+000 -1.502421e-001
    outer loop
      vertex   -1.779682e+001 -9.609498e+000 5.998778e+001
      vertex   -1.779682e+001 -1.060950e+001 5.998778e+001
      vertex   -1.784367e+001 -1.060950e+001 5.967953e+001
    endloop
  endfacet
  facet normal 9.886492e-001 0.000000e+000 -1.502421e-001
    outer loop
      vertex   -1.779682e+001 -9.609498e+000 5.998778e+001
      vertex   -1.784367e+001 -1.060950e+001 5.967953e+001
      vertex   -1.784367e+001 -9.609498e+000 5.967953e+001
    endloop
  endfacet
  facet normal 9.819564e-001 0.000000e+000 -1.891077e-001
    outer loop
      vertex   -1.784367e+001 -9.609498e+000 5.967953e+001
      vertex   -1.784367e+001 -1.060950e+001 5.967953e+001
      vertex   -1.789999e+001 -1.060950e+001 5.938705e+001
    endloop
  endfacet
  facet normal 9.819564e-001 0.000000e+000 -1.891077e-001
    outer loop
      vertex   -1.784367e+001 -9.609498e+000 5.967953e+001
      vertex   -1.789999e+001 -1.060950e+001 5.938705e+001
      vertex   -1.789999e+001 -9.609498e+000 5.938705e+001
    endloop
  endfacet
  facet normal 9.727627e-001 0.000000e+000 -2.318031e-001
    outer loop
      vertex   -1.789999e+001 -9.609498e+000 5.938705e+001
      vertex   -1.789999e+001 -1.060950e+001 5.938705e+001
      vertex   -1.796526e+001 -1.060950e+001 5.911316e+001
    endloop
  endfacet
  facet normal 9.727627e-001 -7.208686e-018 -2.318031e-001
    outer loop
      vertex   -1.789999e+001 -9.609498e+000 5.938705e+001
      vertex   -1.796526e+001 -1.060950e+001 5.911316e+001
      vertex   -1.796526e+001 -9.609498e+000 5.911316e+001
    endloop
  endfacet
  facet normal 9.636727e-001 0.000000e+000 -2.670859e-001
    outer loop
      vertex   -1.796526e+001 -9.609498e+000 5.911316e+001
      vertex   -1.796526e+001 -1.060950e+001 5.911316e+001
      vertex   -1.800105e+001 -1.060950e+001 5.898402e+001
    endloop
  endfacet
  facet normal 9.636727e-001 0.000000e+000 -2.670859e-001
    outer loop
      vertex   -1.796526e+001 -9.609498e+000 5.911316e+001
      vertex   -1.800105e+001 -1.060950e+001 5.898402e+001
      vertex   -1.800105e+001 -9.609498e+000 5.898402e+001
    endloop
  endfacet
  facet normal 9.562573e-001 0.000000e+000 -2.925269e-001
    outer loop
      vertex   -1.800105e+001 -9.609498e+000 5.898402e+001
      vertex   -1.800105e+001 -1.060950e+001 5.898402e+001
      vertex   -1.803883e+001 -1.060950e+001 5.886051e+001
    endloop
  endfacet
  facet normal 9.562573e-001 0.000000e+000 -2.925269e-001
    outer loop
      vertex   -1.800105e+001 -9.609498e+000 5.898402e+001
      vertex   -1.803883e+001 -1.060950e+001 5.886051e+001
      vertex   -1.803883e+001 -9.609498e+000 5.886051e+001
    endloop
  endfacet
  facet normal 9.475011e-001 0.000000e+000 -3.197524e-001
    outer loop
      vertex   -1.803883e+001 -9.609498e+000 5.886051e+001
      vertex   -1.803883e+001 -1.060950e+001 5.886051e+001
      vertex   -1.807852e+001 -1.060950e+001 5.874291e+001
    endloop
  endfacet
  facet normal 9.475011e-001 6.992135e-018 -3.197524e-001
    outer loop
      vertex   -1.803883e+001 -9.609498e+000 5.886051e+001
      vertex   -1.807852e+001 -1.060950e+001 5.874291e+001
      vertex   -1.807852e+001 -9.609498e+000 5.874291e+001
    endloop
  endfacet
  facet normal 9.370997e-001 0.000000e+000 -3.490618e-001
    outer loop
      vertex   -1.807852e+001 -9.609498e+000 5.874291e+001
      vertex   -1.807852e+001 -1.060950e+001 5.874291e+001
      vertex   -1.812001e+001 -1.060950e+001 5.863151e+001
    endloop
  endfacet
  facet normal 9.370997e-001 6.987749e-018 -3.490618e-001
    outer loop
      vertex   -1.807852e+001 -9.609498e+000 5.874291e+001
      vertex   -1.812001e+001 -1.060950e+001 5.863151e+001
      vertex   -1.812001e+001 -9.609498e+000 5.863151e+001
    endloop
  endfacet
  facet normal 9.247018e-001 0.000000e+000 -3.806923e-001
    outer loop
      vertex   -1.812001e+001 -9.609498e+000 5.863151e+001
      vertex   -1.812001e+001 -1.060950e+001 5.863151e+001
      vertex   -1.816321e+001 -1.060950e+001 5.852658e+001
    endloop
  endfacet
  facet normal 9.247018e-001 0.000000e+000 -3.806923e-001
    outer loop
      vertex   -1.812001e+001 -9.609498e+000 5.863151e+001
      vertex   -1.816321e+001 -1.060950e+001 5.852658e+001
      vertex   -1.816321e+001 -9.609498e+000 5.852658e+001
    endloop
  endfacet
  facet normal 9.097913e-001 0.000000e+000 -4.150660e-001
    outer loop
      vertex   -1.816321e+001 -9.609498e+000 5.852658e+001
      vertex   -1.816321e+001 -1.060950e+001 5.852658e+001
      vertex   -1.820801e+001 -1.060950e+001 5.842838e+001
    endloop
  endfacet
  facet normal 9.097913e-001 -6.979198e-018 -4.150660e-001
    outer loop
      vertex   -1.816321e+001 -9.609498e+000 5.852658e+001
      vertex   -1.820801e+001 -1.060950e+001 5.842838e+001
      vertex   -1.820801e+001 -9.609498e+000 5.842838e+001
    endloop
  endfacet
  facet normal 8.917719e-001 0.000000e+000 -4.524853e-001
    outer loop
      vertex   -1.820801e+001 -9.609498e+000 5.842838e+001
      vertex   -1.820801e+001 -1.060950e+001 5.842838e+001
      vertex   -1.825431e+001 -1.060950e+001 5.833714e+001
    endloop
  endfacet
  facet normal 8.917719e-001 0.000000e+000 -4.524853e-001
    outer loop
      vertex   -1.820801e+001 -9.609498e+000 5.842838e+001
      vertex   -1.825431e+001 -1.060950e+001 5.833714e+001
      vertex   -1.825431e+001 -9.609498e+000 5.833714e+001
    endloop
  endfacet
  facet normal 8.698381e-001 0.000000e+000 -4.933372e-001
    outer loop
      vertex   -1.825431e+001 -9.609498e+000 5.833714e+001
      vertex   -1.825431e+001 -1.060950e+001 5.833714e+001
      vertex   -1.830199e+001 -1.060950e+001 5.825308e+001
    endloop
  endfacet
  facet normal 8.698381e-001 0.000000e+000 -4.933372e-001
    outer loop
      vertex   -1.825431e+001 -9.609498e+000 5.833714e+001
      vertex   -1.830199e+001 -1.060950e+001 5.825308e+001
      vertex   -1.830199e+001 -9.609498e+000 5.825308e+001
    endloop
  endfacet
  facet normal 8.429113e-001 0.000000e+000 -5.380526e-001
    outer loop
      vertex   -1.830199e+001 -9.609498e+000 5.825308e+001
      vertex   -1.830199e+001 -1.060950e+001 5.825308e+001
      vertex   -1.835093e+001 -1.060950e+001 5.817640e+001
    endloop
  endfacet
  facet normal 8.429113e-001 0.000000e+000 -5.380526e-001
    outer loop
      vertex   -1.830199e+001 -9.609498e+000 5.825308e+001
      vertex   -1.835093e+001 -1.060950e+001 5.817640e+001
      vertex   -1.835093e+001 -9.609498e+000 5.817640e+001
    endloop
  endfacet
  facet normal 8.096598e-001 0.000000e+000 -5.868995e-001
    outer loop
      vertex   -1.835093e+001 -9.609498e+000 5.817640e+001
      vertex   -1.835093e+001 -1.060950e+001 5.817640e+001
      vertex   -1.840103e+001 -1.060950e+001 5.810729e+001
    endloop
  endfacet
  facet normal 8.096598e-001 6.964126e-018 -5.868995e-001
    outer loop
      vertex   -1.835093e+001 -9.609498e+000 5.817640e+001
      vertex   -1.840103e+001 -1.060950e+001 5.810729e+001
      vertex   -1.840103e+001 -9.609498e+000 5.810729e+001
    endloop
  endfacet
  facet normal 7.683778e-001 0.000000e+000 -6.399965e-001
    outer loop
      vertex   -1.840103e+001 -9.609498e+000 5.810729e+001
      vertex   -1.840103e+001 -1.060950e+001 5.810729e+001
      vertex   -1.845216e+001 -1.060950e+001 5.804591e+001
    endloop
  endfacet
  facet normal 7.683778e-001 6.960999e-018 -6.399965e-001
    outer loop
      vertex   -1.840103e+001 -9.609498e+000 5.810729e+001
      vertex   -1.845216e+001 -1.060950e+001 5.804591e+001
      vertex   -1.845216e+001 -9.609498e+000 5.804591e+001
    endloop
  endfacet
  facet normal 7.168657e-001 0.000000e+000 -6.972112e-001
    outer loop
      vertex   -1.845216e+001 -9.609498e+000 5.804591e+001
      vertex   -1.845216e+001 -1.060950e+001 5.804591e+001
      vertex   -1.850419e+001 -1.060950e+001 5.799241e+001
    endloop
  endfacet
  facet normal 7.168657e-001 6.958189e-018 -6.972112e-001
    outer loop
      vertex   -1.845216e+001 -9.609498e+000 5.804591e+001
      vertex   -1.850419e+001 -1.060950e+001 5.799241e+001
      vertex   -1.850419e+001 -9.609498e+000 5.799241e+001
    endloop
  endfacet
  facet normal 6.525969e-001 0.000000e+000 -7.577053e-001
    outer loop
      vertex   -1.850419e+001 -9.609498e+000 5.799241e+001
      vertex   -1.850419e+001 -1.060950e+001 5.799241e+001
      vertex   -1.855700e+001 -1.060950e+001 5.794692e+001
    endloop
  endfacet
  facet normal 6.525969e-001 0.000000e+000 -7.577053e-001
    outer loop
      vertex   -1.850419e+001 -9.609498e+000 5.799241e+001
      vertex   -1.855700e+001 -1.060950e+001 5.794692e+001
      vertex   -1.855700e+001 -9.609498e+000 5.794692e+001
    endloop
  endfacet
  facet normal 5.728400e-001 0.000000e+000 -8.196672e-001
    outer loop
      vertex   -1.855700e+001 -9.609498e+000 5.794692e+001
      vertex   -1.855700e+001 -1.060950e+001 5.794692e+001
      vertex   -1.861046e+001 -1.060950e+001 5.790956e+001
    endloop
  endfacet
  facet normal 5.728400e-001 0.000000e+000 -8.196672e-001
    outer loop
      vertex   -1.855700e+001 -9.609498e+000 5.794692e+001
      vertex   -1.861046e+001 -1.060950e+001 5.790956e+001
      vertex   -1.861046e+001 -9.609498e+000 5.790956e+001
    endloop
  endfacet
  facet normal 4.752024e-001 0.000000e+000 -8.798766e-001
    outer loop
      vertex   -1.861046e+001 -9.609498e+000 5.790956e+001
      vertex   -1.861046e+001 -1.060950e+001 5.790956e+001
      vertex   -1.866446e+001 -1.060950e+001 5.788040e+001
    endloop
  endfacet
  facet normal 4.752024e-001 0.000000e+000 -8.798766e-001
    outer loop
      vertex   -1.861046e+001 -9.609498e+000 5.790956e+001
      vertex   -1.866446e+001 -1.060950e+001 5.788040e+001
      vertex   -1.866446e+001 -9.609498e+000 5.788040e+001
    endloop
  endfacet
  facet normal 3.583361e-001 0.000000e+000 -9.335926e-001
    outer loop
      vertex   -1.866446e+001 -9.609498e+000 5.788040e+001
      vertex   -1.866446e+001 -1.060950e+001 5.788040e+001
      vertex   -1.871884e+001 -1.060950e+001 5.785952e+001
    endloop
  endfacet
  facet normal 3.583361e-001 0.000000e+000 -9.335926e-001
    outer loop
      vertex   -1.866446e+001 -9.609498e+000 5.788040e+001
      vertex   -1.871884e+001 -1.060950e+001 5.785952e+001
      vertex   -1.871884e+001 -9.609498e+000 5.785952e+001
    endloop
  endfacet
  facet normal 2.237613e-001 0.000000e+000 -9.746440e-001
    outer loop
      vertex   -1.871884e+001 -9.609498e+000 5.785952e+001
      vertex   -1.871884e+001 -1.060950e+001 5.785952e+001
      vertex   -1.877349e+001 -1.060950e+001 5.784698e+001
    endloop
  endfacet
  facet normal 2.237613e-001 -1.737448e-018 -9.746440e-001
    outer loop
      vertex   -1.871884e+001 -9.609498e+000 5.785952e+001
      vertex   -1.877349e+001 -1.060950e+001 5.784698e+001
      vertex   -1.877349e+001 -9.609498e+000 5.784698e+001
    endloop
  endfacet
  facet normal 7.616819e-002 0.000000e+000 -9.970950e-001
    outer loop
      vertex   -1.877349e+001 -9.609498e+000 5.784698e+001
      vertex   -1.877349e+001 -1.060950e+001 5.784698e+001
      vertex   -1.882827e+001 -1.060950e+001 5.784279e+001
    endloop
  endfacet
  facet normal 7.616819e-002 0.000000e+000 -9.970950e-001
    outer loop
      vertex   -1.877349e+001 -9.609498e+000 5.784698e+001
      vertex   -1.882827e+001 -1.060950e+001 5.784279e+001
      vertex   -1.882827e+001 -9.609498e+000 5.784279e+001
    endloop
  endfacet
  facet normal 1.000000e+000 0.000000e+000 -0.000000e+000
    outer loop
      vertex   -1.771184e+001 -9.609498e+000 6.131749e+001
      vertex   -1.771184e+001 -9.609498e+000 6.636809e+001
      vertex   -1.771184e+001 -1.060950e+001 6.131749e+001
    endloop
  endfacet
  facet normal 1.000000e+000 0.000000e+000 0.000000e+000
    outer loop
      vertex   -1.771184e+001 -1.060950e+001 6.131749e+001
      vertex   -1.771184e+001 -9.609498e+000 6.636809e+001
      vertex   -1.771184e+001 -1.060950e+001 6.636809e+001
    endloop
  endfacet
  facet normal 0.000000e+000 1.000000e+000 0.000000e+000
    outer loop
      vertex   -3.565715e+001 -9.609498e+000 6.155009e+001
      vertex   -3.577041e+001 -9.609498e+000 5.784279e+001
      vertex   -3.566184e+001 -9.609498e+000 6.182255e+001
    endloop
  endfacet
  facet normal 0.000000e+000 1.000000e+000 0.000000e+000
    outer loop
      vertex   -3.566184e+001 -9.609498e+000 6.182255e+001
      vertex   -3.577041e+001 -9.609498e+000 5.784279e+001
      vertex   -3.669868e+001 -9.609498e+000 5.938705e+001
    endloop
  endfacet
  facet normal 0.000000e+000 1.000000e+000 0.000000e+000
    outer loop
      vertex   -3.566184e+001 -9.609498e+000 6.182255e+001
      vertex   -3.669868e+001 -9.609498e+000 5.938705e+001
      vertex   -3.675501e+001 -9.609498e+000 5.967953e+001
    endloop
  endfacet
  facet normal 0.000000e+000 1.000000e+000 0.000000e+000
    outer loop
      vertex   -3.565715e+001 -9.609498e+000 6.155009e+001
      vertex   -3.564313e+001 -9.609498e+000 6.128025e+001
      vertex   -3.577041e+001 -9.609498e+000 5.784279e+001
    endloop
  endfacet
  facet normal 0.000000e+000 1.000000e+000 0.000000e+000
    outer loop
      vertex   -3.577041e+001 -9.609498e+000 5.784279e+001
      vertex   -3.564313e+001 -9.609498e+000 6.128025e+001
      vertex   -3.561991e+001 -9.609498e+000 6.101563e+001
    endloop
  endfacet
  facet normal 0.000000e+000 1.000000e+000 0.000000e+000
    outer loop
      vertex   -3.577041e+001 -9.609498e+000 5.784279e+001
      vertex   -3.561991e+001 -9.609498e+000 6.101563e+001
      vertex   -3.558772e+001 -9.609498e+000 6.075878e+001
    endloop
  endfacet
  facet normal 0.000000e+000 1.000000e+000 0.000000e+000
    outer loop
      vertex   -3.558772e+001 -9.609498e+000 6.075878e+001
      vertex   -3.554686e+001 -9.609498e+000 6.051218e+001
      vertex   -3.577041e+001 -9.609498e+000 5.784279e+001
    endloop
  endfacet
  facet normal 0.000000e+000 1.000000e+000 0.000000e+000
    outer loop
      vertex   -3.577041e+001 -9.609498e+000 5.784279e+001
      vertex   -3.554686e+001 -9.609498e+000 6.051218e+001
      vertex   -3.549773e+001 -9.609498e+000 6.027820e+001
    endloop
  endfacet
  facet normal 0.000000e+000 1.000000e+000 0.000000e+000
    outer loop
      vertex   -3.577041e+001 -9.609498e+000 5.784279e+001
      vertex   -3.549773e+001 -9.609498e+000 6.027820e+001
      vertex   -3.544080e+001 -9.609498e+000 6.005909e+001
    endloop
  endfacet
  facet normal 0.000000e+000 1.000000e+000 0.000000e+000
    outer loop
      vertex   -3.544080e+001 -9.609498e+000 6.005909e+001
      vertex   -3.537663e+001 -9.609498e+000 5.985696e+001
      vertex   -3.577041e+001 -9.609498e+000 5.784279e+001
    endloop
  endfacet
  facet normal 0.000000e+000 1.000000e+000 0.000000e+000
    outer loop
      vertex   -3.577041e+001 -9.609498e+000 5.784279e+001
      vertex   -3.537663e+001 -9.609498e+000 5.985696e+001
      vertex   -3.530582e+001 -9.609498e+000 5.967377e+001
    endloop
  endfacet
  facet normal 0.000000e+000 1.000000e+000 0.000000e+000
    outer loop
      vertex   -3.577041e+001 -9.609498e+000 5.784279e+001
      vertex   -3.530582e+001 -9.609498e+000 5.967377e+001
      vertex   -3.522906e+001 -9.609498e+000 5.951126e+001
    endloop
  endfacet
  facet normal 0.000000e+000 1.000000e+000 0.000000e+000
    outer loop
      vertex   -3.522906e+001 -9.609498e+000 5.951126e+001
      vertex   -3.518868e+001 -9.609498e+000 5.943827e+001
      vertex   -3.577041e+001 -9.609498e+000 5.784279e+001
    endloop
  endfacet
  facet normal 0.000000e+000 1.000000e+000 0.000000e+000
    outer loop
      vertex   -3.577041e+001 -9.609498e+000 5.784279e+001
      vertex   -3.518868e+001 -9.609498e+000 5.943827e+001
      vertex   -3.514709e+001 -9.609498e+000 5.937102e+001
    endloop
  endfacet
  facet normal 0.000000e+000 1.000000e+000 0.000000e+000
    outer loop
      vertex   -3.577041e+001 -9.609498e+000 5.784279e+001
      vertex   -3.514709e+001 -9.609498e+000 5.937102e+001
      vertex   -3.510440e+001 -9.609498e+000 5.930968e+001
    endloop
  endfacet
  facet normal 0.000000e+000 1.000000e+000 0.000000e+000
    outer loop
      vertex   -3.510440e+001 -9.609498e+000 5.930968e+001
      vertex   -3.506071e+001 -9.609498e+000 5.925439e+001
      vertex   -3.577041e+001 -9.609498e+000 5.784279e+001
    endloop
  endfacet
  facet normal 0.000000e+000 1.000000e+000 0.000000e+000
    outer loop
      vertex   -3.577041e+001 -9.609498e+000 5.784279e+001
      vertex   -3.506071e+001 -9.609498e+000 5.925439e+001
      vertex   -3.501611e+001 -9.609498e+000 5.920528e+001
    endloop
  endfacet
  facet normal 0.000000e+000 1.000000e+000 0.000000e+000
    outer loop
      vertex   -3.577041e+001 -9.609498e+000 5.784279e+001
      vertex   -3.501611e+001 -9.609498e+000 5.920528e+001
      vertex   -3.497073e+001 -9.609498e+000 5.916249e+001
    endloop
  endfacet
  facet normal 0.000000e+000 1.000000e+000 0.000000e+000
    outer loop
      vertex   -3.497073e+001 -9.609498e+000 5.916249e+001
      vertex   -3.492467e+001 -9.609498e+000 5.912610e+001
      vertex   -3.577041e+001 -9.609498e+000 5.784279e+001
    endloop
  endfacet
  facet normal 0.000000e+000 1.000000e+000 0.000000e+000
    outer loop
      vertex   -3.577041e+001 -9.609498e+000 5.784279e+001
      vertex   -3.492467e+001 -9.609498e+000 5.912610e+001
      vertex   -3.487803e+001 -9.609498e+000 5.909620e+001
    endloop
  endfacet
  facet normal 0.000000e+000 1.000000e+000 0.000000e+000
    outer loop
      vertex   -3.577041e+001 -9.609498e+000 5.784279e+001
      vertex   -3.487803e+001 -9.609498e+000 5.909620e+001
      vertex   -3.483094e+001 -9.609498e+000 5.907288e+001
    endloop
  endfacet
  facet normal 0.000000e+000 1.000000e+000 0.000000e+000
    outer loop
      vertex   -3.483094e+001 -9.609498e+000 5.907288e+001
      vertex   -3.478350e+001 -9.609498e+000 5.905618e+001
      vertex   -3.577041e+001 -9.609498e+000 5.784279e+001
    endloop
  endfacet
  facet normal 0.000000e+000 1.000000e+000 0.000000e+000
    outer loop
      vertex   -3.577041e+001 -9.609498e+000 5.784279e+001
      vertex   -3.478350e+001 -9.609498e+000 5.905618e+001
      vertex   -3.473584e+001 -9.609498e+000 5.904614e+001
    endloop
  endfacet
  facet normal 0.000000e+000 1.000000e+000 0.000000e+000
    outer loop
      vertex   -3.577041e+001 -9.609498e+000 5.784279e+001
      vertex   -3.473584e+001 -9.609498e+000 5.904614e+001
      vertex   -3.468806e+001 -9.609498e+000 5.904279e+001
    endloop
  endfacet
  facet normal -0.000000e+000 1.000000e+000 0.000000e+000
    outer loop
      vertex   -3.468806e+001 -9.609498e+000 5.904279e+001
      vertex   -1.991062e+001 -9.609498e+000 5.904279e+001
      vertex   -3.577041e+001 -9.609498e+000 5.784279e+001
    endloop
  endfacet
  facet normal 0.000000e+000 1.000000e+000 0.000000e+000
    outer loop
      vertex   -3.577041e+001 -9.609498e+000 5.784279e+001
      vertex   -1.991062e+001 -9.609498e+000 5.904279e+001
      vertex   -1.986284e+001 -9.609498e+000 5.904614e+001
    endloop
  endfacet
  facet normal 0.000000e+000 1.000000e+000 0.000000e+000
    outer loop
      vertex   -3.577041e+001 -9.609498e+000 5.784279e+001
      vertex   -1.986284e+001 -9.609498e+000 5.904614e+001
      vertex   -1.882827e+001 -9.609498e+000 5.784279e+001
    endloop
  endfacet
  facet normal 0.000000e+000 1.000000e+000 0.000000e+000
    outer loop
      vertex   -1.882827e+001 -9.609498e+000 5.784279e+001
      vertex   -1.986284e+001 -9.609498e+000 5.904614e+001
      vertex   -1.981517e+001 -9.609498e+000 5.905618e+001
    endloop
  endfacet
  facet normal 0.000000e+000 1.000000e+000 0.000000e+000
    outer loop
      vertex   -1.882827e+001 -9.609498e+000 5.784279e+001
      vertex   -1.981517e+001 -9.609498e+000 5.905618e+001
      vertex   -1.976774e+001 -9.609498e+000 5.907288e+001
    endloop
  endfacet
  facet normal -0.000000e+000 1.000000e+000 0.000000e+000
    outer loop
      vertex   -1.976774e+001 -9.609498e+000 5.907288e+001
      vertex   -1.972065e+001 -9.609498e+000 5.909620e+001
      vertex   -1.882827e+001 -9.609498e+000 5.784279e+001
    endloop
  endfacet
  facet normal 0.000000e+000 1.000000e+000 0.000000e+000
    outer loop
      vertex   -1.882827e+001 -9.609498e+000 5.784279e+001
      vertex   -1.972065e+001 -9.609498e+000 5.909620e+001
      vertex   -1.967401e+001 -9.609498e+000 5.912610e+001
    endloop
  endfacet
  facet normal 0.000000e+000 1.000000e+000 0.000000e+000
    outer loop
      vertex   -1.882827e+001 -9.609498e+000 5.784279e+001
      vertex   -1.967401e+001 -9.609498e+000 5.912610e+001
      vertex   -1.962795e+001 -9.609498e+000 5.916249e+001
    endloop
  endfacet
  facet normal -0.000000e+000 1.000000e+000 0.000000e+000
    outer loop
      vertex   -1.962795e+001 -9.609498e+000 5.916249e+001
      vertex   -1.958257e+001 -9.609498e+000 5.920528e+001
      vertex   -1.882827e+001 -9.609498e+000 5.784279e+001
    endloop
  endfacet
  facet normal 0.000000e+000 1.000000e+000 0.000000e+000
    outer loop
      vertex   -1.882827e+001 -9.609498e+000 5.784279e+001
      vertex   -1.958257e+001 -9.609498e+000 5.920528e+001
      vertex   -1.953797e+001 -9.609498e+000 5.925439e+001
    endloop
  endfacet
  facet normal 0.000000e+000 1.000000e+000 0.000000e+000
    outer loop
      vertex   -1.882827e+001 -9.609498e+000 5.784279e+001
      vertex   -1.953797e+001 -9.609498e+000 5.925439e+001
      vertex   -1.949428e+001 -9.609498e+000 5.930968e+001
    endloop
  endfacet
  facet normal -0.000000e+000 1.000000e+000 0.000000e+000
    outer loop
      vertex   -1.949428e+001 -9.609498e+000 5.930968e+001
      vertex   -1.945158e+001 -9.609498e+000 5.937102e+001
      vertex   -1.882827e+001 -9.609498e+000 5.784279e+001
    endloop
  endfacet
  facet normal 0.000000e+000 1.000000e+000 0.000000e+000
    outer loop
      vertex   -1.882827e+001 -9.609498e+000 5.784279e+001
      vertex   -1.945158e+001 -9.609498e+000 5.937102e+001
      vertex   -1.941000e+001 -9.609498e+000 5.943827e+001
    endloop
  endfacet
  facet normal 0.000000e+000 1.000000e+000 0.000000e+000
    outer loop
      vertex   -1.882827e+001 -9.609498e+000 5.784279e+001
      vertex   -1.941000e+001 -9.609498e+000 5.943827e+001
      vertex   -1.936962e+001 -9.609498e+000 5.951126e+001
    endloop
  endfacet
  facet normal -0.000000e+000 1.000000e+000 0.000000e+000
    outer loop
      vertex   -1.936962e+001 -9.609498e+000 5.951126e+001
      vertex   -1.929286e+001 -9.609498e+000 5.967377e+001
      vertex   -1.882827e+001 -9.609498e+000 5.784279e+001
    endloop
  endfacet
  facet normal 0.000000e+000 1.000000e+000 0.000000e+000
    outer loop
      vertex   -1.882827e+001 -9.609498e+000 5.784279e+001
      vertex   -1.929286e+001 -9.609498e+000 5.967377e+001
      vertex   -1.922205e+001 -9.609498e+000 5.985696e+001
    endloop
  endfacet
  facet normal 0.000000e+000 1.000000e+000 0.000000e+000
    outer loop
      vertex   -1.882827e+001 -9.609498e+000 5.784279e+001
      vertex   -1.922205e+001 -9.609498e+000 5.985696e+001
      vertex   -1.915788e+001 -9.609498e+000 6.005909e+001
    endloop
  endfacet
  facet normal -0.000000e+000 1.000000e+000 0.000000e+000
    outer loop
      vertex   -1.915788e+001 -9.609498e+000 6.005909e+001
      vertex   -1.910095e+001 -9.609498e+000 6.027820e+001
      vertex   -1.882827e+001 -9.609498e+000 5.784279e+001
    endloop
  endfacet
  facet normal 0.000000e+000 1.000000e+000 0.000000e+000
    outer loop
      vertex   -1.882827e+001 -9.609498e+000 5.784279e+001
      vertex   -1.910095e+001 -9.609498e+000 6.027820e+001
      vertex   -1.905182e+001 -9.609498e+000 6.051218e+001
    endloop
  endfacet
  facet normal 0.000000e+000 1.000000e+000 0.000000e+000
    outer loop
      vertex   -1.882827e+001 -9.609498e+000 5.784279e+001
      vertex   -1.905182e+001 -9.609498e+000 6.051218e+001
      vertex   -1.901096e+001 -9.609498e+000 6.075878e+001
    endloop
  endfacet
  facet normal -0.000000e+000 1.000000e+000 0.000000e+000
    outer loop
      vertex   -1.901096e+001 -9.609498e+000 6.075878e+001
      vertex   -1.897877e+001 -9.609498e+000 6.101563e+001
      vertex   -1.882827e+001 -9.609498e+000 5.784279e+001
    endloop
  endfacet
  facet normal 0.000000e+000 1.000000e+000 0.000000e+000
    outer loop
      vertex   -1.882827e+001 -9.609498e+000 5.784279e+001
      vertex   -1.897877e+001 -9.609498e+000 6.101563e+001
      vertex   -1.895555e+001 -9.609498e+000 6.128025e+001
    endloop
  endfacet
  facet normal 0.000000e+000 1.000000e+000 0.000000e+000
    outer loop
      vertex   -1.882827e+001 -9.609498e+000 5.784279e+001
      vertex   -1.895555e+001 -9.609498e+000 6.128025e+001
      vertex   -1.894153e+001 -9.609498e+000 6.155009e+001
    endloop
  endfacet
  facet normal -0.000000e+000 1.000000e+000 0.000000e+000
    outer loop
      vertex   -1.894153e+001 -9.609498e+000 6.155009e+001
      vertex   -1.893684e+001 -9.609498e+000 6.182255e+001
      vertex   -1.882827e+001 -9.609498e+000 5.784279e+001
    endloop
  endfacet
  facet normal 0.000000e+000 1.000000e+000 0.000000e+000
    outer loop
      vertex   -1.882827e+001 -9.609498e+000 5.784279e+001
      vertex   -1.893684e+001 -9.609498e+000 6.182255e+001
      vertex   -1.893684e+001 -9.609498e+000 6.586303e+001
    endloop
  endfacet
  facet normal 0.000000e+000 1.000000e+000 -0.000000e+000
    outer loop
      vertex   -1.882827e+001 -9.609498e+000 5.784279e+001
      vertex   -1.893684e+001 -9.609498e+000 6.586303e+001
      vertex   -1.882827e+001 -9.609498e+000 6.984279e+001
    endloop
  endfacet
  facet normal 0.000000e+000 1.000000e+000 0.000000e+000
    outer loop
      vertex   -1.882827e+001 -9.609498e+000 6.984279e+001
      vertex   -1.893684e+001 -9.609498e+000 6.586303e+001
      vertex   -1.894153e+001 -9.609498e+000 6.613550e+001
    endloop
  endfacet
  facet normal 0.000000e+000 1.000000e+000 0.000000e+000
    outer loop
      vertex   -1.882827e+001 -9.609498e+000 6.984279e+001
      vertex   -1.894153e+001 -9.609498e+000 6.613550e+001
      vertex   -1.895555e+001 -9.609498e+000 6.640533e+001
    endloop
  endfacet
  facet normal 0.000000e+000 1.000000e+000 -0.000000e+000
    outer loop
      vertex   -1.895555e+001 -9.609498e+000 6.640533e+001
      vertex   -1.897877e+001 -9.609498e+000 6.666995e+001
      vertex   -1.882827e+001 -9.609498e+000 6.984279e+001
    endloop
  endfacet
  facet normal 0.000000e+000 1.000000e+000 0.000000e+000
    outer loop
      vertex   -1.882827e+001 -9.609498e+000 6.984279e+001
      vertex   -1.897877e+001 -9.609498e+000 6.666995e+001
      vertex   -1.901096e+001 -9.609498e+000 6.692680e+001
    endloop
  endfacet
  facet normal 0.000000e+000 1.000000e+000 0.000000e+000
    outer loop
      vertex   -1.882827e+001 -9.609498e+000 6.984279e+001
      vertex   -1.901096e+001 -9.609498e+000 6.692680e+001
      vertex   -1.905182e+001 -9.609498e+000 6.717340e+001
    endloop
  endfacet
  facet normal 0.000000e+000 1.000000e+000 -0.000000e+000
    outer loop
      vertex   -1.905182e+001 -9.609498e+000 6.717340e+001
      vertex   -1.910095e+001 -9.609498e+000 6.740739e+001
      vertex   -1.882827e+001 -9.609498e+000 6.984279e+001
    endloop
  endfacet
  facet normal 0.000000e+000 1.000000e+000 0.000000e+000
    outer loop
      vertex   -1.882827e+001 -9.609498e+000 6.984279e+001
      vertex   -1.910095e+001 -9.609498e+000 6.740739e+001
      vertex   -1.915788e+001 -9.609498e+000 6.762650e+001
    endloop
  endfacet
  facet normal 0.000000e+000 1.000000e+000 0.000000e+000
    outer loop
      vertex   -1.882827e+001 -9.609498e+000 6.984279e+001
      vertex   -1.915788e+001 -9.609498e+000 6.762650e+001
      vertex   -1.922205e+001 -9.609498e+000 6.782862e+001
    endloop
  endfacet
  facet normal 0.000000e+000 1.000000e+000 -0.000000e+000
    outer loop
      vertex   -1.922205e+001 -9.609498e+000 6.782862e+001
      vertex   -1.929286e+001 -9.609498e+000 6.801182e+001
      vertex   -1.882827e+001 -9.609498e+000 6.984279e+001
    endloop
  endfacet
  facet normal 0.000000e+000 1.000000e+000 0.000000e+000
    outer loop
      vertex   -1.882827e+001 -9.609498e+000 6.984279e+001
      vertex   -1.929286e+001 -9.609498e+000 6.801182e+001
      vertex   -1.936962e+001 -9.609498e+000 6.817432e+001
    endloop
  endfacet
  facet normal 0.000000e+000 1.000000e+000 0.000000e+000
    outer loop
      vertex   -1.882827e+001 -9.609498e+000 6.984279e+001
      vertex   -1.936962e+001 -9.609498e+000 6.817432e+001
      vertex   -1.941000e+001 -9.609498e+000 6.824731e+001
    endloop
  endfacet
  facet normal 0.000000e+000 1.000000e+000 -0.000000e+000
    outer loop
      vertex   -1.941000e+001 -9.609498e+000 6.824731e+001
      vertex   -1.945158e+001 -9.609498e+000 6.831456e+001
      vertex   -1.882827e+001 -9.609498e+000 6.984279e+001
    endloop
  endfacet
  facet normal 0.000000e+000 1.000000e+000 0.000000e+000
    outer loop
      vertex   -1.882827e+001 -9.609498e+000 6.984279e+001
      vertex   -1.945158e+001 -9.609498e+000 6.831456e+001
      vertex   -1.949428e+001 -9.609498e+000 6.837591e+001
    endloop
  endfacet
  facet normal 0.000000e+000 1.000000e+000 0.000000e+000
    outer loop
      vertex   -1.882827e+001 -9.609498e+000 6.984279e+001
      vertex   -1.949428e+001 -9.609498e+000 6.837591e+001
      vertex   -1.953797e+001 -9.609498e+000 6.843119e+001
    endloop
  endfacet
  facet normal 0.000000e+000 1.000000e+000 -0.000000e+000
    outer loop
      vertex   -1.953797e+001 -9.609498e+000 6.843119e+001
      vertex   -1.958257e+001 -9.609498e+000 6.848030e+001
      vertex   -1.882827e+001 -9.609498e+000 6.984279e+001
    endloop
  endfacet
  facet normal 0.000000e+000 1.000000e+000 0.000000e+000
    outer loop
      vertex   -1.882827e+001 -9.609498e+000 6.984279e+001
      vertex   -1.958257e+001 -9.609498e+000 6.848030e+001
      vertex   -1.962795e+001 -9.609498e+000 6.852309e+001
    endloop
  endfacet
  facet normal 0.000000e+000 1.000000e+000 0.000000e+000
    outer loop
      vertex   -1.882827e+001 -9.609498e+000 6.984279e+001
      vertex   -1.962795e+001 -9.609498e+000 6.852309e+001
      vertex   -1.967401e+001 -9.609498e+000 6.855949e+001
    endloop
  endfacet
  facet normal 0.000000e+000 1.000000e+000 -0.000000e+000
    outer loop
      vertex   -1.967401e+001 -9.609498e+000 6.855949e+001
      vertex   -1.972065e+001 -9.609498e+000 6.858938e+001
      vertex   -1.882827e+001 -9.609498e+000 6.984279e+001
    endloop
  endfacet
  facet normal 0.000000e+000 1.000000e+000 0.000000e+000
    outer loop
      vertex   -1.882827e+001 -9.609498e+000 6.984279e+001
      vertex   -1.972065e+001 -9.609498e+000 6.858938e+001
      vertex   -1.976774e+001 -9.609498e+000 6.861270e+001
    endloop
  endfacet
  facet normal 0.000000e+000 1.000000e+000 0.000000e+000
    outer loop
      vertex   -1.882827e+001 -9.609498e+000 6.984279e+001
      vertex   -1.976774e+001 -9.609498e+000 6.861270e+001
      vertex   -1.981517e+001 -9.609498e+000 6.862940e+001
    endloop
  endfacet
  facet normal 0.000000e+000 1.000000e+000 -0.000000e+000
    outer loop
      vertex   -1.981517e+001 -9.609498e+000 6.862940e+001
      vertex   -1.986284e+001 -9.609498e+000 6.863944e+001
      vertex   -1.882827e+001 -9.609498e+000 6.984279e+001
    endloop
  endfacet
  facet normal 0.000000e+000 1.000000e+000 0.000000e+000
    outer loop
      vertex   -1.882827e+001 -9.609498e+000 6.984279e+001
      vertex   -1.986284e+001 -9.609498e+000 6.863944e+001
      vertex   -1.991062e+001 -9.609498e+000 6.864279e+001
    endloop
  endfacet
  facet normal 0.000000e+000 1.000000e+000 0.000000e+000
    outer loop
      vertex   -1.882827e+001 -9.609498e+000 6.984279e+001
      vertex   -1.991062e+001 -9.609498e+000 6.864279e+001
      vertex   -3.577041e+001 -9.609498e+000 6.984279e+001
    endloop
  endfacet
  facet normal 0.000000e+000 1.000000e+000 0.000000e+000
    outer loop
      vertex   -3.577041e+001 -9.609498e+000 6.984279e+001
      vertex   -1.991062e+001 -9.609498e+000 6.864279e+001
      vertex   -3.468806e+001 -9.609498e+000 6.864279e+001
    endloop
  endfacet
  facet normal 0.000000e+000 1.000000e+000 0.000000e+000
    outer loop
      vertex   -3.577041e+001 -9.609498e+000 6.984279e+001
      vertex   -3.468806e+001 -9.609498e+000 6.864279e+001
      vertex   -3.473584e+001 -9.609498e+000 6.863944e+001
    endloop
  endfacet
  facet normal 0.000000e+000 1.000000e+000 0.000000e+000
    outer loop
      vertex   -3.473584e+001 -9.609498e+000 6.863944e+001
      vertex   -3.478350e+001 -9.609498e+000 6.862940e+001
      vertex   -3.577041e+001 -9.609498e+000 6.984279e+001
    endloop
  endfacet
  facet normal 0.000000e+000 1.000000e+000 0.000000e+000
    outer loop
      vertex   -3.577041e+001 -9.609498e+000 6.984279e+001
      vertex   -3.478350e+001 -9.609498e+000 6.862940e+001
      vertex   -3.624775e+001 -9.609498e+000 6.950919e+001
    endloop
  endfacet
  facet normal 0.000000e+000 1.000000e+000 0.000000e+000
    outer loop
      vertex   -3.577041e+001 -9.609498e+000 6.984279e+001
      vertex   -3.624775e+001 -9.609498e+000 6.950919e+001
      vertex   -3.619765e+001 -9.609498e+000 6.957829e+001
    endloop
  endfacet
  facet normal 0.000000e+000 1.000000e+000 0.000000e+000
    outer loop
      vertex   -3.624775e+001 -9.609498e+000 6.950919e+001
      vertex   -3.478350e+001 -9.609498e+000 6.862940e+001
      vertex   -3.629669e+001 -9.609498e+000 6.943250e+001
    endloop
  endfacet
  facet normal 0.000000e+000 1.000000e+000 0.000000e+000
    outer loop
      vertex   -3.629669e+001 -9.609498e+000 6.943250e+001
      vertex   -3.478350e+001 -9.609498e+000 6.862940e+001
      vertex   -3.483094e+001 -9.609498e+000 6.861270e+001
    endloop
  endfacet
  facet normal 0.000000e+000 1.000000e+000 0.000000e+000
    outer loop
      vertex   -3.629669e+001 -9.609498e+000 6.943250e+001
      vertex   -3.483094e+001 -9.609498e+000 6.861270e+001
      vertex   -3.634437e+001 -9.609498e+000 6.934844e+001
    endloop
  endfacet
  facet normal 0.000000e+000 1.000000e+000 0.000000e+000
    outer loop
      vertex   -3.634437e+001 -9.609498e+000 6.934844e+001
      vertex   -3.483094e+001 -9.609498e+000 6.861270e+001
      vertex   -3.639066e+001 -9.609498e+000 6.925720e+001
    endloop
  endfacet
  facet normal 0.000000e+000 1.000000e+000 0.000000e+000
    outer loop
      vertex   -3.639066e+001 -9.609498e+000 6.925720e+001
      vertex   -3.483094e+001 -9.609498e+000 6.861270e+001
      vertex   -3.487803e+001 -9.609498e+000 6.858938e+001
    endloop
  endfacet
  facet normal 0.000000e+000 1.000000e+000 0.000000e+000
    outer loop
      vertex   -3.639066e+001 -9.609498e+000 6.925720e+001
      vertex   -3.487803e+001 -9.609498e+000 6.858938e+001
      vertex   -3.643547e+001 -9.609498e+000 6.915900e+001
    endloop
  endfacet
  facet normal 0.000000e+000 1.000000e+000 0.000000e+000
    outer loop
      vertex   -3.643547e+001 -9.609498e+000 6.915900e+001
      vertex   -3.487803e+001 -9.609498e+000 6.858938e+001
      vertex   -3.492467e+001 -9.609498e+000 6.855949e+001
    endloop
  endfacet
  facet normal 0.000000e+000 1.000000e+000 0.000000e+000
    outer loop
      vertex   -3.643547e+001 -9.609498e+000 6.915900e+001
      vertex   -3.492467e+001 -9.609498e+000 6.855949e+001
      vertex   -3.647866e+001 -9.609498e+000 6.905407e+001
    endloop
  endfacet
  facet normal 0.000000e+000 1.000000e+000 0.000000e+000
    outer loop
      vertex   -3.647866e+001 -9.609498e+000 6.905407e+001
      vertex   -3.492467e+001 -9.609498e+000 6.855949e+001
      vertex   -3.497073e+001 -9.609498e+000 6.852309e+001
    endloop
  endfacet
  facet normal 0.000000e+000 1.000000e+000 0.000000e+000
    outer loop
      vertex   -3.647866e+001 -9.609498e+000 6.905407e+001
      vertex   -3.497073e+001 -9.609498e+000 6.852309e+001
      vertex   -3.652016e+001 -9.609498e+000 6.894267e+001
    endloop
  endfacet
  facet normal 0.000000e+000 1.000000e+000 0.000000e+000
    outer loop
      vertex   -3.652016e+001 -9.609498e+000 6.894267e+001
      vertex   -3.497073e+001 -9.609498e+000 6.852309e+001
      vertex   -3.501611e+001 -9.609498e+000 6.848030e+001
    endloop
  endfacet
  facet normal 0.000000e+000 1.000000e+000 0.000000e+000
    outer loop
      vertex   -3.652016e+001 -9.609498e+000 6.894267e+001
      vertex   -3.501611e+001 -9.609498e+000 6.848030e+001
      vertex   -3.655984e+001 -9.609498e+000 6.882507e+001
    endloop
  endfacet
  facet normal 0.000000e+000 1.000000e+000 0.000000e+000
    outer loop
      vertex   -3.655984e+001 -9.609498e+000 6.882507e+001
      vertex   -3.501611e+001 -9.609498e+000 6.848030e+001
      vertex   -3.506071e+001 -9.609498e+000 6.843119e+001
    endloop
  endfacet
  facet normal 0.000000e+000 1.000000e+000 0.000000e+000
    outer loop
      vertex   -3.655984e+001 -9.609498e+000 6.882507e+001
      vertex   -3.506071e+001 -9.609498e+000 6.843119e+001
      vertex   -3.659763e+001 -9.609498e+000 6.870155e+001
    endloop
  endfacet
  facet normal 0.000000e+000 1.000000e+000 0.000000e+000
    outer loop
      vertex   -3.659763e+001 -9.609498e+000 6.870155e+001
      vertex   -3.506071e+001 -9.609498e+000 6.843119e+001
      vertex   -3.510440e+001 -9.609498e+000 6.837591e+001
    endloop
  endfacet
  facet normal 0.000000e+000 1.000000e+000 0.000000e+000
    outer loop
      vertex   -3.659763e+001 -9.609498e+000 6.870155e+001
      vertex   -3.510440e+001 -9.609498e+000 6.837591e+001
      vertex   -3.663342e+001 -9.609498e+000 6.857242e+001
    endloop
  endfacet
  facet normal 0.000000e+000 1.000000e+000 0.000000e+000
    outer loop
      vertex   -3.663342e+001 -9.609498e+000 6.857242e+001
      vertex   -3.510440e+001 -9.609498e+000 6.837591e+001
      vertex   -3.514709e+001 -9.609498e+000 6.831456e+001
    endloop
  endfacet
  facet normal 0.000000e+000 1.000000e+000 0.000000e+000
    outer loop
      vertex   -3.663342e+001 -9.609498e+000 6.857242e+001
      vertex   -3.514709e+001 -9.609498e+000 6.831456e+001
      vertex   -3.518868e+001 -9.609498e+000 6.824731e+001
    endloop
  endfacet
  facet normal 0.000000e+000 1.000000e+000 0.000000e+000
    outer loop
      vertex   -3.518868e+001 -9.609498e+000 6.824731e+001
      vertex   -3.522906e+001 -9.609498e+000 6.817432e+001
      vertex   -3.663342e+001 -9.609498e+000 6.857242e+001
    endloop
  endfacet
  facet normal 0.000000e+000 1.000000e+000 0.000000e+000
    outer loop
      vertex   -3.663342e+001 -9.609498e+000 6.857242e+001
      vertex   -3.522906e+001 -9.609498e+000 6.817432e+001
      vertex   -3.669868e+001 -9.609498e+000 6.829853e+001
    endloop
  endfacet
  facet normal 0.000000e+000 1.000000e+000 0.000000e+000
    outer loop
      vertex   -3.669868e+001 -9.609498e+000 6.829853e+001
      vertex   -3.522906e+001 -9.609498e+000 6.817432e+001
      vertex   -3.530582e+001 -9.609498e+000 6.801182e+001
    endloop
  endfacet
  facet normal 0.000000e+000 1.000000e+000 0.000000e+000
    outer loop
      vertex   -3.669868e+001 -9.609498e+000 6.829853e+001
      vertex   -3.530582e+001 -9.609498e+000 6.801182e+001
      vertex   -3.675501e+001 -9.609498e+000 6.800605e+001
    endloop
  endfacet
  facet normal -0.000000e+000 1.000000e+000 0.000000e+000
    outer loop
      vertex   -3.675501e+001 -9.609498e+000 6.800605e+001
      vertex   -3.530582e+001 -9.609498e+000 6.801182e+001
      vertex   -3.537663e+001 -9.609498e+000 6.782862e+001
    endloop
  endfacet
  facet normal 0.000000e+000 1.000000e+000 0.000000e+000
    outer loop
      vertex   -3.675501e+001 -9.609498e+000 6.800605e+001
      vertex   -3.537663e+001 -9.609498e+000 6.782862e+001
      vertex   -3.544080e+001 -9.609498e+000 6.762650e+001
    endloop
  endfacet
  facet normal 0.000000e+000 1.000000e+000 0.000000e+000
    outer loop
      vertex   -3.675501e+001 -9.609498e+000 6.800605e+001
      vertex   -3.544080e+001 -9.609498e+000 6.762650e+001
      vertex   -3.680186e+001 -9.609498e+000 6.769780e+001
    endloop
  endfacet
  facet normal 0.000000e+000 1.000000e+000 0.000000e+000
    outer loop
      vertex   -3.680186e+001 -9.609498e+000 6.769780e+001
      vertex   -3.544080e+001 -9.609498e+000 6.762650e+001
      vertex   -3.549773e+001 -9.609498e+000 6.740739e+001
    endloop
  endfacet
  facet normal 0.000000e+000 1.000000e+000 0.000000e+000
    outer loop
      vertex   -3.680186e+001 -9.609498e+000 6.769780e+001
      vertex   -3.549773e+001 -9.609498e+000 6.740739e+001
      vertex   -3.683876e+001 -9.609498e+000 6.737675e+001
    endloop
  endfacet
  facet normal -0.000000e+000 1.000000e+000 0.000000e+000
    outer loop
      vertex   -3.683876e+001 -9.609498e+000 6.737675e+001
      vertex   -3.549773e+001 -9.609498e+000 6.740739e+001
      vertex   -3.554686e+001 -9.609498e+000 6.717340e+001
    endloop
  endfacet
  facet normal 0.000000e+000 1.000000e+000 0.000000e+000
    outer loop
      vertex   -3.683876e+001 -9.609498e+000 6.737675e+001
      vertex   -3.554686e+001 -9.609498e+000 6.717340e+001
      vertex   -3.686539e+001 -9.609498e+000 6.704597e+001
    endloop
  endfacet
  facet normal -0.000000e+000 1.000000e+000 0.000000e+000
    outer loop
      vertex   -3.686539e+001 -9.609498e+000 6.704597e+001
      vertex   -3.554686e+001 -9.609498e+000 6.717340e+001
      vertex   -3.558772e+001 -9.609498e+000 6.692680e+001
    endloop
  endfacet
  facet normal 0.000000e+000 1.000000e+000 0.000000e+000
    outer loop
      vertex   -3.686539e+001 -9.609498e+000 6.704597e+001
      vertex   -3.558772e+001 -9.609498e+000 6.692680e+001
      vertex   -3.688146e+001 -9.609498e+000 6.670867e+001
    endloop
  endfacet
  facet normal -0.000000e+000 1.000000e+000 0.000000e+000
    outer loop
      vertex   -3.688146e+001 -9.609498e+000 6.670867e+001
      vertex   -3.558772e+001 -9.609498e+000 6.692680e+001
      vertex   -3.561991e+001 -9.609498e+000 6.666995e+001
    endloop
  endfacet
  facet normal 0.000000e+000 1.000000e+000 0.000000e+000
    outer loop
      vertex   -3.688146e+001 -9.609498e+000 6.670867e+001
      vertex   -3.561991e+001 -9.609498e+000 6.666995e+001
      vertex   -3.564313e+001 -9.609498e+000 6.640533e+001
    endloop
  endfacet
  facet normal 0.000000e+000 1.000000e+000 0.000000e+000
    outer loop
      vertex   -3.688146e+001 -9.609498e+000 6.670867e+001
      vertex   -3.564313e+001 -9.609498e+000 6.640533e+001
      vertex   -3.688684e+001 -9.609498e+000 6.636809e+001
    endloop
  endfacet
  facet normal -0.000000e+000 1.000000e+000 0.000000e+000
    outer loop
      vertex   -3.688684e+001 -9.609498e+000 6.636809e+001
      vertex   -3.564313e+001 -9.609498e+000 6.640533e+001
      vertex   -3.565715e+001 -9.609498e+000 6.613550e+001
    endloop
  endfacet
  facet normal 0.000000e+000 1.000000e+000 0.000000e+000
    outer loop
      vertex   -3.688684e+001 -9.609498e+000 6.636809e+001
      vertex   -3.565715e+001 -9.609498e+000 6.613550e+001
      vertex   -3.566184e+001 -9.609498e+000 6.586303e+001
    endloop
  endfacet
  facet normal 0.000000e+000 1.000000e+000 0.000000e+000
    outer loop
      vertex   -3.566184e+001 -9.609498e+000 6.586303e+001
      vertex   -3.566184e+001 -9.609498e+000 6.182255e+001
      vertex   -3.688684e+001 -9.609498e+000 6.636809e+001
    endloop
  endfacet
  facet normal 0.000000e+000 1.000000e+000 0.000000e+000
    outer loop
      vertex   -3.688684e+001 -9.609498e+000 6.636809e+001
      vertex   -3.566184e+001 -9.609498e+000 6.182255e+001
      vertex   -3.688684e+001 -9.609498e+000 6.131749e+001
    endloop
  endfacet
  facet normal -0.000000e+000 1.000000e+000 0.000000e+000
    outer loop
      vertex   -3.688684e+001 -9.609498e+000 6.131749e+001
      vertex   -3.566184e+001 -9.609498e+000 6.182255e+001
      vertex   -3.688146e+001 -9.609498e+000 6.097691e+001
    endloop
  endfacet
  facet normal -0.000000e+000 1.000000e+000 0.000000e+000
    outer loop
      vertex   -3.688146e+001 -9.609498e+000 6.097691e+001
      vertex   -3.566184e+001 -9.609498e+000 6.182255e+001
      vertex   -3.686539e+001 -9.609498e+000 6.063961e+001
    endloop
  endfacet
  facet normal -0.000000e+000 1.000000e+000 0.000000e+000
    outer loop
      vertex   -3.686539e+001 -9.609498e+000 6.063961e+001
      vertex   -3.566184e+001 -9.609498e+000 6.182255e+001
      vertex   -3.683876e+001 -9.609498e+000 6.030884e+001
    endloop
  endfacet
  facet normal -0.000000e+000 1.000000e+000 0.000000e+000
    outer loop
      vertex   -3.683876e+001 -9.609498e+000 6.030884e+001
      vertex   -3.566184e+001 -9.609498e+000 6.182255e+001
      vertex   -3.680186e+001 -9.609498e+000 5.998778e+001
    endloop
  endfacet
  facet normal -0.000000e+000 1.000000e+000 0.000000e+000
    outer loop
      vertex   -3.680186e+001 -9.609498e+000 5.998778e+001
      vertex   -3.566184e+001 -9.609498e+000 6.182255e+001
      vertex   -3.675501e+001 -9.609498e+000 5.967953e+001
    endloop
  endfacet
  facet normal 0.000000e+000 1.000000e+000 -0.000000e+000
    outer loop
      vertex   -1.771721e+001 -9.609498e+000 6.097691e+001
      vertex   -1.835093e+001 -9.609498e+000 5.817640e+001
      vertex   -1.771184e+001 -9.609498e+000 6.131749e+001
    endloop
  endfacet
  facet normal 0.000000e+000 1.000000e+000 0.000000e+000
    outer loop
      vertex   -1.771184e+001 -9.609498e+000 6.131749e+001
      vertex   -1.835093e+001 -9.609498e+000 5.817640e+001
      vertex   -1.835093e+001 -9.609498e+000 6.950919e+001
    endloop
  endfacet
  facet normal 0.000000e+000 1.000000e+000 -0.000000e+000
    outer loop
      vertex   -1.771184e+001 -9.609498e+000 6.131749e+001
      vertex   -1.835093e+001 -9.609498e+000 6.950919e+001
      vertex   -1.771184e+001 -9.609498e+000 6.636809e+001
    endloop
  endfacet
  facet normal 0.000000e+000 1.000000e+000 0.000000e+000
    outer loop
      vertex   -1.771184e+001 -9.609498e+000 6.636809e+001
      vertex   -1.835093e+001 -9.609498e+000 6.950919e+001
      vertex   -1.771721e+001 -9.609498e+000 6.670867e+001
    endloop
  endfacet
  facet normal 0.000000e+000 1.000000e+000 0.000000e+000
    outer loop
      vertex   -1.771721e+001 -9.609498e+000 6.670867e+001
      vertex   -1.835093e+001 -9.609498e+000 6.950919e+001
      vertex   -1.773329e+001 -9.609498e+000 6.704597e+001
    endloop
  endfacet
  facet normal 0.000000e+000 1.000000e+000 0.000000e+000
    outer loop
      vertex   -1.773329e+001 -9.609498e+000 6.704597e+001
      vertex   -1.835093e+001 -9.609498e+000 6.950919e+001
      vertex   -1.775991e+001 -9.609498e+000 6.737675e+001
    endloop
  endfacet
  facet normal 0.000000e+000 1.000000e+000 0.000000e+000
    outer loop
      vertex   -1.775991e+001 -9.609498e+000 6.737675e+001
      vertex   -1.835093e+001 -9.609498e+000 6.950919e+001
      vertex   -1.779682e+001 -9.609498e+000 6.769780e+001
    endloop
  endfacet
  facet normal 0.000000e+000 1.000000e+000 0.000000e+000
    outer loop
      vertex   -1.779682e+001 -9.609498e+000 6.769780e+001
      vertex   -1.835093e+001 -9.609498e+000 6.950919e+001
      vertex   -1.784367e+001 -9.609498e+000 6.800605e+001
    endloop
  endfacet
  facet normal 0.000000e+000 1.000000e+000 0.000000e+000
    outer loop
      vertex   -1.784367e+001 -9.609498e+000 6.800605e+001
      vertex   -1.835093e+001 -9.609498e+000 6.950919e+001
      vertex   -1.789999e+001 -9.609498e+000 6.829853e+001
    endloop
  endfacet
  facet normal 0.000000e+000 1.000000e+000 0.000000e+000
    outer loop
      vertex   -1.789999e+001 -9.609498e+000 6.829853e+001
      vertex   -1.835093e+001 -9.609498e+000 6.950919e+001
      vertex   -1.796526e+001 -9.609498e+000 6.857242e+001
    endloop
  endfacet
  facet normal 0.000000e+000 1.000000e+000 0.000000e+000
    outer loop
      vertex   -1.796526e+001 -9.609498e+000 6.857242e+001
      vertex   -1.835093e+001 -9.609498e+000 6.950919e+001
      vertex   -1.800105e+001 -9.609498e+000 6.870155e+001
    endloop
  endfacet
  facet normal 0.000000e+000 1.000000e+000 0.000000e+000
    outer loop
      vertex   -1.800105e+001 -9.609498e+000 6.870155e+001
      vertex   -1.835093e+001 -9.609498e+000 6.950919e+001
      vertex   -1.803883e+001 -9.609498e+000 6.882507e+001
    endloop
  endfacet
  facet normal 0.000000e+000 1.000000e+000 0.000000e+000
    outer loop
      vertex   -1.803883e+001 -9.609498e+000 6.882507e+001
      vertex   -1.835093e+001 -9.609498e+000 6.950919e+001
      vertex   -1.807852e+001 -9.609498e+000 6.894267e+001
    endloop
  endfacet
  facet normal 0.000000e+000 1.000000e+000 0.000000e+000
    outer loop
      vertex   -1.807852e+001 -9.609498e+000 6.894267e+001
      vertex   -1.835093e+001 -9.609498e+000 6.950919e+001
      vertex   -1.812001e+001 -9.609498e+000 6.905407e+001
    endloop
  endfacet
  facet normal 0.000000e+000 1.000000e+000 0.000000e+000
    outer loop
      vertex   -1.812001e+001 -9.609498e+000 6.905407e+001
      vertex   -1.835093e+001 -9.609498e+000 6.950919e+001
      vertex   -1.816321e+001 -9.609498e+000 6.915900e+001
    endloop
  endfacet
  facet normal 0.000000e+000 1.000000e+000 0.000000e+000
    outer loop
      vertex   -1.816321e+001 -9.609498e+000 6.915900e+001
      vertex   -1.835093e+001 -9.609498e+000 6.950919e+001
      vertex   -1.820801e+001 -9.609498e+000 6.925720e+001
    endloop
  endfacet
  facet normal 0.000000e+000 1.000000e+000 0.000000e+000
    outer loop
      vertex   -1.820801e+001 -9.609498e+000 6.925720e+001
      vertex   -1.835093e+001 -9.609498e+000 6.950919e+001
      vertex   -1.825431e+001 -9.609498e+000 6.934844e+001
    endloop
  endfacet
  facet normal 0.000000e+000 1.000000e+000 0.000000e+000
    outer loop
      vertex   -1.825431e+001 -9.609498e+000 6.934844e+001
      vertex   -1.835093e+001 -9.609498e+000 6.950919e+001
      vertex   -1.830199e+001 -9.609498e+000 6.943250e+001
    endloop
  endfacet
  facet normal 0.000000e+000 1.000000e+000 0.000000e+000
    outer loop
      vertex   -1.771721e+001 -9.609498e+000 6.097691e+001
      vertex   -1.773329e+001 -9.609498e+000 6.063961e+001
      vertex   -1.835093e+001 -9.609498e+000 5.817640e+001
    endloop
  endfacet
  facet normal 0.000000e+000 1.000000e+000 0.000000e+000
    outer loop
      vertex   -1.835093e+001 -9.609498e+000 5.817640e+001
      vertex   -1.773329e+001 -9.609498e+000 6.063961e+001
      vertex   -1.775991e+001 -9.609498e+000 6.030884e+001
    endloop
  endfacet
  facet normal 0.000000e+000 1.000000e+000 0.000000e+000
    outer loop
      vertex   -1.835093e+001 -9.609498e+000 5.817640e+001
      vertex   -1.775991e+001 -9.609498e+000 6.030884e+001
      vertex   -1.779682e+001 -9.609498e+000 5.998778e+001
    endloop
  endfacet
  facet normal 0.000000e+000 1.000000e+000 0.000000e+000
    outer loop
      vertex   -1.779682e+001 -9.609498e+000 5.998778e+001
      vertex   -1.784367e+001 -9.609498e+000 5.967953e+001
      vertex   -1.835093e+001 -9.609498e+000 5.817640e+001
    endloop
  endfacet
  facet normal 0.000000e+000 1.000000e+000 0.000000e+000
    outer loop
      vertex   -1.835093e+001 -9.609498e+000 5.817640e+001
      vertex   -1.784367e+001 -9.609498e+000 5.967953e+001
      vertex   -1.789999e+001 -9.609498e+000 5.938705e+001
    endloop
  endfacet
  facet normal 0.000000e+000 1.000000e+000 0.000000e+000
    outer loop
      vertex   -1.835093e+001 -9.609498e+000 5.817640e+001
      vertex   -1.789999e+001 -9.609498e+000 5.938705e+001
      vertex   -1.796526e+001 -9.609498e+000 5.911316e+001
    endloop
  endfacet
  facet normal 0.000000e+000 1.000000e+000 0.000000e+000
    outer loop
      vertex   -1.796526e+001 -9.609498e+000 5.911316e+001
      vertex   -1.800105e+001 -9.609498e+000 5.898402e+001
      vertex   -1.835093e+001 -9.609498e+000 5.817640e+001
    endloop
  endfacet
  facet normal 0.000000e+000 1.000000e+000 0.000000e+000
    outer loop
      vertex   -1.835093e+001 -9.609498e+000 5.817640e+001
      vertex   -1.800105e+001 -9.609498e+000 5.898402e+001
      vertex   -1.803883e+001 -9.609498e+000 5.886051e+001
    endloop
  endfacet
  facet normal 0.000000e+000 1.000000e+000 0.000000e+000
    outer loop
      vertex   -1.835093e+001 -9.609498e+000 5.817640e+001
      vertex   -1.803883e+001 -9.609498e+000 5.886051e+001
      vertex   -1.807852e+001 -9.609498e+000 5.874291e+001
    endloop
  endfacet
  facet normal 0.000000e+000 1.000000e+000 0.000000e+000
    outer loop
      vertex   -1.807852e+001 -9.609498e+000 5.874291e+001
      vertex   -1.812001e+001 -9.609498e+000 5.863151e+001
      vertex   -1.835093e+001 -9.609498e+000 5.817640e+001
    endloop
  endfacet
  facet normal 0.000000e+000 1.000000e+000 0.000000e+000
    outer loop
      vertex   -1.835093e+001 -9.609498e+000 5.817640e+001
      vertex   -1.812001e+001 -9.609498e+000 5.863151e+001
      vertex   -1.816321e+001 -9.609498e+000 5.852658e+001
    endloop
  endfacet
  facet normal 0.000000e+000 1.000000e+000 0.000000e+000
    outer loop
      vertex   -1.835093e+001 -9.609498e+000 5.817640e+001
      vertex   -1.816321e+001 -9.609498e+000 5.852658e+001
      vertex   -1.820801e+001 -9.609498e+000 5.842838e+001
    endloop
  endfacet
  facet normal 0.000000e+000 1.000000e+000 0.000000e+000
    outer loop
      vertex   -1.820801e+001 -9.609498e+000 5.842838e+001
      vertex   -1.825431e+001 -9.609498e+000 5.833714e+001
      vertex   -1.835093e+001 -9.609498e+000 5.817640e+001
    endloop
  endfacet
  facet normal 0.000000e+000 1.000000e+000 0.000000e+000
    outer loop
      vertex   -1.835093e+001 -9.609498e+000 5.817640e+001
      vertex   -1.825431e+001 -9.609498e+000 5.833714e+001
      vertex   -1.830199e+001 -9.609498e+000 5.825308e+001
    endloop
  endfacet
  facet normal 0.000000e+000 1.000000e+000 0.000000e+000
    outer loop
      vertex   -1.835093e+001 -9.609498e+000 6.950919e+001
      vertex   -1.835093e+001 -9.609498e+000 5.817640e+001
      vertex   -1.840103e+001 -9.609498e+000 6.957829e+001
    endloop
  endfacet
  facet normal 0.000000e+000 1.000000e+000 0.000000e+000
    outer loop
      vertex   -1.840103e+001 -9.609498e+000 6.957829e+001
      vertex   -1.835093e+001 -9.609498e+000 5.817640e+001
      vertex   -1.840103e+001 -9.609498e+000 5.810729e+001
    endloop
  endfacet
  facet normal 0.000000e+000 1.000000e+000 0.000000e+000
    outer loop
      vertex   -1.840103e+001 -9.609498e+000 6.957829e+001
      vertex   -1.840103e+001 -9.609498e+000 5.810729e+001
      vertex   -1.845216e+001 -9.609498e+000 6.963967e+001
    endloop
  endfacet
  facet normal 0.000000e+000 1.000000e+000 0.000000e+000
    outer loop
      vertex   -1.845216e+001 -9.609498e+000 6.963967e+001
      vertex   -1.840103e+001 -9.609498e+000 5.810729e+001
      vertex   -1.845216e+001 -9.609498e+000 5.804591e+001
    endloop
  endfacet
  facet normal 0.000000e+000 1.000000e+000 0.000000e+000
    outer loop
      vertex   -1.845216e+001 -9.609498e+000 6.963967e+001
      vertex   -1.845216e+001 -9.609498e+000 5.804591e+001
      vertex   -1.850419e+001 -9.609498e+000 6.969317e+001
    endloop
  endfacet
  facet normal 0.000000e+000 1.000000e+000 0.000000e+000
    outer loop
      vertex   -1.850419e+001 -9.609498e+000 6.969317e+001
      vertex   -1.845216e+001 -9.609498e+000 5.804591e+001
      vertex   -1.850419e+001 -9.609498e+000 5.799241e+001
    endloop
  endfacet
  facet normal 0.000000e+000 1.000000e+000 0.000000e+000
    outer loop
      vertex   -1.850419e+001 -9.609498e+000 6.969317e+001
      vertex   -1.850419e+001 -9.609498e+000 5.799241e+001
      vertex   -1.855700e+001 -9.609498e+000 6.973866e+001
    endloop
  endfacet
  facet normal 0.000000e+000 1.000000e+000 0.000000e+000
    outer loop
      vertex   -1.855700e+001 -9.609498e+000 6.973866e+001
      vertex   -1.850419e+001 -9.609498e+000 5.799241e+001
      vertex   -1.855700e+001 -9.609498e+000 5.794692e+001
    endloop
  endfacet
  facet normal 0.000000e+000 1.000000e+000 0.000000e+000
    outer loop
      vertex   -1.855700e+001 -9.609498e+000 6.973866e+001
      vertex   -1.855700e+001 -9.609498e+000 5.794692e+001
      vertex   -1.861046e+001 -9.609498e+000 6.977602e+001
    endloop
  endfacet
  facet normal 0.000000e+000 1.000000e+000 0.000000e+000
    outer loop
      vertex   -1.861046e+001 -9.609498e+000 6.977602e+001
      vertex   -1.855700e+001 -9.609498e+000 5.794692e+001
      vertex   -1.861046e+001 -9.609498e+000 5.790956e+001
    endloop
  endfacet
  facet normal 0.000000e+000 1.000000e+000 0.000000e+000
    outer loop
      vertex   -1.861046e+001 -9.609498e+000 6.977602e+001
      vertex   -1.861046e+001 -9.609498e+000 5.790956e+001
      vertex   -1.866446e+001 -9.609498e+000 6.980518e+001
    endloop
  endfacet
  facet normal 0.000000e+000 1.000000e+000 0.000000e+000
    outer loop
      vertex   -1.866446e+001 -9.609498e+000 6.980518e+001
      vertex   -1.861046e+001 -9.609498e+000 5.790956e+001
      vertex   -1.866446e+001 -9.609498e+000 5.788040e+001
    endloop
  endfacet
  facet normal 0.000000e+000 1.000000e+000 0.000000e+000
    outer loop
      vertex   -1.866446e+001 -9.609498e+000 6.980518e+001
      vertex   -1.866446e+001 -9.609498e+000 5.788040e+001
      vertex   -1.871884e+001 -9.609498e+000 6.982606e+001
    endloop
  endfacet
  facet normal 0.000000e+000 1.000000e+000 0.000000e+000
    outer loop
      vertex   -1.871884e+001 -9.609498e+000 6.982606e+001
      vertex   -1.866446e+001 -9.609498e+000 5.788040e+001
      vertex   -1.871884e+001 -9.609498e+000 5.785952e+001
    endloop
  endfacet
  facet normal 0.000000e+000 1.000000e+000 0.000000e+000
    outer loop
      vertex   -1.871884e+001 -9.609498e+000 6.982606e+001
      vertex   -1.871884e+001 -9.609498e+000 5.785952e+001
      vertex   -1.877349e+001 -9.609498e+000 6.983861e+001
    endloop
  endfacet
  facet normal 0.000000e+000 1.000000e+000 0.000000e+000
    outer loop
      vertex   -1.877349e+001 -9.609498e+000 6.983861e+001
      vertex   -1.871884e+001 -9.609498e+000 5.785952e+001
      vertex   -1.877349e+001 -9.609498e+000 5.784698e+001
    endloop
  endfacet
  facet normal 0.000000e+000 1.000000e+000 0.000000e+000
    outer loop
      vertex   -1.877349e+001 -9.609498e+000 6.983861e+001
      vertex   -1.877349e+001 -9.609498e+000 5.784698e+001
      vertex   -1.882827e+001 -9.609498e+000 6.984279e+001
    endloop
  endfacet
  facet normal 0.000000e+000 1.000000e+000 0.000000e+000
    outer loop
      vertex   -1.882827e+001 -9.609498e+000 6.984279e+001
      vertex   -1.877349e+001 -9.609498e+000 5.784698e+001
      vertex   -1.882827e+001 -9.609498e+000 5.784279e+001
    endloop
  endfacet
  facet normal -0.000000e+000 1.000000e+000 -0.000000e+000
    outer loop
      vertex   -3.582519e+001 -9.609498e+000 5.784698e+001
      vertex   -3.587984e+001 -9.609498e+000 5.785952e+001
      vertex   -3.577041e+001 -9.609498e+000 5.784279e+001
    endloop
  endfacet
  facet normal 0.000000e+000 1.000000e+000 0.000000e+000
    outer loop
      vertex   -3.577041e+001 -9.609498e+000 5.784279e+001
      vertex   -3.587984e+001 -9.609498e+000 5.785952e+001
      vertex   -3.593422e+001 -9.609498e+000 5.788040e+001
    endloop
  endfacet
  facet normal 0.000000e+000 1.000000e+000 0.000000e+000
    outer loop
      vertex   -3.577041e+001 -9.609498e+000 5.784279e+001
      vertex   -3.593422e+001 -9.609498e+000 5.788040e+001
      vertex   -3.598821e+001 -9.609498e+000 5.790956e+001
    endloop
  endfacet
  facet normal -0.000000e+000 1.000000e+000 -0.000000e+000
    outer loop
      vertex   -3.598821e+001 -9.609498e+000 5.790956e+001
      vertex   -3.604168e+001 -9.609498e+000 5.794692e+001
      vertex   -3.577041e+001 -9.609498e+000 5.784279e+001
    endloop
  endfacet
  facet normal 0.000000e+000 1.000000e+000 0.000000e+000
    outer loop
      vertex   -3.577041e+001 -9.609498e+000 5.784279e+001
      vertex   -3.604168e+001 -9.609498e+000 5.794692e+001
      vertex   -3.609449e+001 -9.609498e+000 5.799241e+001
    endloop
  endfacet
  facet normal 0.000000e+000 1.000000e+000 0.000000e+000
    outer loop
      vertex   -3.577041e+001 -9.609498e+000 5.784279e+001
      vertex   -3.609449e+001 -9.609498e+000 5.799241e+001
      vertex   -3.614652e+001 -9.609498e+000 5.804591e+001
    endloop
  endfacet
  facet normal -0.000000e+000 1.000000e+000 -0.000000e+000
    outer loop
      vertex   -3.614652e+001 -9.609498e+000 5.804591e+001
      vertex   -3.619765e+001 -9.609498e+000 5.810729e+001
      vertex   -3.577041e+001 -9.609498e+000 5.784279e+001
    endloop
  endfacet
  facet normal 0.000000e+000 1.000000e+000 0.000000e+000
    outer loop
      vertex   -3.577041e+001 -9.609498e+000 5.784279e+001
      vertex   -3.619765e+001 -9.609498e+000 5.810729e+001
      vertex   -3.624775e+001 -9.609498e+000 5.817640e+001
    endloop
  endfacet
  facet normal 0.000000e+000 1.000000e+000 0.000000e+000
    outer loop
      vertex   -3.577041e+001 -9.609498e+000 5.784279e+001
      vertex   -3.624775e+001 -9.609498e+000 5.817640e+001
      vertex   -3.629669e+001 -9.609498e+000 5.825308e+001
    endloop
  endfacet
  facet normal -0.000000e+000 1.000000e+000 -0.000000e+000
    outer loop
      vertex   -3.629669e+001 -9.609498e+000 5.825308e+001
      vertex   -3.634437e+001 -9.609498e+000 5.833714e+001
      vertex   -3.577041e+001 -9.609498e+000 5.784279e+001
    endloop
  endfacet
  facet normal 0.000000e+000 1.000000e+000 0.000000e+000
    outer loop
      vertex   -3.577041e+001 -9.609498e+000 5.784279e+001
      vertex   -3.634437e+001 -9.609498e+000 5.833714e+001
      vertex   -3.639066e+001 -9.609498e+000 5.842838e+001
    endloop
  endfacet
  facet normal 0.000000e+000 1.000000e+000 0.000000e+000
    outer loop
      vertex   -3.577041e+001 -9.609498e+000 5.784279e+001
      vertex   -3.639066e+001 -9.609498e+000 5.842838e+001
      vertex   -3.643547e+001 -9.609498e+000 5.852658e+001
    endloop
  endfacet
  facet normal -0.000000e+000 1.000000e+000 -0.000000e+000
    outer loop
      vertex   -3.643547e+001 -9.609498e+000 5.852658e+001
      vertex   -3.647866e+001 -9.609498e+000 5.863151e+001
      vertex   -3.577041e+001 -9.609498e+000 5.784279e+001
    endloop
  endfacet
  facet normal 0.000000e+000 1.000000e+000 0.000000e+000
    outer loop
      vertex   -3.577041e+001 -9.609498e+000 5.784279e+001
      vertex   -3.647866e+001 -9.609498e+000 5.863151e+001
      vertex   -3.652016e+001 -9.609498e+000 5.874291e+001
    endloop
  endfacet
  facet normal 0.000000e+000 1.000000e+000 0.000000e+000
    outer loop
      vertex   -3.577041e+001 -9.609498e+000 5.784279e+001
      vertex   -3.652016e+001 -9.609498e+000 5.874291e+001
      vertex   -3.655984e+001 -9.609498e+000 5.886051e+001
    endloop
  endfacet
  facet normal -0.000000e+000 1.000000e+000 -0.000000e+000
    outer loop
      vertex   -3.655984e+001 -9.609498e+000 5.886051e+001
      vertex   -3.659763e+001 -9.609498e+000 5.898402e+001
      vertex   -3.577041e+001 -9.609498e+000 5.784279e+001
    endloop
  endfacet
  facet normal 0.000000e+000 1.000000e+000 0.000000e+000
    outer loop
      vertex   -3.577041e+001 -9.609498e+000 5.784279e+001
      vertex   -3.659763e+001 -9.609498e+000 5.898402e+001
      vertex   -3.663342e+001 -9.609498e+000 5.911316e+001
    endloop
  endfacet
  facet normal 0.000000e+000 1.000000e+000 0.000000e+000
    outer loop
      vertex   -3.577041e+001 -9.609498e+000 5.784279e+001
      vertex   -3.663342e+001 -9.609498e+000 5.911316e+001
      vertex   -3.669868e+001 -9.609498e+000 5.938705e+001
    endloop
  endfacet
  facet normal 0.000000e+000 1.000000e+000 0.000000e+000
    outer loop
      vertex   -3.619765e+001 -9.609498e+000 6.957829e+001
      vertex   -3.614652e+001 -9.609498e+000 6.963967e+001
      vertex   -3.577041e+001 -9.609498e+000 6.984279e+001
    endloop
  endfacet
  facet normal 0.000000e+000 1.000000e+000 0.000000e+000
    outer loop
      vertex   -3.577041e+001 -9.609498e+000 6.984279e+001
      vertex   -3.614652e+001 -9.609498e+000 6.963967e+001
      vertex   -3.609449e+001 -9.609498e+000 6.969317e+001
    endloop
  endfacet
  facet normal 0.000000e+000 1.000000e+000 0.000000e+000
    outer loop
      vertex   -3.577041e+001 -9.609498e+000 6.984279e+001
      vertex   -3.609449e+001 -9.609498e+000 6.969317e+001
      vertex   -3.604168e+001 -9.609498e+000 6.973866e+001
    endloop
  endfacet
  facet normal 0.000000e+000 1.000000e+000 0.000000e+000
    outer loop
      vertex   -3.604168e+001 -9.609498e+000 6.973866e+001
      vertex   -3.598821e+001 -9.609498e+000 6.977602e+001
      vertex   -3.577041e+001 -9.609498e+000 6.984279e+001
    endloop
  endfacet
  facet normal 0.000000e+000 1.000000e+000 0.000000e+000
    outer loop
      vertex   -3.577041e+001 -9.609498e+000 6.984279e+001
      vertex   -3.598821e+001 -9.609498e+000 6.977602e+001
      vertex   -3.593422e+001 -9.609498e+000 6.980518e+001
    endloop
  endfacet
  facet normal 0.000000e+000 1.000000e+000 0.000000e+000
    outer loop
      vertex   -3.577041e+001 -9.609498e+000 6.984279e+001
      vertex   -3.593422e+001 -9.609498e+000 6.980518e+001
      vertex   -3.587984e+001 -9.609498e+000 6.982606e+001
    endloop
  endfacet
  facet normal 0.000000e+000 1.000000e+000 0.000000e+000
    outer loop
      vertex   -3.587984e+001 -9.609498e+000 6.982606e+001
      vertex   -3.582519e+001 -9.609498e+000 6.983861e+001
      vertex   -3.577041e+001 -9.609498e+000 6.984279e+001
    endloop
  endfacet
  facet normal 9.998755e-001 0.000000e+000 1.577949e-002
    outer loop
      vertex   -1.771184e+001 -9.609498e+000 6.636809e+001
      vertex   -1.771721e+001 -9.609498e+000 6.670867e+001
      vertex   -1.771184e+001 -1.060950e+001 6.636809e+001
    endloop
  endfacet
  facet normal 9.998755e-001 -9.162995e-019 1.577949e-002
    outer loop
      vertex   -1.771184e+001 -1.060950e+001 6.636809e+001
      vertex   -1.771721e+001 -9.609498e+000 6.670867e+001
      vertex   -1.771721e+001 -1.060950e+001 6.670867e+001
    endloop
  endfacet
  facet normal 9.988660e-001 -0.000000e+000 4.760943e-002
    outer loop
      vertex   -1.771721e+001 -1.060950e+001 6.670867e+001
      vertex   -1.771721e+001 -9.609498e+000 6.670867e+001
      vertex   -1.773329e+001 -9.609498e+000 6.704597e+001
    endloop
  endfacet
  facet normal 9.988660e-001 -1.830961e-018 4.760943e-002
    outer loop
      vertex   -1.771721e+001 -1.060950e+001 6.670867e+001
      vertex   -1.773329e+001 -9.609498e+000 6.704597e+001
      vertex   -1.773329e+001 -1.060950e+001 6.704597e+001
    endloop
  endfacet
  facet normal 9.967771e-001 -0.000000e+000 8.022153e-002
    outer loop
      vertex   -1.773329e+001 -1.060950e+001 6.704597e+001
      vertex   -1.773329e+001 -9.609498e+000 6.704597e+001
      vertex   -1.775991e+001 -9.609498e+000 6.737675e+001
    endloop
  endfacet
  facet normal 9.967771e-001 0.000000e+000 8.022153e-002
    outer loop
      vertex   -1.773329e+001 -1.060950e+001 6.704597e+001
      vertex   -1.775991e+001 -9.609498e+000 6.737675e+001
      vertex   -1.775991e+001 -1.060950e+001 6.737675e+001
    endloop
  endfacet
  facet normal 9.934565e-001 -0.000000e+000 1.142106e-001
    outer loop
      vertex   -1.775991e+001 -1.060950e+001 6.737675e+001
      vertex   -1.775991e+001 -9.609498e+000 6.737675e+001
      vertex   -1.779682e+001 -9.609498e+000 6.769780e+001
    endloop
  endfacet
  facet normal 9.934565e-001 -7.292237e-018 1.142106e-001
    outer loop
      vertex   -1.775991e+001 -1.060950e+001 6.737675e+001
      vertex   -1.779682e+001 -9.609498e+000 6.769780e+001
      vertex   -1.779682e+001 -1.060950e+001 6.769780e+001
    endloop
  endfacet
  facet normal 9.886490e-001 -0.000000e+000 1.502439e-001
    outer loop
      vertex   -1.779682e+001 -1.060950e+001 6.769780e+001
      vertex   -1.779682e+001 -9.609498e+000 6.769780e+001
      vertex   -1.784367e+001 -9.609498e+000 6.800605e+001
    endloop
  endfacet
  facet normal 9.886490e-001 -7.268348e-018 1.502439e-001
    outer loop
      vertex   -1.779682e+001 -1.060950e+001 6.769780e+001
      vertex   -1.784367e+001 -9.609498e+000 6.800605e+001
      vertex   -1.784367e+001 -1.060950e+001 6.800605e+001
    endloop
  endfacet
  facet normal 9.819568e-001 -0.000000e+000 1.891053e-001
    outer loop
      vertex   -1.784367e+001 -1.060950e+001 6.800605e+001
      vertex   -1.784367e+001 -9.609498e+000 6.800605e+001
      vertex   -1.789999e+001 -9.609498e+000 6.829853e+001
    endloop
  endfacet
  facet normal 9.819568e-001 -7.240155e-018 1.891053e-001
    outer loop
      vertex   -1.784367e+001 -1.060950e+001 6.800605e+001
      vertex   -1.789999e+001 -9.609498e+000 6.829853e+001
      vertex   -1.789999e+001 -1.060950e+001 6.829853e+001
    endloop
  endfacet
  facet normal 9.727627e-001 -0.000000e+000 2.318031e-001
    outer loop
      vertex   -1.789999e+001 -1.060950e+001 6.829853e+001
      vertex   -1.789999e+001 -9.609498e+000 6.829853e+001
      vertex   -1.796526e+001 -9.609498e+000 6.857242e+001
    endloop
  endfacet
  facet normal 9.727627e-001 7.208686e-018 2.318031e-001
    outer loop
      vertex   -1.789999e+001 -1.060950e+001 6.829853e+001
      vertex   -1.796526e+001 -9.609498e+000 6.857242e+001
      vertex   -1.796526e+001 -1.060950e+001 6.857242e+001
    endloop
  endfacet
  facet normal 9.636707e-001 -0.000000e+000 2.670932e-001
    outer loop
      vertex   -1.796526e+001 -1.060950e+001 6.857242e+001
      vertex   -1.796526e+001 -9.609498e+000 6.857242e+001
      vertex   -1.800105e+001 -9.609498e+000 6.870155e+001
    endloop
  endfacet
  facet normal 9.636707e-001 0.000000e+000 2.670932e-001
    outer loop
      vertex   -1.796526e+001 -1.060950e+001 6.857242e+001
      vertex   -1.800105e+001 -9.609498e+000 6.870155e+001
      vertex   -1.800105e+001 -1.060950e+001 6.870155e+001
    endloop
  endfacet
  facet normal 9.562598e-001 -0.000000e+000 2.925186e-001
    outer loop
      vertex   -1.800105e+001 -1.060950e+001 6.870155e+001
      vertex   -1.800105e+001 -9.609498e+000 6.870155e+001
      vertex   -1.803883e+001 -9.609498e+000 6.882507e+001
    endloop
  endfacet
  facet normal 9.562598e-001 0.000000e+000 2.925186e-001
    outer loop
      vertex   -1.800105e+001 -1.060950e+001 6.870155e+001
      vertex   -1.803883e+001 -9.609498e+000 6.882507e+001
      vertex   -1.803883e+001 -1.060950e+001 6.882507e+001
    endloop
  endfacet
  facet normal 9.475011e-001 -0.000000e+000 3.197524e-001
    outer loop
      vertex   -1.803883e+001 -1.060950e+001 6.882507e+001
      vertex   -1.803883e+001 -9.609498e+000 6.882507e+001
      vertex   -1.807852e+001 -9.609498e+000 6.894267e+001
    endloop
  endfacet
  facet normal 9.475011e-001 -6.992135e-018 3.197524e-001
    outer loop
      vertex   -1.803883e+001 -1.060950e+001 6.882507e+001
      vertex   -1.807852e+001 -9.609498e+000 6.894267e+001
      vertex   -1.807852e+001 -1.060950e+001 6.894267e+001
    endloop
  endfacet
  facet normal 9.370997e-001 -0.000000e+000 3.490618e-001
    outer loop
      vertex   -1.807852e+001 -1.060950e+001 6.894267e+001
      vertex   -1.807852e+001 -9.609498e+000 6.894267e+001
      vertex   -1.812001e+001 -9.609498e+000 6.905407e+001
    endloop
  endfacet
  facet normal 9.370997e-001 -6.987749e-018 3.490618e-001
    outer loop
      vertex   -1.807852e+001 -1.060950e+001 6.894267e+001
      vertex   -1.812001e+001 -9.609498e+000 6.905407e+001
      vertex   -1.812001e+001 -1.060950e+001 6.905407e+001
    endloop
  endfacet
  facet normal 9.247018e-001 -0.000000e+000 3.806923e-001
    outer loop
      vertex   -1.812001e+001 -1.060950e+001 6.905407e+001
      vertex   -1.812001e+001 -9.609498e+000 6.905407e+001
      vertex   -1.816321e+001 -9.609498e+000 6.915900e+001
    endloop
  endfacet
  facet normal 9.247018e-001 0.000000e+000 3.806923e-001
    outer loop
      vertex   -1.812001e+001 -1.060950e+001 6.905407e+001
      vertex   -1.816321e+001 -9.609498e+000 6.915900e+001
      vertex   -1.816321e+001 -1.060950e+001 6.915900e+001
    endloop
  endfacet
  facet normal 9.097974e-001 -0.000000e+000 4.150527e-001
    outer loop
      vertex   -1.816321e+001 -1.060950e+001 6.915900e+001
      vertex   -1.816321e+001 -9.609498e+000 6.915900e+001
      vertex   -1.820801e+001 -9.609498e+000 6.925720e+001
    endloop
  endfacet
  facet normal 9.097974e-001 0.000000e+000 4.150527e-001
    outer loop
      vertex   -1.816321e+001 -1.060950e+001 6.915900e+001
      vertex   -1.820801e+001 -9.609498e+000 6.925720e+001
      vertex   -1.820801e+001 -1.060950e+001 6.925720e+001
    endloop
  endfacet
  facet normal 8.917719e-001 -0.000000e+000 4.524853e-001
    outer loop
      vertex   -1.820801e+001 -1.060950e+001 6.925720e+001
      vertex   -1.820801e+001 -9.609498e+000 6.925720e+001
      vertex   -1.825431e+001 -9.609498e+000 6.934844e+001
    endloop
  endfacet
  facet normal 8.917719e-001 0.000000e+000 4.524853e-001
    outer loop
      vertex   -1.820801e+001 -1.060950e+001 6.925720e+001
      vertex   -1.825431e+001 -9.609498e+000 6.934844e+001
      vertex   -1.825431e+001 -1.060950e+001 6.934844e+001
    endloop
  endfacet
  facet normal 8.698285e-001 -0.000000e+000 4.933541e-001
    outer loop
      vertex   -1.825431e+001 -1.060950e+001 6.934844e+001
      vertex   -1.825431e+001 -9.609498e+000 6.934844e+001
      vertex   -1.830199e+001 -9.609498e+000 6.943250e+001
    endloop
  endfacet
  facet normal 8.698285e-001 0.000000e+000 4.933541e-001
    outer loop
      vertex   -1.825431e+001 -1.060950e+001 6.934844e+001
      vertex   -1.830199e+001 -9.609498e+000 6.943250e+001
      vertex   -1.830199e+001 -1.060950e+001 6.943250e+001
    endloop
  endfacet
  facet normal 8.429234e-001 -0.000000e+000 5.380335e-001
    outer loop
      vertex   -1.830199e+001 -1.060950e+001 6.943250e+001
      vertex   -1.830199e+001 -9.609498e+000 6.943250e+001
      vertex   -1.835093e+001 -9.609498e+000 6.950919e+001
    endloop
  endfacet
  facet normal 8.429234e-001 0.000000e+000 5.380335e-001
    outer loop
      vertex   -1.830199e+001 -1.060950e+001 6.943250e+001
      vertex   -1.835093e+001 -9.609498e+000 6.950919e+001
      vertex   -1.835093e+001 -1.060950e+001 6.950919e+001
    endloop
  endfacet
  facet normal 8.096444e-001 -0.000000e+000 5.869207e-001
    outer loop
      vertex   -1.835093e+001 -1.060950e+001 6.950919e+001
      vertex   -1.835093e+001 -9.609498e+000 6.950919e+001
      vertex   -1.840103e+001 -9.609498e+000 6.957829e+001
    endloop
  endfacet
  facet normal 8.096444e-001 -6.964125e-018 5.869207e-001
    outer loop
      vertex   -1.835093e+001 -1.060950e+001 6.950919e+001
      vertex   -1.840103e+001 -9.609498e+000 6.957829e+001
      vertex   -1.840103e+001 -1.060950e+001 6.957829e+001
    endloop
  endfacet
  facet normal 7.683583e-001 -0.000000e+000 6.400200e-001
    outer loop
      vertex   -1.840103e+001 -1.060950e+001 6.957829e+001
      vertex   -1.840103e+001 -9.609498e+000 6.957829e+001
      vertex   -1.845216e+001 -9.609498e+000 6.963967e+001
    endloop
  endfacet
  facet normal 7.683583e-001 -6.960998e-018 6.400200e-001
    outer loop
      vertex   -1.840103e+001 -1.060950e+001 6.957829e+001
      vertex   -1.845216e+001 -9.609498e+000 6.963967e+001
      vertex   -1.845216e+001 -1.060950e+001 6.963967e+001
    endloop
  endfacet
  facet normal 7.168657e-001 -0.000000e+000 6.972112e-001
    outer loop
      vertex   -1.845216e+001 -1.060950e+001 6.963967e+001
      vertex   -1.845216e+001 -9.609498e+000 6.963967e+001
      vertex   -1.850419e+001 -9.609498e+000 6.969317e+001
    endloop
  endfacet
  facet normal 7.168657e-001 -6.958189e-018 6.972112e-001
    outer loop
      vertex   -1.845216e+001 -1.060950e+001 6.963967e+001
      vertex   -1.850419e+001 -9.609498e+000 6.969317e+001
      vertex   -1.850419e+001 -1.060950e+001 6.969317e+001
    endloop
  endfacet
  facet normal 6.525969e-001 -0.000000e+000 7.577053e-001
    outer loop
      vertex   -1.850419e+001 -1.060950e+001 6.969317e+001
      vertex   -1.850419e+001 -9.609498e+000 6.969317e+001
      vertex   -1.855700e+001 -9.609498e+000 6.973866e+001
    endloop
  endfacet
  facet normal 6.525969e-001 0.000000e+000 7.577053e-001
    outer loop
      vertex   -1.850419e+001 -1.060950e+001 6.969317e+001
      vertex   -1.855700e+001 -9.609498e+000 6.973866e+001
      vertex   -1.855700e+001 -1.060950e+001 6.973866e+001
    endloop
  endfacet
  facet normal 5.728794e-001 -0.000000e+000 8.196397e-001
    outer loop
      vertex   -1.855700e+001 -1.060950e+001 6.973866e+001
      vertex   -1.855700e+001 -9.609498e+000 6.973866e+001
      vertex   -1.861046e+001 -9.609498e+000 6.977602e+001
    endloop
  endfacet
  facet normal 5.728794e-001 0.000000e+000 8.196397e-001
    outer loop
      vertex   -1.855700e+001 -1.060950e+001 6.973866e+001
      vertex   -1.861046e+001 -9.609498e+000 6.977602e+001
      vertex   -1.861046e+001 -1.060950e+001 6.977602e+001
    endloop
  endfacet
  facet normal 4.752024e-001 -0.000000e+000 8.798766e-001
    outer loop
      vertex   -1.861046e+001 -1.060950e+001 6.977602e+001
      vertex   -1.861046e+001 -9.609498e+000 6.977602e+001
      vertex   -1.866446e+001 -9.609498e+000 6.980518e+001
    endloop
  endfacet
  facet normal 4.752024e-001 0.000000e+000 8.798766e-001
    outer loop
      vertex   -1.861046e+001 -1.060950e+001 6.977602e+001
      vertex   -1.866446e+001 -9.609498e+000 6.980518e+001
      vertex   -1.866446e+001 -1.060950e+001 6.980518e+001
    endloop
  endfacet
  facet normal 3.583361e-001 -0.000000e+000 9.335926e-001
    outer loop
      vertex   -1.866446e+001 -1.060950e+001 6.980518e+001
      vertex   -1.866446e+001 -9.609498e+000 6.980518e+001
      vertex   -1.871884e+001 -9.609498e+000 6.982606e+001
    endloop
  endfacet
  facet normal 3.583361e-001 0.000000e+000 9.335926e-001
    outer loop
      vertex   -1.866446e+001 -1.060950e+001 6.980518e+001
      vertex   -1.871884e+001 -9.609498e+000 6.982606e+001
      vertex   -1.871884e+001 -1.060950e+001 6.982606e+001
    endloop
  endfacet
  facet normal 2.238259e-001 -0.000000e+000 9.746292e-001
    outer loop
      vertex   -1.871884e+001 -1.060950e+001 6.982606e+001
      vertex   -1.871884e+001 -9.609498e+000 6.982606e+001
      vertex   -1.877349e+001 -9.609498e+000 6.983861e+001
    endloop
  endfacet
  facet normal 2.238259e-001 1.737448e-018 9.746292e-001
    outer loop
      vertex   -1.871884e+001 -1.060950e+001 6.982606e+001
      vertex   -1.877349e+001 -9.609498e+000 6.983861e+001
      vertex   -1.877349e+001 -1.060950e+001 6.983861e+001
    endloop
  endfacet
  facet normal 7.609915e-002 -0.000000e+000 9.971002e-001
    outer loop
      vertex   -1.877349e+001 -1.060950e+001 6.983861e+001
      vertex   -1.877349e+001 -9.609498e+000 6.983861e+001
      vertex   -1.882827e+001 -9.609498e+000 6.984279e+001
    endloop
  endfacet
  facet normal 7.609915e-002 -8.686698e-019 9.971002e-001
    outer loop
      vertex   -1.877349e+001 -1.060950e+001 6.983861e+001
      vertex   -1.882827e+001 -9.609498e+000 6.984279e+001
      vertex   -1.882827e+001 -1.060950e+001 6.984279e+001
    endloop
  endfacet
  facet normal 0.000000e+000 0.000000e+000 1.000000e+000
    outer loop
      vertex   -1.882827e+001 -9.609498e+000 6.984279e+001
      vertex   -3.577041e+001 -9.609498e+000 6.984279e+001
      vertex   -1.882827e+001 -1.060950e+001 6.984279e+001
    endloop
  endfacet
  facet normal 0.000000e+000 0.000000e+000 1.000000e+000
    outer loop
      vertex   -1.882827e+001 -1.060950e+001 6.984279e+001
      vertex   -3.577041e+001 -9.609498e+000 6.984279e+001
      vertex   -3.577041e+001 -1.060950e+001 6.984279e+001
    endloop
  endfacet
  facet normal -9.998755e-001 -0.000000e+000 -1.577967e-002
    outer loop
      vertex   -3.688684e+001 -9.609498e+000 6.131749e+001
      vertex   -3.688146e+001 -9.609498e+000 6.097691e+001
      vertex   -3.688684e+001 -1.060950e+001 6.131749e+001
    endloop
  endfacet
  facet normal -9.998755e-001 0.000000e+000 -1.577967e-002
    outer loop
      vertex   -3.688684e+001 -1.060950e+001 6.131749e+001
      vertex   -3.688146e+001 -9.609498e+000 6.097691e+001
      vertex   -3.688146e+001 -1.060950e+001 6.097691e+001
    endloop
  endfacet
  facet normal -9.988663e-001 0.000000e+000 -4.760433e-002
    outer loop
      vertex   -3.688146e+001 -1.060950e+001 6.097691e+001
      vertex   -3.688146e+001 -9.609498e+000 6.097691e+001
      vertex   -3.686539e+001 -9.609498e+000 6.063961e+001
    endloop
  endfacet
  facet normal -9.988663e-001 0.000000e+000 -4.760433e-002
    outer loop
      vertex   -3.688146e+001 -1.060950e+001 6.097691e+001
      vertex   -3.686539e+001 -9.609498e+000 6.063961e+001
      vertex   -3.686539e+001 -1.060950e+001 6.063961e+001
    endloop
  endfacet
  facet normal -9.967766e-001 0.000000e+000 -8.022724e-002
    outer loop
      vertex   -3.686539e+001 -1.060950e+001 6.063961e+001
      vertex   -3.686539e+001 -9.609498e+000 6.063961e+001
      vertex   -3.683876e+001 -9.609498e+000 6.030884e+001
    endloop
  endfacet
  facet normal -9.967766e-001 3.655485e-018 -8.022724e-002
    outer loop
      vertex   -3.686539e+001 -1.060950e+001 6.063961e+001
      vertex   -3.683876e+001 -9.609498e+000 6.030884e+001
      vertex   -3.683876e+001 -1.060950e+001 6.030884e+001
    endloop
  endfacet
  facet normal -9.934574e-001 0.000000e+000 -1.142034e-001
    outer loop
      vertex   -3.683876e+001 -1.060950e+001 6.030884e+001
      vertex   -3.683876e+001 -9.609498e+000 6.030884e+001
      vertex   -3.680186e+001 -9.609498e+000 5.998778e+001
    endloop
  endfacet
  facet normal -9.934574e-001 7.292244e-018 -1.142034e-001
    outer loop
      vertex   -3.683876e+001 -1.060950e+001 6.030884e+001
      vertex   -3.680186e+001 -9.609498e+000 5.998778e+001
      vertex   -3.680186e+001 -1.060950e+001 5.998778e+001
    endloop
  endfacet
  facet normal -9.886492e-001 0.000000e+000 -1.502421e-001
    outer loop
      vertex   -3.680186e+001 -1.060950e+001 5.998778e+001
      vertex   -3.680186e+001 -9.609498e+000 5.998778e+001
      vertex   -3.675501e+001 -9.609498e+000 5.967953e+001
    endloop
  endfacet
  facet normal -9.886492e-001 0.000000e+000 -1.502421e-001
    outer loop
      vertex   -3.680186e+001 -1.060950e+001 5.998778e+001
      vertex   -3.675501e+001 -9.609498e+000 5.967953e+001
      vertex   -3.675501e+001 -1.060950e+001 5.967953e+001
    endloop
  endfacet
  facet normal -9.819552e-001 0.000000e+000 -1.891139e-001
    outer loop
      vertex   -3.675501e+001 -1.060950e+001 5.967953e+001
      vertex   -3.675501e+001 -9.609498e+000 5.967953e+001
      vertex   -3.669868e+001 -9.609498e+000 5.938705e+001
    endloop
  endfacet
  facet normal -9.819552e-001 0.000000e+000 -1.891139e-001
    outer loop
      vertex   -3.675501e+001 -1.060950e+001 5.967953e+001
      vertex   -3.669868e+001 -9.609498e+000 5.938705e+001
      vertex   -3.669868e+001 -1.060950e+001 5.938705e+001
    endloop
  endfacet
  facet normal -9.727627e-001 0.000000e+000 -2.318031e-001
    outer loop
      vertex   -3.669868e+001 -1.060950e+001 5.938705e+001
      vertex   -3.669868e+001 -9.609498e+000 5.938705e+001
      vertex   -3.663342e+001 -9.609498e+000 5.911316e+001
    endloop
  endfacet
  facet normal -9.727627e-001 7.208686e-018 -2.318031e-001
    outer loop
      vertex   -3.669868e+001 -1.060950e+001 5.938705e+001
      vertex   -3.663342e+001 -9.609498e+000 5.911316e+001
      vertex   -3.663342e+001 -1.060950e+001 5.911316e+001
    endloop
  endfacet
  facet normal -9.636764e-001 0.000000e+000 -2.670727e-001
    outer loop
      vertex   -3.663342e+001 -1.060950e+001 5.911316e+001
      vertex   -3.663342e+001 -9.609498e+000 5.911316e+001
      vertex   -3.659763e+001 -9.609498e+000 5.898402e+001
    endloop
  endfacet
  facet normal -9.636764e-001 0.000000e+000 -2.670727e-001
    outer loop
      vertex   -3.663342e+001 -1.060950e+001 5.911316e+001
      vertex   -3.659763e+001 -9.609498e+000 5.898402e+001
      vertex   -3.659763e+001 -1.060950e+001 5.898402e+001
    endloop
  endfacet
  facet normal -9.562573e-001 0.000000e+000 -2.925269e-001
    outer loop
      vertex   -3.659763e+001 -1.060950e+001 5.898402e+001
      vertex   -3.659763e+001 -9.609498e+000 5.898402e+001
      vertex   -3.655984e+001 -9.609498e+000 5.886051e+001
    endloop
  endfacet
  facet normal -9.562573e-001 0.000000e+000 -2.925269e-001
    outer loop
      vertex   -3.659763e+001 -1.060950e+001 5.898402e+001
      vertex   -3.655984e+001 -9.609498e+000 5.886051e+001
      vertex   -3.655984e+001 -1.060950e+001 5.886051e+001
    endloop
  endfacet
  facet normal -9.474965e-001 0.000000e+000 -3.197662e-001
    outer loop
      vertex   -3.655984e+001 -1.060950e+001 5.886051e+001
      vertex   -3.655984e+001 -9.609498e+000 5.886051e+001
      vertex   -3.652016e+001 -9.609498e+000 5.874291e+001
    endloop
  endfacet
  facet normal -9.474965e-001 -6.992135e-018 -3.197662e-001
    outer loop
      vertex   -3.655984e+001 -1.060950e+001 5.886051e+001
      vertex   -3.652016e+001 -9.609498e+000 5.874291e+001
      vertex   -3.652016e+001 -1.060950e+001 5.874291e+001
    endloop
  endfacet
  facet normal -9.371049e-001 0.000000e+000 -3.490477e-001
    outer loop
      vertex   -3.652016e+001 -1.060950e+001 5.874291e+001
      vertex   -3.652016e+001 -9.609498e+000 5.874291e+001
      vertex   -3.647866e+001 -9.609498e+000 5.863151e+001
    endloop
  endfacet
  facet normal -9.371049e-001 0.000000e+000 -3.490477e-001
    outer loop
      vertex   -3.652016e+001 -1.060950e+001 5.874291e+001
      vertex   -3.647866e+001 -9.609498e+000 5.863151e+001
      vertex   -3.647866e+001 -1.060950e+001 5.863151e+001
    endloop
  endfacet
  facet normal -9.247018e-001 0.000000e+000 -3.806923e-001
    outer loop
      vertex   -3.647866e+001 -1.060950e+001 5.863151e+001
      vertex   -3.647866e+001 -9.609498e+000 5.863151e+001
      vertex   -3.643547e+001 -9.609498e+000 5.852658e+001
    endloop
  endfacet
  facet normal -9.247018e-001 0.000000e+000 -3.806923e-001
    outer loop
      vertex   -3.647866e+001 -1.060950e+001 5.863151e+001
      vertex   -3.643547e+001 -9.609498e+000 5.852658e+001
      vertex   -3.643547e+001 -1.060950e+001 5.852658e+001
    endloop
  endfacet
  facet normal -9.097846e-001 0.000000e+000 -4.150806e-001
    outer loop
      vertex   -3.643547e+001 -1.060950e+001 5.852658e+001
      vertex   -3.643547e+001 -9.609498e+000 5.852658e+001
      vertex   -3.639066e+001 -9.609498e+000 5.842838e+001
    endloop
  endfacet
  facet normal -9.097846e-001 -6.979199e-018 -4.150806e-001
    outer loop
      vertex   -3.643547e+001 -1.060950e+001 5.852658e+001
      vertex   -3.639066e+001 -9.609498e+000 5.842838e+001
      vertex   -3.639066e+001 -1.060950e+001 5.842838e+001
    endloop
  endfacet
  facet normal -8.917719e-001 0.000000e+000 -4.524853e-001
    outer loop
      vertex   -3.639066e+001 -1.060950e+001 5.842838e+001
      vertex   -3.639066e+001 -9.609498e+000 5.842838e+001
      vertex   -3.634437e+001 -9.609498e+000 5.833714e+001
    endloop
  endfacet
  facet normal -8.917719e-001 0.000000e+000 -4.524853e-001
    outer loop
      vertex   -3.639066e+001 -1.060950e+001 5.842838e+001
      vertex   -3.634437e+001 -9.609498e+000 5.833714e+001
      vertex   -3.634437e+001 -1.060950e+001 5.833714e+001
    endloop
  endfacet
  facet normal -8.698466e-001 0.000000e+000 -4.933223e-001
    outer loop
      vertex   -3.634437e+001 -1.060950e+001 5.833714e+001
      vertex   -3.634437e+001 -9.609498e+000 5.833714e+001
      vertex   -3.629669e+001 -9.609498e+000 5.825308e+001
    endloop
  endfacet
  facet normal -8.698466e-001 0.000000e+000 -4.933223e-001
    outer loop
      vertex   -3.634437e+001 -1.060950e+001 5.833714e+001
      vertex   -3.629669e+001 -9.609498e+000 5.825308e+001
      vertex   -3.629669e+001 -1.060950e+001 5.825308e+001
    endloop
  endfacet
  facet normal -8.429113e-001 0.000000e+000 -5.380526e-001
    outer loop
      vertex   -3.629669e+001 -1.060950e+001 5.825308e+001
      vertex   -3.629669e+001 -9.609498e+000 5.825308e+001
      vertex   -3.624775e+001 -9.609498e+000 5.817640e+001
    endloop
  endfacet
  facet normal -8.429113e-001 0.000000e+000 -5.380526e-001
    outer loop
      vertex   -3.629669e+001 -1.060950e+001 5.825308e+001
      vertex   -3.624775e+001 -9.609498e+000 5.817640e+001
      vertex   -3.624775e+001 -1.060950e+001 5.817640e+001
    endloop
  endfacet
  facet normal -8.096492e-001 0.000000e+000 -5.869141e-001
    outer loop
      vertex   -3.624775e+001 -1.060950e+001 5.817640e+001
      vertex   -3.624775e+001 -9.609498e+000 5.817640e+001
      vertex   -3.619765e+001 -9.609498e+000 5.810729e+001
    endloop
  endfacet
  facet normal -8.096492e-001 6.964127e-018 -5.869141e-001
    outer loop
      vertex   -3.624775e+001 -1.060950e+001 5.817640e+001
      vertex   -3.619765e+001 -9.609498e+000 5.810729e+001
      vertex   -3.619765e+001 -1.060950e+001 5.810729e+001
    endloop
  endfacet
  facet normal -7.683896e-001 0.000000e+000 -6.399824e-001
    outer loop
      vertex   -3.619765e+001 -1.060950e+001 5.810729e+001
      vertex   -3.619765e+001 -9.609498e+000 5.810729e+001
      vertex   -3.614652e+001 -9.609498e+000 5.804591e+001
    endloop
  endfacet
  facet normal -7.683896e-001 0.000000e+000 -6.399824e-001
    outer loop
      vertex   -3.619765e+001 -1.060950e+001 5.810729e+001
      vertex   -3.614652e+001 -9.609498e+000 5.804591e+001
      vertex   -3.614652e+001 -1.060950e+001 5.804591e+001
    endloop
  endfacet
  facet normal -7.168530e-001 0.000000e+000 -6.972244e-001
    outer loop
      vertex   -3.614652e+001 -1.060950e+001 5.804591e+001
      vertex   -3.614652e+001 -9.609498e+000 5.804591e+001
      vertex   -3.609449e+001 -9.609498e+000 5.799241e+001
    endloop
  endfacet
  facet normal -7.168530e-001 6.958190e-018 -6.972244e-001
    outer loop
      vertex   -3.614652e+001 -1.060950e+001 5.804591e+001
      vertex   -3.609449e+001 -9.609498e+000 5.799241e+001
      vertex   -3.609449e+001 -1.060950e+001 5.799241e+001
    endloop
  endfacet
  facet normal -6.526104e-001 0.000000e+000 -7.576936e-001
    outer loop
      vertex   -3.609449e+001 -1.060950e+001 5.799241e+001
      vertex   -3.609449e+001 -9.609498e+000 5.799241e+001
      vertex   -3.604168e+001 -9.609498e+000 5.794692e+001
    endloop
  endfacet
  facet normal -6.526104e-001 0.000000e+000 -7.576936e-001
    outer loop
      vertex   -3.609449e+001 -1.060950e+001 5.799241e+001
      vertex   -3.604168e+001 -9.609498e+000 5.794692e+001
      vertex   -3.604168e+001 -1.060950e+001 5.794692e+001
    endloop
  endfacet
  facet normal -5.728263e-001 0.000000e+000 -8.196768e-001
    outer loop
      vertex   -3.604168e+001 -1.060950e+001 5.794692e+001
      vertex   -3.604168e+001 -9.609498e+000 5.794692e+001
      vertex   -3.598821e+001 -9.609498e+000 5.790956e+001
    endloop
  endfacet
  facet normal -5.728263e-001 -3.476820e-018 -8.196768e-001
    outer loop
      vertex   -3.604168e+001 -1.060950e+001 5.794692e+001
      vertex   -3.598821e+001 -9.609498e+000 5.790956e+001
      vertex   -3.598821e+001 -1.060950e+001 5.790956e+001
    endloop
  endfacet
  facet normal -4.752153e-001 0.000000e+000 -8.798695e-001
    outer loop
      vertex   -3.598821e+001 -1.060950e+001 5.790956e+001
      vertex   -3.598821e+001 -9.609498e+000 5.790956e+001
      vertex   -3.593422e+001 -9.609498e+000 5.788040e+001
    endloop
  endfacet
  facet normal -4.752153e-001 0.000000e+000 -8.798695e-001
    outer loop
      vertex   -3.598821e+001 -1.060950e+001 5.790956e+001
      vertex   -3.593422e+001 -9.609498e+000 5.788040e+001
      vertex   -3.593422e+001 -1.060950e+001 5.788040e+001
    endloop
  endfacet
  facet normal -3.583252e-001 0.000000e+000 -9.335968e-001
    outer loop
      vertex   -3.593422e+001 -1.060950e+001 5.788040e+001
      vertex   -3.593422e+001 -9.609498e+000 5.788040e+001
      vertex   -3.587984e+001 -9.609498e+000 5.785952e+001
    endloop
  endfacet
  facet normal -3.583252e-001 0.000000e+000 -9.335968e-001
    outer loop
      vertex   -3.593422e+001 -1.060950e+001 5.788040e+001
      vertex   -3.587984e+001 -9.609498e+000 5.785952e+001
      vertex   -3.587984e+001 -1.060950e+001 5.785952e+001
    endloop
  endfacet
  facet normal -2.237613e-001 0.000000e+000 -9.746440e-001
    outer loop
      vertex   -3.587984e+001 -1.060950e+001 5.785952e+001
      vertex   -3.587984e+001 -9.609498e+000 5.785952e+001
      vertex   -3.582519e+001 -9.609498e+000 5.784698e+001
    endloop
  endfacet
  facet normal -2.237613e-001 1.737448e-018 -9.746440e-001
    outer loop
      vertex   -3.587984e+001 -1.060950e+001 5.785952e+001
      vertex   -3.582519e+001 -9.609498e+000 5.784698e+001
      vertex   -3.582519e+001 -1.060950e+001 5.784698e+001
    endloop
  endfacet
  facet normal -7.617082e-002 0.000000e+000 -9.970948e-001
    outer loop
      vertex   -3.582519e+001 -1.060950e+001 5.784698e+001
      vertex   -3.582519e+001 -9.609498e+000 5.784698e+001
      vertex   -3.577041e+001 -9.609498e+000 5.784279e+001
    endloop
  endfacet
  facet normal -7.617082e-002 0.000000e+000 -9.970948e-001
    outer loop
      vertex   -3.582519e+001 -1.060950e+001 5.784698e+001
      vertex   -3.577041e+001 -9.609498e+000 5.784279e+001
      vertex   -3.577041e+001 -1.060950e+001 5.784279e+001
    endloop
  endfacet
  facet normal 0.000000e+000 0.000000e+000 -1.000000e+000
    outer loop
      vertex   -1.882827e+001 -1.060950e+001 5.784279e+001
      vertex   -3.577041e+001 -1.060950e+001 5.784279e+001
      vertex   -1.882827e+001 -9.609498e+000 5.784279e+001
    endloop
  endfacet
  facet normal -0.000000e+000 0.000000e+000 -1.000000e+000
    outer loop
      vertex   -1.882827e+001 -9.609498e+000 5.784279e+001
      vertex   -3.577041e+001 -1.060950e+001 5.784279e+001
      vertex   -3.577041e+001 -9.609498e+000 5.784279e+001
    endloop
  endfacet
  facet normal -9.998755e-001 0.000000e+000 1.577949e-002
    outer loop
      vertex   -3.688684e+001 -1.060950e+001 6.636809e+001
      vertex   -3.688146e+001 -1.060950e+001 6.670867e+001
      vertex   -3.688684e+001 -9.609498e+000 6.636809e+001
    endloop
  endfacet
  facet normal -9.998755e-001 9.162995e-019 1.577949e-002
    outer loop
      vertex   -3.688684e+001 -9.609498e+000 6.636809e+001
      vertex   -3.688146e+001 -1.060950e+001 6.670867e+001
      vertex   -3.688146e+001 -9.609498e+000 6.670867e+001
    endloop
  endfacet
  facet normal -9.988663e-001 0.000000e+000 4.760379e-002
    outer loop
      vertex   -3.688146e+001 -9.609498e+000 6.670867e+001
      vertex   -3.688146e+001 -1.060950e+001 6.670867e+001
      vertex   -3.686539e+001 -1.060950e+001 6.704597e+001
    endloop
  endfacet
  facet normal -9.988663e-001 0.000000e+000 4.760379e-002
    outer loop
      vertex   -3.688146e+001 -9.609498e+000 6.670867e+001
      vertex   -3.686539e+001 -1.060950e+001 6.704597e+001
      vertex   -3.686539e+001 -9.609498e+000 6.704597e+001
    endloop
  endfacet
  facet normal -9.967766e-001 0.000000e+000 8.022724e-002
    outer loop
      vertex   -3.686539e+001 -9.609498e+000 6.704597e+001
      vertex   -3.686539e+001 -1.060950e+001 6.704597e+001
      vertex   -3.683876e+001 -1.060950e+001 6.737675e+001
    endloop
  endfacet
  facet normal -9.967766e-001 -3.655485e-018 8.022724e-002
    outer loop
      vertex   -3.686539e+001 -9.609498e+000 6.704597e+001
      vertex   -3.683876e+001 -1.060950e+001 6.737675e+001
      vertex   -3.683876e+001 -9.609498e+000 6.737675e+001
    endloop
  endfacet
  facet normal -9.934573e-001 0.000000e+000 1.142047e-001
    outer loop
      vertex   -3.683876e+001 -9.609498e+000 6.737675e+001
      vertex   -3.683876e+001 -1.060950e+001 6.737675e+001
      vertex   -3.680186e+001 -1.060950e+001 6.769780e+001
    endloop
  endfacet
  facet normal -9.934573e-001 -7.292236e-018 1.142047e-001
    outer loop
      vertex   -3.683876e+001 -9.609498e+000 6.737675e+001
      vertex   -3.680186e+001 -1.060950e+001 6.769780e+001
      vertex   -3.680186e+001 -9.609498e+000 6.769780e+001
    endloop
  endfacet
  facet normal -9.886490e-001 0.000000e+000 1.502439e-001
    outer loop
      vertex   -3.680186e+001 -9.609498e+000 6.769780e+001
      vertex   -3.680186e+001 -1.060950e+001 6.769780e+001
      vertex   -3.675501e+001 -1.060950e+001 6.800605e+001
    endloop
  endfacet
  facet normal -9.886490e-001 7.268348e-018 1.502439e-001
    outer loop
      vertex   -3.680186e+001 -9.609498e+000 6.769780e+001
      vertex   -3.675501e+001 -1.060950e+001 6.800605e+001
      vertex   -3.675501e+001 -9.609498e+000 6.800605e+001
    endloop
  endfacet
  facet normal -9.819556e-001 0.000000e+000 1.891115e-001
    outer loop
      vertex   -3.675501e+001 -9.609498e+000 6.800605e+001
      vertex   -3.675501e+001 -1.060950e+001 6.800605e+001
      vertex   -3.669868e+001 -1.060950e+001 6.829853e+001
    endloop
  endfacet
  facet normal -9.819556e-001 0.000000e+000 1.891115e-001
    outer loop
      vertex   -3.675501e+001 -9.609498e+000 6.800605e+001
      vertex   -3.669868e+001 -1.060950e+001 6.829853e+001
      vertex   -3.669868e+001 -9.609498e+000 6.829853e+001
    endloop
  endfacet
  facet normal -9.727627e-001 0.000000e+000 2.318031e-001
    outer loop
      vertex   -3.669868e+001 -9.609498e+000 6.829853e+001
      vertex   -3.669868e+001 -1.060950e+001 6.829853e+001
      vertex   -3.663342e+001 -1.060950e+001 6.857242e+001
    endloop
  endfacet
  facet normal -9.727627e-001 -7.208686e-018 2.318031e-001
    outer loop
      vertex   -3.669868e+001 -9.609498e+000 6.829853e+001
      vertex   -3.663342e+001 -1.060950e+001 6.857242e+001
      vertex   -3.663342e+001 -9.609498e+000 6.857242e+001
    endloop
  endfacet
  facet normal -9.636744e-001 0.000000e+000 2.670800e-001
    outer loop
      vertex   -3.663342e+001 -9.609498e+000 6.857242e+001
      vertex   -3.663342e+001 -1.060950e+001 6.857242e+001
      vertex   -3.659763e+001 -1.060950e+001 6.870155e+001
    endloop
  endfacet
  facet normal -9.636744e-001 7.000917e-018 2.670800e-001
    outer loop
      vertex   -3.663342e+001 -9.609498e+000 6.857242e+001
      vertex   -3.659763e+001 -1.060950e+001 6.870155e+001
      vertex   -3.659763e+001 -9.609498e+000 6.870155e+001
    endloop
  endfacet
  facet normal -9.562598e-001 0.000000e+000 2.925186e-001
    outer loop
      vertex   -3.659763e+001 -9.609498e+000 6.870155e+001
      vertex   -3.659763e+001 -1.060950e+001 6.870155e+001
      vertex   -3.655984e+001 -1.060950e+001 6.882507e+001
    endloop
  endfacet
  facet normal -9.562598e-001 0.000000e+000 2.925186e-001
    outer loop
      vertex   -3.659763e+001 -9.609498e+000 6.870155e+001
      vertex   -3.655984e+001 -1.060950e+001 6.882507e+001
      vertex   -3.655984e+001 -9.609498e+000 6.882507e+001
    endloop
  endfacet
  facet normal -9.474965e-001 0.000000e+000 3.197662e-001
    outer loop
      vertex   -3.655984e+001 -9.609498e+000 6.882507e+001
      vertex   -3.655984e+001 -1.060950e+001 6.882507e+001
      vertex   -3.652016e+001 -1.060950e+001 6.894267e+001
    endloop
  endfacet
  facet normal -9.474965e-001 6.992135e-018 3.197662e-001
    outer loop
      vertex   -3.655984e+001 -9.609498e+000 6.882507e+001
      vertex   -3.652016e+001 -1.060950e+001 6.894267e+001
      vertex   -3.652016e+001 -9.609498e+000 6.894267e+001
    endloop
  endfacet
  facet normal -9.371049e-001 0.000000e+000 3.490477e-001
    outer loop
      vertex   -3.652016e+001 -9.609498e+000 6.894267e+001
      vertex   -3.652016e+001 -1.060950e+001 6.894267e+001
      vertex   -3.647866e+001 -1.060950e+001 6.905407e+001
    endloop
  endfacet
  facet normal -9.371049e-001 0.000000e+000 3.490477e-001
    outer loop
      vertex   -3.652016e+001 -9.609498e+000 6.894267e+001
      vertex   -3.647866e+001 -1.060950e+001 6.905407e+001
      vertex   -3.647866e+001 -9.609498e+000 6.905407e+001
    endloop
  endfacet
  facet normal -9.247018e-001 0.000000e+000 3.806923e-001
    outer loop
      vertex   -3.647866e+001 -9.609498e+000 6.905407e+001
      vertex   -3.647866e+001 -1.060950e+001 6.905407e+001
      vertex   -3.643547e+001 -1.060950e+001 6.915900e+001
    endloop
  endfacet
  facet normal -9.247018e-001 0.000000e+000 3.806923e-001
    outer loop
      vertex   -3.647866e+001 -9.609498e+000 6.905407e+001
      vertex   -3.643547e+001 -1.060950e+001 6.915900e+001
      vertex   -3.643547e+001 -9.609498e+000 6.915900e+001
    endloop
  endfacet
  facet normal -9.097907e-001 0.000000e+000 4.150673e-001
    outer loop
      vertex   -3.643547e+001 -9.609498e+000 6.915900e+001
      vertex   -3.643547e+001 -1.060950e+001 6.915900e+001
      vertex   -3.639066e+001 -1.060950e+001 6.925720e+001
    endloop
  endfacet
  facet normal -9.097907e-001 0.000000e+000 4.150673e-001
    outer loop
      vertex   -3.643547e+001 -9.609498e+000 6.915900e+001
      vertex   -3.639066e+001 -1.060950e+001 6.925720e+001
      vertex   -3.639066e+001 -9.609498e+000 6.925720e+001
    endloop
  endfacet
  facet normal -8.917719e-001 0.000000e+000 4.524853e-001
    outer loop
      vertex   -3.639066e+001 -9.609498e+000 6.925720e+001
      vertex   -3.639066e+001 -1.060950e+001 6.925720e+001
      vertex   -3.634437e+001 -1.060950e+001 6.934844e+001
    endloop
  endfacet
  facet normal -8.917719e-001 0.000000e+000 4.524853e-001
    outer loop
      vertex   -3.639066e+001 -9.609498e+000 6.925720e+001
      vertex   -3.634437e+001 -1.060950e+001 6.934844e+001
      vertex   -3.634437e+001 -9.609498e+000 6.934844e+001
    endloop
  endfacet
  facet normal -8.698370e-001 0.000000e+000 4.933392e-001
    outer loop
      vertex   -3.634437e+001 -9.609498e+000 6.934844e+001
      vertex   -3.634437e+001 -1.060950e+001 6.934844e+001
      vertex   -3.629669e+001 -1.060950e+001 6.943250e+001
    endloop
  endfacet
  facet normal -8.698370e-001 1.394244e-017 4.933392e-001
    outer loop
      vertex   -3.634437e+001 -9.609498e+000 6.934844e+001
      vertex   -3.629669e+001 -1.060950e+001 6.943250e+001
      vertex   -3.629669e+001 -9.609498e+000 6.943250e+001
    endloop
  endfacet
  facet normal -8.429234e-001 0.000000e+000 5.380335e-001
    outer loop
      vertex   -3.629669e+001 -9.609498e+000 6.943250e+001
      vertex   -3.629669e+001 -1.060950e+001 6.943250e+001
      vertex   -3.624775e+001 -1.060950e+001 6.950919e+001
    endloop
  endfacet
  facet normal -8.429234e-001 0.000000e+000 5.380335e-001
    outer loop
      vertex   -3.629669e+001 -9.609498e+000 6.943250e+001
      vertex   -3.624775e+001 -1.060950e+001 6.950919e+001
      vertex   -3.624775e+001 -9.609498e+000 6.950919e+001
    endloop
  endfacet
  facet normal -8.096338e-001 0.000000e+000 5.869353e-001
    outer loop
      vertex   -3.624775e+001 -9.609498e+000 6.950919e+001
      vertex   -3.624775e+001 -1.060950e+001 6.950919e+001
      vertex   -3.619765e+001 -1.060950e+001 6.957829e+001
    endloop
  endfacet
  facet normal -8.096338e-001 0.000000e+000 5.869353e-001
    outer loop
      vertex   -3.624775e+001 -9.609498e+000 6.950919e+001
      vertex   -3.619765e+001 -1.060950e+001 6.957829e+001
      vertex   -3.619765e+001 -9.609498e+000 6.957829e+001
    endloop
  endfacet
  facet normal -7.683700e-001 0.000000e+000 6.400059e-001
    outer loop
      vertex   -3.619765e+001 -9.609498e+000 6.957829e+001
      vertex   -3.619765e+001 -1.060950e+001 6.957829e+001
      vertex   -3.614652e+001 -1.060950e+001 6.963967e+001
    endloop
  endfacet
  facet normal -7.683700e-001 0.000000e+000 6.400059e-001
    outer loop
      vertex   -3.619765e+001 -9.609498e+000 6.957829e+001
      vertex   -3.614652e+001 -1.060950e+001 6.963967e+001
      vertex   -3.614652e+001 -9.609498e+000 6.963967e+001
    endloop
  endfacet
  facet normal -7.168530e-001 0.000000e+000 6.972244e-001
    outer loop
      vertex   -3.614652e+001 -9.609498e+000 6.963967e+001
      vertex   -3.614652e+001 -1.060950e+001 6.963967e+001
      vertex   -3.609449e+001 -1.060950e+001 6.969317e+001
    endloop
  endfacet
  facet normal -7.168530e-001 -6.958190e-018 6.972244e-001
    outer loop
      vertex   -3.614652e+001 -9.609498e+000 6.963967e+001
      vertex   -3.609449e+001 -1.060950e+001 6.969317e+001
      vertex   -3.609449e+001 -9.609498e+000 6.969317e+001
    endloop
  endfacet
  facet normal -6.526104e-001 0.000000e+000 7.576936e-001
    outer loop
      vertex   -3.609449e+001 -9.609498e+000 6.969317e+001
      vertex   -3.609449e+001 -1.060950e+001 6.969317e+001
      vertex   -3.604168e+001 -1.060950e+001 6.973866e+001
    endloop
  endfacet
  facet normal -6.526104e-001 0.000000e+000 7.576936e-001
    outer loop
      vertex   -3.609449e+001 -9.609498e+000 6.969317e+001
      vertex   -3.604168e+001 -1.060950e+001 6.973866e+001
      vertex   -3.604168e+001 -9.609498e+000 6.973866e+001
    endloop
  endfacet
  facet normal -5.728656e-001 0.000000e+000 8.196493e-001
    outer loop
      vertex   -3.604168e+001 -9.609498e+000 6.973866e+001
      vertex   -3.604168e+001 -1.060950e+001 6.973866e+001
      vertex   -3.598821e+001 -1.060950e+001 6.977602e+001
    endloop
  endfacet
  facet normal -5.728656e-001 0.000000e+000 8.196493e-001
    outer loop
      vertex   -3.604168e+001 -9.609498e+000 6.973866e+001
      vertex   -3.598821e+001 -1.060950e+001 6.977602e+001
      vertex   -3.598821e+001 -9.609498e+000 6.977602e+001
    endloop
  endfacet
  facet normal -4.752153e-001 0.000000e+000 8.798695e-001
    outer loop
      vertex   -3.598821e+001 -9.609498e+000 6.977602e+001
      vertex   -3.598821e+001 -1.060950e+001 6.977602e+001
      vertex   -3.593422e+001 -1.060950e+001 6.980518e+001
    endloop
  endfacet
  facet normal -4.752153e-001 0.000000e+000 8.798695e-001
    outer loop
      vertex   -3.598821e+001 -9.609498e+000 6.977602e+001
      vertex   -3.593422e+001 -1.060950e+001 6.980518e+001
      vertex   -3.593422e+001 -9.609498e+000 6.980518e+001
    endloop
  endfacet
  facet normal -3.583252e-001 0.000000e+000 9.335968e-001
    outer loop
      vertex   -3.593422e+001 -9.609498e+000 6.980518e+001
      vertex   -3.593422e+001 -1.060950e+001 6.980518e+001
      vertex   -3.587984e+001 -1.060950e+001 6.982606e+001
    endloop
  endfacet
  facet normal -3.583252e-001 0.000000e+000 9.335968e-001
    outer loop
      vertex   -3.593422e+001 -9.609498e+000 6.980518e+001
      vertex   -3.587984e+001 -1.060950e+001 6.982606e+001
      vertex   -3.587984e+001 -9.609498e+000 6.982606e+001
    endloop
  endfacet
  facet normal -2.238259e-001 0.000000e+000 9.746292e-001
    outer loop
      vertex   -3.587984e+001 -9.609498e+000 6.982606e+001
      vertex   -3.587984e+001 -1.060950e+001 6.982606e+001
      vertex   -3.582519e+001 -1.060950e+001 6.983861e+001
    endloop
  endfacet
  facet normal -2.238259e-001 -1.737448e-018 9.746292e-001
    outer loop
      vertex   -3.587984e+001 -9.609498e+000 6.982606e+001
      vertex   -3.582519e+001 -1.060950e+001 6.983861e+001
      vertex   -3.582519e+001 -9.609498e+000 6.983861e+001
    endloop
  endfacet
  facet normal -7.610179e-002 0.000000e+000 9.971001e-001
    outer loop
      vertex   -3.582519e+001 -9.609498e+000 6.983861e+001
      vertex   -3.582519e+001 -1.060950e+001 6.983861e+001
      vertex   -3.577041e+001 -1.060950e+001 6.984279e+001
    endloop
  endfacet
  facet normal -7.610179e-002 0.000000e+000 9.971001e-001
    outer loop
      vertex   -3.582519e+001 -9.609498e+000 6.983861e+001
      vertex   -3.577041e+001 -1.060950e+001 6.984279e+001
      vertex   -3.577041e+001 -9.609498e+000 6.984279e+001
    endloop
  endfacet
  facet normal -0.000000e+000 -1.000000e+000 0.000000e+000
    outer loop
      vertex   -1.877349e+001 -1.060950e+001 5.784698e+001
      vertex   -1.877349e+001 -1.060950e+001 6.983861e+001
      vertex   -1.882827e+001 -1.060950e+001 5.784279e+001
    endloop
  endfacet
  facet normal 0.000000e+000 -1.000000e+000 0.000000e+000
    outer loop
      vertex   -1.882827e+001 -1.060950e+001 5.784279e+001
      vertex   -1.877349e+001 -1.060950e+001 6.983861e+001
      vertex   -1.882827e+001 -1.060950e+001 6.984279e+001
    endloop
  endfacet
  facet normal 0.000000e+000 -1.000000e+000 0.000000e+000
    outer loop
      vertex   -1.882827e+001 -1.060950e+001 5.784279e+001
      vertex   -1.882827e+001 -1.060950e+001 6.984279e+001
      vertex   -3.577041e+001 -1.060950e+001 5.784279e+001
    endloop
  endfacet
  facet normal 0.000000e+000 -1.000000e+000 0.000000e+000
    outer loop
      vertex   -3.577041e+001 -1.060950e+001 5.784279e+001
      vertex   -1.882827e+001 -1.060950e+001 6.984279e+001
      vertex   -3.577041e+001 -1.060950e+001 6.984279e+001
    endloop
  endfacet
  facet normal 0.000000e+000 -1.000000e+000 0.000000e+000
    outer loop
      vertex   -3.577041e+001 -1.060950e+001 5.784279e+001
      vertex   -3.577041e+001 -1.060950e+001 6.984279e+001
      vertex   -3.582519e+001 -1.060950e+001 5.784698e+001
    endloop
  endfacet
  facet normal 0.000000e+000 -1.000000e+000 0.000000e+000
    outer loop
      vertex   -3.582519e+001 -1.060950e+001 5.784698e+001
      vertex   -3.577041e+001 -1.060950e+001 6.984279e+001
      vertex   -3.582519e+001 -1.060950e+001 6.983861e+001
    endloop
  endfacet
  facet normal 0.000000e+000 -1.000000e+000 0.000000e+000
    outer loop
      vertex   -3.582519e+001 -1.060950e+001 5.784698e+001
      vertex   -3.582519e+001 -1.060950e+001 6.983861e+001
      vertex   -3.587984e+001 -1.060950e+001 5.785952e+001
    endloop
  endfacet
  facet normal 0.000000e+000 -1.000000e+000 0.000000e+000
    outer loop
      vertex   -3.587984e+001 -1.060950e+001 5.785952e+001
      vertex   -3.582519e+001 -1.060950e+001 6.983861e+001
      vertex   -3.587984e+001 -1.060950e+001 6.982606e+001
    endloop
  endfacet
  facet normal 0.000000e+000 -1.000000e+000 0.000000e+000
    outer loop
      vertex   -3.587984e+001 -1.060950e+001 5.785952e+001
      vertex   -3.587984e+001 -1.060950e+001 6.982606e+001
      vertex   -3.593422e+001 -1.060950e+001 5.788040e+001
    endloop
  endfacet
  facet normal 0.000000e+000 -1.000000e+000 0.000000e+000
    outer loop
      vertex   -3.593422e+001 -1.060950e+001 5.788040e+001
      vertex   -3.587984e+001 -1.060950e+001 6.982606e+001
      vertex   -3.593422e+001 -1.060950e+001 6.980518e+001
    endloop
  endfacet
  facet normal 0.000000e+000 -1.000000e+000 0.000000e+000
    outer loop
      vertex   -3.593422e+001 -1.060950e+001 5.788040e+001
      vertex   -3.593422e+001 -1.060950e+001 6.980518e+001
      vertex   -3.598821e+001 -1.060950e+001 5.790956e+001
    endloop
  endfacet
  facet normal 0.000000e+000 -1.000000e+000 0.000000e+000
    outer loop
      vertex   -3.598821e+001 -1.060950e+001 5.790956e+001
      vertex   -3.593422e+001 -1.060950e+001 6.980518e+001
      vertex   -3.598821e+001 -1.060950e+001 6.977602e+001
    endloop
  endfacet
  facet normal 0.000000e+000 -1.000000e+000 0.000000e+000
    outer loop
      vertex   -3.598821e+001 -1.060950e+001 5.790956e+001
      vertex   -3.598821e+001 -1.060950e+001 6.977602e+001
      vertex   -3.604168e+001 -1.060950e+001 5.794692e+001
    endloop
  endfacet
  facet normal 0.000000e+000 -1.000000e+000 0.000000e+000
    outer loop
      vertex   -3.604168e+001 -1.060950e+001 5.794692e+001
      vertex   -3.598821e+001 -1.060950e+001 6.977602e+001
      vertex   -3.604168e+001 -1.060950e+001 6.973866e+001
    endloop
  endfacet
  facet normal 0.000000e+000 -1.000000e+000 0.000000e+000
    outer loop
      vertex   -3.604168e+001 -1.060950e+001 5.794692e+001
      vertex   -3.604168e+001 -1.060950e+001 6.973866e+001
      vertex   -3.609449e+001 -1.060950e+001 5.799241e+001
    endloop
  endfacet
  facet normal 0.000000e+000 -1.000000e+000 0.000000e+000
    outer loop
      vertex   -3.609449e+001 -1.060950e+001 5.799241e+001
      vertex   -3.604168e+001 -1.060950e+001 6.973866e+001
      vertex   -3.609449e+001 -1.060950e+001 6.969317e+001
    endloop
  endfacet
  facet normal 0.000000e+000 -1.000000e+000 0.000000e+000
    outer loop
      vertex   -3.609449e+001 -1.060950e+001 5.799241e+001
      vertex   -3.609449e+001 -1.060950e+001 6.969317e+001
      vertex   -3.614652e+001 -1.060950e+001 5.804591e+001
    endloop
  endfacet
  facet normal 0.000000e+000 -1.000000e+000 0.000000e+000
    outer loop
      vertex   -3.614652e+001 -1.060950e+001 5.804591e+001
      vertex   -3.609449e+001 -1.060950e+001 6.969317e+001
      vertex   -3.614652e+001 -1.060950e+001 6.963967e+001
    endloop
  endfacet
  facet normal 0.000000e+000 -1.000000e+000 0.000000e+000
    outer loop
      vertex   -3.614652e+001 -1.060950e+001 5.804591e+001
      vertex   -3.614652e+001 -1.060950e+001 6.963967e+001
      vertex   -3.619765e+001 -1.060950e+001 5.810729e+001
    endloop
  endfacet
  facet normal 0.000000e+000 -1.000000e+000 0.000000e+000
    outer loop
      vertex   -3.619765e+001 -1.060950e+001 5.810729e+001
      vertex   -3.614652e+001 -1.060950e+001 6.963967e+001
      vertex   -3.619765e+001 -1.060950e+001 6.957829e+001
    endloop
  endfacet
  facet normal 0.000000e+000 -1.000000e+000 0.000000e+000
    outer loop
      vertex   -3.619765e+001 -1.060950e+001 5.810729e+001
      vertex   -3.619765e+001 -1.060950e+001 6.957829e+001
      vertex   -3.624775e+001 -1.060950e+001 5.817640e+001
    endloop
  endfacet
  facet normal 0.000000e+000 -1.000000e+000 0.000000e+000
    outer loop
      vertex   -3.624775e+001 -1.060950e+001 5.817640e+001
      vertex   -3.619765e+001 -1.060950e+001 6.957829e+001
      vertex   -3.624775e+001 -1.060950e+001 6.950919e+001
    endloop
  endfacet
  facet normal 0.000000e+000 -1.000000e+000 0.000000e+000
    outer loop
      vertex   -3.624775e+001 -1.060950e+001 5.817640e+001
      vertex   -3.624775e+001 -1.060950e+001 6.950919e+001
      vertex   -3.629669e+001 -1.060950e+001 5.825308e+001
    endloop
  endfacet
  facet normal 0.000000e+000 -1.000000e+000 0.000000e+000
    outer loop
      vertex   -3.629669e+001 -1.060950e+001 5.825308e+001
      vertex   -3.624775e+001 -1.060950e+001 6.950919e+001
      vertex   -3.629669e+001 -1.060950e+001 6.943250e+001
    endloop
  endfacet
  facet normal 0.000000e+000 -1.000000e+000 0.000000e+000
    outer loop
      vertex   -3.629669e+001 -1.060950e+001 5.825308e+001
      vertex   -3.629669e+001 -1.060950e+001 6.943250e+001
      vertex   -3.634437e+001 -1.060950e+001 5.833714e+001
    endloop
  endfacet
  facet normal 0.000000e+000 -1.000000e+000 0.000000e+000
    outer loop
      vertex   -3.634437e+001 -1.060950e+001 5.833714e+001
      vertex   -3.629669e+001 -1.060950e+001 6.943250e+001
      vertex   -3.634437e+001 -1.060950e+001 6.934844e+001
    endloop
  endfacet
  facet normal 0.000000e+000 -1.000000e+000 0.000000e+000
    outer loop
      vertex   -3.634437e+001 -1.060950e+001 5.833714e+001
      vertex   -3.634437e+001 -1.060950e+001 6.934844e+001
      vertex   -3.639066e+001 -1.060950e+001 5.842838e+001
    endloop
  endfacet
  facet normal 0.000000e+000 -1.000000e+000 0.000000e+000
    outer loop
      vertex   -3.639066e+001 -1.060950e+001 5.842838e+001
      vertex   -3.634437e+001 -1.060950e+001 6.934844e+001
      vertex   -3.639066e+001 -1.060950e+001 6.925720e+001
    endloop
  endfacet
  facet normal 0.000000e+000 -1.000000e+000 0.000000e+000
    outer loop
      vertex   -3.639066e+001 -1.060950e+001 5.842838e+001
      vertex   -3.639066e+001 -1.060950e+001 6.925720e+001
      vertex   -3.643547e+001 -1.060950e+001 5.852658e+001
    endloop
  endfacet
  facet normal 0.000000e+000 -1.000000e+000 0.000000e+000
    outer loop
      vertex   -3.643547e+001 -1.060950e+001 5.852658e+001
      vertex   -3.639066e+001 -1.060950e+001 6.925720e+001
      vertex   -3.643547e+001 -1.060950e+001 6.915900e+001
    endloop
  endfacet
  facet normal 0.000000e+000 -1.000000e+000 0.000000e+000
    outer loop
      vertex   -3.643547e+001 -1.060950e+001 5.852658e+001
      vertex   -3.643547e+001 -1.060950e+001 6.915900e+001
      vertex   -3.647866e+001 -1.060950e+001 5.863151e+001
    endloop
  endfacet
  facet normal 0.000000e+000 -1.000000e+000 0.000000e+000
    outer loop
      vertex   -3.647866e+001 -1.060950e+001 5.863151e+001
      vertex   -3.643547e+001 -1.060950e+001 6.915900e+001
      vertex   -3.647866e+001 -1.060950e+001 6.905407e+001
    endloop
  endfacet
  facet normal 0.000000e+000 -1.000000e+000 0.000000e+000
    outer loop
      vertex   -3.647866e+001 -1.060950e+001 5.863151e+001
      vertex   -3.647866e+001 -1.060950e+001 6.905407e+001
      vertex   -3.652016e+001 -1.060950e+001 5.874291e+001
    endloop
  endfacet
  facet normal 0.000000e+000 -1.000000e+000 0.000000e+000
    outer loop
      vertex   -3.652016e+001 -1.060950e+001 5.874291e+001
      vertex   -3.647866e+001 -1.060950e+001 6.905407e+001
      vertex   -3.652016e+001 -1.060950e+001 6.894267e+001
    endloop
  endfacet
  facet normal 0.000000e+000 -1.000000e+000 0.000000e+000
    outer loop
      vertex   -3.652016e+001 -1.060950e+001 5.874291e+001
      vertex   -3.652016e+001 -1.060950e+001 6.894267e+001
      vertex   -3.655984e+001 -1.060950e+001 5.886051e+001
    endloop
  endfacet
  facet normal 0.000000e+000 -1.000000e+000 0.000000e+000
    outer loop
      vertex   -3.655984e+001 -1.060950e+001 5.886051e+001
      vertex   -3.652016e+001 -1.060950e+001 6.894267e+001
      vertex   -3.655984e+001 -1.060950e+001 6.882507e+001
    endloop
  endfacet
  facet normal 0.000000e+000 -1.000000e+000 0.000000e+000
    outer loop
      vertex   -3.655984e+001 -1.060950e+001 5.886051e+001
      vertex   -3.655984e+001 -1.060950e+001 6.882507e+001
      vertex   -3.659763e+001 -1.060950e+001 5.898402e+001
    endloop
  endfacet
  facet normal 0.000000e+000 -1.000000e+000 0.000000e+000
    outer loop
      vertex   -3.659763e+001 -1.060950e+001 5.898402e+001
      vertex   -3.655984e+001 -1.060950e+001 6.882507e+001
      vertex   -3.659763e+001 -1.060950e+001 6.870155e+001
    endloop
  endfacet
  facet normal 0.000000e+000 -1.000000e+000 0.000000e+000
    outer loop
      vertex   -3.659763e+001 -1.060950e+001 5.898402e+001
      vertex   -3.659763e+001 -1.060950e+001 6.870155e+001
      vertex   -3.663342e+001 -1.060950e+001 5.911316e+001
    endloop
  endfacet
  facet normal 0.000000e+000 -1.000000e+000 0.000000e+000
    outer loop
      vertex   -3.663342e+001 -1.060950e+001 5.911316e+001
      vertex   -3.659763e+001 -1.060950e+001 6.870155e+001
      vertex   -3.663342e+001 -1.060950e+001 6.857242e+001
    endloop
  endfacet
  facet normal 0.000000e+000 -1.000000e+000 0.000000e+000
    outer loop
      vertex   -3.663342e+001 -1.060950e+001 5.911316e+001
      vertex   -3.663342e+001 -1.060950e+001 6.857242e+001
      vertex   -3.669868e+001 -1.060950e+001 5.938705e+001
    endloop
  endfacet
  facet normal 0.000000e+000 -1.000000e+000 0.000000e+000
    outer loop
      vertex   -3.669868e+001 -1.060950e+001 5.938705e+001
      vertex   -3.663342e+001 -1.060950e+001 6.857242e+001
      vertex   -3.669868e+001 -1.060950e+001 6.829853e+001
    endloop
  endfacet
  facet normal 0.000000e+000 -1.000000e+000 0.000000e+000
    outer loop
      vertex   -3.669868e+001 -1.060950e+001 5.938705e+001
      vertex   -3.669868e+001 -1.060950e+001 6.829853e+001
      vertex   -3.675501e+001 -1.060950e+001 5.967953e+001
    endloop
  endfacet
  facet normal 0.000000e+000 -1.000000e+000 0.000000e+000
    outer loop
      vertex   -3.675501e+001 -1.060950e+001 5.967953e+001
      vertex   -3.669868e+001 -1.060950e+001 6.829853e+001
      vertex   -3.675501e+001 -1.060950e+001 6.800605e+001
    endloop
  endfacet
  facet normal 0.000000e+000 -1.000000e+000 0.000000e+000
    outer loop
      vertex   -3.675501e+001 -1.060950e+001 5.967953e+001
      vertex   -3.675501e+001 -1.060950e+001 6.800605e+001
      vertex   -3.680186e+001 -1.060950e+001 5.998778e+001
    endloop
  endfacet
  facet normal 0.000000e+000 -1.000000e+000 0.000000e+000
    outer loop
      vertex   -3.680186e+001 -1.060950e+001 5.998778e+001
      vertex   -3.675501e+001 -1.060950e+001 6.800605e+001
      vertex   -3.680186e+001 -1.060950e+001 6.769780e+001
    endloop
  endfacet
  facet normal 0.000000e+000 -1.000000e+000 0.000000e+000
    outer loop
      vertex   -3.680186e+001 -1.060950e+001 5.998778e+001
      vertex   -3.680186e+001 -1.060950e+001 6.769780e+001
      vertex   -3.683876e+001 -1.060950e+001 6.030884e+001
    endloop
  endfacet
  facet normal 0.000000e+000 -1.000000e+000 0.000000e+000
    outer loop
      vertex   -3.683876e+001 -1.060950e+001 6.030884e+001
      vertex   -3.680186e+001 -1.060950e+001 6.769780e+001
      vertex   -3.683876e+001 -1.060950e+001 6.737675e+001
    endloop
  endfacet
  facet normal 0.000000e+000 -1.000000e+000 0.000000e+000
    outer loop
      vertex   -3.683876e+001 -1.060950e+001 6.030884e+001
      vertex   -3.683876e+001 -1.060950e+001 6.737675e+001
      vertex   -3.686539e+001 -1.060950e+001 6.063961e+001
    endloop
  endfacet
  facet normal 0.000000e+000 -1.000000e+000 0.000000e+000
    outer loop
      vertex   -3.686539e+001 -1.060950e+001 6.063961e+001
      vertex   -3.683876e+001 -1.060950e+001 6.737675e+001
      vertex   -3.686539e+001 -1.060950e+001 6.704597e+001
    endloop
  endfacet
  facet normal 0.000000e+000 -1.000000e+000 0.000000e+000
    outer loop
      vertex   -3.686539e+001 -1.060950e+001 6.063961e+001
      vertex   -3.686539e+001 -1.060950e+001 6.704597e+001
      vertex   -3.688146e+001 -1.060950e+001 6.097691e+001
    endloop
  endfacet
  facet normal 0.000000e+000 -1.000000e+000 0.000000e+000
    outer loop
      vertex   -3.688146e+001 -1.060950e+001 6.097691e+001
      vertex   -3.686539e+001 -1.060950e+001 6.704597e+001
      vertex   -3.688146e+001 -1.060950e+001 6.670867e+001
    endloop
  endfacet
  facet normal 0.000000e+000 -1.000000e+000 0.000000e+000
    outer loop
      vertex   -3.688146e+001 -1.060950e+001 6.097691e+001
      vertex   -3.688146e+001 -1.060950e+001 6.670867e+001
      vertex   -3.688684e+001 -1.060950e+001 6.131749e+001
    endloop
  endfacet
  facet normal 0.000000e+000 -1.000000e+000 0.000000e+000
    outer loop
      vertex   -3.688684e+001 -1.060950e+001 6.131749e+001
      vertex   -3.688146e+001 -1.060950e+001 6.670867e+001
      vertex   -3.688684e+001 -1.060950e+001 6.636809e+001
    endloop
  endfacet
  facet normal 0.000000e+000 -1.000000e+000 0.000000e+000
    outer loop
      vertex   -1.877349e+001 -1.060950e+001 6.983861e+001
      vertex   -1.877349e+001 -1.060950e+001 5.784698e+001
      vertex   -1.871884e+001 -1.060950e+001 6.982606e+001
    endloop
  endfacet
  facet normal 0.000000e+000 -1.000000e+000 -0.000000e+000
    outer loop
      vertex   -1.871884e+001 -1.060950e+001 6.982606e+001
      vertex   -1.877349e+001 -1.060950e+001 5.784698e+001
      vertex   -1.871884e+001 -1.060950e+001 5.785952e+001
    endloop
  endfacet
  facet normal 0.000000e+000 -1.000000e+000 0.000000e+000
    outer loop
      vertex   -1.871884e+001 -1.060950e+001 6.982606e+001
      vertex   -1.871884e+001 -1.060950e+001 5.785952e+001
      vertex   -1.866446e+001 -1.060950e+001 6.980518e+001
    endloop
  endfacet
  facet normal 0.000000e+000 -1.000000e+000 -0.000000e+000
    outer loop
      vertex   -1.866446e+001 -1.060950e+001 6.980518e+001
      vertex   -1.871884e+001 -1.060950e+001 5.785952e+001
      vertex   -1.866446e+001 -1.060950e+001 5.788040e+001
    endloop
  endfacet
  facet normal 0.000000e+000 -1.000000e+000 0.000000e+000
    outer loop
      vertex   -1.866446e+001 -1.060950e+001 6.980518e+001
      vertex   -1.866446e+001 -1.060950e+001 5.788040e+001
      vertex   -1.861046e+001 -1.060950e+001 6.977602e+001
    endloop
  endfacet
  facet normal 0.000000e+000 -1.000000e+000 -0.000000e+000
    outer loop
      vertex   -1.861046e+001 -1.060950e+001 6.977602e+001
      vertex   -1.866446e+001 -1.060950e+001 5.788040e+001
      vertex   -1.861046e+001 -1.060950e+001 5.790956e+001
    endloop
  endfacet
  facet normal 0.000000e+000 -1.000000e+000 0.000000e+000
    outer loop
      vertex   -1.861046e+001 -1.060950e+001 6.977602e+001
      vertex   -1.861046e+001 -1.060950e+001 5.790956e+001
      vertex   -1.855700e+001 -1.060950e+001 6.973866e+001
    endloop
  endfacet
  facet normal 0.000000e+000 -1.000000e+000 -0.000000e+000
    outer loop
      vertex   -1.855700e+001 -1.060950e+001 6.973866e+001
      vertex   -1.861046e+001 -1.060950e+001 5.790956e+001
      vertex   -1.771184e+001 -1.060950e+001 6.636809e+001
    endloop
  endfacet
  facet normal 0.000000e+000 -1.000000e+000 0.000000e+000
    outer loop
      vertex   -1.855700e+001 -1.060950e+001 6.973866e+001
      vertex   -1.771184e+001 -1.060950e+001 6.636809e+001
      vertex   -1.771721e+001 -1.060950e+001 6.670867e+001
    endloop
  endfacet
  facet normal -0.000000e+000 -1.000000e+000 0.000000e+000
    outer loop
      vertex   -1.855700e+001 -1.060950e+001 5.794692e+001
      vertex   -1.850419e+001 -1.060950e+001 5.799241e+001
      vertex   -1.861046e+001 -1.060950e+001 5.790956e+001
    endloop
  endfacet
  facet normal 0.000000e+000 -1.000000e+000 0.000000e+000
    outer loop
      vertex   -1.861046e+001 -1.060950e+001 5.790956e+001
      vertex   -1.850419e+001 -1.060950e+001 5.799241e+001
      vertex   -1.845216e+001 -1.060950e+001 5.804591e+001
    endloop
  endfacet
  facet normal 0.000000e+000 -1.000000e+000 0.000000e+000
    outer loop
      vertex   -1.861046e+001 -1.060950e+001 5.790956e+001
      vertex   -1.845216e+001 -1.060950e+001 5.804591e+001
      vertex   -1.840103e+001 -1.060950e+001 5.810729e+001
    endloop
  endfacet
  facet normal -0.000000e+000 -1.000000e+000 0.000000e+000
    outer loop
      vertex   -1.840103e+001 -1.060950e+001 5.810729e+001
      vertex   -1.835093e+001 -1.060950e+001 5.817640e+001
      vertex   -1.861046e+001 -1.060950e+001 5.790956e+001
    endloop
  endfacet
  facet normal 0.000000e+000 -1.000000e+000 0.000000e+000
    outer loop
      vertex   -1.861046e+001 -1.060950e+001 5.790956e+001
      vertex   -1.835093e+001 -1.060950e+001 5.817640e+001
      vertex   -1.830199e+001 -1.060950e+001 5.825308e+001
    endloop
  endfacet
  facet normal 0.000000e+000 -1.000000e+000 0.000000e+000
    outer loop
      vertex   -1.861046e+001 -1.060950e+001 5.790956e+001
      vertex   -1.830199e+001 -1.060950e+001 5.825308e+001
      vertex   -1.825431e+001 -1.060950e+001 5.833714e+001
    endloop
  endfacet
  facet normal -0.000000e+000 -1.000000e+000 0.000000e+000
    outer loop
      vertex   -1.825431e+001 -1.060950e+001 5.833714e+001
      vertex   -1.820801e+001 -1.060950e+001 5.842838e+001
      vertex   -1.861046e+001 -1.060950e+001 5.790956e+001
    endloop
  endfacet
  facet normal 0.000000e+000 -1.000000e+000 0.000000e+000
    outer loop
      vertex   -1.861046e+001 -1.060950e+001 5.790956e+001
      vertex   -1.820801e+001 -1.060950e+001 5.842838e+001
      vertex   -1.816321e+001 -1.060950e+001 5.852658e+001
    endloop
  endfacet
  facet normal 0.000000e+000 -1.000000e+000 0.000000e+000
    outer loop
      vertex   -1.861046e+001 -1.060950e+001 5.790956e+001
      vertex   -1.816321e+001 -1.060950e+001 5.852658e+001
      vertex   -1.812001e+001 -1.060950e+001 5.863151e+001
    endloop
  endfacet
  facet normal -0.000000e+000 -1.000000e+000 0.000000e+000
    outer loop
      vertex   -1.812001e+001 -1.060950e+001 5.863151e+001
      vertex   -1.807852e+001 -1.060950e+001 5.874291e+001
      vertex   -1.861046e+001 -1.060950e+001 5.790956e+001
    endloop
  endfacet
  facet normal 0.000000e+000 -1.000000e+000 0.000000e+000
    outer loop
      vertex   -1.861046e+001 -1.060950e+001 5.790956e+001
      vertex   -1.807852e+001 -1.060950e+001 5.874291e+001
      vertex   -1.803883e+001 -1.060950e+001 5.886051e+001
    endloop
  endfacet
  facet normal 0.000000e+000 -1.000000e+000 0.000000e+000
    outer loop
      vertex   -1.861046e+001 -1.060950e+001 5.790956e+001
      vertex   -1.803883e+001 -1.060950e+001 5.886051e+001
      vertex   -1.800105e+001 -1.060950e+001 5.898402e+001
    endloop
  endfacet
  facet normal -0.000000e+000 -1.000000e+000 0.000000e+000
    outer loop
      vertex   -1.800105e+001 -1.060950e+001 5.898402e+001
      vertex   -1.796526e+001 -1.060950e+001 5.911316e+001
      vertex   -1.861046e+001 -1.060950e+001 5.790956e+001
    endloop
  endfacet
  facet normal 0.000000e+000 -1.000000e+000 0.000000e+000
    outer loop
      vertex   -1.861046e+001 -1.060950e+001 5.790956e+001
      vertex   -1.796526e+001 -1.060950e+001 5.911316e+001
      vertex   -1.789999e+001 -1.060950e+001 5.938705e+001
    endloop
  endfacet
  facet normal 0.000000e+000 -1.000000e+000 0.000000e+000
    outer loop
      vertex   -1.861046e+001 -1.060950e+001 5.790956e+001
      vertex   -1.789999e+001 -1.060950e+001 5.938705e+001
      vertex   -1.784367e+001 -1.060950e+001 5.967953e+001
    endloop
  endfacet
  facet normal -0.000000e+000 -1.000000e+000 0.000000e+000
    outer loop
      vertex   -1.784367e+001 -1.060950e+001 5.967953e+001
      vertex   -1.779682e+001 -1.060950e+001 5.998778e+001
      vertex   -1.861046e+001 -1.060950e+001 5.790956e+001
    endloop
  endfacet
  facet normal 0.000000e+000 -1.000000e+000 0.000000e+000
    outer loop
      vertex   -1.861046e+001 -1.060950e+001 5.790956e+001
      vertex   -1.779682e+001 -1.060950e+001 5.998778e+001
      vertex   -1.775991e+001 -1.060950e+001 6.030884e+001
    endloop
  endfacet
  facet normal 0.000000e+000 -1.000000e+000 0.000000e+000
    outer loop
      vertex   -1.861046e+001 -1.060950e+001 5.790956e+001
      vertex   -1.775991e+001 -1.060950e+001 6.030884e+001
      vertex   -1.773329e+001 -1.060950e+001 6.063961e+001
    endloop
  endfacet
  facet normal -0.000000e+000 -1.000000e+000 0.000000e+000
    outer loop
      vertex   -1.773329e+001 -1.060950e+001 6.063961e+001
      vertex   -1.771721e+001 -1.060950e+001 6.097691e+001
      vertex   -1.861046e+001 -1.060950e+001 5.790956e+001
    endloop
  endfacet
  facet normal 0.000000e+000 -1.000000e+000 0.000000e+000
    outer loop
      vertex   -1.861046e+001 -1.060950e+001 5.790956e+001
      vertex   -1.771721e+001 -1.060950e+001 6.097691e+001
      vertex   -1.771184e+001 -1.060950e+001 6.131749e+001
    endloop
  endfacet
  facet normal 0.000000e+000 -1.000000e+000 0.000000e+000
    outer loop
      vertex   -1.861046e+001 -1.060950e+001 5.790956e+001
      vertex   -1.771184e+001 -1.060950e+001 6.131749e+001
      vertex   -1.771184e+001 -1.060950e+001 6.636809e+001
    endloop
  endfacet
  facet normal 0.000000e+000 -1.000000e+000 0.000000e+000
    outer loop
      vertex   -1.771721e+001 -1.060950e+001 6.670867e+001
      vertex   -1.773329e+001 -1.060950e+001 6.704597e+001
      vertex   -1.855700e+001 -1.060950e+001 6.973866e+001
    endloop
  endfacet
  facet normal 0.000000e+000 -1.000000e+000 0.000000e+000
    outer loop
      vertex   -1.855700e+001 -1.060950e+001 6.973866e+001
      vertex   -1.773329e+001 -1.060950e+001 6.704597e+001
      vertex   -1.775991e+001 -1.060950e+001 6.737675e+001
    endloop
  endfacet
  facet normal 0.000000e+000 -1.000000e+000 0.000000e+000
    outer loop
      vertex   -1.855700e+001 -1.060950e+001 6.973866e+001
      vertex   -1.775991e+001 -1.060950e+001 6.737675e+001
      vertex   -1.779682e+001 -1.060950e+001 6.769780e+001
    endloop
  endfacet
  facet normal 0.000000e+000 -1.000000e+000 0.000000e+000
    outer loop
      vertex   -1.779682e+001 -1.060950e+001 6.769780e+001
      vertex   -1.784367e+001 -1.060950e+001 6.800605e+001
      vertex   -1.855700e+001 -1.060950e+001 6.973866e+001
    endloop
  endfacet
  facet normal 0.000000e+000 -1.000000e+000 0.000000e+000
    outer loop
      vertex   -1.855700e+001 -1.060950e+001 6.973866e+001
      vertex   -1.784367e+001 -1.060950e+001 6.800605e+001
      vertex   -1.789999e+001 -1.060950e+001 6.829853e+001
    endloop
  endfacet
  facet normal 0.000000e+000 -1.000000e+000 0.000000e+000
    outer loop
      vertex   -1.855700e+001 -1.060950e+001 6.973866e+001
      vertex   -1.789999e+001 -1.060950e+001 6.829853e+001
      vertex   -1.796526e+001 -1.060950e+001 6.857242e+001
    endloop
  endfacet
  facet normal 0.000000e+000 -1.000000e+000 0.000000e+000
    outer loop
      vertex   -1.796526e+001 -1.060950e+001 6.857242e+001
      vertex   -1.800105e+001 -1.060950e+001 6.870155e+001
      vertex   -1.855700e+001 -1.060950e+001 6.973866e+001
    endloop
  endfacet
  facet normal 0.000000e+000 -1.000000e+000 0.000000e+000
    outer loop
      vertex   -1.855700e+001 -1.060950e+001 6.973866e+001
      vertex   -1.800105e+001 -1.060950e+001 6.870155e+001
      vertex   -1.803883e+001 -1.060950e+001 6.882507e+001
    endloop
  endfacet
  facet normal 0.000000e+000 -1.000000e+000 0.000000e+000
    outer loop
      vertex   -1.855700e+001 -1.060950e+001 6.973866e+001
      vertex   -1.803883e+001 -1.060950e+001 6.882507e+001
      vertex   -1.807852e+001 -1.060950e+001 6.894267e+001
    endloop
  endfacet
  facet normal 0.000000e+000 -1.000000e+000 0.000000e+000
    outer loop
      vertex   -1.807852e+001 -1.060950e+001 6.894267e+001
      vertex   -1.812001e+001 -1.060950e+001 6.905407e+001
      vertex   -1.855700e+001 -1.060950e+001 6.973866e+001
    endloop
  endfacet
  facet normal 0.000000e+000 -1.000000e+000 0.000000e+000
    outer loop
      vertex   -1.855700e+001 -1.060950e+001 6.973866e+001
      vertex   -1.812001e+001 -1.060950e+001 6.905407e+001
      vertex   -1.816321e+001 -1.060950e+001 6.915900e+001
    endloop
  endfacet
  facet normal 0.000000e+000 -1.000000e+000 0.000000e+000
    outer loop
      vertex   -1.855700e+001 -1.060950e+001 6.973866e+001
      vertex   -1.816321e+001 -1.060950e+001 6.915900e+001
      vertex   -1.820801e+001 -1.060950e+001 6.925720e+001
    endloop
  endfacet
  facet normal 0.000000e+000 -1.000000e+000 0.000000e+000
    outer loop
      vertex   -1.820801e+001 -1.060950e+001 6.925720e+001
      vertex   -1.825431e+001 -1.060950e+001 6.934844e+001
      vertex   -1.855700e+001 -1.060950e+001 6.973866e+001
    endloop
  endfacet
  facet normal 0.000000e+000 -1.000000e+000 0.000000e+000
    outer loop
      vertex   -1.855700e+001 -1.060950e+001 6.973866e+001
      vertex   -1.825431e+001 -1.060950e+001 6.934844e+001
      vertex   -1.830199e+001 -1.060950e+001 6.943250e+001
    endloop
  endfacet
  facet normal 0.000000e+000 -1.000000e+000 0.000000e+000
    outer loop
      vertex   -1.855700e+001 -1.060950e+001 6.973866e+001
      vertex   -1.830199e+001 -1.060950e+001 6.943250e+001
      vertex   -1.835093e+001 -1.060950e+001 6.950919e+001
    endloop
  endfacet
  facet normal 0.000000e+000 -1.000000e+000 0.000000e+000
    outer loop
      vertex   -1.835093e+001 -1.060950e+001 6.950919e+001
      vertex   -1.840103e+001 -1.060950e+001 6.957829e+001
      vertex   -1.855700e+001 -1.060950e+001 6.973866e+001
    endloop
  endfacet
  facet normal 0.000000e+000 -1.000000e+000 0.000000e+000
    outer loop
      vertex   -1.855700e+001 -1.060950e+001 6.973866e+001
      vertex   -1.840103e+001 -1.060950e+001 6.957829e+001
      vertex   -1.845216e+001 -1.060950e+001 6.963967e+001
    endloop
  endfacet
  facet normal 0.000000e+000 -1.000000e+000 0.000000e+000
    outer loop
      vertex   -1.855700e+001 -1.060950e+001 6.973866e+001
      vertex   -1.845216e+001 -1.060950e+001 6.963967e+001
      vertex   -1.850419e+001 -1.060950e+001 6.969317e+001
    endloop
  endfacet
  facet normal -1.000000e+000 0.000000e+000 0.000000e+000
    outer loop
      vertex   -3.688684e+001 -1.060950e+001 6.131749e+001
      vertex   -3.688684e+001 -1.060950e+001 6.636809e+001
      vertex   -3.688684e+001 -9.609498e+000 6.131749e+001
    endloop
  endfacet
  facet normal -1.000000e+000 0.000000e+000 0.000000e+000
    outer loop
      vertex   -3.688684e+001 -9.609498e+000 6.131749e+001
      vertex   -3.688684e+001 -1.060950e+001 6.636809e+001
      vertex   -3.688684e+001 -9.609498e+000 6.636809e+001
    endloop
  endfacet
endsolid
