solid ascii
  facet normal 0.000000e+000 0.000000e+000 9.868927e+000
    outer loop
      vertex   -5.680981e+000 6.281313e+001 4.351600e+001
      vertex   -3.680974e+000 6.314017e+001 4.351600e+001
      vertex   -5.680981e+000 6.320773e+001 4.351600e+001
    endloop
  endfacet
  facet normal 0.000000e+000 0.000000e+000 3.375977e-001
    outer loop
      vertex   -5.680981e+000 6.320773e+001 4.351600e+001
      vertex   -3.680974e+000 6.314017e+001 4.351600e+001
      vertex   -3.680974e+000 6.320773e+001 4.351600e+001
    endloop
  endfacet
  facet normal 0.000000e+000 -9.960061e+000 0.000000e+000
    outer loop
      vertex   -5.680981e+000 6.320773e+001 4.373232e+001
      vertex   -5.680981e+000 6.320773e+001 4.351600e+001
      vertex   -3.680974e+000 6.320773e+001 4.355303e+001
    endloop
  endfacet
  facet normal 0.000000e+000 -9.998287e+000 0.000000e+000
    outer loop
      vertex   -3.680974e+000 6.320773e+001 4.355303e+001
      vertex   -5.680981e+000 6.320773e+001 4.351600e+001
      vertex   -3.680974e+000 6.320773e+001 4.351600e+001
    endloop
  endfacet
  facet normal 0.000000e+000 -9.960061e+000 0.000000e+000
    outer loop
      vertex   -5.680981e+000 6.320773e+001 4.373232e+001
      vertex   -3.680974e+000 6.320773e+001 4.355303e+001
      vertex   -5.680981e+000 6.320773e+001 4.416236e+001
    endloop
  endfacet
  facet normal 0.000000e+000 -4.574670e+000 0.000000e+000
    outer loop
      vertex   -5.680981e+000 6.320773e+001 4.416236e+001
      vertex   -3.680974e+000 6.320773e+001 4.355303e+001
      vertex   -3.680974e+000 6.320773e+001 4.452509e+001
    endloop
  endfacet
  facet normal 0.000000e+000 -9.839488e+000 0.000000e+000
    outer loop
      vertex   -5.680981e+000 6.320773e+001 4.416236e+001
      vertex   -3.680974e+000 6.320773e+001 4.452509e+001
      vertex   -5.680981e+000 6.320773e+001 4.461969e+001
    endloop
  endfacet
  facet normal 0.000000e+000 -4.673262e+000 0.000000e+000
    outer loop
      vertex   -5.680981e+000 6.320773e+001 4.461969e+001
      vertex   -3.680974e+000 6.320773e+001 4.452509e+001
      vertex   -3.680974e+000 6.320773e+001 4.555881e+001
    endloop
  endfacet
  facet normal 0.000000e+000 -9.051773e+000 0.000000e+000
    outer loop
      vertex   -5.680981e+000 6.320773e+001 4.461969e+001
      vertex   -3.680974e+000 6.320773e+001 4.555881e+001
      vertex   -5.680981e+000 6.320773e+001 4.669026e+001
    endloop
  endfacet
  facet normal 0.000000e+000 -1.437951e+000 0.000000e+000
    outer loop
      vertex   -5.680981e+000 6.320773e+001 4.669026e+001
      vertex   -3.680974e+000 6.320773e+001 4.555881e+001
      vertex   -3.680974e+000 6.320773e+001 4.591329e+001
    endloop
  endfacet
  facet normal 0.000000e+000 -9.607002e+000 0.000000e+000
    outer loop
      vertex   -5.680981e+000 6.320773e+001 4.776524e+001
      vertex   -5.680981e+000 6.320773e+001 4.669026e+001
      vertex   -3.680974e+000 6.320773e+001 4.834313e+001
    endloop
  endfacet
  facet normal 0.000000e+000 -7.708320e+000 0.000000e+000
    outer loop
      vertex   -3.680974e+000 6.320773e+001 4.834313e+001
      vertex   -5.680981e+000 6.320773e+001 4.669026e+001
      vertex   -3.680974e+000 6.320773e+001 4.591329e+001
    endloop
  endfacet
  facet normal 0.000000e+000 -9.607002e+000 0.000000e+000
    outer loop
      vertex   -5.680981e+000 6.320773e+001 4.776524e+001
      vertex   -3.680974e+000 6.320773e+001 4.834313e+001
      vertex   -5.680981e+000 6.320773e+001 4.830597e+001
    endloop
  endfacet
  facet normal 0.000000e+000 -4.618136e-001 0.000000e+000
    outer loop
      vertex   -5.680981e+000 6.320773e+001 4.830597e+001
      vertex   -3.680974e+000 6.320773e+001 4.834313e+001
      vertex   -3.680974e+000 6.320773e+001 4.843570e+001
    endloop
  endfacet
  facet normal 0.000000e+000 -9.979027e+000 0.000000e+000
    outer loop
      vertex   -5.680981e+000 6.320773e+001 4.830597e+001
      vertex   -3.680974e+000 6.320773e+001 4.843570e+001
      vertex   -5.680981e+000 6.320773e+001 4.881857e+001
    endloop
  endfacet
  facet normal 0.000000e+000 -5.304959e+000 0.000000e+000
    outer loop
      vertex   -5.680981e+000 6.320773e+001 4.881857e+001
      vertex   -3.680974e+000 6.320773e+001 4.843570e+001
      vertex   -3.680974e+000 6.320773e+001 4.959439e+001
    endloop
  endfacet
  facet normal 0.000000e+000 -8.673307e+000 0.000000e+000
    outer loop
      vertex   -5.680981e+000 6.320773e+001 5.113947e+001
      vertex   -5.680981e+000 6.320773e+001 4.881857e+001
      vertex   -3.680974e+000 6.320773e+001 4.999173e+001
    endloop
  endfacet
  facet normal 0.000000e+000 -8.625579e+000 0.000000e+000
    outer loop
      vertex   -3.680974e+000 6.320773e+001 4.999173e+001
      vertex   -5.680981e+000 6.320773e+001 4.881857e+001
      vertex   -3.680974e+000 6.320773e+001 4.959439e+001
    endloop
  endfacet
  facet normal 0.000000e+000 -9.682759e+000 0.000000e+000
    outer loop
      vertex   -5.680981e+000 6.320773e+001 5.245964e+001
      vertex   -5.680981e+000 6.320773e+001 5.113947e+001
      vertex   -3.680974e+000 6.320773e+001 5.297578e+001
    endloop
  endfacet
  facet normal 0.000000e+000 -7.366083e+000 0.000000e+000
    outer loop
      vertex   -3.680974e+000 6.320773e+001 5.297578e+001
      vertex   -5.680981e+000 6.320773e+001 5.113947e+001
      vertex   -3.680974e+000 6.320773e+001 4.999173e+001
    endloop
  endfacet
  facet normal 0.000000e+000 -9.682759e+000 0.000000e+000
    outer loop
      vertex   -5.680981e+000 6.320773e+001 5.245964e+001
      vertex   -3.680974e+000 6.320773e+001 5.297578e+001
      vertex   -5.680981e+000 6.320773e+001 5.312370e+001
    endloop
  endfacet
  facet normal 0.000000e+000 -5.667568e-001 0.000000e+000
    outer loop
      vertex   -5.680981e+000 6.320773e+001 5.312370e+001
      vertex   -3.680974e+000 6.320773e+001 5.297578e+001
      vertex   -3.680974e+000 6.320773e+001 5.308946e+001
    endloop
  endfacet
  facet normal 0.000000e+000 -9.999642e+000 0.000000e+000
    outer loop
      vertex   -5.680981e+000 6.320773e+001 5.316426e+001
      vertex   -5.680981e+000 6.320773e+001 5.312370e+001
      vertex   -3.680974e+000 6.320773e+001 5.318117e+001
    endloop
  endfacet
  facet normal 0.000000e+000 -9.995872e+000 0.000000e+000
    outer loop
      vertex   -3.680974e+000 6.320773e+001 5.318117e+001
      vertex   -5.680981e+000 6.320773e+001 5.312370e+001
      vertex   -3.680974e+000 6.320773e+001 5.308946e+001
    endloop
  endfacet
  facet normal 0.000000e+000 -9.999642e+000 0.000000e+000
    outer loop
      vertex   -5.680981e+000 6.320773e+001 5.316426e+001
      vertex   -3.680974e+000 6.320773e+001 5.318117e+001
      vertex   -5.680981e+000 6.320773e+001 5.318467e+001
    endloop
  endfacet
  facet normal 0.000000e+000 -1.749983e-002 0.000000e+000
    outer loop
      vertex   -5.680981e+000 6.320773e+001 5.318467e+001
      vertex   -3.680974e+000 6.320773e+001 5.318117e+001
      vertex   -3.680974e+000 6.320773e+001 5.318467e+001
    endloop
  endfacet
  facet normal 0.000000e+000 0.000000e+000 -9.995813e+000
    outer loop
      vertex   -5.680981e+000 6.313788e+001 5.318467e+001
      vertex   -5.680981e+000 6.320773e+001 5.318467e+001
      vertex   -3.680974e+000 6.319577e+001 5.318467e+001
    endloop
  endfacet
  facet normal 0.000000e+000 0.000000e+000 -9.999821e+000
    outer loop
      vertex   -3.680974e+000 6.319577e+001 5.318467e+001
      vertex   -5.680981e+000 6.320773e+001 5.318467e+001
      vertex   -3.680974e+000 6.320773e+001 5.318467e+001
    endloop
  endfacet
  facet normal 0.000000e+000 0.000000e+000 -9.995813e+000
    outer loop
      vertex   -5.680981e+000 6.313788e+001 5.318467e+001
      vertex   -3.680974e+000 6.319577e+001 5.318467e+001
      vertex   -5.680981e+000 6.299902e+001 5.318467e+001
    endloop
  endfacet
  facet normal 0.000000e+000 0.000000e+000 -1.559221e+000
    outer loop
      vertex   -5.680981e+000 6.299902e+001 5.318467e+001
      vertex   -3.680974e+000 6.319577e+001 5.318467e+001
      vertex   -3.680974e+000 6.288189e+001 5.318467e+001
    endloop
  endfacet
  facet normal 0.000000e+000 0.000000e+000 -9.982893e+000
    outer loop
      vertex   -5.680981e+000 6.299902e+001 5.318467e+001
      vertex   -3.680974e+000 6.288189e+001 5.318467e+001
      vertex   -5.680981e+000 6.197904e+001 5.318467e+001
    endloop
  endfacet
  facet normal 0.000000e+000 0.000000e+000 -8.601958e+000
    outer loop
      vertex   -5.680981e+000 6.197904e+001 5.318467e+001
      vertex   -3.680974e+000 6.288189e+001 5.318467e+001
      vertex   -3.680974e+000 6.057637e+001 5.318467e+001
    endloop
  endfacet
  facet normal 0.000000e+000 0.000000e+000 -6.363050e+000
    outer loop
      vertex   -5.680981e+000 5.736101e+001 5.318467e+001
      vertex   -5.680981e+000 6.197904e+001 5.318467e+001
      vertex   -3.680974e+000 5.978576e+001 5.318467e+001
    endloop
  endfacet
  facet normal 0.000000e+000 0.000000e+000 -6.738004e+000
    outer loop
      vertex   -3.680974e+000 5.978576e+001 5.318467e+001
      vertex   -5.680981e+000 6.197904e+001 5.318467e+001
      vertex   -3.680974e+000 6.057637e+001 5.318467e+001
    endloop
  endfacet
  facet normal 0.000000e+000 0.000000e+000 -8.428279e+000
    outer loop
      vertex   -5.680981e+000 5.442387e+001 5.318467e+001
      vertex   -5.680981e+000 5.736101e+001 5.318467e+001
      vertex   -3.680974e+000 5.314678e+001 5.318467e+001
    endloop
  endfacet
  facet normal 0.000000e+000 0.000000e+000 -4.287500e+000
    outer loop
      vertex   -3.680974e+000 5.314678e+001 5.318467e+001
      vertex   -5.680981e+000 5.736101e+001 5.318467e+001
      vertex   -3.680974e+000 5.978576e+001 5.318467e+001
    endloop
  endfacet
  facet normal 0.000000e+000 0.000000e+000 -8.428279e+000
    outer loop
      vertex   -5.680981e+000 5.442387e+001 5.318467e+001
      vertex   -3.680974e+000 5.314678e+001 5.318467e+001
      vertex   -5.680981e+000 5.294648e+001 5.318467e+001
    endloop
  endfacet
  facet normal 0.000000e+000 0.000000e+000 -1.257909e+000
    outer loop
      vertex   -5.680981e+000 5.294648e+001 5.318467e+001
      vertex   -3.680974e+000 5.314678e+001 5.318467e+001
      vertex   -3.680974e+000 5.289385e+001 5.318467e+001
    endloop
  endfacet
  facet normal 0.000000e+000 0.000000e+000 -9.996539e+000
    outer loop
      vertex   -5.680981e+000 5.294648e+001 5.318467e+001
      vertex   -3.680974e+000 5.289385e+001 5.318467e+001
      vertex   -5.680981e+000 5.285087e+001 5.318467e+001
    endloop
  endfacet
  facet normal 0.000000e+000 0.000000e+000 -8.182266e-002
    outer loop
      vertex   -5.680981e+000 5.285087e+001 5.318467e+001
      vertex   -3.680974e+000 5.289385e+001 5.318467e+001
      vertex   -3.680974e+000 5.287748e+001 5.318467e+001
    endloop
  endfacet
  facet normal 0.000000e+000 1.000000e+001 0.000000e+000
    outer loop
      vertex   -5.680981e+000 5.282975e+001 4.351600e+001
      vertex   -5.680981e+000 5.282975e+001 4.370773e+001
      vertex   -3.680974e+000 5.282975e+001 4.351600e+001
    endloop
  endfacet
  facet normal 0.000000e+000 9.954368e+000 0.000000e+000
    outer loop
      vertex   -3.680974e+000 5.282975e+001 4.351600e+001
      vertex   -5.680981e+000 5.282975e+001 4.370773e+001
      vertex   -3.680974e+000 5.282975e+001 4.394936e+001
    endloop
  endfacet
  facet normal 0.000000e+000 9.726323e+000 0.000000e+000
    outer loop
      vertex   -5.680981e+000 5.282975e+001 4.457575e+001
      vertex   -3.680974e+000 5.282975e+001 4.409797e+001
      vertex   -5.680981e+000 5.282975e+001 4.370773e+001
    endloop
  endfacet
  facet normal 0.000000e+000 7.240337e-001 0.000000e+000
    outer loop
      vertex   -5.680981e+000 5.282975e+001 4.370773e+001
      vertex   -3.680974e+000 5.282975e+001 4.409797e+001
      vertex   -3.680974e+000 5.282975e+001 4.394936e+001
    endloop
  endfacet
  facet normal 0.000000e+000 0.000000e+000 1.000000e+001
    outer loop
      vertex   -5.680981e+000 5.282975e+001 4.351600e+001
      vertex   -3.680974e+000 5.282975e+001 4.351600e+001
      vertex   -5.680981e+000 5.311715e+001 4.351600e+001
    endloop
  endfacet
  facet normal 0.000000e+000 0.000000e+000 3.163637e+000
    outer loop
      vertex   -5.680981e+000 5.311715e+001 4.351600e+001
      vertex   -3.680974e+000 5.282975e+001 4.351600e+001
      vertex   -3.680974e+000 5.347938e+001 4.351600e+001
    endloop
  endfacet
  facet normal 0.000000e+000 9.726323e+000 0.000000e+000
    outer loop
      vertex   -5.680981e+000 5.282975e+001 4.457575e+001
      vertex   -5.680981e+000 5.282975e+001 4.555476e+001
      vertex   -3.680974e+000 5.282975e+001 4.409797e+001
    endloop
  endfacet
  facet normal 0.000000e+000 8.083054e+000 0.000000e+000
    outer loop
      vertex   -3.680974e+000 5.282975e+001 4.409797e+001
      vertex   -5.680981e+000 5.282975e+001 4.555476e+001
      vertex   -3.680974e+000 5.282975e+001 4.631088e+001
    endloop
  endfacet
  facet normal 0.000000e+000 0.000000e+000 9.414537e+000
    outer loop
      vertex   -5.680981e+000 5.441837e+001 4.351600e+001
      vertex   -5.680981e+000 5.311715e+001 4.351600e+001
      vertex   -3.680974e+000 5.370215e+001 4.351600e+001
    endloop
  endfacet
  facet normal 0.000000e+000 0.000000e+000 9.597853e+000
    outer loop
      vertex   -3.680974e+000 5.370215e+001 4.351600e+001
      vertex   -5.680981e+000 5.311715e+001 4.351600e+001
      vertex   -3.680974e+000 5.347938e+001 4.351600e+001
    endloop
  endfacet
  facet normal 0.000000e+000 0.000000e+000 7.673034e+000
    outer loop
      vertex   -5.680981e+000 5.557101e+001 4.351600e+001
      vertex   -5.680981e+000 5.441837e+001 4.351600e+001
      vertex   -3.680974e+000 5.389948e+001 4.351600e+001
    endloop
  endfacet
  facet normal 0.000000e+000 0.000000e+000 9.679535e+000
    outer loop
      vertex   -3.680974e+000 5.389948e+001 4.351600e+001
      vertex   -5.680981e+000 5.441837e+001 4.351600e+001
      vertex   -3.680974e+000 5.370215e+001 4.351600e+001
    endloop
  endfacet
  facet normal 0.000000e+000 0.000000e+000 8.543527e+000
    outer loop
      vertex   -5.680981e+000 5.786252e+001 4.351600e+001
      vertex   -5.680981e+000 5.557101e+001 4.351600e+001
      vertex   -3.680974e+000 5.907910e+001 4.351600e+001
    endloop
  endfacet
  facet normal 0.000000e+000 0.000000e+000 4.952770e+000
    outer loop
      vertex   -3.680974e+000 5.907910e+001 4.351600e+001
      vertex   -5.680981e+000 5.557101e+001 4.351600e+001
      vertex   -3.680974e+000 5.389948e+001 4.351600e+001
    endloop
  endfacet
  facet normal 0.000000e+000 9.353859e+000 0.000000e+000
    outer loop
      vertex   -5.680981e+000 5.282975e+001 4.555476e+001
      vertex   -5.680981e+000 5.282975e+001 4.604721e+001
      vertex   -3.680974e+000 5.282975e+001 4.631088e+001
    endloop
  endfacet
  facet normal 0.000000e+000 9.914217e+000 0.000000e+000
    outer loop
      vertex   -3.680974e+000 5.282975e+001 4.631088e+001
      vertex   -5.680981e+000 5.282975e+001 4.604721e+001
      vertex   -3.680974e+000 5.282975e+001 4.639519e+001
    endloop
  endfacet
  facet normal 0.000000e+000 9.851989e+000 0.000000e+000
    outer loop
      vertex   -5.680981e+000 5.282975e+001 4.604721e+001
      vertex   -5.680981e+000 5.282975e+001 4.681926e+001
      vertex   -3.680974e+000 5.282975e+001 4.639519e+001
    endloop
  endfacet
  facet normal 0.000000e+000 9.782514e+000 0.000000e+000
    outer loop
      vertex   -3.680974e+000 5.282975e+001 4.639519e+001
      vertex   -5.680981e+000 5.282975e+001 4.681926e+001
      vertex   -3.680974e+000 5.282975e+001 4.814030e+001
    endloop
  endfacet
  facet normal 0.000000e+000 0.000000e+000 8.543527e+000
    outer loop
      vertex   -5.680981e+000 5.786252e+001 4.351600e+001
      vertex   -3.680974e+000 5.907910e+001 4.351600e+001
      vertex   -5.680981e+000 5.944675e+001 4.351600e+001
    endloop
  endfacet
  facet normal 0.000000e+000 0.000000e+000 1.332178e+000
    outer loop
      vertex   -5.680981e+000 5.944675e+001 4.351600e+001
      vertex   -3.680974e+000 5.907910e+001 4.351600e+001
      vertex   -3.680974e+000 5.935032e+001 4.351600e+001
    endloop
  endfacet
  facet normal 0.000000e+000 0.000000e+000 9.988397e+000
    outer loop
      vertex   -5.680981e+000 5.944675e+001 4.351600e+001
      vertex   -3.680974e+000 5.935032e+001 4.351600e+001
      vertex   -5.680981e+000 5.979666e+001 4.351600e+001
    endloop
  endfacet
  facet normal 0.000000e+000 0.000000e+000 3.803601e+000
    outer loop
      vertex   -5.680981e+000 5.979666e+001 4.351600e+001
      vertex   -3.680974e+000 5.935032e+001 4.351600e+001
      vertex   -3.680974e+000 6.014124e+001 4.351600e+001
    endloop
  endfacet
  facet normal 0.000000e+000 7.854412e+000 0.000000e+000
    outer loop
      vertex   -5.680981e+000 5.282975e+001 5.031477e+001
      vertex   -3.680974e+000 5.282975e+001 4.873874e+001
      vertex   -5.680981e+000 5.282975e+001 4.681926e+001
    endloop
  endfacet
  facet normal 0.000000e+000 1.801337e+000 0.000000e+000
    outer loop
      vertex   -5.680981e+000 5.282975e+001 4.681926e+001
      vertex   -3.680974e+000 5.282975e+001 4.873874e+001
      vertex   -3.680974e+000 5.282975e+001 4.814030e+001
    endloop
  endfacet
  facet normal 0.000000e+000 9.281641e+000 0.000000e+000
    outer loop
      vertex   -5.680981e+000 5.282975e+001 5.220152e+001
      vertex   -3.680974e+000 5.282975e+001 5.300347e+001
      vertex   -5.680981e+000 5.282975e+001 5.031477e+001
    endloop
  endfacet
  facet normal 0.000000e+000 9.996127e+000 0.000000e+000
    outer loop
      vertex   -5.680981e+000 5.282975e+001 5.031477e+001
      vertex   -3.680974e+000 5.282975e+001 5.300347e+001
      vertex   -3.680974e+000 5.282975e+001 4.873874e+001
    endloop
  endfacet
  facet normal 0.000000e+000 0.000000e+000 9.854809e+000
    outer loop
      vertex   -5.680981e+000 5.979666e+001 4.351600e+001
      vertex   -3.680974e+000 6.014124e+001 4.351600e+001
      vertex   -5.680981e+000 6.020045e+001 4.351600e+001
    endloop
  endfacet
  facet normal 0.000000e+000 0.000000e+000 4.195494e+000
    outer loop
      vertex   -5.680981e+000 6.020045e+001 4.351600e+001
      vertex   -3.680974e+000 6.014124e+001 4.351600e+001
      vertex   -3.680974e+000 6.105396e+001 4.351600e+001
    endloop
  endfacet
  facet normal 0.000000e+000 0.000000e+000 9.197510e+000
    outer loop
      vertex   -5.680981e+000 6.020045e+001 4.351600e+001
      vertex   -3.680974e+000 6.105396e+001 4.351600e+001
      vertex   -5.680981e+000 6.202863e+001 4.351600e+001
    endloop
  endfacet
  facet normal 0.000000e+000 0.000000e+000 1.335568e+000
    outer loop
      vertex   -5.680981e+000 6.202863e+001 4.351600e+001
      vertex   -3.680974e+000 6.105396e+001 4.351600e+001
      vertex   -3.680974e+000 6.136694e+001 4.351600e+001
    endloop
  endfacet
  facet normal 0.000000e+000 9.281641e+000 0.000000e+000
    outer loop
      vertex   -5.680981e+000 5.282975e+001 5.220152e+001
      vertex   -5.680981e+000 5.282975e+001 5.315056e+001
      vertex   -3.680974e+000 5.282975e+001 5.300347e+001
    endloop
  endfacet
  facet normal 0.000000e+000 9.973067e+000 0.000000e+000
    outer loop
      vertex   -3.680974e+000 5.282975e+001 5.300347e+001
      vertex   -5.680981e+000 5.282975e+001 5.315056e+001
      vertex   -3.680974e+000 5.282975e+001 5.316595e+001
    endloop
  endfacet
  facet normal 0.000000e+000 0.000000e+000 -1.000000e+001
    outer loop
      vertex   -5.680981e+000 5.282975e+001 5.318467e+001
      vertex   -5.680981e+000 5.285087e+001 5.318467e+001
      vertex   -3.680974e+000 5.282975e+001 5.318467e+001
    endloop
  endfacet
  facet normal 0.000000e+000 0.000000e+000 -9.999443e+000
    outer loop
      vertex   -3.680974e+000 5.282975e+001 5.318467e+001
      vertex   -5.680981e+000 5.285087e+001 5.318467e+001
      vertex   -3.680974e+000 5.287748e+001 5.318467e+001
    endloop
  endfacet
  facet normal 0.000000e+000 1.000000e+001 0.000000e+000
    outer loop
      vertex   -5.680981e+000 5.282975e+001 5.318467e+001
      vertex   -3.680974e+000 5.282975e+001 5.318467e+001
      vertex   -5.680981e+000 5.282975e+001 5.317850e+001
    endloop
  endfacet
  facet normal 0.000000e+000 6.968864e-002 0.000000e+000
    outer loop
      vertex   -5.680981e+000 5.282975e+001 5.317850e+001
      vertex   -3.680974e+000 5.282975e+001 5.318467e+001
      vertex   -3.680974e+000 5.282975e+001 5.317073e+001
    endloop
  endfacet
  facet normal 0.000000e+000 9.999703e+000 0.000000e+000
    outer loop
      vertex   -5.680981e+000 5.282975e+001 5.315056e+001
      vertex   -5.680981e+000 5.282975e+001 5.317850e+001
      vertex   -3.680974e+000 5.282975e+001 5.316595e+001
    endloop
  endfacet
  facet normal 0.000000e+000 9.999804e+000 0.000000e+000
    outer loop
      vertex   -3.680974e+000 5.282975e+001 5.316595e+001
      vertex   -5.680981e+000 5.282975e+001 5.317850e+001
      vertex   -3.680974e+000 5.282975e+001 5.317073e+001
    endloop
  endfacet
  facet normal 0.000000e+000 0.000000e+000 9.868927e+000
    outer loop
      vertex   -5.680981e+000 6.281313e+001 4.351600e+001
      vertex   -5.680981e+000 6.202863e+001 4.351600e+001
      vertex   -3.680974e+000 6.314017e+001 4.351600e+001
    endloop
  endfacet
  facet normal 0.000000e+000 0.000000e+000 8.740783e+000
    outer loop
      vertex   -3.680974e+000 6.314017e+001 4.351600e+001
      vertex   -5.680981e+000 6.202863e+001 4.351600e+001
      vertex   -3.680974e+000 6.136694e+001 4.351600e+001
    endloop
  endfacet
  facet normal 0.000000e+000 0.000000e+000 -9.484413e+000
    outer loop
      vertex   -5.680981e+000 7.673276e+001 5.170320e+001
      vertex   -3.680974e+000 7.606439e+001 5.170320e+001
      vertex   -5.680981e+000 7.617808e+001 5.170320e+001
    endloop
  endfacet
  facet normal 0.000000e+000 0.000000e+000 -4.715084e-001
    outer loop
      vertex   -5.680981e+000 7.617808e+001 5.170320e+001
      vertex   -3.680974e+000 7.606439e+001 5.170320e+001
      vertex   -3.680974e+000 7.596942e+001 5.170320e+001
    endloop
  endfacet
  facet normal 0.000000e+000 0.000000e+000 -9.946020e+000
    outer loop
      vertex   -5.680981e+000 7.617808e+001 5.170320e+001
      vertex   -3.680974e+000 7.596942e+001 5.170320e+001
      vertex   -5.680981e+000 7.507533e+001 5.170320e+001
    endloop
  endfacet
  facet normal 0.000000e+000 0.000000e+000 -8.887802e+000
    outer loop
      vertex   -5.680981e+000 7.507533e+001 5.170320e+001
      vertex   -3.680974e+000 7.596942e+001 5.170320e+001
      vertex   -3.680974e+000 7.347682e+001 5.170320e+001
    endloop
  endfacet
  facet normal 0.000000e+000 0.000000e+000 -6.066925e+000
    outer loop
      vertex   -5.680981e+000 6.998476e+001 5.170320e+001
      vertex   -5.680981e+000 7.507533e+001 5.170320e+001
      vertex   -3.680974e+000 7.260532e+001 5.170320e+001
    endloop
  endfacet
  facet normal 0.000000e+000 0.000000e+000 -6.292883e+000
    outer loop
      vertex   -3.680974e+000 7.260532e+001 5.170320e+001
      vertex   -5.680981e+000 7.507533e+001 5.170320e+001
      vertex   -3.680974e+000 7.347682e+001 5.170320e+001
    endloop
  endfacet
  facet normal 0.000000e+000 0.000000e+000 -8.568372e+000
    outer loop
      vertex   -5.680981e+000 6.886041e+001 5.170320e+001
      vertex   -5.680981e+000 6.998476e+001 5.170320e+001
      vertex   -3.680974e+000 7.006388e+001 5.170320e+001
    endloop
  endfacet
  facet normal 0.000000e+000 0.000000e+000 -9.992183e+000
    outer loop
      vertex   -3.680974e+000 7.006388e+001 5.170320e+001
      vertex   -5.680981e+000 6.998476e+001 5.170320e+001
      vertex   -3.680974e+000 7.260532e+001 5.170320e+001
    endloop
  endfacet
  facet normal 0.000000e+000 0.000000e+000 -9.987685e+000
    outer loop
      vertex   -5.680981e+000 6.782671e+001 5.170320e+001
      vertex   -5.680981e+000 6.886041e+001 5.170320e+001
      vertex   -3.680974e+000 6.772736e+001 5.170320e+001
    endloop
  endfacet
  facet normal 0.000000e+000 0.000000e+000 -8.700766e+000
    outer loop
      vertex   -3.680974e+000 6.772736e+001 5.170320e+001
      vertex   -5.680981e+000 6.886041e+001 5.170320e+001
      vertex   -3.680974e+000 7.006388e+001 5.170320e+001
    endloop
  endfacet
  facet normal 0.000000e+000 0.000000e+000 -9.865330e+000
    outer loop
      vertex   -5.680981e+000 6.730676e+001 5.170320e+001
      vertex   -5.680981e+000 6.782671e+001 5.170320e+001
      vertex   -3.680974e+000 6.763835e+001 5.170320e+001
    endloop
  endfacet
  facet normal 0.000000e+000 0.000000e+000 -9.955944e+000
    outer loop
      vertex   -3.680974e+000 6.763835e+001 5.170320e+001
      vertex   -5.680981e+000 6.782671e+001 5.170320e+001
      vertex   -3.680974e+000 6.772736e+001 5.170320e+001
    endloop
  endfacet
  facet normal 0.000000e+000 0.000000e+000 -9.926066e+000
    outer loop
      vertex   -5.680981e+000 6.723772e+001 5.170320e+001
      vertex   -5.680981e+000 6.730676e+001 5.170320e+001
      vertex   -3.680974e+000 6.748228e+001 5.170320e+001
    endloop
  endfacet
  facet normal 0.000000e+000 0.000000e+000 -9.961715e+000
    outer loop
      vertex   -3.680974e+000 6.748228e+001 5.170320e+001
      vertex   -5.680981e+000 6.730676e+001 5.170320e+001
      vertex   -3.680974e+000 6.763835e+001 5.170320e+001
    endloop
  endfacet
  facet normal 0.000000e+000 0.000000e+000 -9.907882e+000
    outer loop
      vertex   -5.680981e+000 6.720298e+001 5.170320e+001
      vertex   -5.680981e+000 6.723772e+001 5.170320e+001
      vertex   -3.680974e+000 6.747634e+001 5.170320e+001
    endloop
  endfacet
  facet normal 0.000000e+000 0.000000e+000 -9.929572e+000
    outer loop
      vertex   -3.680974e+000 6.747634e+001 5.170320e+001
      vertex   -5.680981e+000 6.723772e+001 5.170320e+001
      vertex   -3.680974e+000 6.748228e+001 5.170320e+001
    endloop
  endfacet
  facet normal 0.000000e+000 0.000000e+000 -9.977265e+000
    outer loop
      vertex   -5.680981e+000 6.687891e+001 5.170320e+001
      vertex   -5.680981e+000 6.720298e+001 5.170320e+001
      vertex   -3.680974e+000 6.674381e+001 5.170320e+001
    endloop
  endfacet
  facet normal 0.000000e+000 0.000000e+000 -9.746436e+000
    outer loop
      vertex   -3.680974e+000 6.674381e+001 5.170320e+001
      vertex   -5.680981e+000 6.720298e+001 5.170320e+001
      vertex   -3.680974e+000 6.747634e+001 5.170320e+001
    endloop
  endfacet
  facet normal 0.000000e+000 0.000000e+000 -9.977265e+000
    outer loop
      vertex   -5.680981e+000 6.687891e+001 5.170320e+001
      vertex   -3.680974e+000 6.674381e+001 5.170320e+001
      vertex   -5.680981e+000 6.671590e+001 5.170320e+001
    endloop
  endfacet
  facet normal 0.000000e+000 0.000000e+000 -1.395561e-001
    outer loop
      vertex   -5.680981e+000 6.671590e+001 5.170320e+001
      vertex   -3.680974e+000 6.674381e+001 5.170320e+001
      vertex   -3.680974e+000 6.671590e+001 5.170320e+001
    endloop
  endfacet
  facet normal 0.000000e+000 9.881922e+000 0.000000e+000
    outer loop
      vertex   -5.680981e+000 6.671590e+001 5.132905e+001
      vertex   -5.680981e+000 6.671590e+001 5.170320e+001
      vertex   -3.680974e+000 6.671590e+001 5.163915e+001
    endloop
  endfacet
  facet normal 0.000000e+000 9.994877e+000 0.000000e+000
    outer loop
      vertex   -3.680974e+000 6.671590e+001 5.163915e+001
      vertex   -5.680981e+000 6.671590e+001 5.170320e+001
      vertex   -3.680974e+000 6.671590e+001 5.170320e+001
    endloop
  endfacet
  facet normal 0.000000e+000 9.881922e+000 0.000000e+000
    outer loop
      vertex   -5.680981e+000 6.671590e+001 5.132905e+001
      vertex   -3.680974e+000 6.671590e+001 5.163915e+001
      vertex   -5.680981e+000 6.671590e+001 5.058523e+001
    endloop
  endfacet
  facet normal 0.000000e+000 7.096155e+000 0.000000e+000
    outer loop
      vertex   -5.680981e+000 6.671590e+001 5.058523e+001
      vertex   -3.680974e+000 6.671590e+001 5.163915e+001
      vertex   -3.680974e+000 6.671590e+001 4.995784e+001
    endloop
  endfacet
  facet normal 0.000000e+000 9.033043e+000 0.000000e+000
    outer loop
      vertex   -5.680981e+000 6.671590e+001 4.868218e+001
      vertex   -5.680981e+000 6.671590e+001 5.058523e+001
      vertex   -3.680974e+000 6.671590e+001 4.963203e+001
    endloop
  endfacet
  facet normal 0.000000e+000 9.027172e+000 0.000000e+000
    outer loop
      vertex   -3.680974e+000 6.671590e+001 4.963203e+001
      vertex   -5.680981e+000 6.671590e+001 5.058523e+001
      vertex   -3.680974e+000 6.671590e+001 4.995784e+001
    endloop
  endfacet
  facet normal 0.000000e+000 9.786449e+000 0.000000e+000
    outer loop
      vertex   -5.680981e+000 6.671590e+001 4.826186e+001
      vertex   -5.680981e+000 6.671590e+001 4.868218e+001
      vertex   -3.680974e+000 6.671590e+001 4.868195e+001
    endloop
  endfacet
  facet normal 0.000000e+000 1.000000e+001 0.000000e+000
    outer loop
      vertex   -3.680974e+000 6.671590e+001 4.868195e+001
      vertex   -5.680981e+000 6.671590e+001 4.868218e+001
      vertex   -3.680974e+000 6.671590e+001 4.963203e+001
    endloop
  endfacet
  facet normal 0.000000e+000 9.786449e+000 0.000000e+000
    outer loop
      vertex   -5.680981e+000 6.671590e+001 4.826186e+001
      vertex   -3.680974e+000 6.671590e+001 4.868195e+001
      vertex   -5.680981e+000 6.671590e+001 4.757907e+001
    endloop
  endfacet
  facet normal 0.000000e+000 6.599195e+000 0.000000e+000
    outer loop
      vertex   -5.680981e+000 6.671590e+001 4.757907e+001
      vertex   -3.680974e+000 6.671590e+001 4.868195e+001
      vertex   -3.680974e+000 6.671590e+001 4.713862e+001
    endloop
  endfacet
  facet normal 0.000000e+000 9.765980e+000 0.000000e+000
    outer loop
      vertex   -5.680981e+000 6.671590e+001 4.757907e+001
      vertex   -3.680974e+000 6.671590e+001 4.713862e+001
      vertex   -5.680981e+000 6.671590e+001 4.723563e+001
    endloop
  endfacet
  facet normal 0.000000e+000 2.927606e-001 0.000000e+000
    outer loop
      vertex   -5.680981e+000 6.671590e+001 4.723563e+001
      vertex   -3.680974e+000 6.671590e+001 4.713862e+001
      vertex   -3.680974e+000 6.671590e+001 4.707982e+001
    endloop
  endfacet
  facet normal 0.000000e+000 9.969791e+000 0.000000e+000
    outer loop
      vertex   -5.680981e+000 6.671590e+001 4.723563e+001
      vertex   -3.680974e+000 6.671590e+001 4.707982e+001
      vertex   -5.680981e+000 6.671590e+001 4.690840e+001
    endloop
  endfacet
  facet normal 0.000000e+000 2.786066e-001 0.000000e+000
    outer loop
      vertex   -5.680981e+000 6.671590e+001 4.690840e+001
      vertex   -3.680974e+000 6.671590e+001 4.707982e+001
      vertex   -3.680974e+000 6.671590e+001 4.702380e+001
    endloop
  endfacet
  facet normal 0.000000e+000 9.983396e+000 0.000000e+000
    outer loop
      vertex   -5.680981e+000 6.671590e+001 4.690840e+001
      vertex   -3.680974e+000 6.671590e+001 4.702380e+001
      vertex   -5.680981e+000 6.671590e+001 4.625784e+001
    endloop
  endfacet
  facet normal 0.000000e+000 6.476098e+000 0.000000e+000
    outer loop
      vertex   -5.680981e+000 6.671590e+001 4.625784e+001
      vertex   -3.680974e+000 6.671590e+001 4.702380e+001
      vertex   -3.680974e+000 6.671590e+001 4.555330e+001
    endloop
  endfacet
  facet normal 0.000000e+000 9.284468e+000 0.000000e+000
    outer loop
      vertex   -5.680981e+000 6.671590e+001 4.444229e+001
      vertex   -5.680981e+000 6.671590e+001 4.625784e+001
      vertex   -3.680974e+000 6.671590e+001 4.524248e+001
    endloop
  endfacet
  facet normal 0.000000e+000 8.916722e+000 0.000000e+000
    outer loop
      vertex   -3.680974e+000 6.671590e+001 4.524248e+001
      vertex   -5.680981e+000 6.671590e+001 4.625784e+001
      vertex   -3.680974e+000 6.671590e+001 4.555330e+001
    endloop
  endfacet
  facet normal 0.000000e+000 -8.008780e+000 0.000000e+000
    outer loop
      vertex   -5.680981e+000 7.792377e+001 4.978631e+001
      vertex   -5.680981e+000 7.792377e+001 4.706850e+001
      vertex   -3.680974e+000 7.792377e+001 4.829088e+001
    endloop
  endfacet
  facet normal 0.000000e+000 -8.532534e+000 0.000000e+000
    outer loop
      vertex   -3.680974e+000 7.792377e+001 4.829088e+001
      vertex   -5.680981e+000 7.792377e+001 4.706850e+001
      vertex   -3.680974e+000 7.792377e+001 4.782559e+001
    endloop
  endfacet
  facet normal 0.000000e+000 -9.352353e+000 0.000000e+000
    outer loop
      vertex   -5.680981e+000 7.792377e+001 4.706850e+001
      vertex   -5.680981e+000 7.792377e+001 4.560999e+001
      vertex   -3.680974e+000 7.792377e+001 4.782559e+001
    endloop
  endfacet
  facet normal 0.000000e+000 -6.700677e+000 0.000000e+000
    outer loop
      vertex   -3.680974e+000 7.792377e+001 4.782559e+001
      vertex   -5.680981e+000 7.792377e+001 4.560999e+001
      vertex   -3.680974e+000 7.792377e+001 4.452880e+001
    endloop
  endfacet
  facet normal 0.000000e+000 -8.796889e+000 0.000000e+000
    outer loop
      vertex   -5.680981e+000 7.792377e+001 4.560999e+001
      vertex   -5.680981e+000 7.792377e+001 4.487634e+001
      vertex   -3.680974e+000 7.792377e+001 4.452880e+001
    endloop
  endfacet
  facet normal -0.000000e+000 -9.852358e+000 -0.000000e+000
    outer loop
      vertex   -3.680974e+000 7.792377e+001 4.452880e+001
      vertex   -5.680981e+000 7.792377e+001 4.487634e+001
      vertex   -3.680974e+000 7.792377e+001 4.440320e+001
    endloop
  endfacet
  facet normal 0.000000e+000 -9.380363e+000 0.000000e+000
    outer loop
      vertex   -5.680981e+000 7.792377e+001 5.038658e+001
      vertex   -5.680981e+000 7.792377e+001 4.978631e+001
      vertex   -3.680974e+000 7.792377e+001 4.964772e+001
    endloop
  endfacet
  facet normal -0.000000e+000 -9.976078e+000 -0.000000e+000
    outer loop
      vertex   -3.680974e+000 7.792377e+001 4.964772e+001
      vertex   -5.680981e+000 7.792377e+001 4.978631e+001
      vertex   -3.680974e+000 7.792377e+001 4.829088e+001
    endloop
  endfacet
  facet normal 0.000000e+000 0.000000e+000 8.221371e+000
    outer loop
      vertex   -5.680981e+000 7.625280e+001 4.351600e+001
      vertex   -5.680981e+000 7.293081e+001 4.351600e+001
      vertex   -3.680974e+000 7.763770e+001 4.351600e+001
    endloop
  endfacet
  facet normal 0.000000e+000 0.000000e+000 3.910704e+000
    outer loop
      vertex   -3.680974e+000 7.763770e+001 4.351600e+001
      vertex   -5.680981e+000 7.293081e+001 4.351600e+001
      vertex   -3.680974e+000 7.012884e+001 4.351600e+001
    endloop
  endfacet
  facet normal 0.000000e+000 0.000000e+000 5.809688e+000
    outer loop
      vertex   -5.680981e+000 7.293081e+001 4.351600e+001
      vertex   -5.680981e+000 6.784025e+001 4.351600e+001
      vertex   -3.680974e+000 7.012884e+001 4.351600e+001
    endloop
  endfacet
  facet normal 0.000000e+000 0.000000e+000 6.580371e+000
    outer loop
      vertex   -3.680974e+000 7.012884e+001 4.351600e+001
      vertex   -5.680981e+000 6.784025e+001 4.351600e+001
      vertex   -3.680974e+000 6.925733e+001 4.351600e+001
    endloop
  endfacet
  facet normal 0.000000e+000 0.000000e+000 1.000000e+001
    outer loop
      vertex   -5.680981e+000 6.671590e+001 4.351600e+001
      vertex   -3.680974e+000 6.671590e+001 4.351600e+001
      vertex   -5.680981e+000 6.784025e+001 4.351600e+001
    endloop
  endfacet
  facet normal 0.000000e+000 0.000000e+000 9.038031e+000
    outer loop
      vertex   -5.680981e+000 6.784025e+001 4.351600e+001
      vertex   -3.680974e+000 6.671590e+001 4.351600e+001
      vertex   -3.680974e+000 6.925733e+001 4.351600e+001
    endloop
  endfacet
  facet normal 0.000000e+000 9.893106e+000 0.000000e+000
    outer loop
      vertex   -5.680981e+000 6.671590e+001 4.404129e+001
      vertex   -5.680981e+000 6.671590e+001 4.444229e+001
      vertex   -3.680974e+000 6.671590e+001 4.433609e+001
    endloop
  endfacet
  facet normal 0.000000e+000 9.985931e+000 0.000000e+000
    outer loop
      vertex   -3.680974e+000 6.671590e+001 4.433609e+001
      vertex   -5.680981e+000 6.671590e+001 4.444229e+001
      vertex   -3.680974e+000 6.671590e+001 4.524248e+001
    endloop
  endfacet
  facet normal 0.000000e+000 0.000000e+000 -9.866314e+000
    outer loop
      vertex   -5.680981e+000 7.752518e+001 5.170320e+001
      vertex   -3.680974e+000 7.785553e+001 5.170320e+001
      vertex   -5.680981e+000 7.673276e+001 5.170320e+001
    endloop
  endfacet
  facet normal 0.000000e+000 0.000000e+000 -7.406623e+000
    outer loop
      vertex   -5.680981e+000 7.673276e+001 5.170320e+001
      vertex   -3.680974e+000 7.785553e+001 5.170320e+001
      vertex   -3.680974e+000 7.606439e+001 5.170320e+001
    endloop
  endfacet
  facet normal 0.000000e+000 0.000000e+000 -9.866314e+000
    outer loop
      vertex   -5.680981e+000 7.752518e+001 5.170320e+001
      vertex   -5.680981e+000 7.792377e+001 5.170320e+001
      vertex   -3.680974e+000 7.785553e+001 5.170320e+001
    endloop
  endfacet
  facet normal 0.000000e+000 0.000000e+000 -9.994184e+000
    outer loop
      vertex   -3.680974e+000 7.785553e+001 5.170320e+001
      vertex   -5.680981e+000 7.792377e+001 5.170320e+001
      vertex   -3.680974e+000 7.792377e+001 5.170320e+001
    endloop
  endfacet
  facet normal 0.000000e+000 -9.837343e+000 0.000000e+000
    outer loop
      vertex   -5.680981e+000 7.792377e+001 5.126257e+001
      vertex   -3.680974e+000 7.792377e+001 5.162777e+001
      vertex   -5.680981e+000 7.792377e+001 5.170320e+001
    endloop
  endfacet
  facet normal 0.000000e+000 -3.768850e-001 0.000000e+000
    outer loop
      vertex   -5.680981e+000 7.792377e+001 5.170320e+001
      vertex   -3.680974e+000 7.792377e+001 5.162777e+001
      vertex   -3.680974e+000 7.792377e+001 5.170320e+001
    endloop
  endfacet
  facet normal 0.000000e+000 -9.837343e+000 0.000000e+000
    outer loop
      vertex   -5.680981e+000 7.792377e+001 5.126257e+001
      vertex   -5.680981e+000 7.792377e+001 5.038658e+001
      vertex   -3.680974e+000 7.792377e+001 5.162777e+001
    endloop
  endfacet
  facet normal 0.000000e+000 -8.496775e+000 0.000000e+000
    outer loop
      vertex   -3.680974e+000 7.792377e+001 5.162777e+001
      vertex   -5.680981e+000 7.792377e+001 5.038658e+001
      vertex   -3.680974e+000 7.792377e+001 4.964772e+001
    endloop
  endfacet
  facet normal 0.000000e+000 0.000000e+000 8.221371e+000
    outer loop
      vertex   -5.680981e+000 7.625280e+001 4.351600e+001
      vertex   -3.680974e+000 7.763770e+001 4.351600e+001
      vertex   -5.680981e+000 7.792377e+001 4.351600e+001
    endloop
  endfacet
  facet normal 0.000000e+000 0.000000e+000 1.415905e+000
    outer loop
      vertex   -5.680981e+000 7.792377e+001 4.351600e+001
      vertex   -3.680974e+000 7.763770e+001 4.351600e+001
      vertex   -3.680974e+000 7.792377e+001 4.351600e+001
    endloop
  endfacet
  facet normal 0.000000e+000 -9.731397e+000 0.000000e+000
    outer loop
      vertex   -5.680981e+000 7.792377e+001 4.487634e+001
      vertex   -5.680981e+000 7.792377e+001 4.387555e+001
      vertex   -3.680974e+000 7.792377e+001 4.440320e+001
    endloop
  endfacet
  facet normal 0.000000e+000 -9.669160e+000 0.000000e+000
    outer loop
      vertex   -3.680974e+000 7.792377e+001 4.440320e+001
      vertex   -5.680981e+000 7.792377e+001 4.387555e+001
      vertex   -3.680974e+000 7.792377e+001 4.423187e+001
    endloop
  endfacet
  facet normal 0.000000e+000 -9.992455e+000 0.000000e+000
    outer loop
      vertex   -5.680981e+000 7.792377e+001 4.365450e+001
      vertex   -3.680974e+000 7.792377e+001 4.373223e+001
      vertex   -5.680981e+000 7.792377e+001 4.387555e+001
    endloop
  endfacet
  facet normal 0.000000e+000 -2.453148e+000 0.000000e+000
    outer loop
      vertex   -5.680981e+000 7.792377e+001 4.387555e+001
      vertex   -3.680974e+000 7.792377e+001 4.373223e+001
      vertex   -3.680974e+000 7.792377e+001 4.423187e+001
    endloop
  endfacet
  facet normal 0.000000e+000 -9.998156e+000 0.000000e+000
    outer loop
      vertex   -5.680981e+000 7.792377e+001 4.356235e+001
      vertex   -3.680974e+000 7.792377e+001 4.352393e+001
      vertex   -5.680981e+000 7.792377e+001 4.365450e+001
    endloop
  endfacet
  facet normal 0.000000e+000 -1.038507e+000 0.000000e+000
    outer loop
      vertex   -5.680981e+000 7.792377e+001 4.365450e+001
      vertex   -3.680974e+000 7.792377e+001 4.352393e+001
      vertex   -3.680974e+000 7.792377e+001 4.373223e+001
    endloop
  endfacet
  facet normal 0.000000e+000 -9.998156e+000 0.000000e+000
    outer loop
      vertex   -5.680981e+000 7.792377e+001 4.356235e+001
      vertex   -5.680981e+000 7.792377e+001 4.351600e+001
      vertex   -3.680974e+000 7.792377e+001 4.352393e+001
    endloop
  endfacet
  facet normal 0.000000e+000 -9.999922e+000 0.000000e+000
    outer loop
      vertex   -3.680974e+000 7.792377e+001 4.352393e+001
      vertex   -5.680981e+000 7.792377e+001 4.351600e+001
      vertex   -3.680974e+000 7.792377e+001 4.351600e+001
    endloop
  endfacet
  facet normal 0.000000e+000 9.973569e+000 0.000000e+000
    outer loop
      vertex   -5.680981e+000 6.671590e+001 4.369180e+001
      vertex   -3.680974e+000 6.671590e+001 4.354610e+001
      vertex   -5.680981e+000 6.671590e+001 4.351600e+001
    endloop
  endfacet
  facet normal 0.000000e+000 1.504722e-001 0.000000e+000
    outer loop
      vertex   -5.680981e+000 6.671590e+001 4.351600e+001
      vertex   -3.680974e+000 6.671590e+001 4.354610e+001
      vertex   -3.680974e+000 6.671590e+001 4.351600e+001
    endloop
  endfacet
  facet normal 0.000000e+000 9.973569e+000 0.000000e+000
    outer loop
      vertex   -5.680981e+000 6.671590e+001 4.369180e+001
      vertex   -5.680981e+000 6.671590e+001 4.404129e+001
      vertex   -3.680974e+000 6.671590e+001 4.354610e+001
    endloop
  endfacet
  facet normal 0.000000e+000 9.706894e+000 0.000000e+000
    outer loop
      vertex   -3.680974e+000 6.671590e+001 4.354610e+001
      vertex   -5.680981e+000 6.671590e+001 4.404129e+001
      vertex   -3.680974e+000 6.671590e+001 4.433609e+001
    endloop
  endfacet
  facet normal 0.000000e+000 -7.229412e+000 0.000000e+000
    outer loop
      vertex   -5.680981e+000 4.480705e+001 5.418490e+001
      vertex   -5.680981e+000 4.480705e+001 5.033846e+001
      vertex   -3.680974e+000 4.480705e+001 5.609629e+001
    endloop
  endfacet
  facet normal 0.000000e+000 -3.281227e+000 0.000000e+000
    outer loop
      vertex   -3.680974e+000 4.480705e+001 5.609629e+001
      vertex   -5.680981e+000 4.480705e+001 5.033846e+001
      vertex   -3.680974e+000 4.480705e+001 4.740196e+001
    endloop
  endfacet
  facet normal 0.000000e+000 -7.229412e+000 0.000000e+000
    outer loop
      vertex   -5.680981e+000 4.480705e+001 5.418490e+001
      vertex   -3.680974e+000 4.480705e+001 5.609629e+001
      vertex   -5.680981e+000 4.480705e+001 5.621881e+001
    endloop
  endfacet
  facet normal 0.000000e+000 -1.726828e+000 0.000000e+000
    outer loop
      vertex   -5.680981e+000 4.480705e+001 5.621881e+001
      vertex   -3.680974e+000 4.480705e+001 5.609629e+001
      vertex   -3.680974e+000 4.480705e+001 5.644450e+001
    endloop
  endfacet
  facet normal 0.000000e+000 -9.936932e+000 0.000000e+000
    outer loop
      vertex   -5.680981e+000 4.480705e+001 5.621881e+001
      vertex   -3.680974e+000 4.480705e+001 5.644450e+001
      vertex   -5.680981e+000 4.480705e+001 5.653528e+001
    endloop
  endfacet
  facet normal 0.000000e+000 -9.989716e+000 0.000000e+000
    outer loop
      vertex   -5.680981e+000 4.480705e+001 5.653528e+001
      vertex   -3.680974e+000 4.480705e+001 5.644450e+001
      vertex   -5.680981e+000 4.480705e+001 5.721893e+001
    endloop
  endfacet
  facet normal 0.000000e+000 -8.460362e+000 0.000000e+000
    outer loop
      vertex   -5.680981e+000 4.480705e+001 5.721893e+001
      vertex   -3.680974e+000 4.480705e+001 5.644450e+001
      vertex   -3.680974e+000 4.480705e+001 5.870514e+001
    endloop
  endfacet
  facet normal 0.000000e+000 -8.026495e+000 0.000000e+000
    outer loop
      vertex   -5.680981e+000 4.480705e+001 5.721893e+001
      vertex   -3.680974e+000 4.480705e+001 5.870514e+001
      vertex   -5.680981e+000 4.480705e+001 5.971317e+001
    endloop
  endfacet
  facet normal 0.000000e+000 -1.830890e+000 0.000000e+000
    outer loop
      vertex   -5.680981e+000 4.480705e+001 5.971317e+001
      vertex   -3.680974e+000 4.480705e+001 5.870514e+001
      vertex   -3.680974e+000 4.480705e+001 5.913215e+001
    endloop
  endfacet
  facet normal 0.000000e+000 -9.898494e+000 0.000000e+000
    outer loop
      vertex   -5.680981e+000 4.480705e+001 6.040200e+001
      vertex   -5.680981e+000 4.480705e+001 5.971317e+001
      vertex   -3.680974e+000 4.480705e+001 6.068916e+001
    endloop
  endfacet
  facet normal 0.000000e+000 -8.987008e+000 0.000000e+000
    outer loop
      vertex   -3.680974e+000 4.480705e+001 6.068916e+001
      vertex   -5.680981e+000 4.480705e+001 5.971317e+001
      vertex   -3.680974e+000 4.480705e+001 5.913215e+001
    endloop
  endfacet
  facet normal 0.000000e+000 -9.898494e+000 0.000000e+000
    outer loop
      vertex   -5.680981e+000 4.480705e+001 6.040200e+001
      vertex   -3.680974e+000 4.480705e+001 6.068916e+001
      vertex   -5.680981e+000 4.480705e+001 6.074848e+001
    endloop
  endfacet
  facet normal 0.000000e+000 -2.964851e-001 0.000000e+000
    outer loop
      vertex   -5.680981e+000 4.480705e+001 6.074848e+001
      vertex   -3.680974e+000 4.480705e+001 6.068916e+001
      vertex   -3.680974e+000 4.480705e+001 6.074848e+001
    endloop
  endfacet
  facet normal 0.000000e+000 0.000000e+000 -8.974982e+000
    outer loop
      vertex   -5.680981e+000 4.362126e+001 6.074848e+001
      vertex   -5.680981e+000 4.480705e+001 6.074848e+001
      vertex   -3.680974e+000 4.460404e+001 6.074848e+001
    endloop
  endfacet
  facet normal 0.000000e+000 0.000000e+000 -9.948879e+000
    outer loop
      vertex   -3.680974e+000 4.460404e+001 6.074848e+001
      vertex   -5.680981e+000 4.480705e+001 6.074848e+001
      vertex   -3.680974e+000 4.480705e+001 6.074848e+001
    endloop
  endfacet
  facet normal 0.000000e+000 0.000000e+000 -8.974982e+000
    outer loop
      vertex   -5.680981e+000 4.362126e+001 6.074848e+001
      vertex   -3.680974e+000 4.460404e+001 6.074848e+001
      vertex   -5.680981e+000 4.126386e+001 6.074848e+001
    endloop
  endfacet
  facet normal 0.000000e+000 0.000000e+000 -9.706273e+000
    outer loop
      vertex   -5.680981e+000 4.126386e+001 6.074848e+001
      vertex   -3.680974e+000 4.460404e+001 6.074848e+001
      vertex   -3.680974e+000 3.927546e+001 6.074848e+001
    endloop
  endfacet
  facet normal 0.000000e+000 0.000000e+000 -7.091614e+000
    outer loop
      vertex   -5.680981e+000 4.126386e+001 6.074848e+001
      vertex   -3.680974e+000 3.927546e+001 6.074848e+001
      vertex   -5.680981e+000 3.933222e+001 6.074848e+001
    endloop
  endfacet
  facet normal 0.000000e+000 0.000000e+000 -8.991186e+000
    outer loop
      vertex   -5.680981e+000 3.933222e+001 6.074848e+001
      vertex   -3.680974e+000 3.927546e+001 6.074848e+001
      vertex   -3.680974e+000 3.490928e+001 6.074848e+001
    endloop
  endfacet
  facet normal 0.000000e+000 0.000000e+000 -4.120232e+000
    outer loop
      vertex   -5.680981e+000 3.933222e+001 6.074848e+001
      vertex   -3.680974e+000 3.490928e+001 6.074848e+001
      vertex   -5.680981e+000 3.058664e+001 6.074848e+001
    endloop
  endfacet
  facet normal 0.000000e+000 0.000000e+000 -1.816244e+000
    outer loop
      vertex   -5.680981e+000 3.058664e+001 6.074848e+001
      vertex   -3.680974e+000 3.490928e+001 6.074848e+001
      vertex   -3.680974e+000 3.341203e+001 6.074848e+001
    endloop
  endfacet
  facet normal 0.000000e+000 0.000000e+000 -8.199103e+000
    outer loop
      vertex   -5.680981e+000 2.723689e+001 6.074848e+001
      vertex   -5.680981e+000 3.058664e+001 6.074848e+001
      vertex   -3.680974e+000 2.584041e+001 6.074848e+001
    endloop
  endfacet
  facet normal 0.000000e+000 0.000000e+000 -3.883200e+000
    outer loop
      vertex   -3.680974e+000 2.584041e+001 6.074848e+001
      vertex   -5.680981e+000 3.058664e+001 6.074848e+001
      vertex   -3.680974e+000 3.341203e+001 6.074848e+001
    endloop
  endfacet
  facet normal 0.000000e+000 0.000000e+000 -8.199103e+000
    outer loop
      vertex   -5.680981e+000 2.723689e+001 6.074848e+001
      vertex   -3.680974e+000 2.584041e+001 6.074848e+001
      vertex   -5.680981e+000 2.555195e+001 6.074848e+001
    endloop
  endfacet
  facet normal 0.000000e+000 0.000000e+000 -1.427525e+000
    outer loop
      vertex   -5.680981e+000 2.555195e+001 6.074848e+001
      vertex   -3.680974e+000 2.584041e+001 6.074848e+001
      vertex   -3.680974e+000 2.555195e+001 6.074848e+001
    endloop
  endfacet
  facet normal 0.000000e+000 7.266846e+000 0.000000e+000
    outer loop
      vertex   -5.680981e+000 2.555195e+001 5.846722e+001
      vertex   -5.680981e+000 2.555195e+001 6.074848e+001
      vertex   -3.680974e+000 2.555195e+001 6.035793e+001
    endloop
  endfacet
  facet normal 0.000000e+000 9.814622e+000 0.000000e+000
    outer loop
      vertex   -3.680974e+000 2.555195e+001 6.035793e+001
      vertex   -5.680981e+000 2.555195e+001 6.074848e+001
      vertex   -3.680974e+000 2.555195e+001 6.074848e+001
    endloop
  endfacet
  facet normal 0.000000e+000 0.000000e+000 1.000000e+001
    outer loop
      vertex   -5.680981e+000 4.480705e+001 4.544712e+001
      vertex   -5.680981e+000 4.297654e+001 4.544712e+001
      vertex   -3.680974e+000 4.480705e+001 4.544712e+001
    endloop
  endfacet
  facet normal 0.000000e+000 0.000000e+000 7.376745e+000
    outer loop
      vertex   -3.680974e+000 4.480705e+001 4.544712e+001
      vertex   -5.680981e+000 4.297654e+001 4.544712e+001
      vertex   -3.680974e+000 4.066945e+001 4.544712e+001
    endloop
  endfacet
  facet normal 0.000000e+000 0.000000e+000 4.015306e+000
    outer loop
      vertex   -5.680981e+000 3.468880e+001 4.544712e+001
      vertex   -3.680974e+000 3.925059e+001 4.544712e+001
      vertex   -5.680981e+000 4.297654e+001 4.544712e+001
    endloop
  endfacet
  facet normal 0.000000e+000 0.000000e+000 2.197776e+000
    outer loop
      vertex   -5.680981e+000 4.297654e+001 4.544712e+001
      vertex   -3.680974e+000 3.925059e+001 4.544712e+001
      vertex   -3.680974e+000 4.066945e+001 4.544712e+001
    endloop
  endfacet
  facet normal 0.000000e+000 -1.000000e+001 0.000000e+000
    outer loop
      vertex   -5.680981e+000 4.480705e+001 4.544712e+001
      vertex   -3.680974e+000 4.480705e+001 4.544712e+001
      vertex   -5.680981e+000 4.480705e+001 4.598200e+001
    endloop
  endfacet
  facet normal 0.000000e+000 -5.533893e+000 0.000000e+000
    outer loop
      vertex   -5.680981e+000 4.480705e+001 4.598200e+001
      vertex   -3.680974e+000 4.480705e+001 4.544712e+001
      vertex   -3.680974e+000 4.480705e+001 4.665613e+001
    endloop
  endfacet
  facet normal 0.000000e+000 0.000000e+000 6.051313e+000
    outer loop
      vertex   -5.680981e+000 2.898164e+001 4.544712e+001
      vertex   -3.680974e+000 2.635038e+001 4.544712e+001
      vertex   -5.680981e+000 3.468880e+001 4.544712e+001
    endloop
  endfacet
  facet normal 0.000000e+000 0.000000e+000 6.040672e+000
    outer loop
      vertex   -5.680981e+000 3.468880e+001 4.544712e+001
      vertex   -3.680974e+000 2.635038e+001 4.544712e+001
      vertex   -3.680974e+000 3.925059e+001 4.544712e+001
    endloop
  endfacet
  facet normal 0.000000e+000 -8.321239e+000 0.000000e+000
    outer loop
      vertex   -5.680981e+000 4.480705e+001 4.840368e+001
      vertex   -5.680981e+000 4.480705e+001 4.598200e+001
      vertex   -3.680974e+000 4.480705e+001 4.707072e+001
    endloop
  endfacet
  facet normal 0.000000e+000 -8.782993e+000 0.000000e+000
    outer loop
      vertex   -3.680974e+000 4.480705e+001 4.707072e+001
      vertex   -5.680981e+000 4.480705e+001 4.598200e+001
      vertex   -3.680974e+000 4.480705e+001 4.665613e+001
    endloop
  endfacet
  facet normal 0.000000e+000 -5.629237e+000 0.000000e+000
    outer loop
      vertex   -5.680981e+000 4.480705e+001 5.033846e+001
      vertex   -5.680981e+000 4.480705e+001 4.840368e+001
      vertex   -3.680974e+000 4.480705e+001 4.740196e+001
    endloop
  endfacet
  facet normal -0.000000e+000 -8.941200e+000 -0.000000e+000
    outer loop
      vertex   -3.680974e+000 4.480705e+001 4.740196e+001
      vertex   -5.680981e+000 4.480705e+001 4.840368e+001
      vertex   -3.680974e+000 4.480705e+001 4.707072e+001
    endloop
  endfacet
  facet normal 0.000000e+000 0.000000e+000 6.051313e+000
    outer loop
      vertex   -5.680981e+000 2.898164e+001 4.544712e+001
      vertex   -5.680981e+000 2.611091e+001 4.544712e+001
      vertex   -3.680974e+000 2.635038e+001 4.544712e+001
    endloop
  endfacet
  facet normal 0.000000e+000 0.000000e+000 9.929080e+000
    outer loop
      vertex   -3.680974e+000 2.635038e+001 4.544712e+001
      vertex   -5.680981e+000 2.611091e+001 4.544712e+001
      vertex   -3.680974e+000 2.585891e+001 4.544712e+001
    endloop
  endfacet
  facet normal 0.000000e+000 0.000000e+000 1.000000e+001
    outer loop
      vertex   -5.680981e+000 2.555195e+001 4.544712e+001
      vertex   -3.680974e+000 2.555195e+001 4.544712e+001
      vertex   -5.680981e+000 2.565307e+001 4.544712e+001
    endloop
  endfacet
  facet normal 0.000000e+000 0.000000e+000 1.139075e+000
    outer loop
      vertex   -5.680981e+000 2.565307e+001 4.544712e+001
      vertex   -3.680974e+000 2.555195e+001 4.544712e+001
      vertex   -3.680974e+000 2.578052e+001 4.544712e+001
    endloop
  endfacet
  facet normal 0.000000e+000 0.000000e+000 9.921553e+000
    outer loop
      vertex   -5.680981e+000 2.611091e+001 4.544712e+001
      vertex   -5.680981e+000 2.565307e+001 4.544712e+001
      vertex   -3.680974e+000 2.585891e+001 4.544712e+001
    endloop
  endfacet
  facet normal 0.000000e+000 0.000000e+000 9.947455e+000
    outer loop
      vertex   -3.680974e+000 2.585891e+001 4.544712e+001
      vertex   -5.680981e+000 2.565307e+001 4.544712e+001
      vertex   -3.680974e+000 2.578052e+001 4.544712e+001
    endloop
  endfacet
  facet normal 0.000000e+000 7.266846e+000 0.000000e+000
    outer loop
      vertex   -5.680981e+000 2.555195e+001 5.846722e+001
      vertex   -3.680974e+000 2.555195e+001 6.035793e+001
      vertex   -5.680981e+000 2.555195e+001 5.393194e+001
    endloop
  endfacet
  facet normal 0.000000e+000 7.057472e+000 0.000000e+000
    outer loop
      vertex   -5.680981e+000 2.555195e+001 5.393194e+001
      vertex   -3.680974e+000 2.555195e+001 6.035793e+001
      vertex   -3.680974e+000 2.555195e+001 5.010658e+001
    endloop
  endfacet
  facet normal 0.000000e+000 4.633247e+000 0.000000e+000
    outer loop
      vertex   -5.680981e+000 2.555195e+001 5.393194e+001
      vertex   -3.680974e+000 2.555195e+001 5.010658e+001
      vertex   -5.680981e+000 2.555195e+001 4.794975e+001
    endloop
  endfacet
  facet normal 0.000000e+000 3.029670e+000 0.000000e+000
    outer loop
      vertex   -5.680981e+000 2.555195e+001 4.794975e+001
      vertex   -3.680974e+000 2.555195e+001 5.010658e+001
      vertex   -3.680974e+000 2.555195e+001 4.908243e+001
    endloop
  endfacet
  facet normal 0.000000e+000 9.281633e+000 0.000000e+000
    outer loop
      vertex   -5.680981e+000 2.555195e+001 4.641474e+001
      vertex   -5.680981e+000 2.555195e+001 4.794975e+001
      vertex   -3.680974e+000 2.555195e+001 4.561279e+001
    endloop
  endfacet
  facet normal 0.000000e+000 6.502100e+000 0.000000e+000
    outer loop
      vertex   -3.680974e+000 2.555195e+001 4.561279e+001
      vertex   -5.680981e+000 2.555195e+001 4.794975e+001
      vertex   -3.680974e+000 2.555195e+001 4.908243e+001
    endloop
  endfacet
  facet normal 0.000000e+000 1.000000e+001 0.000000e+000
    outer loop
      vertex   -3.680974e+000 2.555195e+001 4.544712e+001
      vertex   -5.680981e+000 2.555195e+001 4.544712e+001
      vertex   -3.680974e+000 2.555195e+001 4.561279e+001
    endloop
  endfacet
  facet normal 0.000000e+000 2.599880e+000 0.000000e+000
    outer loop
      vertex   -3.680974e+000 2.555195e+001 4.561279e+001
      vertex   -5.680981e+000 2.555195e+001 4.544712e+001
      vertex   -5.680981e+000 2.555195e+001 4.597748e+001
    endloop
  endfacet
  facet normal 0.000000e+000 9.281633e+000 0.000000e+000
    outer loop
      vertex   -5.680981e+000 2.555195e+001 4.641474e+001
      vertex   -3.680974e+000 2.555195e+001 4.561279e+001
      vertex   -5.680981e+000 2.555195e+001 4.597748e+001
    endloop
  endfacet
  facet normal -8.768402e+000 0.000000e+000 0.000000e+000
    outer loop
      vertex   -5.680981e+000 4.480705e+001 5.653528e+001
      vertex   -5.680981e+000 4.480705e+001 5.721893e+001
      vertex   -5.680981e+000 7.278603e+001 7.187649e+001
    endloop
  endfacet
  facet normal -7.241944e-001 0.000000e+000 0.000000e+000
    outer loop
      vertex   -5.680981e+000 7.278603e+001 7.187649e+001
      vertex   -5.680981e+000 4.480705e+001 5.721893e+001
      vertex   -5.680981e+000 4.480705e+001 5.971317e+001
    endloop
  endfacet
  facet normal -9.252159e+000 0.000000e+000 0.000000e+000
    outer loop
      vertex   -5.680981e+000 4.480705e+001 6.040200e+001
      vertex   -5.680981e+000 7.278603e+001 7.187649e+001
      vertex   -5.680981e+000 4.480705e+001 5.971317e+001
    endloop
  endfacet
  facet normal -9.252159e+000 0.000000e+000 0.000000e+000
    outer loop
      vertex   -5.680981e+000 4.480705e+001 6.040200e+001
      vertex   -5.680981e+000 4.480705e+001 6.074848e+001
      vertex   -5.680981e+000 7.278603e+001 7.187649e+001
    endloop
  endfacet
  facet normal -9.231350e+000 0.000000e+000 0.000000e+000
    outer loop
      vertex   -5.680981e+000 7.278603e+001 7.187649e+001
      vertex   -5.680981e+000 4.480705e+001 6.074848e+001
      vertex   -5.680981e+000 5.781502e+001 8.721771e+001
    endloop
  endfacet
  facet normal -4.807826e+000 0.000000e+000 0.000000e+000
    outer loop
      vertex   -5.680981e+000 1.007650e+002 8.721771e+001
      vertex   -5.680981e+000 7.278603e+001 7.187649e+001
      vertex   -5.680981e+000 5.781502e+001 8.721771e+001
    endloop
  endfacet
  facet normal -8.974799e+000 0.000000e+000 0.000000e+000
    outer loop
      vertex   -5.680981e+000 4.480705e+001 6.074848e+001
      vertex   -5.680981e+000 4.362126e+001 6.074848e+001
      vertex   -5.680981e+000 5.781502e+001 8.721771e+001
    endloop
  endfacet
  facet normal -6.654986e-001 0.000000e+000 0.000000e+000
    outer loop
      vertex   -5.680981e+000 5.781502e+001 8.721771e+001
      vertex   -5.680981e+000 4.362126e+001 6.074848e+001
      vertex   -5.680981e+000 4.126386e+001 6.074848e+001
    endloop
  endfacet
  facet normal -8.198958e+000 0.000000e+000 0.000000e+000
    outer loop
      vertex   -5.680981e+000 3.933222e+001 6.074848e+001
      vertex   -5.680981e+000 5.781502e+001 8.721771e+001
      vertex   -5.680981e+000 4.126386e+001 6.074848e+001
    endloop
  endfacet
  facet normal -9.769518e+000 0.000000e+000 0.000000e+000
    outer loop
      vertex   -5.680981e+000 3.933222e+001 6.074848e+001
      vertex   -5.680981e+000 1.486502e+001 8.721771e+001
      vertex   -5.680981e+000 5.781502e+001 8.721771e+001
    endloop
  endfacet
  facet normal -7.343323e+000 0.000000e+000 0.000000e+000
    outer loop
      vertex   -5.680981e+000 3.933222e+001 6.074848e+001
      vertex   -5.680981e+000 3.058664e+001 6.074848e+001
      vertex   -5.680981e+000 1.486502e+001 8.721771e+001
    endloop
  endfacet
  facet normal -9.857105e-001 0.000000e+000 0.000000e+000
    outer loop
      vertex   -5.680981e+000 1.486502e+001 8.721771e+001
      vertex   -5.680981e+000 3.058664e+001 6.074848e+001
      vertex   -5.680981e+000 2.723689e+001 6.074848e+001
    endloop
  endfacet
  facet normal -9.272730e+000 0.000000e+000 0.000000e+000
    outer loop
      vertex   -5.680981e+000 2.555195e+001 6.074848e+001
      vertex   -5.680981e+000 1.486502e+001 8.721771e+001
      vertex   -5.680981e+000 2.723689e+001 6.074848e+001
    endloop
  endfacet
  facet normal -7.589410e+000 0.000000e+000 0.000000e+000
    outer loop
      vertex   -5.680981e+000 2.555195e+001 6.074848e+001
      vertex   -5.680981e+000 1.486502e+001 4.011771e+001
      vertex   -5.680981e+000 1.486502e+001 8.721771e+001
    endloop
  endfacet
  facet normal -4.599608e+000 0.000000e+000 0.000000e+000
    outer loop
      vertex   -5.680981e+000 2.555195e+001 6.074848e+001
      vertex   -5.680981e+000 2.555195e+001 5.846722e+001
      vertex   -5.680981e+000 1.486502e+001 4.011771e+001
    endloop
  endfacet
  facet normal -1.306861e+000 0.000000e+000 0.000000e+000
    outer loop
      vertex   -5.680981e+000 1.486502e+001 4.011771e+001
      vertex   -5.680981e+000 2.555195e+001 5.846722e+001
      vertex   -5.680981e+000 2.555195e+001 5.393194e+001
    endloop
  endfacet
  facet normal -8.065867e+000 0.000000e+000 0.000000e+000
    outer loop
      vertex   -5.680981e+000 2.555195e+001 4.794975e+001
      vertex   -5.680981e+000 1.486502e+001 4.011771e+001
      vertex   -5.680981e+000 2.555195e+001 5.393194e+001
    endloop
  endfacet
  facet normal -8.065867e+000 0.000000e+000 0.000000e+000
    outer loop
      vertex   -5.680981e+000 2.555195e+001 4.794975e+001
      vertex   -5.680981e+000 2.555195e+001 4.641474e+001
      vertex   -5.680981e+000 1.486502e+001 4.011771e+001
    endloop
  endfacet
  facet normal -3.090955e-001 0.000000e+000 0.000000e+000
    outer loop
      vertex   -5.680981e+000 1.486502e+001 4.011771e+001
      vertex   -5.680981e+000 2.555195e+001 4.641474e+001
      vertex   -5.680981e+000 2.555195e+001 4.597748e+001
    endloop
  endfacet
  facet normal -6.278665e-001 0.000000e+000 0.000000e+000
    outer loop
      vertex   -5.680981e+000 1.286780e+001 8.576661e+001
      vertex   -5.680981e+000 1.276917e+001 8.524962e+001
      vertex   -5.680981e+000 1.280222e+001 8.551121e+001
    endloop
  endfacet
  facet normal -1.253158e+000 0.000000e+000 0.000000e+000
    outer loop
      vertex   -5.680981e+000 1.296488e+001 8.601181e+001
      vertex   -5.680981e+000 1.276917e+001 8.524962e+001
      vertex   -5.680981e+000 1.286780e+001 8.576661e+001
    endloop
  endfacet
  facet normal -1.873629e+000 0.000000e+000 0.000000e+000
    outer loop
      vertex   -5.680981e+000 1.309193e+001 8.624291e+001
      vertex   -5.680981e+000 1.276917e+001 8.524962e+001
      vertex   -5.680981e+000 1.296488e+001 8.601181e+001
    endloop
  endfacet
  facet normal -6.278259e-001 0.000000e+000 0.000000e+000
    outer loop
      vertex   -5.680981e+000 1.276917e+001 4.208585e+001
      vertex   -5.680981e+000 1.286780e+001 4.156877e+001
      vertex   -5.680981e+000 1.280222e+001 4.182421e+001
    endloop
  endfacet
  facet normal -2.485969e+000 0.000000e+000 0.000000e+000
    outer loop
      vertex   -5.680981e+000 1.324694e+001 8.645631e+001
      vertex   -5.680981e+000 1.276917e+001 8.524962e+001
      vertex   -5.680981e+000 1.309193e+001 8.624291e+001
    endloop
  endfacet
  facet normal -6.279417e-001 0.000000e+000 0.000000e+000
    outer loop
      vertex   -5.680981e+000 1.276917e+001 4.208585e+001
      vertex   -5.680981e+000 1.296488e+001 4.132357e+001
      vertex   -5.680981e+000 1.286780e+001 4.156877e+001
    endloop
  endfacet
  facet normal -3.091039e+000 0.000000e+000 0.000000e+000
    outer loop
      vertex   -5.680981e+000 1.342747e+001 8.664851e+001
      vertex   -5.680981e+000 1.276917e+001 8.524962e+001
      vertex   -5.680981e+000 1.324694e+001 8.645631e+001
    endloop
  endfacet
  facet normal -6.279355e-001 0.000000e+000 0.000000e+000
    outer loop
      vertex   -5.680981e+000 1.276917e+001 4.208585e+001
      vertex   -5.680981e+000 1.309193e+001 4.109247e+001
      vertex   -5.680981e+000 1.296488e+001 4.132357e+001
    endloop
  endfacet
  facet normal -3.681008e+000 0.000000e+000 0.000000e+000
    outer loop
      vertex   -5.680981e+000 1.363067e+001 8.681662e+001
      vertex   -5.680981e+000 1.276917e+001 8.524962e+001
      vertex   -5.680981e+000 1.342747e+001 8.664851e+001
    endloop
  endfacet
  facet normal -6.279374e-001 0.000000e+000 0.000000e+000
    outer loop
      vertex   -5.680981e+000 1.276917e+001 4.208585e+001
      vertex   -5.680981e+000 1.324694e+001 4.087912e+001
      vertex   -5.680981e+000 1.309193e+001 4.109247e+001
    endloop
  endfacet
  facet normal -4.258009e+000 0.000000e+000 0.000000e+000
    outer loop
      vertex   -5.680981e+000 1.385334e+001 8.695792e+001
      vertex   -5.680981e+000 1.276917e+001 8.524962e+001
      vertex   -5.680981e+000 1.363067e+001 8.681662e+001
    endloop
  endfacet
  facet normal -6.279308e-001 0.000000e+000 0.000000e+000
    outer loop
      vertex   -5.680981e+000 1.276917e+001 4.208585e+001
      vertex   -5.680981e+000 1.342747e+001 4.068688e+001
      vertex   -5.680981e+000 1.324694e+001 4.087912e+001
    endloop
  endfacet
  facet normal -4.816834e+000 0.000000e+000 0.000000e+000
    outer loop
      vertex   -5.680981e+000 1.409196e+001 8.707022e+001
      vertex   -5.680981e+000 1.276917e+001 8.524962e+001
      vertex   -5.680981e+000 1.385334e+001 8.695792e+001
    endloop
  endfacet
  facet normal -6.278887e-001 0.000000e+000 0.000000e+000
    outer loop
      vertex   -5.680981e+000 1.276917e+001 4.208585e+001
      vertex   -5.680981e+000 1.363067e+001 4.051877e+001
      vertex   -5.680981e+000 1.342747e+001 4.068688e+001
    endloop
  endfacet
  facet normal -5.358176e+000 0.000000e+000 0.000000e+000
    outer loop
      vertex   -5.680981e+000 1.434277e+001 8.715171e+001
      vertex   -5.680981e+000 1.276917e+001 8.524962e+001
      vertex   -5.680981e+000 1.409196e+001 8.707022e+001
    endloop
  endfacet
  facet normal -6.279439e-001 0.000000e+000 0.000000e+000
    outer loop
      vertex   -5.680981e+000 1.276917e+001 4.208585e+001
      vertex   -5.680981e+000 1.385334e+001 4.037747e+001
      vertex   -5.680981e+000 1.363067e+001 4.051877e+001
    endloop
  endfacet
  facet normal -5.878179e+000 0.000000e+000 0.000000e+000
    outer loop
      vertex   -5.680981e+000 1.460182e+001 8.720111e+001
      vertex   -5.680981e+000 1.276917e+001 8.524962e+001
      vertex   -5.680981e+000 1.434277e+001 8.715171e+001
    endloop
  endfacet
  facet normal -6.278931e-001 0.000000e+000 0.000000e+000
    outer loop
      vertex   -5.680981e+000 1.276917e+001 4.208585e+001
      vertex   -5.680981e+000 1.409196e+001 4.026518e+001
      vertex   -5.680981e+000 1.385334e+001 4.037747e+001
    endloop
  endfacet
  facet normal -6.372874e+000 0.000000e+000 0.000000e+000
    outer loop
      vertex   -5.680981e+000 1.486502e+001 8.721771e+001
      vertex   -5.680981e+000 1.276917e+001 8.524962e+001
      vertex   -5.680981e+000 1.460182e+001 8.720111e+001
    endloop
  endfacet
  facet normal -6.279149e-001 0.000000e+000 0.000000e+000
    outer loop
      vertex   -5.680981e+000 1.276917e+001 4.208585e+001
      vertex   -5.680981e+000 1.434277e+001 4.018369e+001
      vertex   -5.680981e+000 1.409196e+001 4.026518e+001
    endloop
  endfacet
  facet normal -7.289751e+000 0.000000e+000 0.000000e+000
    outer loop
      vertex   -5.680981e+000 1.276917e+001 8.524962e+001
      vertex   -5.680981e+000 1.486502e+001 8.721771e+001
      vertex   -5.680981e+000 1.276917e+001 4.208585e+001
    endloop
  endfacet
  facet normal -6.279064e-001 0.000000e+000 0.000000e+000
    outer loop
      vertex   -5.680981e+000 1.276917e+001 4.208585e+001
      vertex   -5.680981e+000 1.460182e+001 4.013427e+001
      vertex   -5.680981e+000 1.434277e+001 4.018369e+001
    endloop
  endfacet
  facet normal -7.289676e+000 0.000000e+000 0.000000e+000
    outer loop
      vertex   -5.680981e+000 1.486502e+001 4.011771e+001
      vertex   -5.680981e+000 1.276917e+001 4.208585e+001
      vertex   -5.680981e+000 1.486502e+001 8.721771e+001
    endloop
  endfacet
  facet normal -6.279035e-001 0.000000e+000 0.000000e+000
    outer loop
      vertex   -5.680981e+000 1.276917e+001 4.208585e+001
      vertex   -5.680981e+000 1.486502e+001 4.011771e+001
      vertex   -5.680981e+000 1.460182e+001 4.013427e+001
    endloop
  endfacet
  facet normal -9.923176e+000 0.000000e+000 0.000000e+000
    outer loop
      vertex   -5.680981e+000 4.480705e+001 5.418490e+001
      vertex   -5.680981e+000 4.480705e+001 5.621881e+001
      vertex   -5.680981e+000 5.282975e+001 5.318467e+001
    endloop
  endfacet
  facet normal -9.922235e+000 0.000000e+000 0.000000e+000
    outer loop
      vertex   -5.680981e+000 5.282975e+001 5.317850e+001
      vertex   -5.680981e+000 4.480705e+001 5.418490e+001
      vertex   -5.680981e+000 5.282975e+001 5.318467e+001
    endloop
  endfacet
  facet normal -9.922235e+000 -0.000000e+000 -0.000000e+000
    outer loop
      vertex   -5.680981e+000 5.282975e+001 5.317850e+001
      vertex   -5.680981e+000 5.282975e+001 5.315056e+001
      vertex   -5.680981e+000 4.480705e+001 5.418490e+001
    endloop
  endfacet
  facet normal -1.138943e+000 0.000000e+000 0.000000e+000
    outer loop
      vertex   -5.680981e+000 4.480705e+001 5.418490e+001
      vertex   -5.680981e+000 5.282975e+001 5.315056e+001
      vertex   -5.680981e+000 5.282975e+001 5.220152e+001
    endloop
  endfacet
  facet normal -2.290794e+000 0.000000e+000 0.000000e+000
    outer loop
      vertex   -5.680981e+000 4.480705e+001 5.033846e+001
      vertex   -5.680981e+000 5.282975e+001 5.220152e+001
      vertex   -5.680981e+000 5.282975e+001 5.031477e+001
    endloop
  endfacet
  facet normal -4.158112e+000 0.000000e+000 0.000000e+000
    outer loop
      vertex   -5.680981e+000 4.480705e+001 4.840368e+001
      vertex   -5.680981e+000 5.282975e+001 5.031477e+001
      vertex   -5.680981e+000 5.282975e+001 4.681926e+001
    endloop
  endfacet
  facet normal -9.571039e-001 0.000000e+000 0.000000e+000
    outer loop
      vertex   -5.680981e+000 4.480705e+001 4.598200e+001
      vertex   -5.680981e+000 5.282975e+001 4.681926e+001
      vertex   -5.680981e+000 5.282975e+001 4.604721e+001
    endloop
  endfacet
  facet normal -9.985850e+000 0.000000e+000 0.000000e+000
    outer loop
      vertex   -5.680981e+000 5.282975e+001 4.555476e+001
      vertex   -5.680981e+000 4.480705e+001 4.598200e+001
      vertex   -5.680981e+000 5.282975e+001 4.604721e+001
    endloop
  endfacet
  facet normal -6.657019e-001 0.000000e+000 0.000000e+000
    outer loop
      vertex   -5.680981e+000 5.282975e+001 4.555476e+001
      vertex   -5.680981e+000 4.480705e+001 4.544712e+001
      vertex   -5.680981e+000 4.480705e+001 4.598200e+001
    endloop
  endfacet
  facet normal -9.999100e+000 0.000000e+000 0.000000e+000
    outer loop
      vertex   -5.680981e+000 5.282975e+001 4.555476e+001
      vertex   -5.680981e+000 5.282975e+001 4.457575e+001
      vertex   -5.680981e+000 4.480705e+001 4.544712e+001
    endloop
  endfacet
  facet normal -1.051211e+000 0.000000e+000 0.000000e+000
    outer loop
      vertex   -5.680981e+000 4.480705e+001 4.544712e+001
      vertex   -5.680981e+000 5.282975e+001 4.457575e+001
      vertex   -5.680981e+000 5.282975e+001 4.370773e+001
    endloop
  endfacet
  facet normal -9.722311e+000 0.000000e+000 0.000000e+000
    outer loop
      vertex   -5.680981e+000 5.282975e+001 4.351600e+001
      vertex   -5.680981e+000 4.480705e+001 4.544712e+001
      vertex   -5.680981e+000 5.282975e+001 4.370773e+001
    endloop
  endfacet
  facet normal -3.542406e+000 -0.000000e+000 -0.000000e+000
    outer loop
      vertex   -5.680981e+000 5.282975e+001 4.351600e+001
      vertex   -5.680981e+000 5.781502e+001 4.011771e+001
      vertex   -5.680981e+000 4.480705e+001 4.544712e+001
    endloop
  endfacet
  facet normal -5.632510e+000 0.000000e+000 0.000000e+000
    outer loop
      vertex   -5.680981e+000 5.282975e+001 4.351600e+001
      vertex   -5.680981e+000 5.311715e+001 4.351600e+001
      vertex   -5.680981e+000 5.781502e+001 4.011771e+001
    endloop
  endfacet
  facet normal -1.587270e+000 0.000000e+000 0.000000e+000
    outer loop
      vertex   -5.680981e+000 5.781502e+001 4.011771e+001
      vertex   -5.680981e+000 5.311715e+001 4.351600e+001
      vertex   -5.680981e+000 5.441837e+001 4.351600e+001
    endloop
  endfacet
  facet normal -8.344809e+000 -0.000000e+000 -0.000000e+000
    outer loop
      vertex   -5.680981e+000 5.557101e+001 4.351600e+001
      vertex   -5.680981e+000 5.781502e+001 4.011771e+001
      vertex   -5.680981e+000 5.441837e+001 4.351600e+001
    endloop
  endfacet
  facet normal -8.344809e+000 0.000000e+000 0.000000e+000
    outer loop
      vertex   -5.680981e+000 5.557101e+001 4.351600e+001
      vertex   -5.680981e+000 5.786252e+001 4.351600e+001
      vertex   -5.680981e+000 5.781502e+001 4.011771e+001
    endloop
  endfacet
  facet normal -4.202085e+000 0.000000e+000 0.000000e+000
    outer loop
      vertex   -5.680981e+000 5.781502e+001 4.011771e+001
      vertex   -5.680981e+000 5.786252e+001 4.351600e+001
      vertex   -5.680981e+000 5.944675e+001 4.351600e+001
    endloop
  endfacet
  facet normal -8.638559e+000 0.000000e+000 0.000000e+000
    outer loop
      vertex   -5.680981e+000 5.979666e+001 4.351600e+001
      vertex   -5.680981e+000 5.781502e+001 4.011771e+001
      vertex   -5.680981e+000 5.944675e+001 4.351600e+001
    endloop
  endfacet
  facet normal -8.638559e+000 0.000000e+000 0.000000e+000
    outer loop
      vertex   -5.680981e+000 5.979666e+001 4.351600e+001
      vertex   -5.680981e+000 6.020045e+001 4.351600e+001
      vertex   -5.680981e+000 5.781502e+001 4.011771e+001
    endloop
  endfacet
  facet normal -2.764219e+000 0.000000e+000 0.000000e+000
    outer loop
      vertex   -5.680981e+000 5.781502e+001 4.011771e+001
      vertex   -5.680981e+000 6.020045e+001 4.351600e+001
      vertex   -5.680981e+000 6.202863e+001 4.351600e+001
    endloop
  endfacet
  facet normal -5.622622e+000 0.000000e+000 0.000000e+000
    outer loop
      vertex   -5.680981e+000 6.281313e+001 4.351600e+001
      vertex   -5.680981e+000 5.781502e+001 4.011771e+001
      vertex   -5.680981e+000 6.202863e+001 4.351600e+001
    endloop
  endfacet
  facet normal -5.622622e+000 0.000000e+000 0.000000e+000
    outer loop
      vertex   -5.680981e+000 6.281313e+001 4.351600e+001
      vertex   -5.680981e+000 6.320773e+001 4.351600e+001
      vertex   -5.680981e+000 5.781502e+001 4.011771e+001
    endloop
  endfacet
  facet normal -1.963081e+000 0.000000e+000 0.000000e+000
    outer loop
      vertex   -5.680981e+000 5.781502e+001 4.011771e+001
      vertex   -5.680981e+000 6.320773e+001 4.351600e+001
      vertex   -5.680981e+000 6.671590e+001 4.351600e+001
    endloop
  endfacet
  facet normal -3.210315e+000 0.000000e+000 0.000000e+000
    outer loop
      vertex   -5.680981e+000 6.784025e+001 4.351600e+001
      vertex   -5.680981e+000 5.781502e+001 4.011771e+001
      vertex   -5.680981e+000 6.671590e+001 4.351600e+001
    endloop
  endfacet
  facet normal -3.210315e+000 0.000000e+000 0.000000e+000
    outer loop
      vertex   -5.680981e+000 6.784025e+001 4.351600e+001
      vertex   -5.680981e+000 7.293081e+001 4.351600e+001
      vertex   -5.680981e+000 5.781502e+001 4.011771e+001
    endloop
  endfacet
  facet normal -3.886499e-001 0.000000e+000 0.000000e+000
    outer loop
      vertex   -5.680981e+000 5.781502e+001 4.011771e+001
      vertex   -5.680981e+000 7.293081e+001 4.351600e+001
      vertex   -5.680981e+000 7.625280e+001 4.351600e+001
    endloop
  endfacet
  facet normal -1.666329e+000 0.000000e+000 0.000000e+000
    outer loop
      vertex   -5.680981e+000 7.792377e+001 4.351600e+001
      vertex   -5.680981e+000 5.781502e+001 4.011771e+001
      vertex   -5.680981e+000 7.625280e+001 4.351600e+001
    endloop
  endfacet
  facet normal -3.099203e+000 0.000000e+000 0.000000e+000
    outer loop
      vertex   -5.680981e+000 7.792377e+001 4.351600e+001
      vertex   -5.680981e+000 1.007650e+002 4.011771e+001
      vertex   -5.680981e+000 5.781502e+001 4.011771e+001
    endloop
  endfacet
  facet normal -9.891129e+000 0.000000e+000 0.000000e+000
    outer loop
      vertex   -5.680981e+000 7.792377e+001 4.351600e+001
      vertex   -5.680981e+000 7.792377e+001 4.356235e+001
      vertex   -5.680981e+000 1.007650e+002 4.011771e+001
    endloop
  endfacet
  facet normal -3.942230e-002 0.000000e+000 0.000000e+000
    outer loop
      vertex   -5.680981e+000 1.007650e+002 4.011771e+001
      vertex   -5.680981e+000 7.792377e+001 4.356235e+001
      vertex   -5.680981e+000 7.792377e+001 4.365450e+001
    endloop
  endfacet
  facet normal -9.867352e+000 0.000000e+000 0.000000e+000
    outer loop
      vertex   -5.680981e+000 7.792377e+001 4.387555e+001
      vertex   -5.680981e+000 1.007650e+002 4.011771e+001
      vertex   -5.680981e+000 7.792377e+001 4.365450e+001
    endloop
  endfacet
  facet normal -9.867352e+000 0.000000e+000 0.000000e+000
    outer loop
      vertex   -5.680981e+000 7.792377e+001 4.387555e+001
      vertex   -5.680981e+000 7.792377e+001 4.487634e+001
      vertex   -5.680981e+000 1.007650e+002 4.011771e+001
    endloop
  endfacet
  facet normal -3.057267e-001 0.000000e+000 0.000000e+000
    outer loop
      vertex   -5.680981e+000 1.007650e+002 4.011771e+001
      vertex   -5.680981e+000 7.792377e+001 4.487634e+001
      vertex   -5.680981e+000 7.792377e+001 4.560999e+001
    endloop
  endfacet
  facet normal -9.566843e+000 0.000000e+000 0.000000e+000
    outer loop
      vertex   -5.680981e+000 7.792377e+001 4.706850e+001
      vertex   -5.680981e+000 1.007650e+002 4.011771e+001
      vertex   -5.680981e+000 7.792377e+001 4.560999e+001
    endloop
  endfacet
  facet normal -9.566843e+000 0.000000e+000 0.000000e+000
    outer loop
      vertex   -5.680981e+000 7.792377e+001 4.706850e+001
      vertex   -5.680981e+000 7.792377e+001 4.978631e+001
      vertex   -5.680981e+000 1.007650e+002 4.011771e+001
    endloop
  endfacet
  facet normal -2.207316e-001 0.000000e+000 0.000000e+000
    outer loop
      vertex   -5.680981e+000 1.007650e+002 4.011771e+001
      vertex   -5.680981e+000 7.792377e+001 4.978631e+001
      vertex   -5.680981e+000 7.792377e+001 5.038658e+001
    endloop
  endfacet
  facet normal -8.987251e+000 0.000000e+000 0.000000e+000
    outer loop
      vertex   -5.680981e+000 7.792377e+001 5.126257e+001
      vertex   -5.680981e+000 1.007650e+002 4.011771e+001
      vertex   -5.680981e+000 7.792377e+001 5.038658e+001
    endloop
  endfacet
  facet normal -8.987251e+000 0.000000e+000 0.000000e+000
    outer loop
      vertex   -5.680981e+000 7.792377e+001 5.126257e+001
      vertex   -5.680981e+000 7.792377e+001 5.170320e+001
      vertex   -5.680981e+000 1.007650e+002 4.011771e+001
    endloop
  endfacet
  facet normal -8.918373e+000 0.000000e+000 0.000000e+000
    outer loop
      vertex   -5.680981e+000 1.007650e+002 4.011771e+001
      vertex   -5.680981e+000 7.792377e+001 5.170320e+001
      vertex   -5.680981e+000 1.007650e+002 8.721771e+001
    endloop
  endfacet
  facet normal -4.774087e+000 0.000000e+000 0.000000e+000
    outer loop
      vertex   -5.680981e+000 1.007650e+002 8.721771e+001
      vertex   -5.680981e+000 7.792377e+001 5.170320e+001
      vertex   -5.680981e+000 7.278603e+001 7.187649e+001
    endloop
  endfacet
  facet normal -1.863980e-001 0.000000e+000 0.000000e+000
    outer loop
      vertex   -5.680981e+000 7.278603e+001 7.187649e+001
      vertex   -5.680981e+000 7.792377e+001 5.170320e+001
      vertex   -5.680981e+000 7.752518e+001 5.170320e+001
    endloop
  endfacet
  facet normal -9.813947e+000 0.000000e+000 0.000000e+000
    outer loop
      vertex   -5.680981e+000 7.673276e+001 5.170320e+001
      vertex   -5.680981e+000 7.278603e+001 7.187649e+001
      vertex   -5.680981e+000 7.752518e+001 5.170320e+001
    endloop
  endfacet
  facet normal -9.813947e+000 0.000000e+000 0.000000e+000
    outer loop
      vertex   -5.680981e+000 7.673276e+001 5.170320e+001
      vertex   -5.680981e+000 7.617808e+001 5.170320e+001
      vertex   -5.680981e+000 7.278603e+001 7.187649e+001
    endloop
  endfacet
  facet normal -5.356300e-001 0.000000e+000 0.000000e+000
    outer loop
      vertex   -5.680981e+000 7.278603e+001 7.187649e+001
      vertex   -5.680981e+000 7.617808e+001 5.170320e+001
      vertex   -5.680981e+000 7.507533e+001 5.170320e+001
    endloop
  endfacet
  facet normal -9.904961e+000 0.000000e+000 0.000000e+000
    outer loop
      vertex   -5.680981e+000 6.998476e+001 5.170320e+001
      vertex   -5.680981e+000 7.278603e+001 7.187649e+001
      vertex   -5.680981e+000 7.507533e+001 5.170320e+001
    endloop
  endfacet
  facet normal -9.904961e+000 0.000000e+000 0.000000e+000
    outer loop
      vertex   -5.680981e+000 6.998476e+001 5.170320e+001
      vertex   -5.680981e+000 6.886041e+001 5.170320e+001
      vertex   -5.680981e+000 7.278603e+001 7.187649e+001
    endloop
  endfacet
  facet normal -4.884315e-001 0.000000e+000 0.000000e+000
    outer loop
      vertex   -5.680981e+000 7.278603e+001 7.187649e+001
      vertex   -5.680981e+000 6.886041e+001 5.170320e+001
      vertex   -5.680981e+000 6.782671e+001 5.170320e+001
    endloop
  endfacet
  facet normal -3.643410e-001 0.000000e+000 0.000000e+000
    outer loop
      vertex   -5.680981e+000 6.320773e+001 5.318467e+001
      vertex   -5.680981e+000 6.782671e+001 5.170320e+001
      vertex   -5.680981e+000 6.730676e+001 5.170320e+001
    endloop
  endfacet
  facet normal -3.450367e+000 0.000000e+000 0.000000e+000
    outer loop
      vertex   -5.680981e+000 6.723772e+001 5.170320e+001
      vertex   -5.680981e+000 6.320773e+001 5.318467e+001
      vertex   -5.680981e+000 6.730676e+001 5.170320e+001
    endloop
  endfacet
  facet normal -3.450367e+000 0.000000e+000 0.000000e+000
    outer loop
      vertex   -5.680981e+000 6.723772e+001 5.170320e+001
      vertex   -5.680981e+000 6.720298e+001 5.170320e+001
      vertex   -5.680981e+000 6.320773e+001 5.318467e+001
    endloop
  endfacet
  facet normal -2.846142e-001 0.000000e+000 0.000000e+000
    outer loop
      vertex   -5.680981e+000 6.320773e+001 5.318467e+001
      vertex   -5.680981e+000 6.720298e+001 5.170320e+001
      vertex   -5.680981e+000 6.687891e+001 5.170320e+001
    endloop
  endfacet
  facet normal -3.890266e+000 0.000000e+000 0.000000e+000
    outer loop
      vertex   -5.680981e+000 6.671590e+001 5.170320e+001
      vertex   -5.680981e+000 6.320773e+001 5.318467e+001
      vertex   -5.680981e+000 6.687891e+001 5.170320e+001
    endloop
  endfacet
  facet normal -4.947292e-002 0.000000e+000 0.000000e+000
    outer loop
      vertex   -5.680981e+000 6.671590e+001 5.170320e+001
      vertex   -5.680981e+000 6.320773e+001 5.316426e+001
      vertex   -5.680981e+000 6.320773e+001 5.318467e+001
    endloop
  endfacet
  facet normal -9.895031e-002 0.000000e+000 0.000000e+000
    outer loop
      vertex   -5.680981e+000 6.671590e+001 5.170320e+001
      vertex   -5.680981e+000 6.320773e+001 5.312370e+001
      vertex   -5.680981e+000 6.320773e+001 5.316426e+001
    endloop
  endfacet
  facet normal -1.715089e+000 0.000000e+000 0.000000e+000
    outer loop
      vertex   -5.680981e+000 6.671590e+001 5.170320e+001
      vertex   -5.680981e+000 6.320773e+001 5.245964e+001
      vertex   -5.680981e+000 6.320773e+001 5.312370e+001
    endloop
  endfacet
  facet normal -3.632000e+000 0.000000e+000 0.000000e+000
    outer loop
      vertex   -5.680981e+000 6.671590e+001 5.170320e+001
      vertex   -5.680981e+000 6.320773e+001 5.113947e+001
      vertex   -5.680981e+000 6.320773e+001 5.245964e+001
    endloop
  endfacet
  facet normal -9.873340e+000 0.000000e+000 0.000000e+000
    outer loop
      vertex   -5.680981e+000 6.671590e+001 5.170320e+001
      vertex   -5.680981e+000 6.671590e+001 5.132905e+001
      vertex   -5.680981e+000 6.320773e+001 5.113947e+001
    endloop
  endfacet
  facet normal -2.091222e+000 0.000000e+000 0.000000e+000
    outer loop
      vertex   -5.680981e+000 6.320773e+001 5.113947e+001
      vertex   -5.680981e+000 6.671590e+001 5.132905e+001
      vertex   -5.680981e+000 6.671590e+001 5.058523e+001
    endloop
  endfacet
  facet normal -4.841314e+000 0.000000e+000 0.000000e+000
    outer loop
      vertex   -5.680981e+000 6.320773e+001 4.881857e+001
      vertex   -5.680981e+000 6.671590e+001 5.058523e+001
      vertex   -5.680981e+000 6.671590e+001 4.868218e+001
    endloop
  endfacet
  facet normal -1.191187e+000 0.000000e+000 0.000000e+000
    outer loop
      vertex   -5.680981e+000 6.320773e+001 4.830597e+001
      vertex   -5.680981e+000 6.671590e+001 4.868218e+001
      vertex   -5.680981e+000 6.671590e+001 4.826186e+001
    endloop
  endfacet
  facet normal -1.924360e+000 0.000000e+000 0.000000e+000
    outer loop
      vertex   -5.680981e+000 6.320773e+001 4.776524e+001
      vertex   -5.680981e+000 6.671590e+001 4.826186e+001
      vertex   -5.680981e+000 6.671590e+001 4.757907e+001
    endloop
  endfacet
  facet normal -9.887960e+000 0.000000e+000 0.000000e+000
    outer loop
      vertex   -5.680981e+000 6.671590e+001 4.723563e+001
      vertex   -5.680981e+000 6.320773e+001 4.776524e+001
      vertex   -5.680981e+000 6.671590e+001 4.757907e+001
    endloop
  endfacet
  facet normal -2.993920e+000 0.000000e+000 0.000000e+000
    outer loop
      vertex   -5.680981e+000 6.671590e+001 4.723563e+001
      vertex   -5.680981e+000 6.320773e+001 4.669026e+001
      vertex   -5.680981e+000 6.320773e+001 4.776524e+001
    endloop
  endfacet
  facet normal -9.881313e+000 0.000000e+000 0.000000e+000
    outer loop
      vertex   -5.680981e+000 6.671590e+001 4.723563e+001
      vertex   -5.680981e+000 6.671590e+001 4.690840e+001
      vertex   -5.680981e+000 6.320773e+001 4.669026e+001
    endloop
  endfacet
  facet normal -1.836948e+000 0.000000e+000 0.000000e+000
    outer loop
      vertex   -5.680981e+000 6.320773e+001 4.669026e+001
      vertex   -5.680981e+000 6.671590e+001 4.690840e+001
      vertex   -5.680981e+000 6.671590e+001 4.625784e+001
    endloop
  endfacet
  facet normal -4.683184e+000 0.000000e+000 0.000000e+000
    outer loop
      vertex   -5.680981e+000 6.320773e+001 4.461969e+001
      vertex   -5.680981e+000 6.671590e+001 4.625784e+001
      vertex   -5.680981e+000 6.671590e+001 4.444229e+001
    endloop
  endfacet
  facet normal -1.138750e+000 0.000000e+000 0.000000e+000
    outer loop
      vertex   -5.680981e+000 6.320773e+001 4.416236e+001
      vertex   -5.680981e+000 6.671590e+001 4.444229e+001
      vertex   -5.680981e+000 6.671590e+001 4.404129e+001
    endloop
  endfacet
  facet normal -9.923056e-001 0.000000e+000 0.000000e+000
    outer loop
      vertex   -5.680981e+000 6.320773e+001 4.373232e+001
      vertex   -5.680981e+000 6.671590e+001 4.404129e+001
      vertex   -5.680981e+000 6.671590e+001 4.369180e+001
    endloop
  endfacet
  facet normal -5.004892e-001 0.000000e+000 0.000000e+000
    outer loop
      vertex   -5.680981e+000 6.320773e+001 4.351600e+001
      vertex   -5.680981e+000 6.671590e+001 4.369180e+001
      vertex   -5.680981e+000 6.671590e+001 4.351600e+001
    endloop
  endfacet
  facet normal -9.987468e+000 0.000000e+000 0.000000e+000
    outer loop
      vertex   -5.680981e+000 6.320773e+001 4.351600e+001
      vertex   -5.680981e+000 6.320773e+001 4.373232e+001
      vertex   -5.680981e+000 6.671590e+001 4.369180e+001
    endloop
  endfacet
  facet normal -2.885847e+000 0.000000e+000 0.000000e+000
    outer loop
      vertex   -5.680981e+000 7.278603e+001 7.187649e+001
      vertex   -5.680981e+000 5.442387e+001 5.318467e+001
      vertex   -5.680981e+000 4.480705e+001 5.653528e+001
    endloop
  endfacet
  facet normal -8.645766e-001 0.000000e+000 0.000000e+000
    outer loop
      vertex   -5.680981e+000 7.278603e+001 7.187649e+001
      vertex   -5.680981e+000 5.736101e+001 5.318467e+001
      vertex   -5.680981e+000 5.442387e+001 5.318467e+001
    endloop
  endfacet
  facet normal -1.649673e+000 0.000000e+000 0.000000e+000
    outer loop
      vertex   -5.680981e+000 7.278603e+001 7.187649e+001
      vertex   -5.680981e+000 6.197904e+001 5.318467e+001
      vertex   -5.680981e+000 5.736101e+001 5.318467e+001
    endloop
  endfacet
  facet normal -4.185094e-001 0.000000e+000 0.000000e+000
    outer loop
      vertex   -5.680981e+000 7.278603e+001 7.187649e+001
      vertex   -5.680981e+000 6.299902e+001 5.318467e+001
      vertex   -5.680981e+000 6.197904e+001 5.318467e+001
    endloop
  endfacet
  facet normal -5.848207e-002 0.000000e+000 0.000000e+000
    outer loop
      vertex   -5.680981e+000 7.278603e+001 7.187649e+001
      vertex   -5.680981e+000 6.313788e+001 5.318467e+001
      vertex   -5.680981e+000 6.299902e+001 5.318467e+001
    endloop
  endfacet
  facet normal -2.955323e-002 0.000000e+000 0.000000e+000
    outer loop
      vertex   -5.680981e+000 7.278603e+001 7.187649e+001
      vertex   -5.680981e+000 6.320773e+001 5.318467e+001
      vertex   -5.680981e+000 6.313788e+001 5.318467e+001
    endloop
  endfacet
  facet normal -2.304000e+000 0.000000e+000 0.000000e+000
    outer loop
      vertex   -5.680981e+000 7.278603e+001 7.187649e+001
      vertex   -5.680981e+000 6.782671e+001 5.170320e+001
      vertex   -5.680981e+000 6.320773e+001 5.318467e+001
    endloop
  endfacet
  facet normal -2.596209e+000 0.000000e+000 0.000000e+000
    outer loop
      vertex   -5.680981e+000 1.486502e+001 4.011771e+001
      vertex   -5.680981e+000 3.468880e+001 4.544712e+001
      vertex   -5.680981e+000 5.781502e+001 4.011771e+001
    endloop
  endfacet
  facet normal -9.819645e-001 0.000000e+000 0.000000e+000
    outer loop
      vertex   -5.680981e+000 1.486502e+001 4.011771e+001
      vertex   -5.680981e+000 2.898164e+001 4.544712e+001
      vertex   -5.680981e+000 3.468880e+001 4.544712e+001
    endloop
  endfacet
  facet normal -8.147416e-001 0.000000e+000 0.000000e+000
    outer loop
      vertex   -5.680981e+000 1.486502e+001 4.011771e+001
      vertex   -5.680981e+000 2.611091e+001 4.544712e+001
      vertex   -5.680981e+000 2.898164e+001 4.544712e+001
    endloop
  endfacet
  facet normal -1.629461e-001 0.000000e+000 0.000000e+000
    outer loop
      vertex   -5.680981e+000 1.486502e+001 4.011771e+001
      vertex   -5.680981e+000 2.565307e+001 4.544712e+001
      vertex   -5.680981e+000 2.611091e+001 4.544712e+001
    endloop
  endfacet
  facet normal -3.750397e-002 0.000000e+000 0.000000e+000
    outer loop
      vertex   -5.680981e+000 1.486502e+001 4.011771e+001
      vertex   -5.680981e+000 2.555195e+001 4.544712e+001
      vertex   -5.680981e+000 2.565307e+001 4.544712e+001
    endloop
  endfacet
  facet normal -3.894156e-001 0.000000e+000 0.000000e+000
    outer loop
      vertex   -5.680981e+000 1.486502e+001 4.011771e+001
      vertex   -5.680981e+000 2.555195e+001 4.597748e+001
      vertex   -5.680981e+000 2.555195e+001 4.544712e+001
    endloop
  endfacet
  facet normal -2.245630e+000 0.000000e+000 0.000000e+000
    outer loop
      vertex   -5.680981e+000 3.468880e+001 4.544712e+001
      vertex   -5.680981e+000 4.297654e+001 4.544712e+001
      vertex   -5.680981e+000 5.781502e+001 4.011771e+001
    endloop
  endfacet
  facet normal -4.401594e-001 0.000000e+000 0.000000e+000
    outer loop
      vertex   -5.680981e+000 5.781502e+001 4.011771e+001
      vertex   -5.680981e+000 4.297654e+001 4.544712e+001
      vertex   -5.680981e+000 4.480705e+001 4.544712e+001
    endloop
  endfacet
  facet normal -9.945984e+000 0.000000e+000 0.000000e+000
    outer loop
      vertex   -5.680981e+000 4.480705e+001 4.598200e+001
      vertex   -5.680981e+000 4.480705e+001 4.840368e+001
      vertex   -5.680981e+000 5.282975e+001 4.681926e+001
    endloop
  endfacet
  facet normal -9.727810e+000 0.000000e+000 0.000000e+000
    outer loop
      vertex   -5.680981e+000 4.480705e+001 4.840368e+001
      vertex   -5.680981e+000 4.480705e+001 5.033846e+001
      vertex   -5.680981e+000 5.282975e+001 5.031477e+001
    endloop
  endfacet
  facet normal -9.740798e+000 0.000000e+000 0.000000e+000
    outer loop
      vertex   -5.680981e+000 4.480705e+001 5.033846e+001
      vertex   -5.680981e+000 4.480705e+001 5.418490e+001
      vertex   -5.680981e+000 5.282975e+001 5.220152e+001
    endloop
  endfacet
  facet normal -3.806599e+000 0.000000e+000 0.000000e+000
    outer loop
      vertex   -5.680981e+000 5.294648e+001 5.318467e+001
      vertex   -5.680981e+000 5.285087e+001 5.318467e+001
      vertex   -5.680981e+000 4.480705e+001 5.653528e+001
    endloop
  endfacet
  facet normal -3.290132e+000 0.000000e+000 0.000000e+000
    outer loop
      vertex   -5.680981e+000 5.442387e+001 5.318467e+001
      vertex   -5.680981e+000 5.294648e+001 5.318467e+001
      vertex   -5.680981e+000 4.480705e+001 5.653528e+001
    endloop
  endfacet
  facet normal -9.961439e+000 0.000000e+000 0.000000e+000
    outer loop
      vertex   -5.680981e+000 6.320773e+001 4.373232e+001
      vertex   -5.680981e+000 6.320773e+001 4.416236e+001
      vertex   -5.680981e+000 6.671590e+001 4.404129e+001
    endloop
  endfacet
  facet normal -9.968317e+000 0.000000e+000 0.000000e+000
    outer loop
      vertex   -5.680981e+000 6.320773e+001 4.416236e+001
      vertex   -5.680981e+000 6.320773e+001 4.461969e+001
      vertex   -5.680981e+000 6.671590e+001 4.444229e+001
    endloop
  endfacet
  facet normal -9.060836e+000 0.000000e+000 0.000000e+000
    outer loop
      vertex   -5.680981e+000 6.320773e+001 4.461969e+001
      vertex   -5.680981e+000 6.320773e+001 4.669026e+001
      vertex   -5.680981e+000 6.671590e+001 4.625784e+001
    endloop
  endfacet
  facet normal -9.901283e+000 0.000000e+000 0.000000e+000
    outer loop
      vertex   -5.680981e+000 6.320773e+001 4.776524e+001
      vertex   -5.680981e+000 6.320773e+001 4.830597e+001
      vertex   -5.680981e+000 6.671590e+001 4.826186e+001
    endloop
  endfacet
  facet normal -9.942989e+000 0.000000e+000 0.000000e+000
    outer loop
      vertex   -5.680981e+000 6.320773e+001 4.830597e+001
      vertex   -5.680981e+000 6.320773e+001 4.881857e+001
      vertex   -5.680981e+000 6.671590e+001 4.868218e+001
    endloop
  endfacet
  facet normal -8.931425e+000 0.000000e+000 0.000000e+000
    outer loop
      vertex   -5.680981e+000 6.320773e+001 4.881857e+001
      vertex   -5.680981e+000 6.320773e+001 5.113947e+001
      vertex   -5.680981e+000 6.671590e+001 5.058523e+001
    endloop
  endfacet
  facet normal -9.353434e+000 0.000000e+000 0.000000e+000
    outer loop
      vertex   -5.680981e+000 4.480705e+001 5.621881e+001
      vertex   -5.680981e+000 4.480705e+001 5.653528e+001
      vertex   -5.680981e+000 5.282975e+001 5.318467e+001
    endloop
  endfacet
  facet normal -3.853809e+000 0.000000e+000 0.000000e+000
    outer loop
      vertex   -5.680981e+000 5.282975e+001 5.318467e+001
      vertex   -5.680981e+000 4.480705e+001 5.653528e+001
      vertex   -5.680981e+000 5.285087e+001 5.318467e+001
    endloop
  endfacet
  facet normal -6.265771e-001 0.000000e+000 0.000000e+000
    outer loop
      vertex   -5.680981e+000 1.012873e+002 8.715171e+001
      vertex   -5.680981e+000 1.007650e+002 8.721771e+001
      vertex   -5.680981e+000 1.010282e+002 8.720111e+001
    endloop
  endfacet
  facet normal -1.253094e+000 0.000000e+000 0.000000e+000
    outer loop
      vertex   -5.680981e+000 1.015381e+002 8.707022e+001
      vertex   -5.680981e+000 1.007650e+002 8.721771e+001
      vertex   -5.680981e+000 1.012873e+002 8.715171e+001
    endloop
  endfacet
  facet normal -1.874415e+000 0.000000e+000 0.000000e+000
    outer loop
      vertex   -5.680981e+000 1.017767e+002 8.695792e+001
      vertex   -5.680981e+000 1.007650e+002 8.721771e+001
      vertex   -5.680981e+000 1.015381e+002 8.707022e+001
    endloop
  endfacet
  facet normal -6.278301e-001 0.000000e+000 0.000000e+000
    outer loop
      vertex   -5.680981e+000 1.007650e+002 4.011771e+001
      vertex   -5.680981e+000 1.012873e+002 4.018369e+001
      vertex   -5.680981e+000 1.010282e+002 4.013427e+001
    endloop
  endfacet
  facet normal -2.487556e+000 0.000000e+000 0.000000e+000
    outer loop
      vertex   -5.680981e+000 1.019993e+002 8.681662e+001
      vertex   -5.680981e+000 1.007650e+002 8.721771e+001
      vertex   -5.680981e+000 1.017767e+002 8.695792e+001
    endloop
  endfacet
  facet normal -6.277991e-001 0.000000e+000 0.000000e+000
    outer loop
      vertex   -5.680981e+000 1.007650e+002 4.011771e+001
      vertex   -5.680981e+000 1.015381e+002 4.026518e+001
      vertex   -5.680981e+000 1.012873e+002 4.018369e+001
    endloop
  endfacet
  facet normal -3.087974e+000 0.000000e+000 0.000000e+000
    outer loop
      vertex   -5.680981e+000 1.022026e+002 8.664851e+001
      vertex   -5.680981e+000 1.007650e+002 8.721771e+001
      vertex   -5.680981e+000 1.019993e+002 8.681662e+001
    endloop
  endfacet
  facet normal -6.279998e-001 0.000000e+000 0.000000e+000
    outer loop
      vertex   -5.680981e+000 1.007650e+002 4.011771e+001
      vertex   -5.680981e+000 1.017767e+002 4.037747e+001
      vertex   -5.680981e+000 1.015381e+002 4.026518e+001
    endloop
  endfacet
  facet normal -3.680817e+000 0.000000e+000 0.000000e+000
    outer loop
      vertex   -5.680981e+000 1.023831e+002 8.645631e+001
      vertex   -5.680981e+000 1.007650e+002 8.721771e+001
      vertex   -5.680981e+000 1.022026e+002 8.664851e+001
    endloop
  endfacet
  facet normal -6.280150e-001 0.000000e+000 0.000000e+000
    outer loop
      vertex   -5.680981e+000 1.007650e+002 4.011771e+001
      vertex   -5.680981e+000 1.019993e+002 4.051877e+001
      vertex   -5.680981e+000 1.017767e+002 4.037747e+001
    endloop
  endfacet
  facet normal -4.259036e+000 0.000000e+000 0.000000e+000
    outer loop
      vertex   -5.680981e+000 1.025381e+002 8.624291e+001
      vertex   -5.680981e+000 1.007650e+002 8.721771e+001
      vertex   -5.680981e+000 1.023831e+002 8.645631e+001
    endloop
  endfacet
  facet normal -6.277320e-001 0.000000e+000 0.000000e+000
    outer loop
      vertex   -5.680981e+000 1.007650e+002 4.011771e+001
      vertex   -5.680981e+000 1.022026e+002 4.068688e+001
      vertex   -5.680981e+000 1.019993e+002 4.051877e+001
    endloop
  endfacet
  facet normal -4.818780e+000 0.000000e+000 0.000000e+000
    outer loop
      vertex   -5.680981e+000 1.026651e+002 8.601181e+001
      vertex   -5.680981e+000 1.007650e+002 8.721771e+001
      vertex   -5.680981e+000 1.025381e+002 8.624291e+001
    endloop
  endfacet
  facet normal -6.279349e-001 0.000000e+000 0.000000e+000
    outer loop
      vertex   -5.680981e+000 1.007650e+002 4.011771e+001
      vertex   -5.680981e+000 1.023831e+002 4.087912e+001
      vertex   -5.680981e+000 1.022026e+002 4.068688e+001
    endloop
  endfacet
  facet normal -5.357484e+000 0.000000e+000 0.000000e+000
    outer loop
      vertex   -5.680981e+000 1.027622e+002 8.576661e+001
      vertex   -5.680981e+000 1.007650e+002 8.721771e+001
      vertex   -5.680981e+000 1.026651e+002 8.601181e+001
    endloop
  endfacet
  facet normal -6.279196e-001 0.000000e+000 0.000000e+000
    outer loop
      vertex   -5.680981e+000 1.007650e+002 4.011771e+001
      vertex   -5.680981e+000 1.025381e+002 4.109247e+001
      vertex   -5.680981e+000 1.023831e+002 4.087912e+001
    endloop
  endfacet
  facet normal -5.877316e+000 0.000000e+000 0.000000e+000
    outer loop
      vertex   -5.680981e+000 1.028278e+002 8.551121e+001
      vertex   -5.680981e+000 1.007650e+002 8.721771e+001
      vertex   -5.680981e+000 1.027622e+002 8.576661e+001
    endloop
  endfacet
  facet normal -6.280381e-001 0.000000e+000 0.000000e+000
    outer loop
      vertex   -5.680981e+000 1.007650e+002 4.011771e+001
      vertex   -5.680981e+000 1.026651e+002 4.132357e+001
      vertex   -5.680981e+000 1.025381e+002 4.109247e+001
    endloop
  endfacet
  facet normal -6.372802e+000 0.000000e+000 0.000000e+000
    outer loop
      vertex   -5.680981e+000 1.028609e+002 8.524962e+001
      vertex   -5.680981e+000 1.007650e+002 8.721771e+001
      vertex   -5.680981e+000 1.028278e+002 8.551121e+001
    endloop
  endfacet
  facet normal -6.278515e-001 0.000000e+000 0.000000e+000
    outer loop
      vertex   -5.680981e+000 1.007650e+002 4.011771e+001
      vertex   -5.680981e+000 1.027622e+002 4.156877e+001
      vertex   -5.680981e+000 1.026651e+002 4.132357e+001
    endloop
  endfacet
  facet normal -7.289830e+000 0.000000e+000 0.000000e+000
    outer loop
      vertex   -5.680981e+000 1.007650e+002 8.721771e+001
      vertex   -5.680981e+000 1.028609e+002 8.524962e+001
      vertex   -5.680981e+000 1.007650e+002 4.011771e+001
    endloop
  endfacet
  facet normal -6.279051e-001 0.000000e+000 0.000000e+000
    outer loop
      vertex   -5.680981e+000 1.007650e+002 4.011771e+001
      vertex   -5.680981e+000 1.028278e+002 4.182421e+001
      vertex   -5.680981e+000 1.027622e+002 4.156877e+001
    endloop
  endfacet
  facet normal -7.289756e+000 0.000000e+000 0.000000e+000
    outer loop
      vertex   -5.680981e+000 1.028609e+002 4.208585e+001
      vertex   -5.680981e+000 1.007650e+002 4.011771e+001
      vertex   -5.680981e+000 1.028609e+002 8.524962e+001
    endloop
  endfacet
  facet normal -6.277878e-001 0.000000e+000 0.000000e+000
    outer loop
      vertex   -5.680981e+000 1.007650e+002 4.011771e+001
      vertex   -5.680981e+000 1.028609e+002 4.208585e+001
      vertex   -5.680981e+000 1.028278e+002 4.182421e+001
    endloop
  endfacet
  facet normal 0.000000e+000 -9.217985e+000 3.649630e+000
    outer loop
      vertex   -3.680974e+000 1.296488e+001 8.601181e+001
      vertex   -5.680981e+000 1.286780e+001 8.576661e+001
      vertex   -3.680974e+000 1.286780e+001 8.576661e+001
    endloop
  endfacet
  facet normal 0.000000e+000 -9.217985e+000 3.649630e+000
    outer loop
      vertex   -5.680981e+000 1.286780e+001 8.576661e+001
      vertex   -3.680974e+000 1.296488e+001 8.601181e+001
      vertex   -5.680981e+000 1.296488e+001 8.601181e+001
    endloop
  endfacet
  facet normal -3.469447e-017 -9.836019e+000 1.242725e+000
    outer loop
      vertex   -3.680974e+000 1.280222e+001 8.551121e+001
      vertex   -5.680981e+000 1.276917e+001 8.524962e+001
      vertex   -3.680974e+000 1.276917e+001 8.524962e+001
    endloop
  endfacet
  facet normal -3.469447e-017 -9.836019e+000 1.242725e+000
    outer loop
      vertex   -5.680981e+000 1.276917e+001 8.524962e+001
      vertex   -3.680974e+000 1.280222e+001 8.551121e+001
      vertex   -5.680981e+000 1.280222e+001 8.551121e+001
    endloop
  endfacet
  facet normal -6.938894e-017 -9.602703e+000 2.465666e+000
    outer loop
      vertex   -3.680974e+000 1.286780e+001 8.576661e+001
      vertex   -5.680981e+000 1.280222e+001 8.551121e+001
      vertex   -3.680974e+000 1.280222e+001 8.551121e+001
    endloop
  endfacet
  facet normal -6.938894e-017 -9.602703e+000 2.465666e+000
    outer loop
      vertex   -5.680981e+000 1.280222e+001 8.551121e+001
      vertex   -3.680974e+000 1.286780e+001 8.576661e+001
      vertex   -5.680981e+000 1.286780e+001 8.576661e+001
    endloop
  endfacet
  facet normal -1.387779e-016 7.227425e+000 -6.786422e+000
    outer loop
      vertex   -5.680981e+000 1.023831e+002 4.087912e+001
      vertex   -3.680974e+000 1.022026e+002 4.068688e+001
      vertex   -5.680981e+000 1.022026e+002 4.068688e+001
    endloop
  endfacet
  facet normal -1.387779e-016 7.227425e+000 -6.786422e+000
    outer loop
      vertex   -3.680974e+000 1.022026e+002 4.068688e+001
      vertex   -5.680981e+000 1.023831e+002 4.087912e+001
      vertex   -3.680974e+000 1.023831e+002 4.087912e+001
    endloop
  endfacet
  facet normal 0.000000e+000 8.688663e+000 -4.774767e+000
    outer loop
      vertex   -5.680981e+000 1.026651e+002 4.132357e+001
      vertex   -3.680974e+000 1.025381e+002 4.109247e+001
      vertex   -5.680981e+000 1.025381e+002 4.109247e+001
    endloop
  endfacet
  facet normal 0.000000e+000 8.688663e+000 -4.774767e+000
    outer loop
      vertex   -3.680974e+000 1.025381e+002 4.109247e+001
      vertex   -5.680981e+000 1.026651e+002 4.132357e+001
      vertex   -3.680974e+000 1.026651e+002 4.132357e+001
    endloop
  endfacet
  facet normal 0.000000e+000 9.602637e+000 -2.465818e+000
    outer loop
      vertex   -5.680981e+000 1.028278e+002 4.182421e+001
      vertex   -3.680974e+000 1.027622e+002 4.156877e+001
      vertex   -5.680981e+000 1.027622e+002 4.156877e+001
    endloop
  endfacet
  facet normal 0.000000e+000 9.602637e+000 -2.465818e+000
    outer loop
      vertex   -3.680974e+000 1.027622e+002 4.156877e+001
      vertex   -5.680981e+000 1.028278e+002 4.182421e+001
      vertex   -3.680974e+000 1.028278e+002 4.182421e+001
    endloop
  endfacet
  facet normal 6.938894e-017 -8.687874e+000 4.776171e+000
    outer loop
      vertex   -3.680974e+000 1.309193e+001 8.624291e+001
      vertex   -5.680981e+000 1.296488e+001 8.601181e+001
      vertex   -3.680974e+000 1.296488e+001 8.601181e+001
    endloop
  endfacet
  facet normal 6.938894e-017 -8.687874e+000 4.776171e+000
    outer loop
      vertex   -5.680981e+000 1.296488e+001 8.601181e+001
      vertex   -3.680974e+000 1.309193e+001 8.624291e+001
      vertex   -5.680981e+000 1.309193e+001 8.624291e+001
    endloop
  endfacet
  facet normal 0.000000e+000 9.602571e+000 2.466170e+000
    outer loop
      vertex   -5.680981e+000 1.027622e+002 8.576661e+001
      vertex   -3.680974e+000 1.028278e+002 8.551121e+001
      vertex   -5.680981e+000 1.028278e+002 8.551121e+001
    endloop
  endfacet
  facet normal 0.000000e+000 9.602571e+000 2.466170e+000
    outer loop
      vertex   -3.680974e+000 1.028278e+002 8.551121e+001
      vertex   -5.680981e+000 1.027622e+002 8.576661e+001
      vertex   -3.680974e+000 1.027622e+002 8.576661e+001
    endloop
  endfacet
  facet normal 1.387779e-016 7.226766e+000 6.787150e+000
    outer loop
      vertex   -5.680981e+000 1.022026e+002 8.664851e+001
      vertex   -3.680974e+000 1.023831e+002 8.645631e+001
      vertex   -5.680981e+000 1.023831e+002 8.645631e+001
    endloop
  endfacet
  facet normal 1.387779e-016 7.226766e+000 6.787150e+000
    outer loop
      vertex   -3.680974e+000 1.023831e+002 8.645631e+001
      vertex   -5.680981e+000 1.022026e+002 8.664851e+001
      vertex   -3.680974e+000 1.022026e+002 8.664851e+001
    endloop
  endfacet
  facet normal 0.000000e+000 8.021604e+000 5.826202e+000
    outer loop
      vertex   -5.680981e+000 1.023831e+002 8.645631e+001
      vertex   -3.680974e+000 1.025381e+002 8.624291e+001
      vertex   -5.680981e+000 1.025381e+002 8.624291e+001
    endloop
  endfacet
  facet normal 0.000000e+000 8.021604e+000 5.826202e+000
    outer loop
      vertex   -3.680974e+000 1.025381e+002 8.624291e+001
      vertex   -5.680981e+000 1.023831e+002 8.645631e+001
      vertex   -3.680974e+000 1.023831e+002 8.645631e+001
    endloop
  endfacet
  facet normal 0.000000e+000 5.567030e-001 1.182757e+000
    outer loop
      vertex   -3.680974e+000 1.015381e+002 8.707022e+001
      vertex   -5.680981e+000 1.017767e+002 8.695792e+001
      vertex   -5.680981e+000 1.015381e+002 8.707022e+001
    endloop
  endfacet
  facet normal 0.000000e+000 5.567030e-001 1.182757e+000
    outer loop
      vertex   -5.680981e+000 1.017767e+002 8.695792e+001
      vertex   -3.680974e+000 1.015381e+002 8.707022e+001
      vertex   -3.680974e+000 1.017767e+002 8.695792e+001
    endloop
  endfacet
  facet normal 0.000000e+000 7.004195e-001 1.103435e+000
    outer loop
      vertex   -3.680974e+000 1.017767e+002 8.695792e+001
      vertex   -5.680981e+000 1.019993e+002 8.681662e+001
      vertex   -5.680981e+000 1.017767e+002 8.695792e+001
    endloop
  endfacet
  facet normal 0.000000e+000 7.004195e-001 1.103435e+000
    outer loop
      vertex   -5.680981e+000 1.019993e+002 8.681662e+001
      vertex   -3.680974e+000 1.017767e+002 8.695792e+001
      vertex   -3.680974e+000 1.019993e+002 8.681662e+001
    endloop
  endfacet
  facet normal 0.000000e+000 2.448804e-001 1.284346e+000
    outer loop
      vertex   -3.680974e+000 1.010282e+002 8.720111e+001
      vertex   -5.680981e+000 1.012873e+002 8.715171e+001
      vertex   -5.680981e+000 1.010282e+002 8.720111e+001
    endloop
  endfacet
  facet normal 0.000000e+000 2.448804e-001 1.284346e+000
    outer loop
      vertex   -5.680981e+000 1.012873e+002 8.715171e+001
      vertex   -3.680974e+000 1.010282e+002 8.720111e+001
      vertex   -3.680974e+000 1.012873e+002 8.715171e+001
    endloop
  endfacet
  facet normal 0.000000e+000 8.333241e-001 -1.007742e+000
    outer loop
      vertex   -3.680974e+000 1.022026e+002 4.068688e+001
      vertex   -5.680981e+000 1.019993e+002 4.051877e+001
      vertex   -5.680981e+000 1.022026e+002 4.068688e+001
    endloop
  endfacet
  facet normal 0.000000e+000 8.333241e-001 -1.007742e+000
    outer loop
      vertex   -5.680981e+000 1.019993e+002 4.051877e+001
      vertex   -3.680974e+000 1.022026e+002 4.068688e+001
      vertex   -3.680974e+000 1.019993e+002 4.051877e+001
    endloop
  endfacet
  facet normal 0.000000e+000 8.021004e+000 -5.827069e+000
    outer loop
      vertex   -5.680981e+000 1.025381e+002 4.109247e+001
      vertex   -3.680974e+000 1.023831e+002 4.087912e+001
      vertex   -5.680981e+000 1.023831e+002 4.087912e+001
    endloop
  endfacet
  facet normal 0.000000e+000 8.021004e+000 -5.827069e+000
    outer loop
      vertex   -3.680974e+000 1.023831e+002 4.087912e+001
      vertex   -5.680981e+000 1.025381e+002 4.109247e+001
      vertex   -3.680974e+000 1.025381e+002 4.109247e+001
    endloop
  endfacet
  facet normal 0.000000e+000 9.217689e+000 -3.650364e+000
    outer loop
      vertex   -5.680981e+000 1.027622e+002 4.156877e+001
      vertex   -3.680974e+000 1.026651e+002 4.132357e+001
      vertex   -5.680981e+000 1.026651e+002 4.132357e+001
    endloop
  endfacet
  facet normal 0.000000e+000 9.217689e+000 -3.650364e+000
    outer loop
      vertex   -3.680974e+000 1.026651e+002 4.132357e+001
      vertex   -5.680981e+000 1.027622e+002 4.156877e+001
      vertex   -3.680974e+000 1.027622e+002 4.156877e+001
    endloop
  endfacet
  facet normal 0.000000e+000 9.835773e+000 -1.244395e+000
    outer loop
      vertex   -5.680981e+000 1.028609e+002 4.208585e+001
      vertex   -3.680974e+000 1.028278e+002 4.182421e+001
      vertex   -5.680981e+000 1.028278e+002 4.182421e+001
    endloop
  endfacet
  facet normal 0.000000e+000 9.835773e+000 -1.244395e+000
    outer loop
      vertex   -3.680974e+000 1.028278e+002 4.182421e+001
      vertex   -5.680981e+000 1.028609e+002 4.208585e+001
      vertex   -3.680974e+000 1.028609e+002 4.208585e+001
    endloop
  endfacet
  facet normal -6.938894e-017 -8.020658e+000 -5.827534e+000
    outer loop
      vertex   -3.680974e+000 1.309193e+001 4.109247e+001
      vertex   -5.680981e+000 1.324694e+001 4.087912e+001
      vertex   -3.680974e+000 1.324694e+001 4.087912e+001
    endloop
  endfacet
  facet normal -6.938894e-017 -8.020658e+000 -5.827534e+000
    outer loop
      vertex   -5.680981e+000 1.324694e+001 4.087912e+001
      vertex   -3.680974e+000 1.309193e+001 4.109247e+001
      vertex   -5.680981e+000 1.309193e+001 4.109247e+001
    endloop
  endfacet
  facet normal 0.000000e+000 -8.333046e-001 1.007274e+000
    outer loop
      vertex   -3.680974e+000 1.342747e+001 8.664851e+001
      vertex   -5.680981e+000 1.363067e+001 8.681662e+001
      vertex   -5.680981e+000 1.342747e+001 8.664851e+001
    endloop
  endfacet
  facet normal 0.000000e+000 -8.333046e-001 1.007274e+000
    outer loop
      vertex   -5.680981e+000 1.363067e+001 8.681662e+001
      vertex   -3.680974e+000 1.342747e+001 8.664851e+001
      vertex   -3.680974e+000 1.363067e+001 8.681662e+001
    endloop
  endfacet
  facet normal -6.938894e-017 -8.021257e+000 5.826667e+000
    outer loop
      vertex   -3.680974e+000 1.324694e+001 8.645631e+001
      vertex   -5.680981e+000 1.309193e+001 8.624291e+001
      vertex   -3.680974e+000 1.309193e+001 8.624291e+001
    endloop
  endfacet
  facet normal -6.938894e-017 -8.021257e+000 5.826667e+000
    outer loop
      vertex   -5.680981e+000 1.309193e+001 8.624291e+001
      vertex   -3.680974e+000 1.324694e+001 8.645631e+001
      vertex   -5.680981e+000 1.324694e+001 8.645631e+001
    endloop
  endfacet
  facet normal 0.000000e+000 -7.004167e-001 1.103791e+000
    outer loop
      vertex   -3.680974e+000 1.363067e+001 8.681662e+001
      vertex   -5.680981e+000 1.385334e+001 8.695792e+001
      vertex   -5.680981e+000 1.363067e+001 8.681662e+001
    endloop
  endfacet
  facet normal 0.000000e+000 -7.004167e-001 1.103791e+000
    outer loop
      vertex   -5.680981e+000 1.385334e+001 8.695792e+001
      vertex   -3.680974e+000 1.363067e+001 8.681662e+001
      vertex   -3.680974e+000 1.385334e+001 8.695792e+001
    endloop
  endfacet
  facet normal 0.000000e+000 -2.448811e-001 1.284137e+000
    outer loop
      vertex   -3.680974e+000 1.434277e+001 8.715171e+001
      vertex   -5.680981e+000 1.460182e+001 8.720111e+001
      vertex   -5.680981e+000 1.434277e+001 8.715171e+001
    endloop
  endfacet
  facet normal 0.000000e+000 -2.448811e-001 1.284137e+000
    outer loop
      vertex   -5.680981e+000 1.460182e+001 8.720111e+001
      vertex   -3.680974e+000 1.434277e+001 8.715171e+001
      vertex   -3.680974e+000 1.460182e+001 8.720111e+001
    endloop
  endfacet
  facet normal 0.000000e+000 -5.567023e-001 1.182856e+000
    outer loop
      vertex   -3.680974e+000 1.385334e+001 8.695792e+001
      vertex   -5.680981e+000 1.409196e+001 8.707022e+001
      vertex   -5.680981e+000 1.385334e+001 8.695792e+001
    endloop
  endfacet
  facet normal 0.000000e+000 -5.567023e-001 1.182856e+000
    outer loop
      vertex   -5.680981e+000 1.409196e+001 8.707022e+001
      vertex   -3.680974e+000 1.385334e+001 8.695792e+001
      vertex   -3.680974e+000 1.409196e+001 8.707022e+001
    endloop
  endfacet
  facet normal 0.000000e+000 -4.039593e-001 1.243280e+000
    outer loop
      vertex   -3.680974e+000 1.409196e+001 8.707022e+001
      vertex   -5.680981e+000 1.434277e+001 8.715171e+001
      vertex   -5.680981e+000 1.409196e+001 8.707022e+001
    endloop
  endfacet
  facet normal 0.000000e+000 -4.039593e-001 1.243280e+000
    outer loop
      vertex   -5.680981e+000 1.434277e+001 8.715171e+001
      vertex   -3.680974e+000 1.409196e+001 8.707022e+001
      vertex   -3.680974e+000 1.434277e+001 8.715171e+001
    endloop
  endfacet
  facet normal 0.000000e+000 9.217689e+000 3.650364e+000
    outer loop
      vertex   -5.680981e+000 1.026651e+002 8.601181e+001
      vertex   -3.680974e+000 1.027622e+002 8.576661e+001
      vertex   -5.680981e+000 1.027622e+002 8.576661e+001
    endloop
  endfacet
  facet normal 0.000000e+000 9.217689e+000 3.650364e+000
    outer loop
      vertex   -3.680974e+000 1.027622e+002 8.576661e+001
      vertex   -5.680981e+000 1.026651e+002 8.601181e+001
      vertex   -3.680974e+000 1.026651e+002 8.601181e+001
    endloop
  endfacet
  facet normal 0.000000e+000 8.688663e+000 4.774767e+000
    outer loop
      vertex   -5.680981e+000 1.025381e+002 8.624291e+001
      vertex   -3.680974e+000 1.026651e+002 8.601181e+001
      vertex   -5.680981e+000 1.026651e+002 8.601181e+001
    endloop
  endfacet
  facet normal 0.000000e+000 8.688663e+000 4.774767e+000
    outer loop
      vertex   -3.680974e+000 1.026651e+002 8.601181e+001
      vertex   -5.680981e+000 1.025381e+002 8.624291e+001
      vertex   -3.680974e+000 1.025381e+002 8.624291e+001
    endloop
  endfacet
  facet normal 0.000000e+000 4.039593e-001 1.243268e+000
    outer loop
      vertex   -3.680974e+000 1.012873e+002 8.715171e+001
      vertex   -5.680981e+000 1.015381e+002 8.707022e+001
      vertex   -5.680981e+000 1.012873e+002 8.715171e+001
    endloop
  endfacet
  facet normal 0.000000e+000 4.039593e-001 1.243268e+000
    outer loop
      vertex   -5.680981e+000 1.015381e+002 8.707022e+001
      vertex   -3.680974e+000 1.012873e+002 8.715171e+001
      vertex   -3.680974e+000 1.015381e+002 8.707022e+001
    endloop
  endfacet
  facet normal 6.278124e-001 0.000000e+000 0.000000e+000
    outer loop
      vertex   -3.680974e+000 1.286780e+001 4.156877e+001
      vertex   -3.680974e+000 1.276917e+001 4.208585e+001
      vertex   -3.680974e+000 1.280222e+001 4.182421e+001
    endloop
  endfacet
  facet normal 1.253427e+000 0.000000e+000 0.000000e+000
    outer loop
      vertex   -3.680974e+000 1.296488e+001 4.132357e+001
      vertex   -3.680974e+000 1.276917e+001 4.208585e+001
      vertex   -3.680974e+000 1.286780e+001 4.156877e+001
    endloop
  endfacet
  facet normal 1.873879e+000 0.000000e+000 0.000000e+000
    outer loop
      vertex   -3.680974e+000 1.309193e+001 4.109247e+001
      vertex   -3.680974e+000 1.276917e+001 4.208585e+001
      vertex   -3.680974e+000 1.296488e+001 4.132357e+001
    endloop
  endfacet
  facet normal 6.279046e-001 0.000000e+000 0.000000e+000
    outer loop
      vertex   -3.680974e+000 1.276917e+001 8.524962e+001
      vertex   -3.680974e+000 1.286780e+001 8.576661e+001
      vertex   -3.680974e+000 1.280222e+001 8.551121e+001
    endloop
  endfacet
  facet normal 2.487103e+000 0.000000e+000 0.000000e+000
    outer loop
      vertex   -3.680974e+000 1.324694e+001 4.087912e+001
      vertex   -3.680974e+000 1.276917e+001 4.208585e+001
      vertex   -3.680974e+000 1.309193e+001 4.109247e+001
    endloop
  endfacet
  facet normal 6.279075e-001 0.000000e+000 0.000000e+000
    outer loop
      vertex   -3.680974e+000 1.276917e+001 8.524962e+001
      vertex   -3.680974e+000 1.296488e+001 8.601181e+001
      vertex   -3.680974e+000 1.286780e+001 8.576661e+001
    endloop
  endfacet
  facet normal 3.090297e+000 0.000000e+000 0.000000e+000
    outer loop
      vertex   -3.680974e+000 1.342747e+001 4.068688e+001
      vertex   -3.680974e+000 1.276917e+001 4.208585e+001
      vertex   -3.680974e+000 1.324694e+001 4.087912e+001
    endloop
  endfacet
  facet normal 6.279182e-001 0.000000e+000 0.000000e+000
    outer loop
      vertex   -3.680974e+000 1.276917e+001 8.524962e+001
      vertex   -3.680974e+000 1.309193e+001 8.624291e+001
      vertex   -3.680974e+000 1.296488e+001 8.601181e+001
    endloop
  endfacet
  facet normal 3.681081e+000 0.000000e+000 0.000000e+000
    outer loop
      vertex   -3.680974e+000 1.363067e+001 4.051877e+001
      vertex   -3.680974e+000 1.276917e+001 4.208585e+001
      vertex   -3.680974e+000 1.342747e+001 4.068688e+001
    endloop
  endfacet
  facet normal 6.277919e-001 0.000000e+000 0.000000e+000
    outer loop
      vertex   -3.680974e+000 1.276917e+001 8.524962e+001
      vertex   -3.680974e+000 1.324694e+001 8.645631e+001
      vertex   -3.680974e+000 1.309193e+001 8.624291e+001
    endloop
  endfacet
  facet normal 4.258077e+000 0.000000e+000 0.000000e+000
    outer loop
      vertex   -3.680974e+000 1.385334e+001 4.037747e+001
      vertex   -3.680974e+000 1.276917e+001 4.208585e+001
      vertex   -3.680974e+000 1.363067e+001 4.051877e+001
    endloop
  endfacet
  facet normal 6.280326e-001 0.000000e+000 0.000000e+000
    outer loop
      vertex   -3.680974e+000 1.276917e+001 8.524962e+001
      vertex   -3.680974e+000 1.342747e+001 8.664851e+001
      vertex   -3.680974e+000 1.324694e+001 8.645631e+001
    endloop
  endfacet
  facet normal 4.817428e+000 0.000000e+000 0.000000e+000
    outer loop
      vertex   -3.680974e+000 1.409196e+001 4.026518e+001
      vertex   -3.680974e+000 1.276917e+001 4.208585e+001
      vertex   -3.680974e+000 1.385334e+001 4.037747e+001
    endloop
  endfacet
  facet normal 6.278969e-001 0.000000e+000 0.000000e+000
    outer loop
      vertex   -3.680974e+000 1.276917e+001 8.524962e+001
      vertex   -3.680974e+000 1.363067e+001 8.681662e+001
      vertex   -3.680974e+000 1.342747e+001 8.664851e+001
    endloop
  endfacet
  facet normal 5.358467e+000 0.000000e+000 0.000000e+000
    outer loop
      vertex   -3.680974e+000 1.434277e+001 4.018369e+001
      vertex   -3.680974e+000 1.276917e+001 4.208585e+001
      vertex   -3.680974e+000 1.409196e+001 4.026518e+001
    endloop
  endfacet
  facet normal 6.279529e-001 0.000000e+000 0.000000e+000
    outer loop
      vertex   -3.680974e+000 1.276917e+001 8.524962e+001
      vertex   -3.680974e+000 1.385334e+001 8.695792e+001
      vertex   -3.680974e+000 1.363067e+001 8.681662e+001
    endloop
  endfacet
  facet normal 5.877781e+000 0.000000e+000 0.000000e+000
    outer loop
      vertex   -3.680974e+000 1.460182e+001 4.013427e+001
      vertex   -3.680974e+000 1.276917e+001 4.208585e+001
      vertex   -3.680974e+000 1.434277e+001 4.018369e+001
    endloop
  endfacet
  facet normal 6.278527e-001 0.000000e+000 0.000000e+000
    outer loop
      vertex   -3.680974e+000 1.276917e+001 8.524962e+001
      vertex   -3.680974e+000 1.409196e+001 8.707022e+001
      vertex   -3.680974e+000 1.385334e+001 8.695792e+001
    endloop
  endfacet
  facet normal 6.374209e+000 0.000000e+000 0.000000e+000
    outer loop
      vertex   -3.680974e+000 1.486502e+001 4.011771e+001
      vertex   -3.680974e+000 1.276917e+001 4.208585e+001
      vertex   -3.680974e+000 1.460182e+001 4.013427e+001
    endloop
  endfacet
  facet normal 6.279005e-001 0.000000e+000 0.000000e+000
    outer loop
      vertex   -3.680974e+000 1.276917e+001 8.524962e+001
      vertex   -3.680974e+000 1.434277e+001 8.715171e+001
      vertex   -3.680974e+000 1.409196e+001 8.707022e+001
    endloop
  endfacet
  facet normal 7.289676e+000 0.000000e+000 0.000000e+000
    outer loop
      vertex   -3.680974e+000 1.276917e+001 4.208585e+001
      vertex   -3.680974e+000 1.486502e+001 4.011771e+001
      vertex   -3.680974e+000 1.276917e+001 8.524962e+001
    endloop
  endfacet
  facet normal 6.279535e-001 0.000000e+000 0.000000e+000
    outer loop
      vertex   -3.680974e+000 1.276917e+001 8.524962e+001
      vertex   -3.680974e+000 1.460182e+001 8.720111e+001
      vertex   -3.680974e+000 1.434277e+001 8.715171e+001
    endloop
  endfacet
  facet normal 7.289751e+000 0.000000e+000 0.000000e+000
    outer loop
      vertex   -3.680974e+000 1.486502e+001 8.721771e+001
      vertex   -3.680974e+000 1.276917e+001 8.524962e+001
      vertex   -3.680974e+000 1.486502e+001 4.011771e+001
    endloop
  endfacet
  facet normal 6.277930e-001 0.000000e+000 0.000000e+000
    outer loop
      vertex   -3.680974e+000 1.276917e+001 8.524962e+001
      vertex   -3.680974e+000 1.486502e+001 8.721771e+001
      vertex   -3.680974e+000 1.460182e+001 8.720111e+001
    endloop
  endfacet
  facet normal 9.046741e+000 0.000000e+000 0.000000e+000
    outer loop
      vertex   -3.680974e+000 5.287748e+001 5.318467e+001
      vertex   -3.680974e+000 5.781502e+001 6.366771e+001
      vertex   -3.680974e+000 5.282975e+001 5.318467e+001
    endloop
  endfacet
  facet normal 9.046741e+000 0.000000e+000 0.000000e+000
    outer loop
      vertex   -3.680974e+000 5.287748e+001 5.318467e+001
      vertex   -3.680974e+000 5.289385e+001 5.318467e+001
      vertex   -3.680974e+000 5.781502e+001 6.366771e+001
    endloop
  endfacet
  facet normal 1.995173e-001 0.000000e+000 0.000000e+000
    outer loop
      vertex   -3.680974e+000 5.781502e+001 6.366771e+001
      vertex   -3.680974e+000 5.289385e+001 5.318467e+001
      vertex   -3.680974e+000 5.314678e+001 5.318467e+001
    endloop
  endfacet
  facet normal 9.827843e+000 0.000000e+000 0.000000e+000
    outer loop
      vertex   -3.680974e+000 5.978576e+001 5.318467e+001
      vertex   -3.680974e+000 5.781502e+001 6.366771e+001
      vertex   -3.680974e+000 5.314678e+001 5.318467e+001
    endloop
  endfacet
  facet normal 9.827843e+000 0.000000e+000 0.000000e+000
    outer loop
      vertex   -3.680974e+000 5.978576e+001 5.318467e+001
      vertex   -3.680974e+000 6.057637e+001 5.318467e+001
      vertex   -3.680974e+000 5.781502e+001 6.366771e+001
    endloop
  endfacet
  facet normal 1.914798e+000 0.000000e+000 0.000000e+000
    outer loop
      vertex   -3.680974e+000 5.781502e+001 6.366771e+001
      vertex   -3.680974e+000 6.057637e+001 5.318467e+001
      vertex   -3.680974e+000 6.288189e+001 5.318467e+001
    endloop
  endfacet
  facet normal 8.896509e+000 0.000000e+000 0.000000e+000
    outer loop
      vertex   -3.680974e+000 6.319577e+001 5.318467e+001
      vertex   -3.680974e+000 5.781502e+001 6.366771e+001
      vertex   -3.680974e+000 6.288189e+001 5.318467e+001
    endloop
  endfacet
  facet normal 8.896509e+000 0.000000e+000 0.000000e+000
    outer loop
      vertex   -3.680974e+000 6.319577e+001 5.318467e+001
      vertex   -3.680974e+000 6.320773e+001 5.318467e+001
      vertex   -3.680974e+000 5.781502e+001 6.366771e+001
    endloop
  endfacet
  facet normal 2.150546e+000 0.000000e+000 0.000000e+000
    outer loop
      vertex   -3.680974e+000 5.781502e+001 6.366771e+001
      vertex   -3.680974e+000 6.320773e+001 5.318467e+001
      vertex   -3.680974e+000 6.772736e+001 5.170320e+001
    endloop
  endfacet
  facet normal 6.987547e+000 0.000000e+000 0.000000e+000
    outer loop
      vertex   -3.680974e+000 7.006388e+001 5.170320e+001
      vertex   -3.680974e+000 5.781502e+001 6.366771e+001
      vertex   -3.680974e+000 6.772736e+001 5.170320e+001
    endloop
  endfacet
  facet normal 6.987547e+000 0.000000e+000 0.000000e+000
    outer loop
      vertex   -3.680974e+000 7.006388e+001 5.170320e+001
      vertex   -3.680974e+000 7.260532e+001 5.170320e+001
      vertex   -3.680974e+000 5.781502e+001 6.366771e+001
    endloop
  endfacet
  facet normal 2.781020e-001 0.000000e+000 0.000000e+000
    outer loop
      vertex   -3.680974e+000 5.781502e+001 6.366771e+001
      vertex   -3.680974e+000 7.260532e+001 5.170320e+001
      vertex   -3.680974e+000 7.347682e+001 5.170320e+001
    endloop
  endfacet
  facet normal 5.502849e+000 0.000000e+000 0.000000e+000
    outer loop
      vertex   -3.680974e+000 7.596942e+001 5.170320e+001
      vertex   -3.680974e+000 5.781502e+001 6.366771e+001
      vertex   -3.680974e+000 7.347682e+001 5.170320e+001
    endloop
  endfacet
  facet normal 5.502849e+000 0.000000e+000 0.000000e+000
    outer loop
      vertex   -3.680974e+000 7.596942e+001 5.170320e+001
      vertex   -3.680974e+000 7.606439e+001 5.170320e+001
      vertex   -3.680974e+000 5.781502e+001 6.366771e+001
    endloop
  endfacet
  facet normal 4.207531e-001 0.000000e+000 0.000000e+000
    outer loop
      vertex   -3.680974e+000 5.781502e+001 6.366771e+001
      vertex   -3.680974e+000 7.606439e+001 5.170320e+001
      vertex   -3.680974e+000 7.785553e+001 5.170320e+001
    endloop
  endfacet
  facet normal 5.113267e+000 0.000000e+000 0.000000e+000
    outer loop
      vertex   -3.680974e+000 7.792377e+001 5.170320e+001
      vertex   -3.680974e+000 5.781502e+001 6.366771e+001
      vertex   -3.680974e+000 7.785553e+001 5.170320e+001
    endloop
  endfacet
  facet normal 6.727148e-001 0.000000e+000 0.000000e+000
    outer loop
      vertex   -3.680974e+000 7.792377e+001 5.170320e+001
      vertex   -3.680974e+000 1.007650e+002 4.011771e+001
      vertex   -3.680974e+000 5.781502e+001 6.366771e+001
    endloop
  endfacet
  facet normal 8.918373e+000 0.000000e+000 0.000000e+000
    outer loop
      vertex   -3.680974e+000 7.792377e+001 5.170320e+001
      vertex   -3.680974e+000 7.792377e+001 5.162777e+001
      vertex   -3.680974e+000 1.007650e+002 4.011771e+001
    endloop
  endfacet
  facet normal 7.144477e-001 0.000000e+000 0.000000e+000
    outer loop
      vertex   -3.680974e+000 1.007650e+002 4.011771e+001
      vertex   -3.680974e+000 7.792377e+001 5.162777e+001
      vertex   -3.680974e+000 7.792377e+001 4.964772e+001
    endloop
  endfacet
  facet normal 9.415382e+000 0.000000e+000 0.000000e+000
    outer loop
      vertex   -3.680974e+000 7.792377e+001 4.829088e+001
      vertex   -3.680974e+000 1.007650e+002 4.011771e+001
      vertex   -3.680974e+000 7.792377e+001 4.964772e+001
    endloop
  endfacet
  facet normal 9.415382e+000 0.000000e+000 0.000000e+000
    outer loop
      vertex   -3.680974e+000 7.792377e+001 4.829088e+001
      vertex   -3.680974e+000 7.792377e+001 4.782559e+001
      vertex   -3.680974e+000 1.007650e+002 4.011771e+001
    endloop
  endfacet
  facet normal 1.342770e+000 0.000000e+000 0.000000e+000
    outer loop
      vertex   -3.680974e+000 1.007650e+002 4.011771e+001
      vertex   -3.680974e+000 7.792377e+001 4.782559e+001
      vertex   -3.680974e+000 7.792377e+001 4.452880e+001
    endloop
  endfacet
  facet normal 9.828506e+000 0.000000e+000 0.000000e+000
    outer loop
      vertex   -3.680974e+000 7.792377e+001 4.440320e+001
      vertex   -3.680974e+000 1.007650e+002 4.011771e+001
      vertex   -3.680974e+000 7.792377e+001 4.452880e+001
    endloop
  endfacet
  facet normal 9.828506e+000 0.000000e+000 0.000000e+000
    outer loop
      vertex   -3.680974e+000 7.792377e+001 4.440320e+001
      vertex   -3.680974e+000 7.792377e+001 4.423187e+001
      vertex   -3.680974e+000 1.007650e+002 4.011771e+001
    endloop
  endfacet
  facet normal 2.126323e-001 0.000000e+000 0.000000e+000
    outer loop
      vertex   -3.680974e+000 1.007650e+002 4.011771e+001
      vertex   -3.680974e+000 7.792377e+001 4.423187e+001
      vertex   -3.680974e+000 7.792377e+001 4.373223e+001
    endloop
  endfacet
  facet normal 9.890628e+000 0.000000e+000 0.000000e+000
    outer loop
      vertex   -3.680974e+000 7.792377e+001 4.352393e+001
      vertex   -3.680974e+000 1.007650e+002 4.011771e+001
      vertex   -3.680974e+000 7.792377e+001 4.373223e+001
    endloop
  endfacet
  facet normal 9.890628e+000 0.000000e+000 0.000000e+000
    outer loop
      vertex   -3.680974e+000 7.792377e+001 4.352393e+001
      vertex   -3.680974e+000 7.792377e+001 4.351600e+001
      vertex   -3.680974e+000 1.007650e+002 4.011771e+001
    endloop
  endfacet
  facet normal 1.471590e+000 0.000000e+000 0.000000e+000
    outer loop
      vertex   -3.680974e+000 1.007650e+002 4.011771e+001
      vertex   -3.680974e+000 7.792377e+001 4.351600e+001
      vertex   -3.680974e+000 5.781502e+001 4.011771e+001
    endloop
  endfacet
  facet normal 2.370128e-002 0.000000e+000 0.000000e+000
    outer loop
      vertex   -3.680974e+000 5.781502e+001 4.011771e+001
      vertex   -3.680974e+000 7.792377e+001 4.351600e+001
      vertex   -3.680974e+000 7.763770e+001 4.351600e+001
    endloop
  endfacet
  facet normal 2.660291e+000 0.000000e+000 0.000000e+000
    outer loop
      vertex   -3.680974e+000 7.012884e+001 4.351600e+001
      vertex   -3.680974e+000 5.781502e+001 4.011771e+001
      vertex   -3.680974e+000 7.763770e+001 4.351600e+001
    endloop
  endfacet
  facet normal 2.660291e+000 0.000000e+000 0.000000e+000
    outer loop
      vertex   -3.680974e+000 7.012884e+001 4.351600e+001
      vertex   -3.680974e+000 6.925733e+001 4.351600e+001
      vertex   -3.680974e+000 5.781502e+001 4.011771e+001
    endloop
  endfacet
  facet normal 7.594327e-001 0.000000e+000 0.000000e+000
    outer loop
      vertex   -3.680974e+000 5.781502e+001 4.011771e+001
      vertex   -3.680974e+000 6.925733e+001 4.351600e+001
      vertex   -3.680974e+000 6.671590e+001 4.351600e+001
    endloop
  endfacet
  facet normal 8.579082e-002 0.000000e+000 0.000000e+000
    outer loop
      vertex   -3.680974e+000 6.320773e+001 4.351600e+001
      vertex   -3.680974e+000 6.671590e+001 4.351600e+001
      vertex   -3.680974e+000 6.671590e+001 4.354610e+001
    endloop
  endfacet
  facet normal 2.197772e+000 0.000000e+000 0.000000e+000
    outer loop
      vertex   -3.680974e+000 6.320773e+001 4.355303e+001
      vertex   -3.680974e+000 6.671590e+001 4.354610e+001
      vertex   -3.680974e+000 6.671590e+001 4.433609e+001
    endloop
  endfacet
  facet normal 2.527611e+000 0.000000e+000 0.000000e+000
    outer loop
      vertex   -3.680974e+000 6.320773e+001 4.452509e+001
      vertex   -3.680974e+000 6.671590e+001 4.433609e+001
      vertex   -3.680974e+000 6.671590e+001 4.524248e+001
    endloop
  endfacet
  facet normal 8.823994e-001 0.000000e+000 0.000000e+000
    outer loop
      vertex   -3.680974e+000 6.320773e+001 4.555881e+001
      vertex   -3.680974e+000 6.671590e+001 4.524248e+001
      vertex   -3.680974e+000 6.671590e+001 4.555330e+001
    endloop
  endfacet
  facet normal 3.975343e+000 0.000000e+000 0.000000e+000
    outer loop
      vertex   -3.680974e+000 6.320773e+001 4.591329e+001
      vertex   -3.680974e+000 6.671590e+001 4.555330e+001
      vertex   -3.680974e+000 6.671590e+001 4.702380e+001
    endloop
  endfacet
  facet normal 9.489151e+000 0.000000e+000 0.000000e+000
    outer loop
      vertex   -3.680974e+000 6.671590e+001 4.707982e+001
      vertex   -3.680974e+000 6.320773e+001 4.591329e+001
      vertex   -3.680974e+000 6.671590e+001 4.702380e+001
    endloop
  endfacet
  facet normal 9.489151e+000 0.000000e+000 0.000000e+000
    outer loop
      vertex   -3.680974e+000 6.671590e+001 4.707982e+001
      vertex   -3.680974e+000 6.671590e+001 4.713862e+001
      vertex   -3.680974e+000 6.320773e+001 4.591329e+001
    endloop
  endfacet
  facet normal 9.440704e+000 0.000000e+000 0.000000e+000
    outer loop
      vertex   -3.680974e+000 6.320773e+001 4.591329e+001
      vertex   -3.680974e+000 6.671590e+001 4.713862e+001
      vertex   -3.680974e+000 6.320773e+001 4.834313e+001
    endloop
  endfacet
  facet normal 4.141561e+000 0.000000e+000 0.000000e+000
    outer loop
      vertex   -3.680974e+000 6.320773e+001 4.834313e+001
      vertex   -3.680974e+000 6.671590e+001 4.713862e+001
      vertex   -3.680974e+000 6.671590e+001 4.868195e+001
    endloop
  endfacet
  facet normal 9.975455e+000 0.000000e+000 0.000000e+000
    outer loop
      vertex   -3.680974e+000 6.320773e+001 4.843570e+001
      vertex   -3.680974e+000 6.671590e+001 4.868195e+001
      vertex   -3.680974e+000 6.320773e+001 4.959439e+001
    endloop
  endfacet
  facet normal 9.975455e+000 0.000000e+000 0.000000e+000
    outer loop
      vertex   -3.680974e+000 6.320773e+001 4.843570e+001
      vertex   -3.680974e+000 6.320773e+001 4.834313e+001
      vertex   -3.680974e+000 6.671590e+001 4.868195e+001
    endloop
  endfacet
  facet normal 9.215557e+000 0.000000e+000 0.000000e+000
    outer loop
      vertex   -3.680974e+000 6.320773e+001 5.318117e+001
      vertex   -3.680974e+000 6.671590e+001 5.170320e+001
      vertex   -3.680974e+000 6.320773e+001 5.318467e+001
    endloop
  endfacet
  facet normal 9.215557e+000 0.000000e+000 0.000000e+000
    outer loop
      vertex   -3.680974e+000 6.320773e+001 5.318117e+001
      vertex   -3.680974e+000 6.320773e+001 5.308946e+001
      vertex   -3.680974e+000 6.671590e+001 5.170320e+001
    endloop
  endfacet
  facet normal 2.832996e-001 0.000000e+000 0.000000e+000
    outer loop
      vertex   -3.680974e+000 6.671590e+001 5.170320e+001
      vertex   -3.680974e+000 6.320773e+001 5.308946e+001
      vertex   -3.680974e+000 6.320773e+001 5.297578e+001
    endloop
  endfacet
  facet normal 7.194813e+000 0.000000e+000 0.000000e+000
    outer loop
      vertex   -3.680974e+000 6.671590e+001 5.163915e+001
      vertex   -3.680974e+000 6.320773e+001 5.297578e+001
      vertex   -3.680974e+000 6.320773e+001 4.999173e+001
    endloop
  endfacet
  facet normal 9.999534e+000 0.000000e+000 0.000000e+000
    outer loop
      vertex   -3.680974e+000 6.671590e+001 4.995784e+001
      vertex   -3.680974e+000 6.320773e+001 4.999173e+001
      vertex   -3.680974e+000 6.671590e+001 4.963203e+001
    endloop
  endfacet
  facet normal 9.999534e+000 0.000000e+000 0.000000e+000
    outer loop
      vertex   -3.680974e+000 6.671590e+001 4.995784e+001
      vertex   -3.680974e+000 6.671590e+001 5.163915e+001
      vertex   -3.680974e+000 6.320773e+001 4.999173e+001
    endloop
  endfacet
  facet normal 9.400612e+000 0.000000e+000 0.000000e+000
    outer loop
      vertex   -3.680974e+000 6.671590e+001 5.170320e+001
      vertex   -3.680974e+000 6.320773e+001 5.297578e+001
      vertex   -3.680974e+000 6.671590e+001 5.163915e+001
    endloop
  endfacet
  facet normal 9.947845e+000 0.000000e+000 0.000000e+000
    outer loop
      vertex   -3.680974e+000 6.320773e+001 4.999173e+001
      vertex   -3.680974e+000 6.320773e+001 4.959439e+001
      vertex   -3.680974e+000 6.671590e+001 4.963203e+001
    endloop
  endfacet
  facet normal 9.999425e+000 0.000000e+000 0.000000e+000
    outer loop
      vertex   -3.680974e+000 6.671590e+001 4.963203e+001
      vertex   -3.680974e+000 6.320773e+001 4.959439e+001
      vertex   -3.680974e+000 6.671590e+001 4.868195e+001
    endloop
  endfacet
  facet normal 9.947762e+000 0.000000e+000 0.000000e+000
    outer loop
      vertex   -3.680974e+000 6.320773e+001 4.591329e+001
      vertex   -3.680974e+000 6.320773e+001 4.555881e+001
      vertex   -3.680974e+000 6.671590e+001 4.555330e+001
    endloop
  endfacet
  facet normal 9.959594e+000 0.000000e+000 0.000000e+000
    outer loop
      vertex   -3.680974e+000 6.320773e+001 4.555881e+001
      vertex   -3.680974e+000 6.320773e+001 4.452509e+001
      vertex   -3.680974e+000 6.671590e+001 4.524248e+001
    endloop
  endfacet
  facet normal 9.985519e+000 0.000000e+000 0.000000e+000
    outer loop
      vertex   -3.680974e+000 6.320773e+001 4.452509e+001
      vertex   -3.680974e+000 6.320773e+001 4.355303e+001
      vertex   -3.680974e+000 6.671590e+001 4.433609e+001
    endloop
  endfacet
  facet normal 9.999980e+000 0.000000e+000 0.000000e+000
    outer loop
      vertex   -3.680974e+000 6.320773e+001 4.355303e+001
      vertex   -3.680974e+000 6.320773e+001 4.351600e+001
      vertex   -3.680974e+000 6.671590e+001 4.354610e+001
    endloop
  endfacet
  facet normal 3.566808e+000 0.000000e+000 0.000000e+000
    outer loop
      vertex   -3.680974e+000 6.671590e+001 4.351600e+001
      vertex   -3.680974e+000 6.320773e+001 4.351600e+001
      vertex   -3.680974e+000 5.781502e+001 4.011771e+001
    endloop
  endfacet
  facet normal 5.701648e-002 0.000000e+000 0.000000e+000
    outer loop
      vertex   -3.680974e+000 5.781502e+001 4.011771e+001
      vertex   -3.680974e+000 6.320773e+001 4.351600e+001
      vertex   -3.680974e+000 6.314017e+001 4.351600e+001
    endloop
  endfacet
  facet normal 6.913080e+000 0.000000e+000 0.000000e+000
    outer loop
      vertex   -3.680974e+000 6.136694e+001 4.351600e+001
      vertex   -3.680974e+000 5.781502e+001 4.011771e+001
      vertex   -3.680974e+000 6.314017e+001 4.351600e+001
    endloop
  endfacet
  facet normal 6.913080e+000 0.000000e+000 0.000000e+000
    outer loop
      vertex   -3.680974e+000 6.136694e+001 4.351600e+001
      vertex   -3.680974e+000 6.105396e+001 4.351600e+001
      vertex   -3.680974e+000 5.781502e+001 4.011771e+001
    endloop
  endfacet
  facet normal 1.604317e+000 0.000000e+000 0.000000e+000
    outer loop
      vertex   -3.680974e+000 5.781502e+001 4.011771e+001
      vertex   -3.680974e+000 6.105396e+001 4.351600e+001
      vertex   -3.680974e+000 6.014124e+001 4.351600e+001
    endloop
  endfacet
  facet normal 9.113117e+000 0.000000e+000 0.000000e+000
    outer loop
      vertex   -3.680974e+000 5.935032e+001 4.351600e+001
      vertex   -3.680974e+000 5.781502e+001 4.011771e+001
      vertex   -3.680974e+000 6.014124e+001 4.351600e+001
    endloop
  endfacet
  facet normal 9.113117e+000 0.000000e+000 0.000000e+000
    outer loop
      vertex   -3.680974e+000 5.935032e+001 4.351600e+001
      vertex   -3.680974e+000 5.907910e+001 4.351600e+001
      vertex   -3.680974e+000 5.781502e+001 4.011771e+001
    endloop
  endfacet
  facet normal 9.363623e+000 0.000000e+000 0.000000e+000
    outer loop
      vertex   -3.680974e+000 5.781502e+001 4.011771e+001
      vertex   -3.680974e+000 5.907910e+001 4.351600e+001
      vertex   -3.680974e+000 5.389948e+001 4.351600e+001
    endloop
  endfacet
  facet normal 6.369593e+000 0.000000e+000 0.000000e+000
    outer loop
      vertex   -3.680974e+000 5.370215e+001 4.351600e+001
      vertex   -3.680974e+000 5.781502e+001 4.011771e+001
      vertex   -3.680974e+000 5.389948e+001 4.351600e+001
    endloop
  endfacet
  facet normal 6.369593e+000 0.000000e+000 0.000000e+000
    outer loop
      vertex   -3.680974e+000 5.370215e+001 4.351600e+001
      vertex   -3.680974e+000 5.347938e+001 4.351600e+001
      vertex   -3.680974e+000 5.781502e+001 4.011771e+001
    endloop
  endfacet
  facet normal 6.642251e-001 0.000000e+000 0.000000e+000
    outer loop
      vertex   -3.680974e+000 5.781502e+001 4.011771e+001
      vertex   -3.680974e+000 5.347938e+001 4.351600e+001
      vertex   -3.680974e+000 5.282975e+001 4.351600e+001
    endloop
  endfacet
  facet normal 5.162468e-001 0.000000e+000 0.000000e+000
    outer loop
      vertex   -3.680974e+000 4.480705e+001 4.544712e+001
      vertex   -3.680974e+000 5.282975e+001 4.351600e+001
      vertex   -3.680974e+000 5.282975e+001 4.394936e+001
    endloop
  endfacet
  facet normal 9.861530e+000 0.000000e+000 0.000000e+000
    outer loop
      vertex   -3.680974e+000 5.282975e+001 4.409797e+001
      vertex   -3.680974e+000 4.480705e+001 4.544712e+001
      vertex   -3.680974e+000 5.282975e+001 4.394936e+001
    endloop
  endfacet
  facet normal 9.861530e+000 0.000000e+000 0.000000e+000
    outer loop
      vertex   -3.680974e+000 5.282975e+001 4.409797e+001
      vertex   -3.680974e+000 5.282975e+001 4.631088e+001
      vertex   -3.680974e+000 4.480705e+001 4.544712e+001
    endloop
  endfacet
  facet normal 9.942541e+000 0.000000e+000 0.000000e+000
    outer loop
      vertex   -3.680974e+000 4.480705e+001 4.544712e+001
      vertex   -3.680974e+000 5.282975e+001 4.631088e+001
      vertex   -3.680974e+000 4.480705e+001 4.665613e+001
    endloop
  endfacet
  facet normal 1.049420e-001 0.000000e+000 0.000000e+000
    outer loop
      vertex   -3.680974e+000 4.480705e+001 4.665613e+001
      vertex   -3.680974e+000 5.282975e+001 4.631088e+001
      vertex   -3.680974e+000 5.282975e+001 4.639519e+001
    endloop
  endfacet
  facet normal 9.964737e+000 0.000000e+000 0.000000e+000
    outer loop
      vertex   -3.680974e+000 4.480705e+001 4.707072e+001
      vertex   -3.680974e+000 5.282975e+001 4.639519e+001
      vertex   -3.680974e+000 4.480705e+001 4.740196e+001
    endloop
  endfacet
  facet normal 9.964737e+000 0.000000e+000 0.000000e+000
    outer loop
      vertex   -3.680974e+000 4.480705e+001 4.707072e+001
      vertex   -3.680974e+000 4.480705e+001 4.665613e+001
      vertex   -3.680974e+000 5.282975e+001 4.639519e+001
    endloop
  endfacet
  facet normal 2.079434e+000 0.000000e+000 0.000000e+000
    outer loop
      vertex   -3.680974e+000 5.781502e+001 4.011771e+001
      vertex   -3.680974e+000 5.282975e+001 4.351600e+001
      vertex   -3.680974e+000 4.480705e+001 4.544712e+001
    endloop
  endfacet
  facet normal 2.968244e+000 0.000000e+000 0.000000e+000
    outer loop
      vertex   -3.680974e+000 4.066945e+001 4.544712e+001
      vertex   -3.680974e+000 5.781502e+001 4.011771e+001
      vertex   -3.680974e+000 4.480705e+001 4.544712e+001
    endloop
  endfacet
  facet normal 2.968244e+000 0.000000e+000 0.000000e+000
    outer loop
      vertex   -3.680974e+000 4.066945e+001 4.544712e+001
      vertex   -3.680974e+000 3.925059e+001 4.544712e+001
      vertex   -3.680974e+000 5.781502e+001 4.011771e+001
    endloop
  endfacet
  facet normal 2.759313e+000 0.000000e+000 0.000000e+000
    outer loop
      vertex   -3.680974e+000 5.781502e+001 4.011771e+001
      vertex   -3.680974e+000 3.925059e+001 4.544712e+001
      vertex   -3.680974e+000 1.486502e+001 4.011771e+001
    endloop
  endfacet
  facet normal 2.175318e+000 0.000000e+000 0.000000e+000
    outer loop
      vertex   -3.680974e+000 1.486502e+001 4.011771e+001
      vertex   -3.680974e+000 3.925059e+001 4.544712e+001
      vertex   -3.680974e+000 2.635038e+001 4.544712e+001
    endloop
  endfacet
  facet normal 4.362097e+000 0.000000e+000 0.000000e+000
    outer loop
      vertex   -3.680974e+000 2.585891e+001 4.544712e+001
      vertex   -3.680974e+000 1.486502e+001 4.011771e+001
      vertex   -3.680974e+000 2.635038e+001 4.544712e+001
    endloop
  endfacet
  facet normal 4.362097e+000 0.000000e+000 0.000000e+000
    outer loop
      vertex   -3.680974e+000 2.585891e+001 4.544712e+001
      vertex   -3.680974e+000 2.578052e+001 4.544712e+001
      vertex   -3.680974e+000 1.486502e+001 4.011771e+001
    endloop
  endfacet
  facet normal 8.397441e-002 0.000000e+000 0.000000e+000
    outer loop
      vertex   -3.680974e+000 1.486502e+001 4.011771e+001
      vertex   -3.680974e+000 2.578052e+001 4.544712e+001
      vertex   -3.680974e+000 2.555195e+001 4.544712e+001
    endloop
  endfacet
  facet normal 8.893238e+000 0.000000e+000 0.000000e+000
    outer loop
      vertex   -3.680974e+000 2.555195e+001 4.561279e+001
      vertex   -3.680974e+000 1.486502e+001 4.011771e+001
      vertex   -3.680974e+000 2.555195e+001 4.544712e+001
    endloop
  endfacet
  facet normal 8.893238e+000 0.000000e+000 0.000000e+000
    outer loop
      vertex   -3.680974e+000 2.555195e+001 4.561279e+001
      vertex   -3.680974e+000 2.555195e+001 4.908243e+001
      vertex   -3.680974e+000 1.486502e+001 4.011771e+001
    endloop
  endfacet
  facet normal 5.363829e-001 0.000000e+000 0.000000e+000
    outer loop
      vertex   -3.680974e+000 1.486502e+001 4.011771e+001
      vertex   -3.680974e+000 2.555195e+001 4.908243e+001
      vertex   -3.680974e+000 2.555195e+001 5.010658e+001
    endloop
  endfacet
  facet normal 4.669156e+000 0.000000e+000 0.000000e+000
    outer loop
      vertex   -3.680974e+000 2.555195e+001 6.035793e+001
      vertex   -3.680974e+000 1.486502e+001 4.011771e+001
      vertex   -3.680974e+000 2.555195e+001 5.010658e+001
    endloop
  endfacet
  facet normal 4.669156e+000 0.000000e+000 0.000000e+000
    outer loop
      vertex   -3.680974e+000 2.555195e+001 6.035793e+001
      vertex   -3.680974e+000 2.555195e+001 6.074848e+001
      vertex   -3.680974e+000 1.486502e+001 4.011771e+001
    endloop
  endfacet
  facet normal 4.599608e+000 0.000000e+000 0.000000e+000
    outer loop
      vertex   -3.680974e+000 1.486502e+001 4.011771e+001
      vertex   -3.680974e+000 2.555195e+001 6.074848e+001
      vertex   -3.680974e+000 1.486502e+001 8.721771e+001
    endloop
  endfacet
  facet normal 9.334715e-002 0.000000e+000 0.000000e+000
    outer loop
      vertex   -3.680974e+000 1.486502e+001 8.721771e+001
      vertex   -3.680974e+000 2.555195e+001 6.074848e+001
      vertex   -3.680974e+000 2.584041e+001 6.074848e+001
    endloop
  endfacet
  facet normal 8.189622e+000 0.000000e+000 0.000000e+000
    outer loop
      vertex   -3.680974e+000 3.341203e+001 6.074848e+001
      vertex   -3.680974e+000 1.486502e+001 8.721771e+001
      vertex   -3.680974e+000 2.584041e+001 6.074848e+001
    endloop
  endfacet
  facet normal 8.189622e+000 0.000000e+000 0.000000e+000
    outer loop
      vertex   -3.680974e+000 3.341203e+001 6.074848e+001
      vertex   -3.680974e+000 3.490928e+001 6.074848e+001
      vertex   -3.680974e+000 1.486502e+001 8.721771e+001
    endloop
  endfacet
  facet normal 9.666965e-001 0.000000e+000 0.000000e+000
    outer loop
      vertex   -3.680974e+000 1.486502e+001 8.721771e+001
      vertex   -3.680974e+000 3.490928e+001 6.074848e+001
      vertex   -3.680974e+000 3.927546e+001 6.074848e+001
    endloop
  endfacet
  facet normal 6.648484e+000 0.000000e+000 0.000000e+000
    outer loop
      vertex   -3.680974e+000 4.460404e+001 6.074848e+001
      vertex   -3.680974e+000 1.486502e+001 8.721771e+001
      vertex   -3.680974e+000 3.927546e+001 6.074848e+001
    endloop
  endfacet
  facet normal 6.648484e+000 0.000000e+000 0.000000e+000
    outer loop
      vertex   -3.680974e+000 4.460404e+001 6.074848e+001
      vertex   -3.680974e+000 4.480705e+001 6.074848e+001
      vertex   -3.680974e+000 1.486502e+001 8.721771e+001
    endloop
  endfacet
  facet normal 2.205393e+000 0.000000e+000 0.000000e+000
    outer loop
      vertex   -3.680974e+000 1.486502e+001 8.721771e+001
      vertex   -3.680974e+000 4.480705e+001 6.074848e+001
      vertex   -3.680974e+000 5.781502e+001 6.366771e+001
    endloop
  endfacet
  facet normal 4.337594e-002 0.000000e+000 0.000000e+000
    outer loop
      vertex   -3.680974e+000 5.781502e+001 6.366771e+001
      vertex   -3.680974e+000 4.480705e+001 6.074848e+001
      vertex   -3.680974e+000 4.480705e+001 6.068916e+001
    endloop
  endfacet
  facet normal 1.138584e+000 0.000000e+000 0.000000e+000
    outer loop
      vertex   -3.680974e+000 5.282975e+001 5.318467e+001
      vertex   -3.680974e+000 4.480705e+001 6.068916e+001
      vertex   -3.680974e+000 4.480705e+001 5.913215e+001
    endloop
  endfacet
  facet normal 8.238090e+000 0.000000e+000 0.000000e+000
    outer loop
      vertex   -3.680974e+000 4.480705e+001 5.870514e+001
      vertex   -3.680974e+000 5.282975e+001 5.318467e+001
      vertex   -3.680974e+000 4.480705e+001 5.913215e+001
    endloop
  endfacet
  facet normal 8.238090e+000 0.000000e+000 0.000000e+000
    outer loop
      vertex   -3.680974e+000 4.480705e+001 5.870514e+001
      vertex   -3.680974e+000 4.480705e+001 5.644450e+001
      vertex   -3.680974e+000 5.282975e+001 5.318467e+001
    endloop
  endfacet
  facet normal 3.779820e-001 0.000000e+000 0.000000e+000
    outer loop
      vertex   -3.680974e+000 5.282975e+001 5.318467e+001
      vertex   -3.680974e+000 4.480705e+001 5.644450e+001
      vertex   -3.680974e+000 4.480705e+001 5.609629e+001
    endloop
  endfacet
  facet normal 9.394842e+000 0.000000e+000 0.000000e+000
    outer loop
      vertex   -3.680974e+000 5.282975e+001 5.317073e+001
      vertex   -3.680974e+000 4.480705e+001 5.609629e+001
      vertex   -3.680974e+000 5.282975e+001 5.316595e+001
    endloop
  endfacet
  facet normal 9.394842e+000 0.000000e+000 0.000000e+000
    outer loop
      vertex   -3.680974e+000 5.282975e+001 5.317073e+001
      vertex   -3.680974e+000 5.282975e+001 5.318467e+001
      vertex   -3.680974e+000 4.480705e+001 5.609629e+001
    endloop
  endfacet
  facet normal 9.922179e+000 0.000000e+000 0.000000e+000
    outer loop
      vertex   -3.680974e+000 5.282975e+001 4.639519e+001
      vertex   -3.680974e+000 5.282975e+001 4.814030e+001
      vertex   -3.680974e+000 4.480705e+001 4.740196e+001
    endloop
  endfacet
  facet normal 7.326926e-001 0.000000e+000 0.000000e+000
    outer loop
      vertex   -3.680974e+000 4.480705e+001 4.740196e+001
      vertex   -3.680974e+000 5.282975e+001 4.814030e+001
      vertex   -3.680974e+000 5.282975e+001 4.873874e+001
    endloop
  endfacet
  facet normal 8.199216e+000 0.000000e+000 0.000000e+000
    outer loop
      vertex   -3.680974e+000 5.282975e+001 5.300347e+001
      vertex   -3.680974e+000 4.480705e+001 4.740196e+001
      vertex   -3.680974e+000 5.282975e+001 4.873874e+001
    endloop
  endfacet
  facet normal 8.290874e+000 0.000000e+000 0.000000e+000
    outer loop
      vertex   -3.680974e+000 5.282975e+001 5.300347e+001
      vertex   -3.680974e+000 4.480705e+001 5.609629e+001
      vertex   -3.680974e+000 4.480705e+001 4.740196e+001
    endloop
  endfacet
  facet normal 9.330662e+000 0.000000e+000 0.000000e+000
    outer loop
      vertex   -3.680974e+000 5.282975e+001 5.300347e+001
      vertex   -3.680974e+000 5.282975e+001 5.316595e+001
      vertex   -3.680974e+000 4.480705e+001 5.609629e+001
    endloop
  endfacet
  facet normal 3.890266e+000 0.000000e+000 0.000000e+000
    outer loop
      vertex   -3.680974e+000 6.671590e+001 5.170320e+001
      vertex   -3.680974e+000 6.674381e+001 5.170320e+001
      vertex   -3.680974e+000 6.320773e+001 5.318467e+001
    endloop
  endfacet
  facet normal 6.264664e-001 0.000000e+000 0.000000e+000
    outer loop
      vertex   -3.680974e+000 6.320773e+001 5.318467e+001
      vertex   -3.680974e+000 6.674381e+001 5.170320e+001
      vertex   -3.680974e+000 6.747634e+001 5.170320e+001
    endloop
  endfacet
  facet normal 3.274700e+000 0.000000e+000 0.000000e+000
    outer loop
      vertex   -3.680974e+000 6.748228e+001 5.170320e+001
      vertex   -3.680974e+000 6.320773e+001 5.318467e+001
      vertex   -3.680974e+000 6.747634e+001 5.170320e+001
    endloop
  endfacet
  facet normal 3.274700e+000 0.000000e+000 0.000000e+000
    outer loop
      vertex   -3.680974e+000 6.748228e+001 5.170320e+001
      vertex   -3.680974e+000 6.763835e+001 5.170320e+001
      vertex   -3.680974e+000 6.320773e+001 5.318467e+001
    endloop
  endfacet
  facet normal 5.934646e-002 0.000000e+000 0.000000e+000
    outer loop
      vertex   -3.680974e+000 6.320773e+001 5.318467e+001
      vertex   -3.680974e+000 6.763835e+001 5.170320e+001
      vertex   -3.680974e+000 6.772736e+001 5.170320e+001
    endloop
  endfacet
  facet normal 7.844421e+000 0.000000e+000 0.000000e+000
    outer loop
      vertex   -3.680974e+000 5.781502e+001 6.366771e+001
      vertex   -3.680974e+000 4.480705e+001 6.068916e+001
      vertex   -3.680974e+000 5.282975e+001 5.318467e+001
    endloop
  endfacet
  facet normal 4.807820e+000 0.000000e+000 0.000000e+000
    outer loop
      vertex   -3.680974e+000 1.486502e+001 8.721771e+001
      vertex   -3.680974e+000 5.781502e+001 6.366771e+001
      vertex   -3.680974e+000 5.781502e+001 8.721771e+001
    endloop
  endfacet
  facet normal 1.000000e+001 0.000000e+000 0.000000e+000
    outer loop
      vertex   -3.680974e+000 5.781502e+001 8.721771e+001
      vertex   -3.680974e+000 5.781502e+001 6.366771e+001
      vertex   -3.680974e+000 1.007650e+002 8.721771e+001
    endloop
  endfacet
  facet normal 8.768400e+000 0.000000e+000 0.000000e+000
    outer loop
      vertex   -3.680974e+000 1.007650e+002 8.721771e+001
      vertex   -3.680974e+000 5.781502e+001 6.366771e+001
      vertex   -3.680974e+000 1.007650e+002 4.011771e+001
    endloop
  endfacet
  facet normal 6.277345e-001 0.000000e+000 0.000000e+000
    outer loop
      vertex   -3.680974e+000 1.012873e+002 4.018369e+001
      vertex   -3.680974e+000 1.007650e+002 4.011771e+001
      vertex   -3.680974e+000 1.010282e+002 4.013427e+001
    endloop
  endfacet
  facet normal 1.253278e+000 0.000000e+000 0.000000e+000
    outer loop
      vertex   -3.680974e+000 1.015381e+002 4.026518e+001
      vertex   -3.680974e+000 1.007650e+002 4.011771e+001
      vertex   -3.680974e+000 1.012873e+002 4.018369e+001
    endloop
  endfacet
  facet normal 1.874323e+000 0.000000e+000 0.000000e+000
    outer loop
      vertex   -3.680974e+000 1.017767e+002 4.037747e+001
      vertex   -3.680974e+000 1.007650e+002 4.011771e+001
      vertex   -3.680974e+000 1.015381e+002 4.026518e+001
    endloop
  endfacet
  facet normal 6.266577e-001 0.000000e+000 0.000000e+000
    outer loop
      vertex   -3.680974e+000 1.007650e+002 8.721771e+001
      vertex   -3.680974e+000 1.012873e+002 8.715171e+001
      vertex   -3.680974e+000 1.010282e+002 8.720111e+001
    endloop
  endfacet
  facet normal 2.487974e+000 0.000000e+000 0.000000e+000
    outer loop
      vertex   -3.680974e+000 1.019993e+002 4.051877e+001
      vertex   -3.680974e+000 1.007650e+002 4.011771e+001
      vertex   -3.680974e+000 1.017767e+002 4.037747e+001
    endloop
  endfacet
  facet normal 6.277070e-001 0.000000e+000 0.000000e+000
    outer loop
      vertex   -3.680974e+000 1.007650e+002 8.721771e+001
      vertex   -3.680974e+000 1.015381e+002 8.707022e+001
      vertex   -3.680974e+000 1.012873e+002 8.715171e+001
    endloop
  endfacet
  facet normal 3.088297e+000 0.000000e+000 0.000000e+000
    outer loop
      vertex   -3.680974e+000 1.022026e+002 4.068688e+001
      vertex   -3.680974e+000 1.007650e+002 4.011771e+001
      vertex   -3.680974e+000 1.019993e+002 4.051877e+001
    endloop
  endfacet
  facet normal 6.280406e-001 0.000000e+000 0.000000e+000
    outer loop
      vertex   -3.680974e+000 1.007650e+002 8.721771e+001
      vertex   -3.680974e+000 1.017767e+002 8.695792e+001
      vertex   -3.680974e+000 1.015381e+002 8.707022e+001
    endloop
  endfacet
  facet normal 3.681715e+000 0.000000e+000 0.000000e+000
    outer loop
      vertex   -3.680974e+000 1.023831e+002 4.087912e+001
      vertex   -3.680974e+000 1.007650e+002 4.011771e+001
      vertex   -3.680974e+000 1.022026e+002 4.068688e+001
    endloop
  endfacet
  facet normal 6.278968e-001 0.000000e+000 0.000000e+000
    outer loop
      vertex   -3.680974e+000 1.007650e+002 8.721771e+001
      vertex   -3.680974e+000 1.019993e+002 8.681662e+001
      vertex   -3.680974e+000 1.017767e+002 8.695792e+001
    endloop
  endfacet
  facet normal 4.258243e+000 0.000000e+000 0.000000e+000
    outer loop
      vertex   -3.680974e+000 1.025381e+002 4.109247e+001
      vertex   -3.680974e+000 1.007650e+002 4.011771e+001
      vertex   -3.680974e+000 1.023831e+002 4.087912e+001
    endloop
  endfacet
  facet normal 6.276534e-001 0.000000e+000 0.000000e+000
    outer loop
      vertex   -3.680974e+000 1.007650e+002 8.721771e+001
      vertex   -3.680974e+000 1.022026e+002 8.664851e+001
      vertex   -3.680974e+000 1.019993e+002 8.681662e+001
    endloop
  endfacet
  facet normal 4.818921e+000 0.000000e+000 0.000000e+000
    outer loop
      vertex   -3.680974e+000 1.026651e+002 4.132357e+001
      vertex   -3.680974e+000 1.007650e+002 4.011771e+001
      vertex   -3.680974e+000 1.025381e+002 4.109247e+001
    endloop
  endfacet
  facet normal 6.277105e-001 0.000000e+000 0.000000e+000
    outer loop
      vertex   -3.680974e+000 1.007650e+002 8.721771e+001
      vertex   -3.680974e+000 1.023831e+002 8.645631e+001
      vertex   -3.680974e+000 1.022026e+002 8.664851e+001
    endloop
  endfacet
  facet normal 5.357603e+000 0.000000e+000 0.000000e+000
    outer loop
      vertex   -3.680974e+000 1.027622e+002 4.156877e+001
      vertex   -3.680974e+000 1.007650e+002 4.011771e+001
      vertex   -3.680974e+000 1.026651e+002 4.132357e+001
    endloop
  endfacet
  facet normal 6.281292e-001 0.000000e+000 0.000000e+000
    outer loop
      vertex   -3.680974e+000 1.007650e+002 8.721771e+001
      vertex   -3.680974e+000 1.025381e+002 8.624291e+001
      vertex   -3.680974e+000 1.023831e+002 8.645631e+001
    endloop
  endfacet
  facet normal 5.877618e+000 0.000000e+000 0.000000e+000
    outer loop
      vertex   -3.680974e+000 1.028278e+002 4.182421e+001
      vertex   -3.680974e+000 1.007650e+002 4.011771e+001
      vertex   -3.680974e+000 1.027622e+002 4.156877e+001
    endloop
  endfacet
  facet normal 6.280133e-001 0.000000e+000 0.000000e+000
    outer loop
      vertex   -3.680974e+000 1.007650e+002 8.721771e+001
      vertex   -3.680974e+000 1.026651e+002 8.601181e+001
      vertex   -3.680974e+000 1.025381e+002 8.624291e+001
    endloop
  endfacet
  facet normal 6.372893e+000 0.000000e+000 0.000000e+000
    outer loop
      vertex   -3.680974e+000 1.028609e+002 4.208585e+001
      vertex   -3.680974e+000 1.007650e+002 4.011771e+001
      vertex   -3.680974e+000 1.028278e+002 4.182421e+001
    endloop
  endfacet
  facet normal 6.278312e-001 0.000000e+000 0.000000e+000
    outer loop
      vertex   -3.680974e+000 1.007650e+002 8.721771e+001
      vertex   -3.680974e+000 1.027622e+002 8.576661e+001
      vertex   -3.680974e+000 1.026651e+002 8.601181e+001
    endloop
  endfacet
  facet normal 7.289756e+000 0.000000e+000 0.000000e+000
    outer loop
      vertex   -3.680974e+000 1.007650e+002 4.011771e+001
      vertex   -3.680974e+000 1.028609e+002 4.208585e+001
      vertex   -3.680974e+000 1.007650e+002 8.721771e+001
    endloop
  endfacet
  facet normal 6.277785e-001 0.000000e+000 0.000000e+000
    outer loop
      vertex   -3.680974e+000 1.007650e+002 8.721771e+001
      vertex   -3.680974e+000 1.028278e+002 8.551121e+001
      vertex   -3.680974e+000 1.027622e+002 8.576661e+001
    endloop
  endfacet
  facet normal 7.289830e+000 0.000000e+000 0.000000e+000
    outer loop
      vertex   -3.680974e+000 1.028609e+002 8.524962e+001
      vertex   -3.680974e+000 1.007650e+002 8.721771e+001
      vertex   -3.680974e+000 1.028609e+002 4.208585e+001
    endloop
  endfacet
  facet normal 6.276656e-001 0.000000e+000 0.000000e+000
    outer loop
      vertex   -3.680974e+000 1.007650e+002 8.721771e+001
      vertex   -3.680974e+000 1.028609e+002 8.524962e+001
      vertex   -3.680974e+000 1.028278e+002 8.551121e+001
    endloop
  endfacet
  facet normal -6.938894e-017 -8.687874e+000 -4.776171e+000
    outer loop
      vertex   -3.680974e+000 1.296488e+001 4.132357e+001
      vertex   -5.680981e+000 1.309193e+001 4.109247e+001
      vertex   -3.680974e+000 1.309193e+001 4.109247e+001
    endloop
  endfacet
  facet normal -6.938894e-017 -8.687874e+000 -4.776171e+000
    outer loop
      vertex   -5.680981e+000 1.309193e+001 4.109247e+001
      vertex   -3.680974e+000 1.296488e+001 4.132357e+001
      vertex   -5.680981e+000 1.296488e+001 4.132357e+001
    endloop
  endfacet
  facet normal 0.000000e+000 4.039358e-001 -1.243268e+000
    outer loop
      vertex   -3.680974e+000 1.015381e+002 4.026518e+001
      vertex   -5.680981e+000 1.012873e+002 4.018369e+001
      vertex   -5.680981e+000 1.015381e+002 4.026518e+001
    endloop
  endfacet
  facet normal 0.000000e+000 4.039358e-001 -1.243268e+000
    outer loop
      vertex   -5.680981e+000 1.012873e+002 4.018369e+001
      vertex   -3.680974e+000 1.015381e+002 4.026518e+001
      vertex   -3.680974e+000 1.012873e+002 4.018369e+001
    endloop
  endfacet
  facet normal -0.000000e+000 -7.004402e-001 -1.103791e+000
    outer loop
      vertex   -3.680974e+000 1.385334e+001 4.037747e+001
      vertex   -5.680981e+000 1.363067e+001 4.051877e+001
      vertex   -5.680981e+000 1.385334e+001 4.037747e+001
    endloop
  endfacet
  facet normal 0.000000e+000 -7.004402e-001 -1.103791e+000
    outer loop
      vertex   -5.680981e+000 1.363067e+001 4.051877e+001
      vertex   -3.680974e+000 1.385334e+001 4.037747e+001
      vertex   -3.680974e+000 1.363067e+001 4.051877e+001
    endloop
  endfacet
  facet normal 0.000000e+000 -4.628567e-001 0.000000e+000
    outer loop
      vertex   -3.680974e+000 1.276917e+001 8.524962e+001
      vertex   -5.680981e+000 1.276917e+001 4.208585e+001
      vertex   -3.680974e+000 1.276917e+001 4.208585e+001
    endloop
  endfacet
  facet normal 0.000000e+000 -4.628567e-001 0.000000e+000
    outer loop
      vertex   -5.680981e+000 1.276917e+001 4.208585e+001
      vertex   -3.680974e+000 1.276917e+001 8.524962e+001
      vertex   -5.680981e+000 1.276917e+001 8.524962e+001
    endloop
  endfacet
  facet normal 0.000000e+000 -7.226401e+000 6.787525e+000
    outer loop
      vertex   -3.680974e+000 1.342747e+001 8.664851e+001
      vertex   -5.680981e+000 1.324694e+001 8.645631e+001
      vertex   -3.680974e+000 1.324694e+001 8.645631e+001
    endloop
  endfacet
  facet normal 0.000000e+000 -7.226401e+000 6.787525e+000
    outer loop
      vertex   -5.680981e+000 1.324694e+001 8.645631e+001
      vertex   -3.680974e+000 1.342747e+001 8.664851e+001
      vertex   -5.680981e+000 1.342747e+001 8.664851e+001
    endloop
  endfacet
  facet normal 0.000000e+000 -8.230460e-002 1.304700e+000
    outer loop
      vertex   -3.680974e+000 1.460182e+001 8.720111e+001
      vertex   -5.680981e+000 1.486502e+001 8.721771e+001
      vertex   -5.680981e+000 1.460182e+001 8.720111e+001
    endloop
  endfacet
  facet normal 0.000000e+000 -8.230460e-002 1.304700e+000
    outer loop
      vertex   -5.680981e+000 1.486502e+001 8.721771e+001
      vertex   -3.680974e+000 1.460182e+001 8.720111e+001
      vertex   -3.680974e+000 1.486502e+001 8.721771e+001
    endloop
  endfacet
  facet normal 0.000000e+000 8.333007e-001 1.007742e+000
    outer loop
      vertex   -3.680974e+000 1.019993e+002 8.681662e+001
      vertex   -5.680981e+000 1.022026e+002 8.664851e+001
      vertex   -5.680981e+000 1.019993e+002 8.681662e+001
    endloop
  endfacet
  facet normal 0.000000e+000 8.333007e-001 1.007742e+000
    outer loop
      vertex   -5.680981e+000 1.022026e+002 8.664851e+001
      vertex   -3.680974e+000 1.019993e+002 8.681662e+001
      vertex   -3.680974e+000 1.022026e+002 8.664851e+001
    endloop
  endfacet
  facet normal 0.000000e+000 -9.602769e+000 -2.465314e+000
    outer loop
      vertex   -3.680974e+000 1.280222e+001 4.182421e+001
      vertex   -5.680981e+000 1.286780e+001 4.156877e+001
      vertex   -3.680974e+000 1.286780e+001 4.156877e+001
    endloop
  endfacet
  facet normal 0.000000e+000 -9.602769e+000 -2.465314e+000
    outer loop
      vertex   -5.680981e+000 1.286780e+001 4.156877e+001
      vertex   -3.680974e+000 1.280222e+001 4.182421e+001
      vertex   -5.680981e+000 1.280222e+001 4.182421e+001
    endloop
  endfacet
  facet normal 0.000000e+000 2.449749e-001 -1.284345e+000
    outer loop
      vertex   -3.680974e+000 1.012873e+002 4.018369e+001
      vertex   -5.680981e+000 1.010282e+002 4.013427e+001
      vertex   -5.680981e+000 1.012873e+002 4.018369e+001
    endloop
  endfacet
  facet normal 0.000000e+000 2.449749e-001 -1.284345e+000
    outer loop
      vertex   -5.680981e+000 1.010282e+002 4.013427e+001
      vertex   -3.680974e+000 1.012873e+002 4.018369e+001
      vertex   -3.680974e+000 1.010282e+002 4.013427e+001
    endloop
  endfacet
  facet normal 0.000000e+000 5.566323e-001 -1.182758e+000
    outer loop
      vertex   -3.680974e+000 1.017767e+002 4.037747e+001
      vertex   -5.680981e+000 1.015381e+002 4.026518e+001
      vertex   -5.680981e+000 1.017767e+002 4.037747e+001
    endloop
  endfacet
  facet normal 0.000000e+000 5.566323e-001 -1.182758e+000
    outer loop
      vertex   -5.680981e+000 1.015381e+002 4.026518e+001
      vertex   -3.680974e+000 1.017767e+002 4.037747e+001
      vertex   -3.680974e+000 1.015381e+002 4.026518e+001
    endloop
  endfacet
  facet normal -0.000000e+000 -2.449756e-001 -1.284136e+000
    outer loop
      vertex   -3.680974e+000 1.460182e+001 4.013427e+001
      vertex   -5.680981e+000 1.434277e+001 4.018369e+001
      vertex   -5.680981e+000 1.460182e+001 4.013427e+001
    endloop
  endfacet
  facet normal 0.000000e+000 -2.449756e-001 -1.284136e+000
    outer loop
      vertex   -5.680981e+000 1.434277e+001 4.018369e+001
      vertex   -3.680974e+000 1.460182e+001 4.013427e+001
      vertex   -3.680974e+000 1.434277e+001 4.018369e+001
    endloop
  endfacet
  facet normal -0.000000e+000 -8.333281e-001 -1.007274e+000
    outer loop
      vertex   -3.680974e+000 1.363067e+001 4.051877e+001
      vertex   -5.680981e+000 1.342747e+001 4.068688e+001
      vertex   -5.680981e+000 1.363067e+001 4.051877e+001
    endloop
  endfacet
  facet normal 0.000000e+000 -8.333281e-001 -1.007274e+000
    outer loop
      vertex   -5.680981e+000 1.342747e+001 4.068688e+001
      vertex   -3.680974e+000 1.363067e+001 4.051877e+001
      vertex   -3.680974e+000 1.342747e+001 4.068688e+001
    endloop
  endfacet
  facet normal -0.000000e+000 -5.566316e-001 -1.182857e+000
    outer loop
      vertex   -3.680974e+000 1.409196e+001 4.026518e+001
      vertex   -5.680981e+000 1.385334e+001 4.037747e+001
      vertex   -5.680981e+000 1.409196e+001 4.026518e+001
    endloop
  endfacet
  facet normal 0.000000e+000 -5.566316e-001 -1.182857e+000
    outer loop
      vertex   -5.680981e+000 1.385334e+001 4.037747e+001
      vertex   -3.680974e+000 1.409196e+001 4.026518e+001
      vertex   -3.680974e+000 1.385334e+001 4.037747e+001
    endloop
  endfacet
  facet normal -3.469447e-017 9.835774e+000 1.244622e+000
    outer loop
      vertex   -5.680981e+000 1.028278e+002 8.551121e+001
      vertex   -3.680974e+000 1.028609e+002 8.524962e+001
      vertex   -5.680981e+000 1.028609e+002 8.524962e+001
    endloop
  endfacet
  facet normal -3.469447e-017 9.835774e+000 1.244622e+000
    outer loop
      vertex   -3.680974e+000 1.028609e+002 8.524962e+001
      vertex   -5.680981e+000 1.028278e+002 8.551121e+001
      vertex   -3.680974e+000 1.028278e+002 8.551121e+001
    endloop
  endfacet
  facet normal 0.000000e+000 4.628567e-001 0.000000e+000
    outer loop
      vertex   -5.680981e+000 1.028609e+002 8.524962e+001
      vertex   -3.680974e+000 1.028609e+002 4.208585e+001
      vertex   -5.680981e+000 1.028609e+002 4.208585e+001
    endloop
  endfacet
  facet normal 0.000000e+000 4.628567e-001 0.000000e+000
    outer loop
      vertex   -3.680974e+000 1.028609e+002 4.208585e+001
      vertex   -5.680981e+000 1.028609e+002 8.524962e+001
      vertex   -3.680974e+000 1.028609e+002 8.524962e+001
    endloop
  endfacet
  facet normal 3.469447e-017 -9.836017e+000 -1.242498e+000
    outer loop
      vertex   -3.680974e+000 1.276917e+001 4.208585e+001
      vertex   -5.680981e+000 1.280222e+001 4.182421e+001
      vertex   -3.680974e+000 1.280222e+001 4.182421e+001
    endloop
  endfacet
  facet normal 3.469447e-017 -9.836017e+000 -1.242498e+000
    outer loop
      vertex   -5.680981e+000 1.280222e+001 4.182421e+001
      vertex   -3.680974e+000 1.276917e+001 4.208585e+001
      vertex   -5.680981e+000 1.276917e+001 4.208585e+001
    endloop
  endfacet
  facet normal 0.000000e+000 0.000000e+000 -9.997291e+000
    outer loop
      vertex   -3.680974e+000 1.007650e+002 4.011771e+001
      vertex   -4.680978e+000 5.781502e+001 4.011771e+001
      vertex   -5.680981e+000 1.007650e+002 4.011771e+001
    endloop
  endfacet
  facet normal 0.000000e+000 0.000000e+000 -2.327667e-001
    outer loop
      vertex   -5.680981e+000 1.007650e+002 4.011771e+001
      vertex   -4.680978e+000 5.781502e+001 4.011771e+001
      vertex   -5.680981e+000 5.781502e+001 4.011771e+001
    endloop
  endfacet
  facet normal 0.000000e+000 0.000000e+000 -1.000000e+001
    outer loop
      vertex   -5.680981e+000 5.781502e+001 4.011771e+001
      vertex   -4.680978e+000 5.781502e+001 4.011771e+001
      vertex   -5.680981e+000 1.486502e+001 4.011771e+001
    endloop
  endfacet
  facet normal 0.000000e+000 0.000000e+000 -9.997291e+000
    outer loop
      vertex   -5.680981e+000 1.486502e+001 4.011771e+001
      vertex   -4.680978e+000 5.781502e+001 4.011771e+001
      vertex   -3.680974e+000 1.486502e+001 4.011771e+001
    endloop
  endfacet
  facet normal 0.000000e+000 0.000000e+000 -2.327667e-001
    outer loop
      vertex   -3.680974e+000 1.486502e+001 4.011771e+001
      vertex   -4.680978e+000 5.781502e+001 4.011771e+001
      vertex   -3.680974e+000 5.781502e+001 4.011771e+001
    endloop
  endfacet
  facet normal 0.000000e+000 0.000000e+000 -1.000000e+001
    outer loop
      vertex   -3.680974e+000 5.781502e+001 4.011771e+001
      vertex   -4.680978e+000 5.781502e+001 4.011771e+001
      vertex   -3.680974e+000 1.007650e+002 4.011771e+001
    endloop
  endfacet
  facet normal 0.000000e+000 8.209185e-002 -1.304724e+000
    outer loop
      vertex   -3.680974e+000 1.010282e+002 4.013427e+001
      vertex   -5.680981e+000 1.007650e+002 4.011771e+001
      vertex   -5.680981e+000 1.010282e+002 4.013427e+001
    endloop
  endfacet
  facet normal 0.000000e+000 8.209185e-002 -1.304724e+000
    outer loop
      vertex   -5.680981e+000 1.007650e+002 4.011771e+001
      vertex   -3.680974e+000 1.010282e+002 4.013427e+001
      vertex   -3.680974e+000 1.007650e+002 4.011771e+001
    endloop
  endfacet
  facet normal -0.000000e+000 -8.209188e-002 -1.304701e+000
    outer loop
      vertex   -3.680974e+000 1.486502e+001 4.011771e+001
      vertex   -5.680981e+000 1.460182e+001 4.013427e+001
      vertex   -5.680981e+000 1.486502e+001 4.011771e+001
    endloop
  endfacet
  facet normal 0.000000e+000 -8.209188e-002 -1.304701e+000
    outer loop
      vertex   -5.680981e+000 1.460182e+001 4.013427e+001
      vertex   -3.680974e+000 1.486502e+001 4.011771e+001
      vertex   -3.680974e+000 1.460182e+001 4.013427e+001
    endloop
  endfacet
  facet normal 0.000000e+000 -9.217985e+000 -3.649630e+000
    outer loop
      vertex   -3.680974e+000 1.286780e+001 4.156877e+001
      vertex   -5.680981e+000 1.296488e+001 4.132357e+001
      vertex   -3.680974e+000 1.296488e+001 4.132357e+001
    endloop
  endfacet
  facet normal 0.000000e+000 -9.217985e+000 -3.649630e+000
    outer loop
      vertex   -5.680981e+000 1.296488e+001 4.132357e+001
      vertex   -3.680974e+000 1.286780e+001 4.156877e+001
      vertex   -5.680981e+000 1.286780e+001 4.156877e+001
    endloop
  endfacet
  facet normal 0.000000e+000 0.000000e+000 9.997291e+000
    outer loop
      vertex   -3.680974e+000 1.486502e+001 8.721771e+001
      vertex   -4.680978e+000 5.781502e+001 8.721771e+001
      vertex   -5.680981e+000 1.486502e+001 8.721771e+001
    endloop
  endfacet
  facet normal 0.000000e+000 0.000000e+000 2.327666e-001
    outer loop
      vertex   -5.680981e+000 1.486502e+001 8.721771e+001
      vertex   -4.680978e+000 5.781502e+001 8.721771e+001
      vertex   -5.680981e+000 5.781502e+001 8.721771e+001
    endloop
  endfacet
  facet normal 0.000000e+000 0.000000e+000 1.000000e+001
    outer loop
      vertex   -5.680981e+000 5.781502e+001 8.721771e+001
      vertex   -4.680978e+000 5.781502e+001 8.721771e+001
      vertex   -5.680981e+000 1.007650e+002 8.721771e+001
    endloop
  endfacet
  facet normal 0.000000e+000 0.000000e+000 9.997291e+000
    outer loop
      vertex   -5.680981e+000 1.007650e+002 8.721771e+001
      vertex   -4.680978e+000 5.781502e+001 8.721771e+001
      vertex   -3.680974e+000 1.007650e+002 8.721771e+001
    endloop
  endfacet
  facet normal 0.000000e+000 0.000000e+000 2.327668e-001
    outer loop
      vertex   -3.680974e+000 1.007650e+002 8.721771e+001
      vertex   -4.680978e+000 5.781502e+001 8.721771e+001
      vertex   -3.680974e+000 5.781502e+001 8.721771e+001
    endloop
  endfacet
  facet normal 0.000000e+000 0.000000e+000 1.000000e+001
    outer loop
      vertex   -3.680974e+000 5.781502e+001 8.721771e+001
      vertex   -4.680978e+000 5.781502e+001 8.721771e+001
      vertex   -3.680974e+000 1.486502e+001 8.721771e+001
    endloop
  endfacet
  facet normal 0.000000e+000 8.230457e-002 1.304724e+000
    outer loop
      vertex   -3.680974e+000 1.007650e+002 8.721771e+001
      vertex   -5.680981e+000 1.010282e+002 8.720111e+001
      vertex   -5.680981e+000 1.007650e+002 8.721771e+001
    endloop
  endfacet
  facet normal 0.000000e+000 8.230457e-002 1.304724e+000
    outer loop
      vertex   -5.680981e+000 1.010282e+002 8.720111e+001
      vertex   -3.680974e+000 1.007650e+002 8.721771e+001
      vertex   -3.680974e+000 1.010282e+002 8.720111e+001
    endloop
  endfacet
  facet normal -1.387779e-016 -7.227061e+000 -6.786797e+000
    outer loop
      vertex   -3.680974e+000 1.324694e+001 4.087912e+001
      vertex   -5.680981e+000 1.342747e+001 4.068688e+001
      vertex   -3.680974e+000 1.342747e+001 4.068688e+001
    endloop
  endfacet
  facet normal -1.387779e-016 -7.227061e+000 -6.786797e+000
    outer loop
      vertex   -5.680981e+000 1.342747e+001 4.068688e+001
      vertex   -3.680974e+000 1.324694e+001 4.087912e+001
      vertex   -5.680981e+000 1.324694e+001 4.087912e+001
    endloop
  endfacet
  facet normal 0.000000e+000 7.004430e-001 -1.103435e+000
    outer loop
      vertex   -3.680974e+000 1.019993e+002 4.051877e+001
      vertex   -5.680981e+000 1.017767e+002 4.037747e+001
      vertex   -5.680981e+000 1.019993e+002 4.051877e+001
    endloop
  endfacet
  facet normal 0.000000e+000 7.004430e-001 -1.103435e+000
    outer loop
      vertex   -5.680981e+000 1.017767e+002 4.037747e+001
      vertex   -3.680974e+000 1.019993e+002 4.051877e+001
      vertex   -3.680974e+000 1.017767e+002 4.037747e+001
    endloop
  endfacet
  facet normal -0.000000e+000 -4.039357e-001 -1.243280e+000
    outer loop
      vertex   -3.680974e+000 1.434277e+001 4.018369e+001
      vertex   -5.680981e+000 1.409196e+001 4.026518e+001
      vertex   -5.680981e+000 1.434277e+001 4.018369e+001
    endloop
  endfacet
  facet normal 0.000000e+000 -4.039357e-001 -1.243280e+000
    outer loop
      vertex   -5.680981e+000 1.409196e+001 4.026518e+001
      vertex   -3.680974e+000 1.434277e+001 4.018369e+001
      vertex   -3.680974e+000 1.409196e+001 4.026518e+001
    endloop
  endfacet
endsolid
